ISO-10303-21;
HEADER;
FILE_DESCRIPTION(('Open CASCADE Model'),'2;1');
FILE_NAME('Open CASCADE Shape Model','2026-05-11T08:51:11',('Author'),(
    'Open CASCADE'),'Open CASCADE STEP processor 7.8','build123d',
  'Unknown');
FILE_SCHEMA(('AUTOMOTIVE_DESIGN { 1 0 10303 214 1 1 1 1 }'));
ENDSEC;
DATA;
#1 = APPLICATION_PROTOCOL_DEFINITION('international standard',
  'automotive_design',2000,#2);
#2 = APPLICATION_CONTEXT(
  'core data for automotive mechanical design processes');
#3 = SHAPE_DEFINITION_REPRESENTATION(#4,#10);
#4 = PRODUCT_DEFINITION_SHAPE('','',#5);
#5 = PRODUCT_DEFINITION('design','',#6,#9);
#6 = PRODUCT_DEFINITION_FORMATION('','',#7);
#7 = PRODUCT('COMPOUND','COMPOUND','',(#8));
#8 = PRODUCT_CONTEXT('',#2,'mechanical');
#9 = PRODUCT_DEFINITION_CONTEXT('part definition',#2,'design');
#10 = ADVANCED_BREP_SHAPE_REPRESENTATION('',(#11,#15),#17403);
#11 = AXIS2_PLACEMENT_3D('',#12,#13,#14);
#12 = CARTESIAN_POINT('',(0.,0.,0.));
#13 = DIRECTION('',(0.,0.,1.));
#14 = DIRECTION('',(1.,0.,-0.));
#15 = MANIFOLD_SOLID_BREP('',#16);
#16 = CLOSED_SHELL('',(#17,#137,#223,#304,#385,#461,#515,#2538,#2565,
    #2619,#2695,#2749,#2825,#3757,#3784,#3811,#3860,#3909,#3963,#4017,
    #4071,#4125,#4179,#4233,#4287,#4341,#4373,#4426,#4479,#4555,#4609,
    #4663,#4715,#4767,#4819,#4871,#4923,#4975,#5027,#5079,#5131,#5183,
    #5235,#5287,#5339,#5391,#5443,#5495,#5547,#5599,#5651,#5703,#5755,
    #5807,#5859,#5911,#5963,#6015,#6067,#6119,#6171,#6223,#6275,#6327,
    #6379,#6431,#6483,#6535,#6587,#6639,#6691,#6743,#6795,#6847,#6899,
    #6951,#7003,#7055,#7109,#7163,#7217,#7271,#7303,#7356,#7409,#7436,
    #7485,#7512,#7561,#7588,#7615,#7664,#7713,#7762,#7811,#7860,#7909,
    #7958,#8007,#8034,#8087,#8140,#8216,#8270,#8324,#8378,#8432,#8486,
    #8540,#8594,#8648,#8702,#8756,#8810,#8864,#8918,#8972,#9004,#9057,
    #9110,#9137,#9164,#9191,#9218,#9245,#9272,#9299,#9326,#9333,#9388,
    #9443,#9519,#9573,#9627,#9681,#9735,#9789,#9843,#9897,#9951,#10005,
    #10059,#10113,#10167,#10221,#10275,#10329,#10383,#10437,#10491,
    #10545,#10599,#10653,#10707,#10761,#10815,#10869,#10923,#10977,
    #11031,#11085,#11139,#11193,#11247,#11301,#11355,#11409,#11463,
    #11517,#11571,#11625,#11679,#11733,#11787,#11841,#11895,#11949,
    #12003,#12057,#12111,#12165,#12219,#12273,#12327,#12359,#12414,
    #12469,#12524,#12579,#12655,#12709,#12763,#12817,#12871,#12925,
    #12979,#13033,#13087,#13141,#13195,#13249,#13303,#13357,#13411,
    #13443,#13498,#13553,#13606,#13659,#13735,#13784,#13833,#13880,
    #13927,#13974,#14021,#14068,#14115,#14162,#14209,#14256,#14303,
    #14350,#14397,#14444,#14491,#14538,#14585,#14632,#14679,#14726,
    #14773,#14820,#14867,#14914,#14961,#15008,#15055,#15102,#15149,
    #15196,#15243,#15290,#15337,#15384,#15431,#15478,#15525,#15572,
    #15619,#15666,#15713,#15760,#15807,#15854,#15901,#15948,#15995,
    #16044,#16093,#16142,#16191,#16218,#16271,#16324,#16372,#16420,
    #16491,#16540,#16589,#16638,#16687,#16736,#16785,#16834,#16883,
    #16932,#16981,#17030,#17079,#17128,#17177,#17204,#17252,#17300,
    #17307,#17314,#17389,#17396));
#17 = ADVANCED_FACE('',(#18),#32,.T.);
#18 = FACE_BOUND('',#19,.T.);
#19 = EDGE_LOOP('',(#20,#55,#83,#111));
#20 = ORIENTED_EDGE('',*,*,#21,.T.);
#21 = EDGE_CURVE('',#22,#24,#26,.T.);
#22 = VERTEX_POINT('',#23);
#23 = CARTESIAN_POINT('',(-5.5,-59.5,-50.));
#24 = VERTEX_POINT('',#25);
#25 = CARTESIAN_POINT('',(-5.5,59.5,-50.));
#26 = SURFACE_CURVE('',#27,(#31,#43),.PCURVE_S1.);
#27 = LINE('',#28,#29);
#28 = CARTESIAN_POINT('',(-5.5,-60.,-50.));
#29 = VECTOR('',#30,1.);
#30 = DIRECTION('',(0.,1.,0.));
#31 = PCURVE('',#32,#37);
#32 = PLANE('',#33);
#33 = AXIS2_PLACEMENT_3D('',#34,#35,#36);
#34 = CARTESIAN_POINT('',(-3.,-60.,-50.));
#35 = DIRECTION('',(0.,0.,-1.));
#36 = DIRECTION('',(0.,1.,0.));
#37 = DEFINITIONAL_REPRESENTATION('',(#38),#42);
#38 = LINE('',#39,#40);
#39 = CARTESIAN_POINT('',(0.,-2.5));
#40 = VECTOR('',#41,1.);
#41 = DIRECTION('',(1.,0.));
#42 = ( GEOMETRIC_REPRESENTATION_CONTEXT(2) 
PARAMETRIC_REPRESENTATION_CONTEXT() REPRESENTATION_CONTEXT('2D SPACE',''
  ) );
#43 = PCURVE('',#44,#49);
#44 = PLANE('',#45);
#45 = AXIS2_PLACEMENT_3D('',#46,#47,#48);
#46 = CARTESIAN_POINT('',(-5.75,-60.,-49.75));
#47 = DIRECTION('',(0.707106781187,-1.889513820523E-18,0.707106781187));
#48 = DIRECTION('',(1.336088035637E-18,1.,1.336088035637E-18));
#49 = DEFINITIONAL_REPRESENTATION('',(#50),#54);
#50 = LINE('',#51,#52);
#51 = CARTESIAN_POINT('',(0.,-0.353553390593));
#52 = VECTOR('',#53,1.);
#53 = DIRECTION('',(1.,0.));
#54 = ( GEOMETRIC_REPRESENTATION_CONTEXT(2) 
PARAMETRIC_REPRESENTATION_CONTEXT() REPRESENTATION_CONTEXT('2D SPACE',''
  ) );
#55 = ORIENTED_EDGE('',*,*,#56,.T.);
#56 = EDGE_CURVE('',#24,#57,#59,.T.);
#57 = VERTEX_POINT('',#58);
#58 = CARTESIAN_POINT('',(-0.5,59.5,-50.));
#59 = SURFACE_CURVE('',#60,(#64,#71),.PCURVE_S1.);
#60 = LINE('',#61,#62);
#61 = CARTESIAN_POINT('',(-6.,59.5,-50.));
#62 = VECTOR('',#63,1.);
#63 = DIRECTION('',(1.,0.,0.));
#64 = PCURVE('',#32,#65);
#65 = DEFINITIONAL_REPRESENTATION('',(#66),#70);
#66 = LINE('',#67,#68);
#67 = CARTESIAN_POINT('',(119.5,-3.));
#68 = VECTOR('',#69,1.);
#69 = DIRECTION('',(0.,1.));
#70 = ( GEOMETRIC_REPRESENTATION_CONTEXT(2) 
PARAMETRIC_REPRESENTATION_CONTEXT() REPRESENTATION_CONTEXT('2D SPACE',''
  ) );
#71 = PCURVE('',#72,#77);
#72 = PLANE('',#73);
#73 = AXIS2_PLACEMENT_3D('',#74,#75,#76);
#74 = CARTESIAN_POINT('',(-6.,59.926776695297,-49.8232233047));
#75 = DIRECTION('',(3.29913269861E-18,0.382683432365,-0.923879532511));
#76 = DIRECTION('',(-1.,1.262523424932E-18,-3.048001175284E-18));
#77 = DEFINITIONAL_REPRESENTATION('',(#78),#82);
#78 = LINE('',#79,#80);
#79 = CARTESIAN_POINT('',(-0.,-0.461939766256));
#80 = VECTOR('',#81,1.);
#81 = DIRECTION('',(-1.,0.));
#82 = ( GEOMETRIC_REPRESENTATION_CONTEXT(2) 
PARAMETRIC_REPRESENTATION_CONTEXT() REPRESENTATION_CONTEXT('2D SPACE',''
  ) );
#83 = ORIENTED_EDGE('',*,*,#84,.F.);
#84 = EDGE_CURVE('',#85,#57,#87,.T.);
#85 = VERTEX_POINT('',#86);
#86 = CARTESIAN_POINT('',(-0.5,-59.5,-50.));
#87 = SURFACE_CURVE('',#88,(#92,#99),.PCURVE_S1.);
#88 = LINE('',#89,#90);
#89 = CARTESIAN_POINT('',(-0.5,-60.,-50.));
#90 = VECTOR('',#91,1.);
#91 = DIRECTION('',(0.,1.,0.));
#92 = PCURVE('',#32,#93);
#93 = DEFINITIONAL_REPRESENTATION('',(#94),#98);
#94 = LINE('',#95,#96);
#95 = CARTESIAN_POINT('',(0.,2.5));
#96 = VECTOR('',#97,1.);
#97 = DIRECTION('',(1.,0.));
#98 = ( GEOMETRIC_REPRESENTATION_CONTEXT(2) 
PARAMETRIC_REPRESENTATION_CONTEXT() REPRESENTATION_CONTEXT('2D SPACE',''
  ) );
#99 = PCURVE('',#100,#105);
#100 = PLANE('',#101);
#101 = AXIS2_PLACEMENT_3D('',#102,#103,#104);
#102 = CARTESIAN_POINT('',(-0.25,-60.,-49.75));
#103 = DIRECTION('',(0.707106781187,1.889513820523E-18,-0.707106781187)
  );
#104 = DIRECTION('',(-1.336088035637E-18,1.,1.336088035637E-18));
#105 = DEFINITIONAL_REPRESENTATION('',(#106),#110);
#106 = LINE('',#107,#108);
#107 = CARTESIAN_POINT('',(0.,-0.353553390593));
#108 = VECTOR('',#109,1.);
#109 = DIRECTION('',(1.,0.));
#110 = ( GEOMETRIC_REPRESENTATION_CONTEXT(2) 
PARAMETRIC_REPRESENTATION_CONTEXT() REPRESENTATION_CONTEXT('2D SPACE',''
  ) );
#111 = ORIENTED_EDGE('',*,*,#112,.T.);
#112 = EDGE_CURVE('',#85,#22,#113,.T.);
#113 = SURFACE_CURVE('',#114,(#118,#125),.PCURVE_S1.);
#114 = LINE('',#115,#116);
#115 = CARTESIAN_POINT('',(0.,-59.5,-50.));
#116 = VECTOR('',#117,1.);
#117 = DIRECTION('',(-1.,0.,0.));
#118 = PCURVE('',#32,#119);
#119 = DEFINITIONAL_REPRESENTATION('',(#120),#124);
#120 = LINE('',#121,#122);
#121 = CARTESIAN_POINT('',(0.5,3.));
#122 = VECTOR('',#123,1.);
#123 = DIRECTION('',(0.,-1.));
#124 = ( GEOMETRIC_REPRESENTATION_CONTEXT(2) 
PARAMETRIC_REPRESENTATION_CONTEXT() REPRESENTATION_CONTEXT('2D SPACE',''
  ) );
#125 = PCURVE('',#126,#131);
#126 = PLANE('',#127);
#127 = AXIS2_PLACEMENT_3D('',#128,#129,#130);
#128 = CARTESIAN_POINT('',(0.,-59.92677669529,-49.8232233047));
#129 = DIRECTION('',(-3.29913269861E-18,-0.382683432365,-0.923879532511)
  );
#130 = DIRECTION('',(1.,-1.262523424932E-18,-3.048001175284E-18));
#131 = DEFINITIONAL_REPRESENTATION('',(#132),#136);
#132 = LINE('',#133,#134);
#133 = CARTESIAN_POINT('',(-0.,-0.461939766256));
#134 = VECTOR('',#135,1.);
#135 = DIRECTION('',(-1.,0.));
#136 = ( GEOMETRIC_REPRESENTATION_CONTEXT(2) 
PARAMETRIC_REPRESENTATION_CONTEXT() REPRESENTATION_CONTEXT('2D SPACE',''
  ) );
#137 = ADVANCED_FACE('',(#138),#44,.F.);
#138 = FACE_BOUND('',#139,.F.);
#139 = EDGE_LOOP('',(#140,#168,#169,#197));
#140 = ORIENTED_EDGE('',*,*,#141,.T.);
#141 = EDGE_CURVE('',#142,#22,#144,.T.);
#142 = VERTEX_POINT('',#143);
#143 = CARTESIAN_POINT('',(-6.,-59.5,-49.5));
#144 = SURFACE_CURVE('',#145,(#149,#156),.PCURVE_S1.);
#145 = LINE('',#146,#147);
#146 = CARTESIAN_POINT('',(-5.926776695297,-59.5,-49.5732233047));
#147 = VECTOR('',#148,1.);
#148 = DIRECTION('',(0.707106781187,9.047288452713E-16,-0.707106781187)
  );
#149 = PCURVE('',#44,#150);
#150 = DEFINITIONAL_REPRESENTATION('',(#151),#155);
#151 = LINE('',#152,#153);
#152 = CARTESIAN_POINT('',(0.5,0.25));
#153 = VECTOR('',#154,1.);
#154 = DIRECTION('',(9.047288452713E-16,-1.));
#155 = ( GEOMETRIC_REPRESENTATION_CONTEXT(2) 
PARAMETRIC_REPRESENTATION_CONTEXT() REPRESENTATION_CONTEXT('2D SPACE',''
  ) );
#156 = PCURVE('',#157,#162);
#157 = PLANE('',#158);
#158 = AXIS2_PLACEMENT_3D('',#159,#160,#161);
#159 = CARTESIAN_POINT('',(-6.,-60.,-49.29289321881));
#160 = DIRECTION('',(-0.678598344546,-0.281084637715,-0.678598344546));
#161 = DIRECTION('',(-9.530016811439E-16,0.923879532511,-0.382683432365)
  );
#162 = DEFINITIONAL_REPRESENTATION('',(#163),#167);
#163 = LINE('',#164,#165);
#164 = CARTESIAN_POINT('',(0.569217445719,9.969006417714E-02));
#165 = VECTOR('',#166,1.);
#166 = DIRECTION('',(0.270598050073,0.962692419881));
#167 = ( GEOMETRIC_REPRESENTATION_CONTEXT(2) 
PARAMETRIC_REPRESENTATION_CONTEXT() REPRESENTATION_CONTEXT('2D SPACE',''
  ) );
#168 = ORIENTED_EDGE('',*,*,#21,.T.);
#169 = ORIENTED_EDGE('',*,*,#170,.F.);
#170 = EDGE_CURVE('',#171,#24,#173,.T.);
#171 = VERTEX_POINT('',#172);
#172 = CARTESIAN_POINT('',(-6.,59.5,-49.5));
#173 = SURFACE_CURVE('',#174,(#178,#185),.PCURVE_S1.);
#174 = LINE('',#175,#176);
#175 = CARTESIAN_POINT('',(-5.926776695299,59.5,-49.5732233047));
#176 = VECTOR('',#177,1.);
#177 = DIRECTION('',(0.707106781187,5.190807326745E-14,-0.707106781187)
  );
#178 = PCURVE('',#44,#179);
#179 = DEFINITIONAL_REPRESENTATION('',(#180),#184);
#180 = LINE('',#181,#182);
#181 = CARTESIAN_POINT('',(119.5,0.250000000003));
#182 = VECTOR('',#183,1.);
#183 = DIRECTION('',(5.190807326745E-14,-1.));
#184 = ( GEOMETRIC_REPRESENTATION_CONTEXT(2) 
PARAMETRIC_REPRESENTATION_CONTEXT() REPRESENTATION_CONTEXT('2D SPACE',''
  ) );
#185 = PCURVE('',#186,#191);
#186 = PLANE('',#187);
#187 = AXIS2_PLACEMENT_3D('',#188,#189,#190);
#188 = CARTESIAN_POINT('',(-6.,60.,-49.29289321881));
#189 = DIRECTION('',(0.678598344546,-0.281084637715,0.678598344546));
#190 = DIRECTION('',(3.831481522791E-15,-0.923879532511,-0.382683432365)
  );
#191 = DEFINITIONAL_REPRESENTATION('',(#192),#196);
#192 = LINE('',#193,#194);
#193 = CARTESIAN_POINT('',(0.569217445719,9.969006417409E-02));
#194 = VECTOR('',#195,1.);
#195 = DIRECTION('',(0.270598050073,0.962692419881));
#196 = ( GEOMETRIC_REPRESENTATION_CONTEXT(2) 
PARAMETRIC_REPRESENTATION_CONTEXT() REPRESENTATION_CONTEXT('2D SPACE',''
  ) );
#197 = ORIENTED_EDGE('',*,*,#198,.F.);
#198 = EDGE_CURVE('',#142,#171,#199,.T.);
#199 = SURFACE_CURVE('',#200,(#204,#211),.PCURVE_S1.);
#200 = LINE('',#201,#202);
#201 = CARTESIAN_POINT('',(-6.,-60.,-49.5));
#202 = VECTOR('',#203,1.);
#203 = DIRECTION('',(0.,1.,0.));
#204 = PCURVE('',#44,#205);
#205 = DEFINITIONAL_REPRESENTATION('',(#206),#210);
#206 = LINE('',#207,#208);
#207 = CARTESIAN_POINT('',(0.,0.353553390593));
#208 = VECTOR('',#209,1.);
#209 = DIRECTION('',(1.,0.));
#210 = ( GEOMETRIC_REPRESENTATION_CONTEXT(2) 
PARAMETRIC_REPRESENTATION_CONTEXT() REPRESENTATION_CONTEXT('2D SPACE',''
  ) );
#211 = PCURVE('',#212,#217);
#212 = PLANE('',#213);
#213 = AXIS2_PLACEMENT_3D('',#214,#215,#216);
#214 = CARTESIAN_POINT('',(-6.,-6.980811974164E-16,8.));
#215 = DIRECTION('',(1.,0.,0.));
#216 = DIRECTION('',(0.,1.,0.));
#217 = DEFINITIONAL_REPRESENTATION('',(#218),#222);
#218 = LINE('',#219,#220);
#219 = CARTESIAN_POINT('',(-60.,-57.5));
#220 = VECTOR('',#221,1.);
#221 = DIRECTION('',(1.,0.));
#222 = ( GEOMETRIC_REPRESENTATION_CONTEXT(2) 
PARAMETRIC_REPRESENTATION_CONTEXT() REPRESENTATION_CONTEXT('2D SPACE',''
  ) );
#223 = ADVANCED_FACE('',(#224),#126,.T.);
#224 = FACE_BOUND('',#225,.F.);
#225 = EDGE_LOOP('',(#226,#227,#250,#278));
#226 = ORIENTED_EDGE('',*,*,#112,.T.);
#227 = ORIENTED_EDGE('',*,*,#228,.F.);
#228 = EDGE_CURVE('',#229,#22,#231,.T.);
#229 = VERTEX_POINT('',#230);
#230 = CARTESIAN_POINT('',(-5.5,-60.35355339059,-49.6464466094));
#231 = SURFACE_CURVE('',#232,(#236,#243),.PCURVE_S1.);
#232 = LINE('',#233,#234);
#233 = CARTESIAN_POINT('',(-5.5,-60.05177669529,-49.7714466094));
#234 = VECTOR('',#235,1.);
#235 = DIRECTION('',(2.171509776821E-15,0.923879532511,-0.382683432365)
  );
#236 = PCURVE('',#126,#237);
#237 = DEFINITIONAL_REPRESENTATION('',(#238),#242);
#238 = LINE('',#239,#240);
#239 = CARTESIAN_POINT('',(-5.5,0.135299025037));
#240 = VECTOR('',#241,1.);
#241 = DIRECTION('',(2.171509776821E-15,-1.));
#242 = ( GEOMETRIC_REPRESENTATION_CONTEXT(2) 
PARAMETRIC_REPRESENTATION_CONTEXT() REPRESENTATION_CONTEXT('2D SPACE',''
  ) );
#243 = PCURVE('',#157,#244);
#244 = DEFINITIONAL_REPRESENTATION('',(#245),#249);
#245 = LINE('',#246,#247);
#246 = CARTESIAN_POINT('',(0.135299025037,0.680726338295));
#247 = VECTOR('',#248,1.);
#248 = DIRECTION('',(1.,4.274185362455E-15));
#249 = ( GEOMETRIC_REPRESENTATION_CONTEXT(2) 
PARAMETRIC_REPRESENTATION_CONTEXT() REPRESENTATION_CONTEXT('2D SPACE',''
  ) );
#250 = ORIENTED_EDGE('',*,*,#251,.F.);
#251 = EDGE_CURVE('',#252,#229,#254,.T.);
#252 = VERTEX_POINT('',#253);
#253 = CARTESIAN_POINT('',(-0.5,-60.35355339059,-49.6464466094));
#254 = SURFACE_CURVE('',#255,(#259,#266),.PCURVE_S1.);
#255 = LINE('',#256,#257);
#256 = CARTESIAN_POINT('',(0.,-60.35355339059,-49.6464466094));
#257 = VECTOR('',#258,1.);
#258 = DIRECTION('',(-1.,0.,0.));
#259 = PCURVE('',#126,#260);
#260 = DEFINITIONAL_REPRESENTATION('',(#261),#265);
#261 = LINE('',#262,#263);
#262 = CARTESIAN_POINT('',(-0.,0.461939766256));
#263 = VECTOR('',#264,1.);
#264 = DIRECTION('',(-1.,0.));
#265 = ( GEOMETRIC_REPRESENTATION_CONTEXT(2) 
PARAMETRIC_REPRESENTATION_CONTEXT() REPRESENTATION_CONTEXT('2D SPACE',''
  ) );
#266 = PCURVE('',#267,#272);
#267 = PLANE('',#268);
#268 = AXIS2_PLACEMENT_3D('',#269,#270,#271);
#269 = CARTESIAN_POINT('',(-3.,-70.,-40.));
#270 = DIRECTION('',(0.,-0.707106781187,-0.707106781187));
#271 = DIRECTION('',(0.,0.707106781187,-0.707106781187));
#272 = DEFINITIONAL_REPRESENTATION('',(#273),#277);
#273 = LINE('',#274,#275);
#274 = CARTESIAN_POINT('',(13.642135623731,3.));
#275 = VECTOR('',#276,1.);
#276 = DIRECTION('',(0.,-1.));
#277 = ( GEOMETRIC_REPRESENTATION_CONTEXT(2) 
PARAMETRIC_REPRESENTATION_CONTEXT() REPRESENTATION_CONTEXT('2D SPACE',''
  ) );
#278 = ORIENTED_EDGE('',*,*,#279,.T.);
#279 = EDGE_CURVE('',#252,#85,#280,.T.);
#280 = SURFACE_CURVE('',#281,(#285,#292),.PCURVE_S1.);
#281 = LINE('',#282,#283);
#282 = CARTESIAN_POINT('',(-0.5,-60.05177669529,-49.7714466094));
#283 = VECTOR('',#284,1.);
#284 = DIRECTION('',(-5.213292888099E-15,0.923879532511,-0.382683432365)
  );
#285 = PCURVE('',#126,#286);
#286 = DEFINITIONAL_REPRESENTATION('',(#287),#291);
#287 = LINE('',#288,#289);
#288 = CARTESIAN_POINT('',(-0.5,0.135299025037));
#289 = VECTOR('',#290,1.);
#290 = DIRECTION('',(-5.213292888099E-15,-1.));
#291 = ( GEOMETRIC_REPRESENTATION_CONTEXT(2) 
PARAMETRIC_REPRESENTATION_CONTEXT() REPRESENTATION_CONTEXT('2D SPACE',''
  ) );
#292 = PCURVE('',#293,#298);
#293 = PLANE('',#294);
#294 = AXIS2_PLACEMENT_3D('',#295,#296,#297);
#295 = CARTESIAN_POINT('',(0.,-60.,-49.29289321881));
#296 = DIRECTION('',(-0.678598344546,0.281084637715,0.678598344546));
#297 = DIRECTION('',(-5.149044675995E-15,0.923879532511,-0.382683432365)
  );
#298 = DEFINITIONAL_REPRESENTATION('',(#299),#303);
#299 = LINE('',#300,#301);
#300 = CARTESIAN_POINT('',(0.135299025037,0.680726338295));
#301 = VECTOR('',#302,1.);
#302 = DIRECTION('',(1.,3.913702437856E-17));
#303 = ( GEOMETRIC_REPRESENTATION_CONTEXT(2) 
PARAMETRIC_REPRESENTATION_CONTEXT() REPRESENTATION_CONTEXT('2D SPACE',''
  ) );
#304 = ADVANCED_FACE('',(#305),#72,.T.);
#305 = FACE_BOUND('',#306,.F.);
#306 = EDGE_LOOP('',(#307,#308,#336,#364));
#307 = ORIENTED_EDGE('',*,*,#56,.T.);
#308 = ORIENTED_EDGE('',*,*,#309,.T.);
#309 = EDGE_CURVE('',#57,#310,#312,.T.);
#310 = VERTEX_POINT('',#311);
#311 = CARTESIAN_POINT('',(-0.5,60.353553390593,-49.6464466094));
#312 = SURFACE_CURVE('',#313,(#317,#324),.PCURVE_S1.);
#313 = LINE('',#314,#315);
#314 = CARTESIAN_POINT('',(-0.5,59.801776695297,-49.875));
#315 = VECTOR('',#316,1.);
#316 = DIRECTION('',(4.477068927199E-15,0.923879532511,0.382683432365));
#317 = PCURVE('',#72,#318);
#318 = DEFINITIONAL_REPRESENTATION('',(#319),#323);
#319 = LINE('',#320,#321);
#320 = CARTESIAN_POINT('',(-5.5,-0.135299025037));
#321 = VECTOR('',#322,1.);
#322 = DIRECTION('',(-4.477068927199E-15,1.));
#323 = ( GEOMETRIC_REPRESENTATION_CONTEXT(2) 
PARAMETRIC_REPRESENTATION_CONTEXT() REPRESENTATION_CONTEXT('2D SPACE',''
  ) );
#324 = PCURVE('',#325,#330);
#325 = PLANE('',#326);
#326 = AXIS2_PLACEMENT_3D('',#327,#328,#329);
#327 = CARTESIAN_POINT('',(0.,59.5,-49.5));
#328 = DIRECTION('',(-0.678598344546,-0.281084637715,0.678598344546));
#329 = DIRECTION('',(1.321512569597E-15,0.923879532511,0.382683432365));
#330 = DEFINITIONAL_REPRESENTATION('',(#331),#335);
#331 = LINE('',#332,#333);
#332 = CARTESIAN_POINT('',(0.135299025037,0.680726338295));
#333 = VECTOR('',#334,1.);
#334 = DIRECTION('',(1.,-4.318391363308E-15));
#335 = ( GEOMETRIC_REPRESENTATION_CONTEXT(2) 
PARAMETRIC_REPRESENTATION_CONTEXT() REPRESENTATION_CONTEXT('2D SPACE',''
  ) );
#336 = ORIENTED_EDGE('',*,*,#337,.F.);
#337 = EDGE_CURVE('',#338,#310,#340,.T.);
#338 = VERTEX_POINT('',#339);
#339 = CARTESIAN_POINT('',(-5.5,60.353553390593,-49.6464466094));
#340 = SURFACE_CURVE('',#341,(#345,#352),.PCURVE_S1.);
#341 = LINE('',#342,#343);
#342 = CARTESIAN_POINT('',(-6.,60.353553390593,-49.6464466094));
#343 = VECTOR('',#344,1.);
#344 = DIRECTION('',(1.,0.,0.));
#345 = PCURVE('',#72,#346);
#346 = DEFINITIONAL_REPRESENTATION('',(#347),#351);
#347 = LINE('',#348,#349);
#348 = CARTESIAN_POINT('',(-0.,0.461939766256));
#349 = VECTOR('',#350,1.);
#350 = DIRECTION('',(-1.,0.));
#351 = ( GEOMETRIC_REPRESENTATION_CONTEXT(2) 
PARAMETRIC_REPRESENTATION_CONTEXT() REPRESENTATION_CONTEXT('2D SPACE',''
  ) );
#352 = PCURVE('',#353,#358);
#353 = PLANE('',#354);
#354 = AXIS2_PLACEMENT_3D('',#355,#356,#357);
#355 = CARTESIAN_POINT('',(-3.,60.,-50.));
#356 = DIRECTION('',(0.,0.707106781187,-0.707106781187));
#357 = DIRECTION('',(0.,0.707106781187,0.707106781187));
#358 = DEFINITIONAL_REPRESENTATION('',(#359),#363);
#359 = LINE('',#360,#361);
#360 = CARTESIAN_POINT('',(0.5,-3.));
#361 = VECTOR('',#362,1.);
#362 = DIRECTION('',(0.,1.));
#363 = ( GEOMETRIC_REPRESENTATION_CONTEXT(2) 
PARAMETRIC_REPRESENTATION_CONTEXT() REPRESENTATION_CONTEXT('2D SPACE',''
  ) );
#364 = ORIENTED_EDGE('',*,*,#365,.T.);
#365 = EDGE_CURVE('',#338,#24,#366,.T.);
#366 = SURFACE_CURVE('',#367,(#371,#378),.PCURVE_S1.);
#367 = LINE('',#368,#369);
#368 = CARTESIAN_POINT('',(-5.5,60.051776695297,-49.7714466094));
#369 = VECTOR('',#370,1.);
#370 = DIRECTION('',(6.894376931891E-16,-0.923879532511,-0.382683432365)
  );
#371 = PCURVE('',#72,#372);
#372 = DEFINITIONAL_REPRESENTATION('',(#373),#377);
#373 = LINE('',#374,#375);
#374 = CARTESIAN_POINT('',(-0.5,0.135299025037));
#375 = VECTOR('',#376,1.);
#376 = DIRECTION('',(-6.894376931891E-16,-1.));
#377 = ( GEOMETRIC_REPRESENTATION_CONTEXT(2) 
PARAMETRIC_REPRESENTATION_CONTEXT() REPRESENTATION_CONTEXT('2D SPACE',''
  ) );
#378 = PCURVE('',#186,#379);
#379 = DEFINITIONAL_REPRESENTATION('',(#380),#384);
#380 = LINE('',#381,#382);
#381 = CARTESIAN_POINT('',(0.135299025037,0.680726338295));
#382 = VECTOR('',#383,1.);
#383 = DIRECTION('',(1.,-4.286767698614E-15));
#384 = ( GEOMETRIC_REPRESENTATION_CONTEXT(2) 
PARAMETRIC_REPRESENTATION_CONTEXT() REPRESENTATION_CONTEXT('2D SPACE',''
  ) );
#385 = ADVANCED_FACE('',(#386),#100,.T.);
#386 = FACE_BOUND('',#387,.T.);
#387 = EDGE_LOOP('',(#388,#411,#412,#435));
#388 = ORIENTED_EDGE('',*,*,#389,.T.);
#389 = EDGE_CURVE('',#390,#85,#392,.T.);
#390 = VERTEX_POINT('',#391);
#391 = CARTESIAN_POINT('',(0.,-59.5,-49.5));
#392 = SURFACE_CURVE('',#393,(#397,#404),.PCURVE_S1.);
#393 = LINE('',#394,#395);
#394 = CARTESIAN_POINT('',(-7.322330470336E-02,-59.5,-49.5732233047));
#395 = VECTOR('',#396,1.);
#396 = DIRECTION('',(-0.707106781187,5.658502286842E-15,-0.707106781187)
  );
#397 = PCURVE('',#100,#398);
#398 = DEFINITIONAL_REPRESENTATION('',(#399),#403);
#399 = LINE('',#400,#401);
#400 = CARTESIAN_POINT('',(0.5,0.25));
#401 = VECTOR('',#402,1.);
#402 = DIRECTION('',(5.658502286842E-15,-1.));
#403 = ( GEOMETRIC_REPRESENTATION_CONTEXT(2) 
PARAMETRIC_REPRESENTATION_CONTEXT() REPRESENTATION_CONTEXT('2D SPACE',''
  ) );
#404 = PCURVE('',#293,#405);
#405 = DEFINITIONAL_REPRESENTATION('',(#406),#410);
#406 = LINE('',#407,#408);
#407 = CARTESIAN_POINT('',(0.569217445719,9.969006417714E-02));
#408 = VECTOR('',#409,1.);
#409 = DIRECTION('',(0.270598050073,0.962692419881));
#410 = ( GEOMETRIC_REPRESENTATION_CONTEXT(2) 
PARAMETRIC_REPRESENTATION_CONTEXT() REPRESENTATION_CONTEXT('2D SPACE',''
  ) );
#411 = ORIENTED_EDGE('',*,*,#84,.T.);
#412 = ORIENTED_EDGE('',*,*,#413,.F.);
#413 = EDGE_CURVE('',#414,#57,#416,.T.);
#414 = VERTEX_POINT('',#415);
#415 = CARTESIAN_POINT('',(0.,59.5,-49.5));
#416 = SURFACE_CURVE('',#417,(#421,#428),.PCURVE_S1.);
#417 = LINE('',#418,#419);
#418 = CARTESIAN_POINT('',(-0.125,59.5,-49.625));
#419 = VECTOR('',#420,1.);
#420 = DIRECTION('',(-0.707106781187,-6.775669323396E-15,-0.707106781187
    ));
#421 = PCURVE('',#100,#422);
#422 = DEFINITIONAL_REPRESENTATION('',(#423),#427);
#423 = LINE('',#424,#425);
#424 = CARTESIAN_POINT('',(119.5,0.176776695296));
#425 = VECTOR('',#426,1.);
#426 = DIRECTION('',(-6.775669323396E-15,-1.));
#427 = ( GEOMETRIC_REPRESENTATION_CONTEXT(2) 
PARAMETRIC_REPRESENTATION_CONTEXT() REPRESENTATION_CONTEXT('2D SPACE',''
  ) );
#428 = PCURVE('',#325,#429);
#429 = DEFINITIONAL_REPRESENTATION('',(#430),#434);
#430 = LINE('',#431,#432);
#431 = CARTESIAN_POINT('',(-4.783542904603E-02,0.170181584574));
#432 = VECTOR('',#433,1.);
#433 = DIRECTION('',(-0.270598050073,0.962692419881));
#434 = ( GEOMETRIC_REPRESENTATION_CONTEXT(2) 
PARAMETRIC_REPRESENTATION_CONTEXT() REPRESENTATION_CONTEXT('2D SPACE',''
  ) );
#435 = ORIENTED_EDGE('',*,*,#436,.F.);
#436 = EDGE_CURVE('',#390,#414,#437,.T.);
#437 = SURFACE_CURVE('',#438,(#442,#449),.PCURVE_S1.);
#438 = LINE('',#439,#440);
#439 = CARTESIAN_POINT('',(0.,-60.,-49.5));
#440 = VECTOR('',#441,1.);
#441 = DIRECTION('',(0.,1.,0.));
#442 = PCURVE('',#100,#443);
#443 = DEFINITIONAL_REPRESENTATION('',(#444),#448);
#444 = LINE('',#445,#446);
#445 = CARTESIAN_POINT('',(0.,0.353553390593));
#446 = VECTOR('',#447,1.);
#447 = DIRECTION('',(1.,0.));
#448 = ( GEOMETRIC_REPRESENTATION_CONTEXT(2) 
PARAMETRIC_REPRESENTATION_CONTEXT() REPRESENTATION_CONTEXT('2D SPACE',''
  ) );
#449 = PCURVE('',#450,#455);
#450 = PLANE('',#451);
#451 = AXIS2_PLACEMENT_3D('',#452,#453,#454);
#452 = CARTESIAN_POINT('',(0.,-6.980811974164E-16,8.));
#453 = DIRECTION('',(1.,0.,0.));
#454 = DIRECTION('',(0.,1.,0.));
#455 = DEFINITIONAL_REPRESENTATION('',(#456),#460);
#456 = LINE('',#457,#458);
#457 = CARTESIAN_POINT('',(-60.,-57.5));
#458 = VECTOR('',#459,1.);
#459 = DIRECTION('',(1.,0.));
#460 = ( GEOMETRIC_REPRESENTATION_CONTEXT(2) 
PARAMETRIC_REPRESENTATION_CONTEXT() REPRESENTATION_CONTEXT('2D SPACE',''
  ) );
#461 = ADVANCED_FACE('',(#462),#157,.T.);
#462 = FACE_BOUND('',#463,.T.);
#463 = EDGE_LOOP('',(#464,#492,#513,#514));
#464 = ORIENTED_EDGE('',*,*,#465,.F.);
#465 = EDGE_CURVE('',#466,#229,#468,.T.);
#466 = VERTEX_POINT('',#467);
#467 = CARTESIAN_POINT('',(-6.,-60.,-49.29289321881));
#468 = SURFACE_CURVE('',#469,(#473,#480),.PCURVE_S1.);
#469 = LINE('',#470,#471);
#470 = CARTESIAN_POINT('',(-5.875,-60.08838834764,-49.38128156646));
#471 = VECTOR('',#472,1.);
#472 = DIRECTION('',(0.707106781187,-0.5,-0.5));
#473 = PCURVE('',#157,#474);
#474 = DEFINITIONAL_REPRESENTATION('',(#475),#479);
#475 = LINE('',#476,#477);
#476 = CARTESIAN_POINT('',(-4.783542904567E-02,0.170181584574));
#477 = VECTOR('',#478,1.);
#478 = DIRECTION('',(-0.270598050073,0.962692419881));
#479 = ( GEOMETRIC_REPRESENTATION_CONTEXT(2) 
PARAMETRIC_REPRESENTATION_CONTEXT() REPRESENTATION_CONTEXT('2D SPACE',''
  ) );
#480 = PCURVE('',#481,#486);
#481 = PLANE('',#482);
#482 = AXIS2_PLACEMENT_3D('',#483,#484,#485);
#483 = CARTESIAN_POINT('',(-5.75,-69.8232233047,-39.8232233047));
#484 = DIRECTION('',(0.707106781187,0.5,0.5));
#485 = DIRECTION('',(5.551115123125E-17,-0.707106781187,0.707106781187)
  );
#486 = DEFINITIONAL_REPRESENTATION('',(#487),#491);
#487 = LINE('',#488,#489);
#488 = CARTESIAN_POINT('',(-13.64213562373,-0.176776695297));
#489 = VECTOR('',#490,1.);
#490 = DIRECTION('',(1.406703436671E-14,1.));
#491 = ( GEOMETRIC_REPRESENTATION_CONTEXT(2) 
PARAMETRIC_REPRESENTATION_CONTEXT() REPRESENTATION_CONTEXT('2D SPACE',''
  ) );
#492 = ORIENTED_EDGE('',*,*,#493,.T.);
#493 = EDGE_CURVE('',#466,#142,#494,.T.);
#494 = SURFACE_CURVE('',#495,(#499,#506),.PCURVE_S1.);
#495 = LINE('',#496,#497);
#496 = CARTESIAN_POINT('',(-6.,-44.5214466094,-55.70431995911));
#497 = VECTOR('',#498,1.);
#498 = DIRECTION('',(-0.,0.923879532511,-0.382683432365));
#499 = PCURVE('',#157,#500);
#500 = DEFINITIONAL_REPRESENTATION('',(#501),#505);
#501 = LINE('',#502,#503);
#502 = CARTESIAN_POINT('',(16.753865461788,2.7856139521E-14));
#503 = VECTOR('',#504,1.);
#504 = DIRECTION('',(1.,1.342304728353E-15));
#505 = ( GEOMETRIC_REPRESENTATION_CONTEXT(2) 
PARAMETRIC_REPRESENTATION_CONTEXT() REPRESENTATION_CONTEXT('2D SPACE',''
  ) );
#506 = PCURVE('',#212,#507);
#507 = DEFINITIONAL_REPRESENTATION('',(#508),#512);
#508 = LINE('',#509,#510);
#509 = CARTESIAN_POINT('',(-44.5214466094,-63.70431995911));
#510 = VECTOR('',#511,1.);
#511 = DIRECTION('',(0.923879532511,-0.382683432365));
#512 = ( GEOMETRIC_REPRESENTATION_CONTEXT(2) 
PARAMETRIC_REPRESENTATION_CONTEXT() REPRESENTATION_CONTEXT('2D SPACE',''
  ) );
#513 = ORIENTED_EDGE('',*,*,#141,.T.);
#514 = ORIENTED_EDGE('',*,*,#228,.F.);
#515 = ADVANCED_FACE('',(#516,#900,#931,#962,#2476,#2507),#212,.F.);
#516 = FACE_BOUND('',#517,.F.);
#517 = EDGE_LOOP('',(#518,#519,#542,#570,#598,#626,#654,#682,#710,#738,
    #766,#794,#822,#850,#878,#899));
#518 = ORIENTED_EDGE('',*,*,#198,.T.);
#519 = ORIENTED_EDGE('',*,*,#520,.F.);
#520 = EDGE_CURVE('',#521,#171,#523,.T.);
#521 = VERTEX_POINT('',#522);
#522 = CARTESIAN_POINT('',(-6.,60.,-49.29289321881));
#523 = SURFACE_CURVE('',#524,(#528,#535),.PCURVE_S1.);
#524 = LINE('',#525,#526);
#525 = CARTESIAN_POINT('',(-6.,44.521446609407,-55.70431995911));
#526 = VECTOR('',#527,1.);
#527 = DIRECTION('',(0.,-0.923879532511,-0.382683432365));
#528 = PCURVE('',#212,#529);
#529 = DEFINITIONAL_REPRESENTATION('',(#530),#534);
#530 = LINE('',#531,#532);
#531 = CARTESIAN_POINT('',(44.521446609407,-63.70431995911));
#532 = VECTOR('',#533,1.);
#533 = DIRECTION('',(-0.923879532511,-0.382683432365));
#534 = ( GEOMETRIC_REPRESENTATION_CONTEXT(2) 
PARAMETRIC_REPRESENTATION_CONTEXT() REPRESENTATION_CONTEXT('2D SPACE',''
  ) );
#535 = PCURVE('',#186,#536);
#536 = DEFINITIONAL_REPRESENTATION('',(#537),#541);
#537 = LINE('',#538,#539);
#538 = CARTESIAN_POINT('',(16.753865461788,-9.589854785781E-14));
#539 = VECTOR('',#540,1.);
#540 = DIRECTION('',(1.,-5.224704889559E-15));
#541 = ( GEOMETRIC_REPRESENTATION_CONTEXT(2) 
PARAMETRIC_REPRESENTATION_CONTEXT() REPRESENTATION_CONTEXT('2D SPACE',''
  ) );
#542 = ORIENTED_EDGE('',*,*,#543,.T.);
#543 = EDGE_CURVE('',#521,#544,#546,.T.);
#544 = VERTEX_POINT('',#545);
#545 = CARTESIAN_POINT('',(-6.,69.292893218813,-40.));
#546 = SURFACE_CURVE('',#547,(#551,#558),.PCURVE_S1.);
#547 = LINE('',#548,#549);
#548 = CARTESIAN_POINT('',(-6.,59.646446609407,-49.6464466094));
#549 = VECTOR('',#550,1.);
#550 = DIRECTION('',(0.,0.707106781187,0.707106781187));
#551 = PCURVE('',#212,#552);
#552 = DEFINITIONAL_REPRESENTATION('',(#553),#557);
#553 = LINE('',#554,#555);
#554 = CARTESIAN_POINT('',(59.646446609407,-57.6464466094));
#555 = VECTOR('',#556,1.);
#556 = DIRECTION('',(0.707106781187,0.707106781187));
#557 = ( GEOMETRIC_REPRESENTATION_CONTEXT(2) 
PARAMETRIC_REPRESENTATION_CONTEXT() REPRESENTATION_CONTEXT('2D SPACE',''
  ) );
#558 = PCURVE('',#559,#564);
#559 = PLANE('',#560);
#560 = AXIS2_PLACEMENT_3D('',#561,#562,#563);
#561 = CARTESIAN_POINT('',(-5.75,59.823223304703,-49.8232233047));
#562 = DIRECTION('',(0.707106781187,-0.5,0.5));
#563 = DIRECTION('',(4.215475462275E-30,-0.707106781187,-0.707106781187)
  );
#564 = DEFINITIONAL_REPRESENTATION('',(#565),#569);
#565 = LINE('',#566,#567);
#566 = CARTESIAN_POINT('',(-8.881784197001E-16,-0.353553390593));
#567 = VECTOR('',#568,1.);
#568 = DIRECTION('',(-1.,0.));
#569 = ( GEOMETRIC_REPRESENTATION_CONTEXT(2) 
PARAMETRIC_REPRESENTATION_CONTEXT() REPRESENTATION_CONTEXT('2D SPACE',''
  ) );
#570 = ORIENTED_EDGE('',*,*,#571,.T.);
#571 = EDGE_CURVE('',#544,#572,#574,.T.);
#572 = VERTEX_POINT('',#573);
#573 = CARTESIAN_POINT('',(-6.,69.5,-39.5));
#574 = SURFACE_CURVE('',#575,(#579,#586),.PCURVE_S1.);
#575 = LINE('',#576,#577);
#576 = CARTESIAN_POINT('',(-6.,72.704319959113,-31.76408729652));
#577 = VECTOR('',#578,1.);
#578 = DIRECTION('',(-0.,0.382683432365,0.923879532511));
#579 = PCURVE('',#212,#580);
#580 = DEFINITIONAL_REPRESENTATION('',(#581),#585);
#581 = LINE('',#582,#583);
#582 = CARTESIAN_POINT('',(72.704319959113,-39.76408729652));
#583 = VECTOR('',#584,1.);
#584 = DIRECTION('',(0.382683432365,0.923879532511));
#585 = ( GEOMETRIC_REPRESENTATION_CONTEXT(2) 
PARAMETRIC_REPRESENTATION_CONTEXT() REPRESENTATION_CONTEXT('2D SPACE',''
  ) );
#586 = PCURVE('',#587,#592);
#587 = PLANE('',#588);
#588 = AXIS2_PLACEMENT_3D('',#589,#590,#591);
#589 = CARTESIAN_POINT('',(-6.,69.292893218813,-40.));
#590 = DIRECTION('',(-0.678598344546,0.678598344546,-0.281084637715));
#591 = DIRECTION('',(9.351801607872E-16,0.382683432365,0.923879532511));
#592 = DEFINITIONAL_REPRESENTATION('',(#593),#597);
#593 = LINE('',#594,#595);
#594 = CARTESIAN_POINT('',(8.914487672529,-6.584198287655E-15));
#595 = VECTOR('',#596,1.);
#596 = DIRECTION('',(1.,-1.273998773654E-15));
#597 = ( GEOMETRIC_REPRESENTATION_CONTEXT(2) 
PARAMETRIC_REPRESENTATION_CONTEXT() REPRESENTATION_CONTEXT('2D SPACE',''
  ) );
#598 = ORIENTED_EDGE('',*,*,#599,.T.);
#599 = EDGE_CURVE('',#572,#600,#602,.T.);
#600 = VERTEX_POINT('',#601);
#601 = CARTESIAN_POINT('',(-6.,69.5,55.5));
#602 = SURFACE_CURVE('',#603,(#607,#614),.PCURVE_S1.);
#603 = LINE('',#604,#605);
#604 = CARTESIAN_POINT('',(-6.,69.5,-40.));
#605 = VECTOR('',#606,1.);
#606 = DIRECTION('',(0.,0.,1.));
#607 = PCURVE('',#212,#608);
#608 = DEFINITIONAL_REPRESENTATION('',(#609),#613);
#609 = LINE('',#610,#611);
#610 = CARTESIAN_POINT('',(69.5,-48.));
#611 = VECTOR('',#612,1.);
#612 = DIRECTION('',(0.,1.));
#613 = ( GEOMETRIC_REPRESENTATION_CONTEXT(2) 
PARAMETRIC_REPRESENTATION_CONTEXT() REPRESENTATION_CONTEXT('2D SPACE',''
  ) );
#614 = PCURVE('',#615,#620);
#615 = PLANE('',#616);
#616 = AXIS2_PLACEMENT_3D('',#617,#618,#619);
#617 = CARTESIAN_POINT('',(-5.75,69.75,-40.));
#618 = DIRECTION('',(0.707106781187,-0.707106781187,1.889513820523E-18)
  );
#619 = DIRECTION('',(1.336088035637E-18,-1.336088035637E-18,-1.));
#620 = DEFINITIONAL_REPRESENTATION('',(#621),#625);
#621 = LINE('',#622,#623);
#622 = CARTESIAN_POINT('',(-0.,-0.353553390593));
#623 = VECTOR('',#624,1.);
#624 = DIRECTION('',(-1.,0.));
#625 = ( GEOMETRIC_REPRESENTATION_CONTEXT(2) 
PARAMETRIC_REPRESENTATION_CONTEXT() REPRESENTATION_CONTEXT('2D SPACE',''
  ) );
#626 = ORIENTED_EDGE('',*,*,#627,.T.);
#627 = EDGE_CURVE('',#600,#628,#630,.T.);
#628 = VERTEX_POINT('',#629);
#629 = CARTESIAN_POINT('',(-6.,69.292893218813,56.));
#630 = SURFACE_CURVE('',#631,(#635,#642),.PCURVE_S1.);
#631 = LINE('',#632,#633);
#632 = CARTESIAN_POINT('',(-6.,72.807873349707,47.514087296526));
#633 = VECTOR('',#634,1.);
#634 = DIRECTION('',(-0.,-0.382683432365,0.923879532511));
#635 = PCURVE('',#212,#636);
#636 = DEFINITIONAL_REPRESENTATION('',(#637),#641);
#637 = LINE('',#638,#639);
#638 = CARTESIAN_POINT('',(72.807873349707,39.514087296526));
#639 = VECTOR('',#640,1.);
#640 = DIRECTION('',(-0.382683432365,0.923879532511));
#641 = ( GEOMETRIC_REPRESENTATION_CONTEXT(2) 
PARAMETRIC_REPRESENTATION_CONTEXT() REPRESENTATION_CONTEXT('2D SPACE',''
  ) );
#642 = PCURVE('',#643,#648);
#643 = PLANE('',#644);
#644 = AXIS2_PLACEMENT_3D('',#645,#646,#647);
#645 = CARTESIAN_POINT('',(-6.,69.5,55.5));
#646 = DIRECTION('',(-0.678598344546,0.678598344546,0.281084637715));
#647 = DIRECTION('',(-9.762455691483E-16,-0.382683432365,0.923879532511)
  );
#648 = DEFINITIONAL_REPRESENTATION('',(#649),#653);
#649 = LINE('',#650,#651);
#650 = CARTESIAN_POINT('',(-8.643889622456,-9.657094541871E-15));
#651 = VECTOR('',#652,1.);
#652 = DIRECTION('',(1.,1.299520328931E-15));
#653 = ( GEOMETRIC_REPRESENTATION_CONTEXT(2) 
PARAMETRIC_REPRESENTATION_CONTEXT() REPRESENTATION_CONTEXT('2D SPACE',''
  ) );
#654 = ORIENTED_EDGE('',*,*,#655,.T.);
#655 = EDGE_CURVE('',#628,#656,#658,.T.);
#656 = VERTEX_POINT('',#657);
#657 = CARTESIAN_POINT('',(-6.,60.,65.292893218813));
#658 = SURFACE_CURVE('',#659,(#663,#670),.PCURVE_S1.);
#659 = LINE('',#660,#661);
#660 = CARTESIAN_POINT('',(-6.,69.646446609407,55.646446609407));
#661 = VECTOR('',#662,1.);
#662 = DIRECTION('',(0.,-0.707106781187,0.707106781187));
#663 = PCURVE('',#212,#664);
#664 = DEFINITIONAL_REPRESENTATION('',(#665),#669);
#665 = LINE('',#666,#667);
#666 = CARTESIAN_POINT('',(69.646446609407,47.646446609407));
#667 = VECTOR('',#668,1.);
#668 = DIRECTION('',(-0.707106781187,0.707106781187));
#669 = ( GEOMETRIC_REPRESENTATION_CONTEXT(2) 
PARAMETRIC_REPRESENTATION_CONTEXT() REPRESENTATION_CONTEXT('2D SPACE',''
  ) );
#670 = PCURVE('',#671,#676);
#671 = PLANE('',#672);
#672 = AXIS2_PLACEMENT_3D('',#673,#674,#675);
#673 = CARTESIAN_POINT('',(-5.75,69.823223304703,55.823223304703));
#674 = DIRECTION('',(0.707106781187,-0.5,-0.5));
#675 = DIRECTION('',(2.498001805407E-16,0.707106781187,-0.707106781187)
  );
#676 = DEFINITIONAL_REPRESENTATION('',(#677),#681);
#677 = LINE('',#678,#679);
#678 = CARTESIAN_POINT('',(-0.,-0.353553390593));
#679 = VECTOR('',#680,1.);
#680 = DIRECTION('',(-1.,0.));
#681 = ( GEOMETRIC_REPRESENTATION_CONTEXT(2) 
PARAMETRIC_REPRESENTATION_CONTEXT() REPRESENTATION_CONTEXT('2D SPACE',''
  ) );
#682 = ORIENTED_EDGE('',*,*,#683,.T.);
#683 = EDGE_CURVE('',#656,#684,#686,.T.);
#684 = VERTEX_POINT('',#685);
#685 = CARTESIAN_POINT('',(-6.,59.5,65.5));
#686 = SURFACE_CURVE('',#687,(#691,#698),.PCURVE_S1.);
#687 = LINE('',#688,#689);
#688 = CARTESIAN_POINT('',(-6.,44.521446609406,71.704319959113));
#689 = VECTOR('',#690,1.);
#690 = DIRECTION('',(-0.,-0.923879532511,0.382683432365));
#691 = PCURVE('',#212,#692);
#692 = DEFINITIONAL_REPRESENTATION('',(#693),#697);
#693 = LINE('',#694,#695);
#694 = CARTESIAN_POINT('',(44.521446609406,63.704319959113));
#695 = VECTOR('',#696,1.);
#696 = DIRECTION('',(-0.923879532511,0.382683432365));
#697 = ( GEOMETRIC_REPRESENTATION_CONTEXT(2) 
PARAMETRIC_REPRESENTATION_CONTEXT() REPRESENTATION_CONTEXT('2D SPACE',''
  ) );
#698 = PCURVE('',#699,#704);
#699 = PLANE('',#700);
#700 = AXIS2_PLACEMENT_3D('',#701,#702,#703);
#701 = CARTESIAN_POINT('',(-6.,60.,65.292893218813));
#702 = DIRECTION('',(-0.678598344546,0.281084637715,0.678598344546));
#703 = DIRECTION('',(9.629507527559E-15,-0.923879532511,0.382683432365)
  );
#704 = DEFINITIONAL_REPRESENTATION('',(#705),#709);
#705 = LINE('',#706,#707);
#706 = CARTESIAN_POINT('',(16.753865461788,-2.030183842031E-13));
#707 = VECTOR('',#708,1.);
#708 = DIRECTION('',(1.,-1.304789113065E-14));
#709 = ( GEOMETRIC_REPRESENTATION_CONTEXT(2) 
PARAMETRIC_REPRESENTATION_CONTEXT() REPRESENTATION_CONTEXT('2D SPACE',''
  ) );
#710 = ORIENTED_EDGE('',*,*,#711,.T.);
#711 = EDGE_CURVE('',#684,#712,#714,.T.);
#712 = VERTEX_POINT('',#713);
#713 = CARTESIAN_POINT('',(-6.,-59.5,65.5));
#714 = SURFACE_CURVE('',#715,(#719,#726),.PCURVE_S1.);
#715 = LINE('',#716,#717);
#716 = CARTESIAN_POINT('',(-6.,60.,65.5));
#717 = VECTOR('',#718,1.);
#718 = DIRECTION('',(0.,-1.,0.));
#719 = PCURVE('',#212,#720);
#720 = DEFINITIONAL_REPRESENTATION('',(#721),#725);
#721 = LINE('',#722,#723);
#722 = CARTESIAN_POINT('',(60.,57.5));
#723 = VECTOR('',#724,1.);
#724 = DIRECTION('',(-1.,0.));
#725 = ( GEOMETRIC_REPRESENTATION_CONTEXT(2) 
PARAMETRIC_REPRESENTATION_CONTEXT() REPRESENTATION_CONTEXT('2D SPACE',''
  ) );
#726 = PCURVE('',#727,#732);
#727 = PLANE('',#728);
#728 = AXIS2_PLACEMENT_3D('',#729,#730,#731);
#729 = CARTESIAN_POINT('',(-5.75,60.,65.75));
#730 = DIRECTION('',(0.707106781187,1.889513820523E-18,-0.707106781187)
  );
#731 = DIRECTION('',(-1.336088035637E-18,1.,1.336088035637E-18));
#732 = DEFINITIONAL_REPRESENTATION('',(#733),#737);
#733 = LINE('',#734,#735);
#734 = CARTESIAN_POINT('',(-0.,-0.353553390593));
#735 = VECTOR('',#736,1.);
#736 = DIRECTION('',(-1.,0.));
#737 = ( GEOMETRIC_REPRESENTATION_CONTEXT(2) 
PARAMETRIC_REPRESENTATION_CONTEXT() REPRESENTATION_CONTEXT('2D SPACE',''
  ) );
#738 = ORIENTED_EDGE('',*,*,#739,.F.);
#739 = EDGE_CURVE('',#740,#712,#742,.T.);
#740 = VERTEX_POINT('',#741);
#741 = CARTESIAN_POINT('',(-6.,-60.,65.292893218813));
#742 = SURFACE_CURVE('',#743,(#747,#754),.PCURVE_S1.);
#743 = LINE('',#744,#745);
#744 = CARTESIAN_POINT('',(-6.,-44.5214466094,71.704319959113));
#745 = VECTOR('',#746,1.);
#746 = DIRECTION('',(-0.,0.923879532511,0.382683432365));
#747 = PCURVE('',#212,#748);
#748 = DEFINITIONAL_REPRESENTATION('',(#749),#753);
#749 = LINE('',#750,#751);
#750 = CARTESIAN_POINT('',(-44.5214466094,63.704319959113));
#751 = VECTOR('',#752,1.);
#752 = DIRECTION('',(0.923879532511,0.382683432365));
#753 = ( GEOMETRIC_REPRESENTATION_CONTEXT(2) 
PARAMETRIC_REPRESENTATION_CONTEXT() REPRESENTATION_CONTEXT('2D SPACE',''
  ) );
#754 = PCURVE('',#755,#760);
#755 = PLANE('',#756);
#756 = AXIS2_PLACEMENT_3D('',#757,#758,#759);
#757 = CARTESIAN_POINT('',(-6.,-60.,65.292893218813));
#758 = DIRECTION('',(0.678598344546,0.281084637715,-0.678598344546));
#759 = DIRECTION('',(5.774219845546E-15,0.923879532511,0.382683432365));
#760 = DEFINITIONAL_REPRESENTATION('',(#761),#765);
#761 = LINE('',#762,#763);
#762 = CARTESIAN_POINT('',(16.753865461788,-1.371530115687E-13));
#763 = VECTOR('',#764,1.);
#764 = DIRECTION('',(1.,-7.913966327622E-15));
#765 = ( GEOMETRIC_REPRESENTATION_CONTEXT(2) 
PARAMETRIC_REPRESENTATION_CONTEXT() REPRESENTATION_CONTEXT('2D SPACE',''
  ) );
#766 = ORIENTED_EDGE('',*,*,#767,.T.);
#767 = EDGE_CURVE('',#740,#768,#770,.T.);
#768 = VERTEX_POINT('',#769);
#769 = CARTESIAN_POINT('',(-6.,-69.29289321881,56.));
#770 = SURFACE_CURVE('',#771,(#775,#782),.PCURVE_S1.);
#771 = LINE('',#772,#773);
#772 = CARTESIAN_POINT('',(-6.,-59.6464466094,65.646446609407));
#773 = VECTOR('',#774,1.);
#774 = DIRECTION('',(0.,-0.707106781187,-0.707106781187));
#775 = PCURVE('',#212,#776);
#776 = DEFINITIONAL_REPRESENTATION('',(#777),#781);
#777 = LINE('',#778,#779);
#778 = CARTESIAN_POINT('',(-59.6464466094,57.646446609407));
#779 = VECTOR('',#780,1.);
#780 = DIRECTION('',(-0.707106781187,-0.707106781187));
#781 = ( GEOMETRIC_REPRESENTATION_CONTEXT(2) 
PARAMETRIC_REPRESENTATION_CONTEXT() REPRESENTATION_CONTEXT('2D SPACE',''
  ) );
#782 = PCURVE('',#783,#788);
#783 = PLANE('',#784);
#784 = AXIS2_PLACEMENT_3D('',#785,#786,#787);
#785 = CARTESIAN_POINT('',(-5.75,-59.8232233047,65.823223304703));
#786 = DIRECTION('',(0.707106781187,0.5,-0.5));
#787 = DIRECTION('',(4.215475462275E-30,0.707106781187,0.707106781187));
#788 = DEFINITIONAL_REPRESENTATION('',(#789),#793);
#789 = LINE('',#790,#791);
#790 = CARTESIAN_POINT('',(-8.881784197001E-16,-0.353553390593));
#791 = VECTOR('',#792,1.);
#792 = DIRECTION('',(-1.,0.));
#793 = ( GEOMETRIC_REPRESENTATION_CONTEXT(2) 
PARAMETRIC_REPRESENTATION_CONTEXT() REPRESENTATION_CONTEXT('2D SPACE',''
  ) );
#794 = ORIENTED_EDGE('',*,*,#795,.F.);
#795 = EDGE_CURVE('',#796,#768,#798,.T.);
#796 = VERTEX_POINT('',#797);
#797 = CARTESIAN_POINT('',(-6.,-69.5,55.5));
#798 = SURFACE_CURVE('',#799,(#803,#810),.PCURVE_S1.);
#799 = LINE('',#800,#801);
#800 = CARTESIAN_POINT('',(-6.,-72.8078733497,47.514087296526));
#801 = VECTOR('',#802,1.);
#802 = DIRECTION('',(-0.,0.382683432365,0.923879532511));
#803 = PCURVE('',#212,#804);
#804 = DEFINITIONAL_REPRESENTATION('',(#805),#809);
#805 = LINE('',#806,#807);
#806 = CARTESIAN_POINT('',(-72.8078733497,39.514087296526));
#807 = VECTOR('',#808,1.);
#808 = DIRECTION('',(0.382683432365,0.923879532511));
#809 = ( GEOMETRIC_REPRESENTATION_CONTEXT(2) 
PARAMETRIC_REPRESENTATION_CONTEXT() REPRESENTATION_CONTEXT('2D SPACE',''
  ) );
#810 = PCURVE('',#811,#816);
#811 = PLANE('',#812);
#812 = AXIS2_PLACEMENT_3D('',#813,#814,#815);
#813 = CARTESIAN_POINT('',(-6.,-69.5,55.5));
#814 = DIRECTION('',(0.678598344546,0.678598344546,-0.281084637715));
#815 = DIRECTION('',(-9.762455691483E-16,0.382683432365,0.923879532511)
  );
#816 = DEFINITIONAL_REPRESENTATION('',(#817),#821);
#817 = LINE('',#818,#819);
#818 = CARTESIAN_POINT('',(-8.643889622456,-9.657094541871E-15));
#819 = VECTOR('',#820,1.);
#820 = DIRECTION('',(1.,1.299520328931E-15));
#821 = ( GEOMETRIC_REPRESENTATION_CONTEXT(2) 
PARAMETRIC_REPRESENTATION_CONTEXT() REPRESENTATION_CONTEXT('2D SPACE',''
  ) );
#822 = ORIENTED_EDGE('',*,*,#823,.T.);
#823 = EDGE_CURVE('',#796,#824,#826,.T.);
#824 = VERTEX_POINT('',#825);
#825 = CARTESIAN_POINT('',(-6.,-69.5,-39.5));
#826 = SURFACE_CURVE('',#827,(#831,#838),.PCURVE_S1.);
#827 = LINE('',#828,#829);
#828 = CARTESIAN_POINT('',(-6.,-69.5,56.));
#829 = VECTOR('',#830,1.);
#830 = DIRECTION('',(0.,0.,-1.));
#831 = PCURVE('',#212,#832);
#832 = DEFINITIONAL_REPRESENTATION('',(#833),#837);
#833 = LINE('',#834,#835);
#834 = CARTESIAN_POINT('',(-69.5,48.));
#835 = VECTOR('',#836,1.);
#836 = DIRECTION('',(0.,-1.));
#837 = ( GEOMETRIC_REPRESENTATION_CONTEXT(2) 
PARAMETRIC_REPRESENTATION_CONTEXT() REPRESENTATION_CONTEXT('2D SPACE',''
  ) );
#838 = PCURVE('',#839,#844);
#839 = PLANE('',#840);
#840 = AXIS2_PLACEMENT_3D('',#841,#842,#843);
#841 = CARTESIAN_POINT('',(-5.75,-69.75,56.));
#842 = DIRECTION('',(0.707106781187,0.707106781187,-1.889513820523E-18)
  );
#843 = DIRECTION('',(1.336088035637E-18,1.336088035637E-18,1.));
#844 = DEFINITIONAL_REPRESENTATION('',(#845),#849);
#845 = LINE('',#846,#847);
#846 = CARTESIAN_POINT('',(-0.,-0.353553390593));
#847 = VECTOR('',#848,1.);
#848 = DIRECTION('',(-1.,0.));
#849 = ( GEOMETRIC_REPRESENTATION_CONTEXT(2) 
PARAMETRIC_REPRESENTATION_CONTEXT() REPRESENTATION_CONTEXT('2D SPACE',''
  ) );
#850 = ORIENTED_EDGE('',*,*,#851,.F.);
#851 = EDGE_CURVE('',#852,#824,#854,.T.);
#852 = VERTEX_POINT('',#853);
#853 = CARTESIAN_POINT('',(-6.,-69.29289321881,-40.));
#854 = SURFACE_CURVE('',#855,(#859,#866),.PCURVE_S1.);
#855 = LINE('',#856,#857);
#856 = CARTESIAN_POINT('',(-6.,-72.70431995911,-31.76408729652));
#857 = VECTOR('',#858,1.);
#858 = DIRECTION('',(-0.,-0.382683432365,0.923879532511));
#859 = PCURVE('',#212,#860);
#860 = DEFINITIONAL_REPRESENTATION('',(#861),#865);
#861 = LINE('',#862,#863);
#862 = CARTESIAN_POINT('',(-72.70431995911,-39.76408729652));
#863 = VECTOR('',#864,1.);
#864 = DIRECTION('',(-0.382683432365,0.923879532511));
#865 = ( GEOMETRIC_REPRESENTATION_CONTEXT(2) 
PARAMETRIC_REPRESENTATION_CONTEXT() REPRESENTATION_CONTEXT('2D SPACE',''
  ) );
#866 = PCURVE('',#867,#872);
#867 = PLANE('',#868);
#868 = AXIS2_PLACEMENT_3D('',#869,#870,#871);
#869 = CARTESIAN_POINT('',(-6.,-69.29289321881,-40.));
#870 = DIRECTION('',(0.678598344546,0.678598344546,0.281084637715));
#871 = DIRECTION('',(-3.851441541595E-15,-0.382683432365,0.923879532511)
  );
#872 = DEFINITIONAL_REPRESENTATION('',(#873),#877);
#873 = LINE('',#874,#875);
#874 = CARTESIAN_POINT('',(8.914487672529,5.277905906179E-14));
#875 = VECTOR('',#876,1.);
#876 = DIRECTION('',(1.,5.202302859165E-15));
#877 = ( GEOMETRIC_REPRESENTATION_CONTEXT(2) 
PARAMETRIC_REPRESENTATION_CONTEXT() REPRESENTATION_CONTEXT('2D SPACE',''
  ) );
#878 = ORIENTED_EDGE('',*,*,#879,.T.);
#879 = EDGE_CURVE('',#852,#466,#880,.T.);
#880 = SURFACE_CURVE('',#881,(#885,#892),.PCURVE_S1.);
#881 = LINE('',#882,#883);
#882 = CARTESIAN_POINT('',(-6.,-69.6464466094,-39.6464466094));
#883 = VECTOR('',#884,1.);
#884 = DIRECTION('',(0.,0.707106781187,-0.707106781187));
#885 = PCURVE('',#212,#886);
#886 = DEFINITIONAL_REPRESENTATION('',(#887),#891);
#887 = LINE('',#888,#889);
#888 = CARTESIAN_POINT('',(-69.6464466094,-47.6464466094));
#889 = VECTOR('',#890,1.);
#890 = DIRECTION('',(0.707106781187,-0.707106781187));
#891 = ( GEOMETRIC_REPRESENTATION_CONTEXT(2) 
PARAMETRIC_REPRESENTATION_CONTEXT() REPRESENTATION_CONTEXT('2D SPACE',''
  ) );
#892 = PCURVE('',#481,#893);
#893 = DEFINITIONAL_REPRESENTATION('',(#894),#898);
#894 = LINE('',#895,#896);
#895 = CARTESIAN_POINT('',(-0.,-0.353553390593));
#896 = VECTOR('',#897,1.);
#897 = DIRECTION('',(-1.,0.));
#898 = ( GEOMETRIC_REPRESENTATION_CONTEXT(2) 
PARAMETRIC_REPRESENTATION_CONTEXT() REPRESENTATION_CONTEXT('2D SPACE',''
  ) );
#899 = ORIENTED_EDGE('',*,*,#493,.T.);
#900 = FACE_BOUND('',#901,.F.);
#901 = EDGE_LOOP('',(#902));
#902 = ORIENTED_EDGE('',*,*,#903,.F.);
#903 = EDGE_CURVE('',#904,#904,#906,.T.);
#904 = VERTEX_POINT('',#905);
#905 = CARTESIAN_POINT('',(-6.,-52.,-40.));
#906 = SURFACE_CURVE('',#907,(#912,#919),.PCURVE_S1.);
#907 = CIRCLE('',#908,6.);
#908 = AXIS2_PLACEMENT_3D('',#909,#910,#911);
#909 = CARTESIAN_POINT('',(-6.,-52.,-34.));
#910 = DIRECTION('',(1.,0.,0.));
#911 = DIRECTION('',(0.,0.,-1.));
#912 = PCURVE('',#212,#913);
#913 = DEFINITIONAL_REPRESENTATION('',(#914),#918);
#914 = CIRCLE('',#915,6.);
#915 = AXIS2_PLACEMENT_2D('',#916,#917);
#916 = CARTESIAN_POINT('',(-52.,-42.));
#917 = DIRECTION('',(0.,-1.));
#918 = ( GEOMETRIC_REPRESENTATION_CONTEXT(2) 
PARAMETRIC_REPRESENTATION_CONTEXT() REPRESENTATION_CONTEXT('2D SPACE',''
  ) );
#919 = PCURVE('',#920,#925);
#920 = CONICAL_SURFACE('',#921,5.5,0.785398163397);
#921 = AXIS2_PLACEMENT_3D('',#922,#923,#924);
#922 = CARTESIAN_POINT('',(-5.5,-52.,-34.));
#923 = DIRECTION('',(-1.,-0.,-0.));
#924 = DIRECTION('',(0.,0.,-1.));
#925 = DEFINITIONAL_REPRESENTATION('',(#926),#930);
#926 = LINE('',#927,#928);
#927 = CARTESIAN_POINT('',(0.,0.5));
#928 = VECTOR('',#929,1.);
#929 = DIRECTION('',(-1.,-0.));
#930 = ( GEOMETRIC_REPRESENTATION_CONTEXT(2) 
PARAMETRIC_REPRESENTATION_CONTEXT() REPRESENTATION_CONTEXT('2D SPACE',''
  ) );
#931 = FACE_BOUND('',#932,.F.);
#932 = EDGE_LOOP('',(#933));
#933 = ORIENTED_EDGE('',*,*,#934,.F.);
#934 = EDGE_CURVE('',#935,#935,#937,.T.);
#935 = VERTEX_POINT('',#936);
#936 = CARTESIAN_POINT('',(-6.,52.,-40.));
#937 = SURFACE_CURVE('',#938,(#943,#950),.PCURVE_S1.);
#938 = CIRCLE('',#939,6.);
#939 = AXIS2_PLACEMENT_3D('',#940,#941,#942);
#940 = CARTESIAN_POINT('',(-6.,52.,-34.));
#941 = DIRECTION('',(1.,0.,0.));
#942 = DIRECTION('',(0.,0.,-1.));
#943 = PCURVE('',#212,#944);
#944 = DEFINITIONAL_REPRESENTATION('',(#945),#949);
#945 = CIRCLE('',#946,6.);
#946 = AXIS2_PLACEMENT_2D('',#947,#948);
#947 = CARTESIAN_POINT('',(52.,-42.));
#948 = DIRECTION('',(0.,-1.));
#949 = ( GEOMETRIC_REPRESENTATION_CONTEXT(2) 
PARAMETRIC_REPRESENTATION_CONTEXT() REPRESENTATION_CONTEXT('2D SPACE',''
  ) );
#950 = PCURVE('',#951,#956);
#951 = CONICAL_SURFACE('',#952,5.5,0.785398163397);
#952 = AXIS2_PLACEMENT_3D('',#953,#954,#955);
#953 = CARTESIAN_POINT('',(-5.5,52.,-34.));
#954 = DIRECTION('',(-1.,-0.,-0.));
#955 = DIRECTION('',(0.,0.,-1.));
#956 = DEFINITIONAL_REPRESENTATION('',(#957),#961);
#957 = LINE('',#958,#959);
#958 = CARTESIAN_POINT('',(0.,0.5));
#959 = VECTOR('',#960,1.);
#960 = DIRECTION('',(-1.,-0.));
#961 = ( GEOMETRIC_REPRESENTATION_CONTEXT(2) 
PARAMETRIC_REPRESENTATION_CONTEXT() REPRESENTATION_CONTEXT('2D SPACE',''
  ) );
#962 = FACE_BOUND('',#963,.F.);
#963 = EDGE_LOOP('',(#964,#994,#1022,#1050,#1078,#1106,#1134,#1162,#1190
    ,#1218,#1246,#1274,#1302,#1330,#1358,#1386,#1414,#1442,#1470,#1498,
    #1526,#1554,#1582,#1610,#1638,#1666,#1694,#1722,#1750,#1778,#1806,
    #1834,#1862,#1890,#1918,#1946,#1974,#2002,#2030,#2058,#2086,#2114,
    #2142,#2170,#2198,#2226,#2254,#2282,#2310,#2338,#2366,#2394,#2422,
    #2450));
#964 = ORIENTED_EDGE('',*,*,#965,.T.);
#965 = EDGE_CURVE('',#966,#968,#970,.T.);
#966 = VERTEX_POINT('',#967);
#967 = CARTESIAN_POINT('',(-6.,-4.961455849863,6.75));
#968 = VERTEX_POINT('',#969);
#969 = CARTESIAN_POINT('',(-6.,4.961455849863,6.75));
#970 = SURFACE_CURVE('',#971,(#975,#982),.PCURVE_S1.);
#971 = LINE('',#972,#973);
#972 = CARTESIAN_POINT('',(-6.,-5.461455849863,6.75));
#973 = VECTOR('',#974,1.);
#974 = DIRECTION('',(0.,1.,-1.626266775959E-16));
#975 = PCURVE('',#212,#976);
#976 = DEFINITIONAL_REPRESENTATION('',(#977),#981);
#977 = LINE('',#978,#979);
#978 = CARTESIAN_POINT('',(-5.461455849863,-1.25));
#979 = VECTOR('',#980,1.);
#980 = DIRECTION('',(1.,-1.626266775959E-16));
#981 = ( GEOMETRIC_REPRESENTATION_CONTEXT(2) 
PARAMETRIC_REPRESENTATION_CONTEXT() REPRESENTATION_CONTEXT('2D SPACE',''
  ) );
#982 = PCURVE('',#983,#988);
#983 = PLANE('',#984);
#984 = AXIS2_PLACEMENT_3D('',#985,#986,#987);
#985 = CARTESIAN_POINT('',(-5.75,-5.461455849863,6.5));
#986 = DIRECTION('',(0.707106781187,6.071646175746E-17,0.707106781187));
#987 = DIRECTION('',(-3.838031695962E-17,-1.,1.242463606363E-16));
#988 = DEFINITIONAL_REPRESENTATION('',(#989),#993);
#989 = LINE('',#990,#991);
#990 = CARTESIAN_POINT('',(-0.,-0.353553390593));
#991 = VECTOR('',#992,1.);
#992 = DIRECTION('',(-1.,0.));
#993 = ( GEOMETRIC_REPRESENTATION_CONTEXT(2) 
PARAMETRIC_REPRESENTATION_CONTEXT() REPRESENTATION_CONTEXT('2D SPACE',''
  ) );
#994 = ORIENTED_EDGE('',*,*,#995,.T.);
#995 = EDGE_CURVE('',#968,#996,#998,.T.);
#996 = VERTEX_POINT('',#997);
#997 = CARTESIAN_POINT('',(-6.,6.168207302689,6.272413922633));
#998 = SURFACE_CURVE('',#999,(#1003,#1010),.PCURVE_S1.);
#999 = LINE('',#1000,#1001);
#1000 = CARTESIAN_POINT('',(-6.,2.602805954814,7.683463430783));
#1001 = VECTOR('',#1002,1.);
#1002 = DIRECTION('',(-0.,0.929829386355,-0.367990913299));
#1003 = PCURVE('',#212,#1004);
#1004 = DEFINITIONAL_REPRESENTATION('',(#1005),#1009);
#1005 = LINE('',#1006,#1007);
#1006 = CARTESIAN_POINT('',(2.602805954814,-0.316536569217));
#1007 = VECTOR('',#1008,1.);
#1008 = DIRECTION('',(0.929829386355,-0.367990913299));
#1009 = ( GEOMETRIC_REPRESENTATION_CONTEXT(2) 
PARAMETRIC_REPRESENTATION_CONTEXT() REPRESENTATION_CONTEXT('2D SPACE',''
  ) );
#1010 = PCURVE('',#1011,#1016);
#1011 = PLANE('',#1012);
#1012 = AXIS2_PLACEMENT_3D('',#1013,#1014,#1015);
#1013 = CARTESIAN_POINT('',(-6.,4.961455849863,6.75));
#1014 = DIRECTION('',(-0.680945640372,-0.269492244259,-0.680945640372));
#1015 = DIRECTION('',(9.517412397524E-16,0.929829386355,-0.367990913299)
  );
#1016 = DEFINITIONAL_REPRESENTATION('',(#1017),#1021);
#1017 = LINE('',#1018,#1019);
#1018 = CARTESIAN_POINT('',(-2.536648044965,3.118817349445E-15));
#1019 = VECTOR('',#1020,1.);
#1020 = DIRECTION('',(1.,-1.322712827792E-15));
#1021 = ( GEOMETRIC_REPRESENTATION_CONTEXT(2) 
PARAMETRIC_REPRESENTATION_CONTEXT() REPRESENTATION_CONTEXT('2D SPACE',''
  ) );
#1022 = ORIENTED_EDGE('',*,*,#1023,.T.);
#1023 = EDGE_CURVE('',#996,#1024,#1026,.T.);
#1024 = VERTEX_POINT('',#1025);
#1025 = CARTESIAN_POINT('',(-6.,6.233547897133,6.211090356639));
#1026 = SURFACE_CURVE('',#1027,(#1031,#1038),.PCURVE_S1.);
#1027 = LINE('',#1028,#1029);
#1028 = CARTESIAN_POINT('',(-6.,5.803624614959,6.61458268773));
#1029 = VECTOR('',#1030,1.);
#1030 = DIRECTION('',(0.,0.729165375459,-0.684337530193));
#1031 = PCURVE('',#212,#1032);
#1032 = DEFINITIONAL_REPRESENTATION('',(#1033),#1037);
#1033 = LINE('',#1034,#1035);
#1034 = CARTESIAN_POINT('',(5.803624614959,-1.38541731227));
#1035 = VECTOR('',#1036,1.);
#1036 = DIRECTION('',(0.729165375459,-0.684337530193));
#1037 = ( GEOMETRIC_REPRESENTATION_CONTEXT(2) 
PARAMETRIC_REPRESENTATION_CONTEXT() REPRESENTATION_CONTEXT('2D SPACE',''
  ) );
#1038 = PCURVE('',#1039,#1044);
#1039 = PLANE('',#1040);
#1040 = AXIS2_PLACEMENT_3D('',#1041,#1042,#1043);
#1041 = CARTESIAN_POINT('',(-5.75,5.632540232411,6.432291343865));
#1042 = DIRECTION('',(0.707106781187,0.48389970822,0.515597781594));
#1043 = DIRECTION('',(-7.358142621656E-17,-0.729165375459,0.684337530193
    ));
#1044 = DEFINITIONAL_REPRESENTATION('',(#1045),#1049);
#1045 = LINE('',#1046,#1047);
#1046 = CARTESIAN_POINT('',(-8.881784197001E-16,-0.353553390593));
#1047 = VECTOR('',#1048,1.);
#1048 = DIRECTION('',(-1.,0.));
#1049 = ( GEOMETRIC_REPRESENTATION_CONTEXT(2) 
PARAMETRIC_REPRESENTATION_CONTEXT() REPRESENTATION_CONTEXT('2D SPACE',''
  ) );
#1050 = ORIENTED_EDGE('',*,*,#1051,.T.);
#1051 = EDGE_CURVE('',#1024,#1052,#1054,.T.);
#1052 = VERTEX_POINT('',#1053);
#1053 = CARTESIAN_POINT('',(-6.,6.658760778147,5.752883425169));
#1054 = SURFACE_CURVE('',#1055,(#1059,#1066),.PCURVE_S1.);
#1055 = LINE('',#1056,#1057);
#1056 = CARTESIAN_POINT('',(-6.,6.258567203776,6.185879028884));
#1057 = VECTOR('',#1058,1.);
#1058 = DIRECTION('',(0.,0.678742719951,-0.734376143481));
#1059 = PCURVE('',#212,#1060);
#1060 = DEFINITIONAL_REPRESENTATION('',(#1061),#1065);
#1061 = LINE('',#1062,#1063);
#1062 = CARTESIAN_POINT('',(6.258567203776,-1.814120971116));
#1063 = VECTOR('',#1064,1.);
#1064 = DIRECTION('',(0.678742719951,-0.734376143481));
#1065 = ( GEOMETRIC_REPRESENTATION_CONTEXT(2) 
PARAMETRIC_REPRESENTATION_CONTEXT() REPRESENTATION_CONTEXT('2D SPACE',''
  ) );
#1066 = PCURVE('',#1067,#1072);
#1067 = PLANE('',#1068);
#1068 = AXIS2_PLACEMENT_3D('',#1069,#1070,#1071);
#1069 = CARTESIAN_POINT('',(-5.75,6.074973167906,6.016193348897));
#1070 = DIRECTION('',(0.707106781187,0.519282350997,0.479943579958));
#1071 = DIRECTION('',(8.916281214907E-17,-0.678742719951,0.734376143481)
  );
#1072 = DEFINITIONAL_REPRESENTATION('',(#1073),#1077);
#1073 = LINE('',#1074,#1075);
#1074 = CARTESIAN_POINT('',(-7.216449660064E-16,-0.353553390593));
#1075 = VECTOR('',#1076,1.);
#1076 = DIRECTION('',(-1.,0.));
#1077 = ( GEOMETRIC_REPRESENTATION_CONTEXT(2) 
PARAMETRIC_REPRESENTATION_CONTEXT() REPRESENTATION_CONTEXT('2D SPACE',''
  ) );
#1078 = ORIENTED_EDGE('',*,*,#1079,.T.);
#1079 = EDGE_CURVE('',#1052,#1080,#1082,.T.);
#1080 = VERTEX_POINT('',#1081);
#1081 = CARTESIAN_POINT('',(-6.,7.05037150798,5.265645677754));
#1082 = SURFACE_CURVE('',#1083,(#1087,#1094),.PCURVE_S1.);
#1083 = LINE('',#1084,#1085);
#1084 = CARTESIAN_POINT('',(-6.,6.681927141051,5.725959525343));
#1085 = VECTOR('',#1086,1.);
#1086 = DIRECTION('',(0.,0.624894920297,-0.780708869289));
#1087 = PCURVE('',#212,#1088);
#1088 = DEFINITIONAL_REPRESENTATION('',(#1089),#1093);
#1089 = LINE('',#1090,#1091);
#1090 = CARTESIAN_POINT('',(6.681927141051,-2.274040474657));
#1091 = VECTOR('',#1092,1.);
#1092 = DIRECTION('',(0.624894920297,-0.780708869289));
#1093 = ( GEOMETRIC_REPRESENTATION_CONTEXT(2) 
PARAMETRIC_REPRESENTATION_CONTEXT() REPRESENTATION_CONTEXT('2D SPACE',''
  ) );
#1094 = PCURVE('',#1095,#1100);
#1095 = PLANE('',#1096);
#1096 = AXIS2_PLACEMENT_3D('',#1097,#1098,#1099);
#1097 = CARTESIAN_POINT('',(-5.75,6.486749923729,5.569735795268));
#1098 = DIRECTION('',(0.707106781187,0.552044535607,0.441867435671));
#1099 = DIRECTION('',(5.070523107345E-17,-0.624894920297,0.780708869289)
  );
#1100 = DEFINITIONAL_REPRESENTATION('',(#1101),#1105);
#1101 = LINE('',#1102,#1103);
#1102 = CARTESIAN_POINT('',(2.22044604925E-16,-0.353553390593));
#1103 = VECTOR('',#1104,1.);
#1104 = DIRECTION('',(-1.,0.));
#1105 = ( GEOMETRIC_REPRESENTATION_CONTEXT(2) 
PARAMETRIC_REPRESENTATION_CONTEXT() REPRESENTATION_CONTEXT('2D SPACE',''
  ) );
#1106 = ORIENTED_EDGE('',*,*,#1107,.T.);
#1107 = EDGE_CURVE('',#1080,#1108,#1110,.T.);
#1108 = VERTEX_POINT('',#1109);
#1109 = CARTESIAN_POINT('',(-6.,7.40640389866,4.751835865651));
#1110 = SURFACE_CURVE('',#1111,(#1115,#1122),.PCURVE_S1.);
#1111 = LINE('',#1112,#1113);
#1112 = CARTESIAN_POINT('',(-6.,7.071568022565,5.237145072119));
#1113 = VECTOR('',#1114,1.);
#1114 = DIRECTION('',(0.,0.567893709028,-0.823101898459));
#1115 = PCURVE('',#212,#1116);
#1116 = DEFINITIONAL_REPRESENTATION('',(#1117),#1121);
#1117 = LINE('',#1118,#1119);
#1118 = CARTESIAN_POINT('',(7.071568022565,-2.762854927881));
#1119 = VECTOR('',#1120,1.);
#1120 = DIRECTION('',(0.567893709028,-0.823101898459));
#1121 = ( GEOMETRIC_REPRESENTATION_CONTEXT(2) 
PARAMETRIC_REPRESENTATION_CONTEXT() REPRESENTATION_CONTEXT('2D SPACE',''
  ) );
#1122 = PCURVE('',#1123,#1128);
#1123 = PLANE('',#1124);
#1124 = AXIS2_PLACEMENT_3D('',#1125,#1126,#1127);
#1125 = CARTESIAN_POINT('',(-5.75,6.86579254795,5.095171644862));
#1126 = DIRECTION('',(0.707106781187,0.582020934008,0.401561492647));
#1127 = DIRECTION('',(-7.295729605438E-18,-0.567893709028,0.823101898459
    ));
#1128 = DEFINITIONAL_REPRESENTATION('',(#1129),#1133);
#1129 = LINE('',#1130,#1131);
#1130 = CARTESIAN_POINT('',(4.996003610813E-16,-0.353553390593));
#1131 = VECTOR('',#1132,1.);
#1132 = DIRECTION('',(-1.,0.));
#1133 = ( GEOMETRIC_REPRESENTATION_CONTEXT(2) 
PARAMETRIC_REPRESENTATION_CONTEXT() REPRESENTATION_CONTEXT('2D SPACE',''
  ) );
#1134 = ORIENTED_EDGE('',*,*,#1135,.T.);
#1135 = EDGE_CURVE('',#1108,#1136,#1138,.T.);
#1136 = VERTEX_POINT('',#1137);
#1137 = CARTESIAN_POINT('',(-6.,7.725061301441,4.214046830916));
#1138 = SURFACE_CURVE('',#1139,(#1143,#1150),.PCURVE_S1.);
#1139 = LINE('',#1140,#1141);
#1140 = CARTESIAN_POINT('',(-6.,7.425523600806,4.721902377014));
#1141 = VECTOR('',#1142,1.);
#1142 = DIRECTION('',(0.,0.508026731755,-0.86134130275));
#1143 = PCURVE('',#212,#1144);
#1144 = DEFINITIONAL_REPRESENTATION('',(#1145),#1149);
#1145 = LINE('',#1146,#1147);
#1146 = CARTESIAN_POINT('',(7.425523600806,-3.278097622986));
#1147 = VECTOR('',#1148,1.);
#1148 = DIRECTION('',(0.508026731755,-0.86134130275));
#1149 = ( GEOMETRIC_REPRESENTATION_CONTEXT(2) 
PARAMETRIC_REPRESENTATION_CONTEXT() REPRESENTATION_CONTEXT('2D SPACE',''
  ) );
#1150 = PCURVE('',#1151,#1156);
#1151 = PLANE('',#1152);
#1152 = AXIS2_PLACEMENT_3D('',#1153,#1154,#1155);
#1153 = CARTESIAN_POINT('',(-5.75,7.210188275118,4.594895694075));
#1154 = DIRECTION('',(0.707106781187,0.60906027609,0.359229147048));
#1155 = DIRECTION('',(-4.834770914886E-17,-0.508026731755,0.86134130275)
  );
#1156 = DEFINITIONAL_REPRESENTATION('',(#1157),#1161);
#1157 = LINE('',#1158,#1159);
#1158 = CARTESIAN_POINT('',(-3.885780586188E-16,-0.353553390593));
#1159 = VECTOR('',#1160,1.);
#1160 = DIRECTION('',(-1.,0.));
#1161 = ( GEOMETRIC_REPRESENTATION_CONTEXT(2) 
PARAMETRIC_REPRESENTATION_CONTEXT() REPRESENTATION_CONTEXT('2D SPACE',''
  ) );
#1162 = ORIENTED_EDGE('',*,*,#1163,.T.);
#1163 = EDGE_CURVE('',#1136,#1164,#1166,.T.);
#1164 = VERTEX_POINT('',#1165);
#1165 = CARTESIAN_POINT('',(-6.,8.004735673236,3.654992422126));
#1166 = SURFACE_CURVE('',#1167,(#1171,#1178),.PCURVE_S1.);
#1167 = LINE('',#1168,#1169);
#1168 = CARTESIAN_POINT('',(-6.,7.74200770726,4.182831512852));
#1169 = VECTOR('',#1170,1.);
#1170 = DIRECTION('',(0.,0.445596095625,-0.895234114388));
#1171 = PCURVE('',#212,#1172);
#1172 = DEFINITIONAL_REPRESENTATION('',(#1173),#1177);
#1173 = LINE('',#1174,#1175);
#1174 = CARTESIAN_POINT('',(7.74200770726,-3.817168487148));
#1175 = VECTOR('',#1176,1.);
#1176 = DIRECTION('',(0.445596095625,-0.895234114388));
#1177 = ( GEOMETRIC_REPRESENTATION_CONTEXT(2) 
PARAMETRIC_REPRESENTATION_CONTEXT() REPRESENTATION_CONTEXT('2D SPACE',''
  ) );
#1178 = PCURVE('',#1179,#1184);
#1179 = PLANE('',#1180);
#1180 = AXIS2_PLACEMENT_3D('',#1181,#1182,#1183);
#1181 = CARTESIAN_POINT('',(-5.75,7.518199178663,4.071432488945));
#1182 = DIRECTION('',(0.707106781187,0.633026113033,0.315084020887));
#1183 = DIRECTION('',(-2.51761927279E-17,-0.445596095625,0.895234114388)
  );
#1184 = DEFINITIONAL_REPRESENTATION('',(#1185),#1189);
#1185 = LINE('',#1186,#1187);
#1186 = CARTESIAN_POINT('',(-4.440892098501E-16,-0.353553390593));
#1187 = VECTOR('',#1188,1.);
#1188 = DIRECTION('',(-1.,0.));
#1189 = ( GEOMETRIC_REPRESENTATION_CONTEXT(2) 
PARAMETRIC_REPRESENTATION_CONTEXT() REPRESENTATION_CONTEXT('2D SPACE',''
  ) );
#1190 = ORIENTED_EDGE('',*,*,#1191,.T.);
#1191 = EDGE_CURVE('',#1164,#1192,#1194,.T.);
#1192 = VERTEX_POINT('',#1193);
#1193 = CARTESIAN_POINT('',(-6.,8.244015691304,3.07749379946));
#1194 = SURFACE_CURVE('',#1195,(#1199,#1206),.PCURVE_S1.);
#1195 = LINE('',#1196,#1197);
#1196 = CARTESIAN_POINT('',(-6.,8.019423265962,3.622652796711));
#1197 = VECTOR('',#1198,1.);
#1198 = DIRECTION('',(0.,0.380916844795,-0.924609299841));
#1199 = PCURVE('',#212,#1200);
#1200 = DEFINITIONAL_REPRESENTATION('',(#1201),#1205);
#1201 = LINE('',#1202,#1203);
#1202 = CARTESIAN_POINT('',(8.019423265962,-4.377347203289));
#1203 = VECTOR('',#1204,1.);
#1204 = DIRECTION('',(0.380916844795,-0.924609299841));
#1205 = ( GEOMETRIC_REPRESENTATION_CONTEXT(2) 
PARAMETRIC_REPRESENTATION_CONTEXT() REPRESENTATION_CONTEXT('2D SPACE',''
  ) );
#1206 = PCURVE('',#1207,#1212);
#1207 = PLANE('',#1208);
#1208 = AXIS2_PLACEMENT_3D('',#1209,#1210,#1211);
#1209 = CARTESIAN_POINT('',(-5.75,7.788270941002,3.527423585512));
#1210 = DIRECTION('',(0.707106781187,0.653797505865,0.269348884023));
#1211 = DIRECTION('',(3.537289408693E-17,-0.380916844795,0.924609299841)
  );
#1212 = DEFINITIONAL_REPRESENTATION('',(#1213),#1217);
#1213 = LINE('',#1214,#1215);
#1214 = CARTESIAN_POINT('',(3.330669073875E-16,-0.353553390593));
#1215 = VECTOR('',#1216,1.);
#1216 = DIRECTION('',(-1.,0.));
#1217 = ( GEOMETRIC_REPRESENTATION_CONTEXT(2) 
PARAMETRIC_REPRESENTATION_CONTEXT() REPRESENTATION_CONTEXT('2D SPACE',''
  ) );
#1218 = ORIENTED_EDGE('',*,*,#1219,.T.);
#1219 = EDGE_CURVE('',#1192,#1220,#1222,.T.);
#1220 = VERTEX_POINT('',#1221);
#1221 = CARTESIAN_POINT('',(-6.,8.441693875211,2.484465198267));
#1222 = SURFACE_CURVE('',#1223,(#1227,#1234),.PCURVE_S1.);
#1223 = LINE('',#1224,#1225);
#1224 = CARTESIAN_POINT('',(-6.,8.256370352835,3.044193062374));
#1225 = VECTOR('',#1226,1.);
#1226 = DIRECTION('',(0.,0.314315370621,-0.949318622903));
#1227 = PCURVE('',#212,#1228);
#1228 = DEFINITIONAL_REPRESENTATION('',(#1229),#1233);
#1229 = LINE('',#1230,#1231);
#1230 = CARTESIAN_POINT('',(8.256370352835,-4.955806937626));
#1231 = VECTOR('',#1232,1.);
#1232 = DIRECTION('',(0.314315370621,-0.949318622903));
#1233 = ( GEOMETRIC_REPRESENTATION_CONTEXT(2) 
PARAMETRIC_REPRESENTATION_CONTEXT() REPRESENTATION_CONTEXT('2D SPACE',''
  ) );
#1234 = PCURVE('',#1235,#1240);
#1235 = PLANE('',#1236);
#1236 = AXIS2_PLACEMENT_3D('',#1237,#1238,#1239);
#1237 = CARTESIAN_POINT('',(-5.75,8.019040697109,2.965614219718));
#1238 = DIRECTION('',(0.707106781187,0.671269635762,0.222254529997));
#1239 = DIRECTION('',(-2.179991347825E-17,-0.314315370621,0.949318622903
    ));
#1240 = DEFINITIONAL_REPRESENTATION('',(#1241),#1245);
#1241 = LINE('',#1242,#1243);
#1242 = CARTESIAN_POINT('',(1.665334536938E-16,-0.353553390593));
#1243 = VECTOR('',#1244,1.);
#1244 = DIRECTION('',(-1.,0.));
#1245 = ( GEOMETRIC_REPRESENTATION_CONTEXT(2) 
PARAMETRIC_REPRESENTATION_CONTEXT() REPRESENTATION_CONTEXT('2D SPACE',''
  ) );
#1246 = ORIENTED_EDGE('',*,*,#1247,.T.);
#1247 = EDGE_CURVE('',#1220,#1248,#1250,.T.);
#1248 = VERTEX_POINT('',#1249);
#1249 = CARTESIAN_POINT('',(-6.,8.596772680154,1.878899222931));
#1250 = SURFACE_CURVE('',#1251,(#1255,#1262),.PCURVE_S1.);
#1251 = LINE('',#1252,#1253);
#1252 = CARTESIAN_POINT('',(-6.,8.451653260133,2.450371395251));
#1253 = VECTOR('',#1254,1.);
#1254 = DIRECTION('',(0.,0.24612776459,-0.969237392746));
#1255 = PCURVE('',#212,#1256);
#1256 = DEFINITIONAL_REPRESENTATION('',(#1257),#1261);
#1257 = LINE('',#1258,#1259);
#1258 = CARTESIAN_POINT('',(8.451653260133,-5.549628604749));
#1259 = VECTOR('',#1260,1.);
#1260 = DIRECTION('',(0.24612776459,-0.969237392746));
#1261 = ( GEOMETRIC_REPRESENTATION_CONTEXT(2) 
PARAMETRIC_REPRESENTATION_CONTEXT() REPRESENTATION_CONTEXT('2D SPACE',''
  ) );
#1262 = PCURVE('',#1263,#1268);
#1263 = PLANE('',#1264);
#1264 = AXIS2_PLACEMENT_3D('',#1265,#1266,#1267);
#1265 = CARTESIAN_POINT('',(-5.75,8.209343911946,2.388839454103));
#1266 = DIRECTION('',(0.707106781187,0.685354332991,0.17403861138));
#1267 = DIRECTION('',(-5.13097175686E-17,-0.24612776459,0.969237392746)
  );
#1268 = DEFINITIONAL_REPRESENTATION('',(#1269),#1273);
#1269 = LINE('',#1270,#1271);
#1270 = CARTESIAN_POINT('',(5.551115123126E-16,-0.353553390593));
#1271 = VECTOR('',#1272,1.);
#1272 = DIRECTION('',(-1.,0.));
#1273 = ( GEOMETRIC_REPRESENTATION_CONTEXT(2) 
PARAMETRIC_REPRESENTATION_CONTEXT() REPRESENTATION_CONTEXT('2D SPACE',''
  ) );
#1274 = ORIENTED_EDGE('',*,*,#1275,.T.);
#1275 = EDGE_CURVE('',#1248,#1276,#1278,.T.);
#1276 = VERTEX_POINT('',#1277);
#1277 = CARTESIAN_POINT('',(-6.,8.708469530872,1.263851745278));
#1278 = SURFACE_CURVE('',#1279,(#1283,#1290),.PCURVE_S1.);
#1279 = LINE('',#1280,#1281);
#1280 = CARTESIAN_POINT('',(-6.,8.604286530352,1.844184401783));
#1281 = VECTOR('',#1282,1.);
#1282 = DIRECTION('',(0.,0.176698122295,-0.984265093142));
#1283 = PCURVE('',#212,#1284);
#1284 = DEFINITIONAL_REPRESENTATION('',(#1285),#1289);
#1285 = LINE('',#1286,#1287);
#1286 = CARTESIAN_POINT('',(8.604286530352,-6.155815598217));
#1287 = VECTOR('',#1288,1.);
#1288 = DIRECTION('',(0.176698122295,-0.984265093142));
#1289 = ( GEOMETRIC_REPRESENTATION_CONTEXT(2) 
PARAMETRIC_REPRESENTATION_CONTEXT() REPRESENTATION_CONTEXT('2D SPACE',''
  ) );
#1290 = PCURVE('',#1291,#1296);
#1291 = PLANE('',#1292);
#1292 = AXIS2_PLACEMENT_3D('',#1293,#1294,#1295);
#1293 = CARTESIAN_POINT('',(-5.75,8.358220257066,1.80000987121));
#1294 = DIRECTION('',(0.707106781187,0.695980521846,0.124944440498));
#1295 = DIRECTION('',(4.919292927011E-17,-0.176698122295,0.984265093142)
  );
#1296 = DEFINITIONAL_REPRESENTATION('',(#1297),#1301);
#1297 = LINE('',#1298,#1299);
#1298 = CARTESIAN_POINT('',(1.110223024625E-16,-0.353553390593));
#1299 = VECTOR('',#1300,1.);
#1300 = DIRECTION('',(-1.,0.));
#1301 = ( GEOMETRIC_REPRESENTATION_CONTEXT(2) 
PARAMETRIC_REPRESENTATION_CONTEXT() REPRESENTATION_CONTEXT('2D SPACE',''
  ) );
#1302 = ORIENTED_EDGE('',*,*,#1303,.T.);
#1303 = EDGE_CURVE('',#1276,#1304,#1306,.T.);
#1304 = VERTEX_POINT('',#1305);
#1305 = CARTESIAN_POINT('',(-6.,8.776220770765,0.642426483706));
#1306 = SURFACE_CURVE('',#1307,(#1311,#1318),.PCURVE_S1.);
#1307 = LINE('',#1308,#1309);
#1308 = CARTESIAN_POINT('',(-6.,8.713499929151,1.228691087644));
#1309 = VECTOR('',#1310,1.);
#1310 = DIRECTION('',(0.,0.106376807028,-0.994325889699));
#1311 = PCURVE('',#212,#1312);
#1312 = DEFINITIONAL_REPRESENTATION('',(#1313),#1317);
#1313 = LINE('',#1314,#1315);
#1314 = CARTESIAN_POINT('',(8.713499929151,-6.771308912356));
#1315 = VECTOR('',#1316,1.);
#1316 = DIRECTION('',(0.106376807028,-0.994325889699));
#1317 = ( GEOMETRIC_REPRESENTATION_CONTEXT(2) 
PARAMETRIC_REPRESENTATION_CONTEXT() REPRESENTATION_CONTEXT('2D SPACE',''
  ) );
#1318 = PCURVE('',#1319,#1324);
#1319 = PLANE('',#1320);
#1320 = AXIS2_PLACEMENT_3D('',#1321,#1322,#1323);
#1321 = CARTESIAN_POINT('',(-5.75,8.464918456726,1.202096885887));
#1322 = DIRECTION('',(0.707106781187,0.703094579316,7.521976161033E-02)
  );
#1323 = DIRECTION('',(-2.232396255062E-17,-0.106376807028,0.994325889699
    ));
#1324 = DEFINITIONAL_REPRESENTATION('',(#1325),#1329);
#1325 = LINE('',#1326,#1327);
#1326 = CARTESIAN_POINT('',(-5.551115123126E-17,-0.353553390593));
#1327 = VECTOR('',#1328,1.);
#1328 = DIRECTION('',(-1.,0.));
#1329 = ( GEOMETRIC_REPRESENTATION_CONTEXT(2) 
PARAMETRIC_REPRESENTATION_CONTEXT() REPRESENTATION_CONTEXT('2D SPACE',''
  ) );
#1330 = ORIENTED_EDGE('',*,*,#1331,.T.);
#1331 = EDGE_CURVE('',#1304,#1332,#1334,.T.);
#1332 = VERTEX_POINT('',#1333);
#1333 = CARTESIAN_POINT('',(-6.,8.799684506276,1.775934086673E-02));
#1334 = SURFACE_CURVE('',#1335,(#1339,#1346),.PCURVE_S1.);
#1335 = LINE('',#1336,#1337);
#1336 = CARTESIAN_POINT('',(-6.,8.778742332191,0.606997421059));
#1337 = VECTOR('',#1338,1.);
#1338 = DIRECTION('',(0.,3.551868173345E-02,-0.999369012551));
#1339 = PCURVE('',#212,#1340);
#1340 = DEFINITIONAL_REPRESENTATION('',(#1341),#1345);
#1341 = LINE('',#1342,#1343);
#1342 = CARTESIAN_POINT('',(8.778742332191,-7.393002578941));
#1343 = VECTOR('',#1344,1.);
#1344 = DIRECTION('',(3.551868173345E-02,-0.999369012551));
#1345 = ( GEOMETRIC_REPRESENTATION_CONTEXT(2) 
PARAMETRIC_REPRESENTATION_CONTEXT() REPRESENTATION_CONTEXT('2D SPACE',''
  ) );
#1346 = PCURVE('',#1347,#1352);
#1347 = PLANE('',#1348);
#1348 = AXIS2_PLACEMENT_3D('',#1349,#1350,#1351);
#1349 = CARTESIAN_POINT('',(-5.75,8.528900079053,0.598117750625));
#1350 = DIRECTION('',(0.707106781187,0.706660605683,2.511550071253E-02)
  );
#1351 = DIRECTION('',(-4.309373138789E-18,-3.551868173345E-02,
    0.999369012551));
#1352 = DEFINITIONAL_REPRESENTATION('',(#1353),#1357);
#1353 = LINE('',#1354,#1355);
#1354 = CARTESIAN_POINT('',(5.551115123126E-17,-0.353553390593));
#1355 = VECTOR('',#1356,1.);
#1356 = DIRECTION('',(-1.,0.));
#1357 = ( GEOMETRIC_REPRESENTATION_CONTEXT(2) 
PARAMETRIC_REPRESENTATION_CONTEXT() REPRESENTATION_CONTEXT('2D SPACE',''
  ) );
#1358 = ORIENTED_EDGE('',*,*,#1359,.T.);
#1359 = EDGE_CURVE('',#1332,#1360,#1362,.T.);
#1360 = VERTEX_POINT('',#1361);
#1361 = CARTESIAN_POINT('',(-6.,8.778742332191,-0.606997421059));
#1362 = SURFACE_CURVE('',#1363,(#1367,#1374),.PCURVE_S1.);
#1363 = LINE('',#1364,#1365);
#1364 = CARTESIAN_POINT('',(-6.,8.799684506276,-1.775934086673E-02));
#1365 = VECTOR('',#1366,1.);
#1366 = DIRECTION('',(0.,-3.551868173345E-02,-0.999369012551));
#1367 = PCURVE('',#212,#1368);
#1368 = DEFINITIONAL_REPRESENTATION('',(#1369),#1373);
#1369 = LINE('',#1370,#1371);
#1370 = CARTESIAN_POINT('',(8.799684506276,-8.017759340867));
#1371 = VECTOR('',#1372,1.);
#1372 = DIRECTION('',(-3.551868173345E-02,-0.999369012551));
#1373 = ( GEOMETRIC_REPRESENTATION_CONTEXT(2) 
PARAMETRIC_REPRESENTATION_CONTEXT() REPRESENTATION_CONTEXT('2D SPACE',''
  ) );
#1374 = PCURVE('',#1375,#1380);
#1375 = PLANE('',#1376);
#1376 = AXIS2_PLACEMENT_3D('',#1377,#1378,#1379);
#1377 = CARTESIAN_POINT('',(-5.75,8.549842253138,-8.879670433365E-03));
#1378 = DIRECTION('',(0.707106781187,0.706660605683,-2.511550071253E-02)
  );
#1379 = DIRECTION('',(-2.511128467463E-17,3.551868173345E-02,
    0.999369012551));
#1380 = DEFINITIONAL_REPRESENTATION('',(#1381),#1385);
#1381 = LINE('',#1382,#1383);
#1382 = CARTESIAN_POINT('',(5.551115123126E-17,-0.353553390593));
#1383 = VECTOR('',#1384,1.);
#1384 = DIRECTION('',(-1.,0.));
#1385 = ( GEOMETRIC_REPRESENTATION_CONTEXT(2) 
PARAMETRIC_REPRESENTATION_CONTEXT() REPRESENTATION_CONTEXT('2D SPACE',''
  ) );
#1386 = ORIENTED_EDGE('',*,*,#1387,.T.);
#1387 = EDGE_CURVE('',#1360,#1388,#1390,.T.);
#1388 = VERTEX_POINT('',#1389);
#1389 = CARTESIAN_POINT('',(-6.,8.713499929151,-1.228691087644));
#1390 = SURFACE_CURVE('',#1391,(#1395,#1402),.PCURVE_S1.);
#1391 = LINE('',#1392,#1393);
#1392 = CARTESIAN_POINT('',(-6.,8.776220770765,-0.642426483706));
#1393 = VECTOR('',#1394,1.);
#1394 = DIRECTION('',(0.,-0.106376807028,-0.994325889699));
#1395 = PCURVE('',#212,#1396);
#1396 = DEFINITIONAL_REPRESENTATION('',(#1397),#1401);
#1397 = LINE('',#1398,#1399);
#1398 = CARTESIAN_POINT('',(8.776220770765,-8.642426483706));
#1399 = VECTOR('',#1400,1.);
#1400 = DIRECTION('',(-0.106376807028,-0.994325889699));
#1401 = ( GEOMETRIC_REPRESENTATION_CONTEXT(2) 
PARAMETRIC_REPRESENTATION_CONTEXT() REPRESENTATION_CONTEXT('2D SPACE',''
  ) );
#1402 = PCURVE('',#1403,#1408);
#1403 = PLANE('',#1404);
#1404 = AXIS2_PLACEMENT_3D('',#1405,#1406,#1407);
#1405 = CARTESIAN_POINT('',(-5.75,8.52763929834,-0.615832281949));
#1406 = DIRECTION('',(0.707106781187,0.703094579316,-7.521976161033E-02)
  );
#1407 = DIRECTION('',(1.743558362911E-17,0.106376807028,0.994325889699)
  );
#1408 = DEFINITIONAL_REPRESENTATION('',(#1409),#1413);
#1409 = LINE('',#1410,#1411);
#1410 = CARTESIAN_POINT('',(-5.551115123126E-17,-0.353553390593));
#1411 = VECTOR('',#1412,1.);
#1412 = DIRECTION('',(-1.,0.));
#1413 = ( GEOMETRIC_REPRESENTATION_CONTEXT(2) 
PARAMETRIC_REPRESENTATION_CONTEXT() REPRESENTATION_CONTEXT('2D SPACE',''
  ) );
#1414 = ORIENTED_EDGE('',*,*,#1415,.T.);
#1415 = EDGE_CURVE('',#1388,#1416,#1418,.T.);
#1416 = VERTEX_POINT('',#1417);
#1417 = CARTESIAN_POINT('',(-6.,8.604286530352,-1.844184401783));
#1418 = SURFACE_CURVE('',#1419,(#1423,#1430),.PCURVE_S1.);
#1419 = LINE('',#1420,#1421);
#1420 = CARTESIAN_POINT('',(-6.,8.708469530872,-1.263851745278));
#1421 = VECTOR('',#1422,1.);
#1422 = DIRECTION('',(0.,-0.176698122295,-0.984265093142));
#1423 = PCURVE('',#212,#1424);
#1424 = DEFINITIONAL_REPRESENTATION('',(#1425),#1429);
#1425 = LINE('',#1426,#1427);
#1426 = CARTESIAN_POINT('',(8.708469530872,-9.263851745278));
#1427 = VECTOR('',#1428,1.);
#1428 = DIRECTION('',(-0.176698122295,-0.984265093142));
#1429 = ( GEOMETRIC_REPRESENTATION_CONTEXT(2) 
PARAMETRIC_REPRESENTATION_CONTEXT() REPRESENTATION_CONTEXT('2D SPACE',''
  ) );
#1430 = PCURVE('',#1431,#1436);
#1431 = PLANE('',#1432);
#1432 = AXIS2_PLACEMENT_3D('',#1433,#1434,#1435);
#1433 = CARTESIAN_POINT('',(-5.75,8.462403257587,-1.219677214704));
#1434 = DIRECTION('',(0.707106781187,0.695980521846,-0.124944440498));
#1435 = DIRECTION('',(2.374017115176E-17,0.176698122295,0.984265093142)
  );
#1436 = DEFINITIONAL_REPRESENTATION('',(#1437),#1441);
#1437 = LINE('',#1438,#1439);
#1438 = CARTESIAN_POINT('',(1.110223024625E-16,-0.353553390593));
#1439 = VECTOR('',#1440,1.);
#1440 = DIRECTION('',(-1.,0.));
#1441 = ( GEOMETRIC_REPRESENTATION_CONTEXT(2) 
PARAMETRIC_REPRESENTATION_CONTEXT() REPRESENTATION_CONTEXT('2D SPACE',''
  ) );
#1442 = ORIENTED_EDGE('',*,*,#1443,.T.);
#1443 = EDGE_CURVE('',#1416,#1444,#1446,.T.);
#1444 = VERTEX_POINT('',#1445);
#1445 = CARTESIAN_POINT('',(-6.,8.451653260133,-2.450371395251));
#1446 = SURFACE_CURVE('',#1447,(#1451,#1458),.PCURVE_S1.);
#1447 = LINE('',#1448,#1449);
#1448 = CARTESIAN_POINT('',(-6.,8.596772680154,-1.878899222931));
#1449 = VECTOR('',#1450,1.);
#1450 = DIRECTION('',(0.,-0.24612776459,-0.969237392746));
#1451 = PCURVE('',#212,#1452);
#1452 = DEFINITIONAL_REPRESENTATION('',(#1453),#1457);
#1453 = LINE('',#1454,#1455);
#1454 = CARTESIAN_POINT('',(8.596772680154,-9.878899222931));
#1455 = VECTOR('',#1456,1.);
#1456 = DIRECTION('',(-0.24612776459,-0.969237392746));
#1457 = ( GEOMETRIC_REPRESENTATION_CONTEXT(2) 
PARAMETRIC_REPRESENTATION_CONTEXT() REPRESENTATION_CONTEXT('2D SPACE',''
  ) );
#1458 = PCURVE('',#1459,#1464);
#1459 = PLANE('',#1460);
#1460 = AXIS2_PLACEMENT_3D('',#1461,#1462,#1463);
#1461 = CARTESIAN_POINT('',(-5.75,8.354463331968,-1.817367281783));
#1462 = DIRECTION('',(0.707106781187,0.685354332991,-0.17403861138));
#1463 = DIRECTION('',(3.563334972109E-17,0.24612776459,0.969237392746));
#1464 = DEFINITIONAL_REPRESENTATION('',(#1465),#1469);
#1465 = LINE('',#1466,#1467);
#1466 = CARTESIAN_POINT('',(-3.330669073875E-16,-0.353553390593));
#1467 = VECTOR('',#1468,1.);
#1468 = DIRECTION('',(-1.,0.));
#1469 = ( GEOMETRIC_REPRESENTATION_CONTEXT(2) 
PARAMETRIC_REPRESENTATION_CONTEXT() REPRESENTATION_CONTEXT('2D SPACE',''
  ) );
#1470 = ORIENTED_EDGE('',*,*,#1471,.T.);
#1471 = EDGE_CURVE('',#1444,#1472,#1474,.T.);
#1472 = VERTEX_POINT('',#1473);
#1473 = CARTESIAN_POINT('',(-6.,8.256370352835,-3.044193062374));
#1474 = SURFACE_CURVE('',#1475,(#1479,#1486),.PCURVE_S1.);
#1475 = LINE('',#1476,#1477);
#1476 = CARTESIAN_POINT('',(-6.,8.441693875211,-2.484465198267));
#1477 = VECTOR('',#1478,1.);
#1478 = DIRECTION('',(0.,-0.314315370621,-0.949318622903));
#1479 = PCURVE('',#212,#1480);
#1480 = DEFINITIONAL_REPRESENTATION('',(#1481),#1485);
#1481 = LINE('',#1482,#1483);
#1482 = CARTESIAN_POINT('',(8.441693875211,-10.48446519826));
#1483 = VECTOR('',#1484,1.);
#1484 = DIRECTION('',(-0.314315370621,-0.949318622903));
#1485 = ( GEOMETRIC_REPRESENTATION_CONTEXT(2) 
PARAMETRIC_REPRESENTATION_CONTEXT() REPRESENTATION_CONTEXT('2D SPACE',''
  ) );
#1486 = PCURVE('',#1487,#1492);
#1487 = PLANE('',#1488);
#1488 = AXIS2_PLACEMENT_3D('',#1489,#1490,#1491);
#1489 = CARTESIAN_POINT('',(-5.75,8.204364219485,-2.405886355611));
#1490 = DIRECTION('',(0.707106781187,0.671269635762,-0.222254529997));
#1491 = DIRECTION('',(-3.589388536891E-17,0.314315370621,0.949318622903)
  );
#1492 = DEFINITIONAL_REPRESENTATION('',(#1493),#1497);
#1493 = LINE('',#1494,#1495);
#1494 = CARTESIAN_POINT('',(-1.665334536938E-16,-0.353553390593));
#1495 = VECTOR('',#1496,1.);
#1496 = DIRECTION('',(-1.,0.));
#1497 = ( GEOMETRIC_REPRESENTATION_CONTEXT(2) 
PARAMETRIC_REPRESENTATION_CONTEXT() REPRESENTATION_CONTEXT('2D SPACE',''
  ) );
#1498 = ORIENTED_EDGE('',*,*,#1499,.T.);
#1499 = EDGE_CURVE('',#1472,#1500,#1502,.T.);
#1500 = VERTEX_POINT('',#1501);
#1501 = CARTESIAN_POINT('',(-6.,8.019423265962,-3.622652796711));
#1502 = SURFACE_CURVE('',#1503,(#1507,#1514),.PCURVE_S1.);
#1503 = LINE('',#1504,#1505);
#1504 = CARTESIAN_POINT('',(-6.,8.244015691304,-3.07749379946));
#1505 = VECTOR('',#1506,1.);
#1506 = DIRECTION('',(0.,-0.380916844795,-0.924609299841));
#1507 = PCURVE('',#212,#1508);
#1508 = DEFINITIONAL_REPRESENTATION('',(#1509),#1513);
#1509 = LINE('',#1510,#1511);
#1510 = CARTESIAN_POINT('',(8.244015691304,-11.07749379946));
#1511 = VECTOR('',#1512,1.);
#1512 = DIRECTION('',(-0.380916844795,-0.924609299841));
#1513 = ( GEOMETRIC_REPRESENTATION_CONTEXT(2) 
PARAMETRIC_REPRESENTATION_CONTEXT() REPRESENTATION_CONTEXT('2D SPACE',''
  ) );
#1514 = PCURVE('',#1515,#1520);
#1515 = PLANE('',#1516);
#1516 = AXIS2_PLACEMENT_3D('',#1517,#1518,#1519);
#1517 = CARTESIAN_POINT('',(-5.75,8.012863366343,-2.982264588262));
#1518 = DIRECTION('',(0.707106781187,0.653797505865,-0.269348884023));
#1519 = DIRECTION('',(5.000688384379E-17,0.380916844795,0.924609299841)
  );
#1520 = DEFINITIONAL_REPRESENTATION('',(#1521),#1525);
#1521 = LINE('',#1522,#1523);
#1522 = CARTESIAN_POINT('',(5.551115123126E-17,-0.353553390593));
#1523 = VECTOR('',#1524,1.);
#1524 = DIRECTION('',(-1.,0.));
#1525 = ( GEOMETRIC_REPRESENTATION_CONTEXT(2) 
PARAMETRIC_REPRESENTATION_CONTEXT() REPRESENTATION_CONTEXT('2D SPACE',''
  ) );
#1526 = ORIENTED_EDGE('',*,*,#1527,.T.);
#1527 = EDGE_CURVE('',#1500,#1528,#1530,.T.);
#1528 = VERTEX_POINT('',#1529);
#1529 = CARTESIAN_POINT('',(-6.,7.74200770726,-4.182831512852));
#1530 = SURFACE_CURVE('',#1531,(#1535,#1542),.PCURVE_S1.);
#1531 = LINE('',#1532,#1533);
#1532 = CARTESIAN_POINT('',(-6.,8.004735673236,-3.654992422126));
#1533 = VECTOR('',#1534,1.);
#1534 = DIRECTION('',(0.,-0.445596095625,-0.895234114388));
#1535 = PCURVE('',#212,#1536);
#1536 = DEFINITIONAL_REPRESENTATION('',(#1537),#1541);
#1537 = LINE('',#1538,#1539);
#1538 = CARTESIAN_POINT('',(8.004735673236,-11.65499242212));
#1539 = VECTOR('',#1540,1.);
#1540 = DIRECTION('',(-0.445596095625,-0.895234114388));
#1541 = ( GEOMETRIC_REPRESENTATION_CONTEXT(2) 
PARAMETRIC_REPRESENTATION_CONTEXT() REPRESENTATION_CONTEXT('2D SPACE',''
  ) );
#1542 = PCURVE('',#1543,#1548);
#1543 = PLANE('',#1544);
#1544 = AXIS2_PLACEMENT_3D('',#1545,#1546,#1547);
#1545 = CARTESIAN_POINT('',(-5.75,7.780927144639,-3.54359339822));
#1546 = DIRECTION('',(0.707106781187,0.633026113033,-0.315084020887));
#1547 = DIRECTION('',(-4.175966585452E-17,0.445596095625,0.895234114388)
  );
#1548 = DEFINITIONAL_REPRESENTATION('',(#1549),#1553);
#1549 = LINE('',#1550,#1551);
#1550 = CARTESIAN_POINT('',(1.110223024625E-16,-0.353553390593));
#1551 = VECTOR('',#1552,1.);
#1552 = DIRECTION('',(-1.,0.));
#1553 = ( GEOMETRIC_REPRESENTATION_CONTEXT(2) 
PARAMETRIC_REPRESENTATION_CONTEXT() REPRESENTATION_CONTEXT('2D SPACE',''
  ) );
#1554 = ORIENTED_EDGE('',*,*,#1555,.T.);
#1555 = EDGE_CURVE('',#1528,#1556,#1558,.T.);
#1556 = VERTEX_POINT('',#1557);
#1557 = CARTESIAN_POINT('',(-6.,7.425523600806,-4.721902377014));
#1558 = SURFACE_CURVE('',#1559,(#1563,#1570),.PCURVE_S1.);
#1559 = LINE('',#1560,#1561);
#1560 = CARTESIAN_POINT('',(-6.,7.725061301441,-4.214046830916));
#1561 = VECTOR('',#1562,1.);
#1562 = DIRECTION('',(0.,-0.508026731755,-0.86134130275));
#1563 = PCURVE('',#212,#1564);
#1564 = DEFINITIONAL_REPRESENTATION('',(#1565),#1569);
#1565 = LINE('',#1566,#1567);
#1566 = CARTESIAN_POINT('',(7.725061301441,-12.21404683091));
#1567 = VECTOR('',#1568,1.);
#1568 = DIRECTION('',(-0.508026731755,-0.86134130275));
#1569 = ( GEOMETRIC_REPRESENTATION_CONTEXT(2) 
PARAMETRIC_REPRESENTATION_CONTEXT() REPRESENTATION_CONTEXT('2D SPACE',''
  ) );
#1570 = PCURVE('',#1571,#1576);
#1571 = PLANE('',#1572);
#1572 = AXIS2_PLACEMENT_3D('',#1573,#1574,#1575);
#1573 = CARTESIAN_POINT('',(-5.75,7.509725975753,-4.087040147978));
#1574 = DIRECTION('',(0.707106781187,0.60906027609,-0.359229147048));
#1575 = DIRECTION('',(3.266275960691E-17,0.508026731755,0.86134130275));
#1576 = DEFINITIONAL_REPRESENTATION('',(#1577),#1581);
#1577 = LINE('',#1578,#1579);
#1578 = CARTESIAN_POINT('',(3.330669073875E-16,-0.353553390593));
#1579 = VECTOR('',#1580,1.);
#1580 = DIRECTION('',(-1.,0.));
#1581 = ( GEOMETRIC_REPRESENTATION_CONTEXT(2) 
PARAMETRIC_REPRESENTATION_CONTEXT() REPRESENTATION_CONTEXT('2D SPACE',''
  ) );
#1582 = ORIENTED_EDGE('',*,*,#1583,.T.);
#1583 = EDGE_CURVE('',#1556,#1584,#1586,.T.);
#1584 = VERTEX_POINT('',#1585);
#1585 = CARTESIAN_POINT('',(-6.,7.071568022565,-5.237145072119));
#1586 = SURFACE_CURVE('',#1587,(#1591,#1598),.PCURVE_S1.);
#1587 = LINE('',#1588,#1589);
#1588 = CARTESIAN_POINT('',(-6.,7.40640389866,-4.751835865651));
#1589 = VECTOR('',#1590,1.);
#1590 = DIRECTION('',(0.,-0.567893709028,-0.823101898459));
#1591 = PCURVE('',#212,#1592);
#1592 = DEFINITIONAL_REPRESENTATION('',(#1593),#1597);
#1593 = LINE('',#1594,#1595);
#1594 = CARTESIAN_POINT('',(7.40640389866,-12.75183586565));
#1595 = VECTOR('',#1596,1.);
#1596 = DIRECTION('',(-0.567893709028,-0.823101898459));
#1597 = ( GEOMETRIC_REPRESENTATION_CONTEXT(2) 
PARAMETRIC_REPRESENTATION_CONTEXT() REPRESENTATION_CONTEXT('2D SPACE',''
  ) );
#1598 = PCURVE('',#1599,#1604);
#1599 = PLANE('',#1600);
#1600 = AXIS2_PLACEMENT_3D('',#1601,#1602,#1603);
#1601 = CARTESIAN_POINT('',(-5.75,7.200628424046,-4.609862438394));
#1602 = DIRECTION('',(0.707106781187,0.582020934008,-0.401561492647));
#1603 = DIRECTION('',(7.295729605438E-18,0.567893709028,0.823101898459)
  );
#1604 = DEFINITIONAL_REPRESENTATION('',(#1605),#1609);
#1605 = LINE('',#1606,#1607);
#1606 = CARTESIAN_POINT('',(-1.110223024625E-16,-0.353553390593));
#1607 = VECTOR('',#1608,1.);
#1608 = DIRECTION('',(-1.,0.));
#1609 = ( GEOMETRIC_REPRESENTATION_CONTEXT(2) 
PARAMETRIC_REPRESENTATION_CONTEXT() REPRESENTATION_CONTEXT('2D SPACE',''
  ) );
#1610 = ORIENTED_EDGE('',*,*,#1611,.T.);
#1611 = EDGE_CURVE('',#1584,#1612,#1614,.T.);
#1612 = VERTEX_POINT('',#1613);
#1613 = CARTESIAN_POINT('',(-6.,6.681927141051,-5.725959525343));
#1614 = SURFACE_CURVE('',#1615,(#1619,#1626),.PCURVE_S1.);
#1615 = LINE('',#1616,#1617);
#1616 = CARTESIAN_POINT('',(-6.,7.05037150798,-5.265645677754));
#1617 = VECTOR('',#1618,1.);
#1618 = DIRECTION('',(0.,-0.624894920297,-0.780708869289));
#1619 = PCURVE('',#212,#1620);
#1620 = DEFINITIONAL_REPRESENTATION('',(#1621),#1625);
#1621 = LINE('',#1622,#1623);
#1622 = CARTESIAN_POINT('',(7.05037150798,-13.26564567775));
#1623 = VECTOR('',#1624,1.);
#1624 = DIRECTION('',(-0.624894920297,-0.780708869289));
#1625 = ( GEOMETRIC_REPRESENTATION_CONTEXT(2) 
PARAMETRIC_REPRESENTATION_CONTEXT() REPRESENTATION_CONTEXT('2D SPACE',''
  ) );
#1626 = PCURVE('',#1627,#1632);
#1627 = PLANE('',#1628);
#1628 = AXIS2_PLACEMENT_3D('',#1629,#1630,#1631);
#1629 = CARTESIAN_POINT('',(-5.75,6.855194290657,-5.109421947679));
#1630 = DIRECTION('',(0.707106781187,0.552044535607,-0.441867435671));
#1631 = DIRECTION('',(1.627612368518E-19,0.624894920297,0.780708869289)
  );
#1632 = DEFINITIONAL_REPRESENTATION('',(#1633),#1637);
#1633 = LINE('',#1634,#1635);
#1634 = CARTESIAN_POINT('',(-3.885780586188E-16,-0.353553390593));
#1635 = VECTOR('',#1636,1.);
#1636 = DIRECTION('',(-1.,0.));
#1637 = ( GEOMETRIC_REPRESENTATION_CONTEXT(2) 
PARAMETRIC_REPRESENTATION_CONTEXT() REPRESENTATION_CONTEXT('2D SPACE',''
  ) );
#1638 = ORIENTED_EDGE('',*,*,#1639,.T.);
#1639 = EDGE_CURVE('',#1612,#1640,#1642,.T.);
#1640 = VERTEX_POINT('',#1641);
#1641 = CARTESIAN_POINT('',(-6.,6.258567203776,-6.185879028884));
#1642 = SURFACE_CURVE('',#1643,(#1647,#1654),.PCURVE_S1.);
#1643 = LINE('',#1644,#1645);
#1644 = CARTESIAN_POINT('',(-6.,6.658760778147,-5.752883425169));
#1645 = VECTOR('',#1646,1.);
#1646 = DIRECTION('',(0.,-0.678742719951,-0.734376143481));
#1647 = PCURVE('',#212,#1648);
#1648 = DEFINITIONAL_REPRESENTATION('',(#1649),#1653);
#1649 = LINE('',#1650,#1651);
#1650 = CARTESIAN_POINT('',(6.658760778147,-13.75288342516));
#1651 = VECTOR('',#1652,1.);
#1652 = DIRECTION('',(-0.678742719951,-0.734376143481));
#1653 = ( GEOMETRIC_REPRESENTATION_CONTEXT(2) 
PARAMETRIC_REPRESENTATION_CONTEXT() REPRESENTATION_CONTEXT('2D SPACE',''
  ) );
#1654 = PCURVE('',#1655,#1660);
#1655 = PLANE('',#1656);
#1656 = AXIS2_PLACEMENT_3D('',#1657,#1658,#1659);
#1657 = CARTESIAN_POINT('',(-5.75,6.475166742277,-5.583197745182));
#1658 = DIRECTION('',(0.707106781187,0.519282350997,-0.479943579958));
#1659 = DIRECTION('',(-3.317135642526E-17,0.678742719951,0.734376143481)
  );
#1660 = DEFINITIONAL_REPRESENTATION('',(#1661),#1665);
#1661 = LINE('',#1662,#1663);
#1662 = CARTESIAN_POINT('',(-6.661338147751E-16,-0.353553390593));
#1663 = VECTOR('',#1664,1.);
#1664 = DIRECTION('',(-1.,0.));
#1665 = ( GEOMETRIC_REPRESENTATION_CONTEXT(2) 
PARAMETRIC_REPRESENTATION_CONTEXT() REPRESENTATION_CONTEXT('2D SPACE',''
  ) );
#1666 = ORIENTED_EDGE('',*,*,#1667,.T.);
#1667 = EDGE_CURVE('',#1640,#1668,#1670,.T.);
#1668 = VERTEX_POINT('',#1669);
#1669 = CARTESIAN_POINT('',(-6.,6.168207302689,-6.272413922633));
#1670 = SURFACE_CURVE('',#1671,(#1675,#1682),.PCURVE_S1.);
#1671 = LINE('',#1672,#1673);
#1672 = CARTESIAN_POINT('',(-6.,6.233547897133,-6.211090356639));
#1673 = VECTOR('',#1674,1.);
#1674 = DIRECTION('',(0.,-0.729165375459,-0.684337530193));
#1675 = PCURVE('',#212,#1676);
#1676 = DEFINITIONAL_REPRESENTATION('',(#1677),#1681);
#1677 = LINE('',#1678,#1679);
#1678 = CARTESIAN_POINT('',(6.233547897133,-14.21109035663));
#1679 = VECTOR('',#1680,1.);
#1680 = DIRECTION('',(-0.729165375459,-0.684337530193));
#1681 = ( GEOMETRIC_REPRESENTATION_CONTEXT(2) 
PARAMETRIC_REPRESENTATION_CONTEXT() REPRESENTATION_CONTEXT('2D SPACE',''
  ) );
#1682 = PCURVE('',#1683,#1688);
#1683 = PLANE('',#1684);
#1684 = AXIS2_PLACEMENT_3D('',#1685,#1686,#1687);
#1685 = CARTESIAN_POINT('',(-5.75,6.062463514584,-6.028799012774));
#1686 = DIRECTION('',(0.707106781187,0.48389970822,-0.515597781594));
#1687 = DIRECTION('',(1.013370018322E-16,0.729165375459,0.684337530193)
  );
#1688 = DEFINITIONAL_REPRESENTATION('',(#1689),#1693);
#1689 = LINE('',#1690,#1691);
#1690 = CARTESIAN_POINT('',(5.551115123126E-17,-0.353553390593));
#1691 = VECTOR('',#1692,1.);
#1692 = DIRECTION('',(-1.,0.));
#1693 = ( GEOMETRIC_REPRESENTATION_CONTEXT(2) 
PARAMETRIC_REPRESENTATION_CONTEXT() REPRESENTATION_CONTEXT('2D SPACE',''
  ) );
#1694 = ORIENTED_EDGE('',*,*,#1695,.T.);
#1695 = EDGE_CURVE('',#1668,#1696,#1698,.T.);
#1696 = VERTEX_POINT('',#1697);
#1697 = CARTESIAN_POINT('',(-6.,4.961455849863,-6.75));
#1698 = SURFACE_CURVE('',#1699,(#1703,#1710),.PCURVE_S1.);
#1699 = LINE('',#1700,#1701);
#1700 = CARTESIAN_POINT('',(-6.,5.943531802,-6.361331893938));
#1701 = VECTOR('',#1702,1.);
#1702 = DIRECTION('',(0.,-0.929829386355,-0.367990913299));
#1703 = PCURVE('',#212,#1704);
#1704 = DEFINITIONAL_REPRESENTATION('',(#1705),#1709);
#1705 = LINE('',#1706,#1707);
#1706 = CARTESIAN_POINT('',(5.943531802,-14.36133189393));
#1707 = VECTOR('',#1708,1.);
#1708 = DIRECTION('',(-0.929829386355,-0.367990913299));
#1709 = ( GEOMETRIC_REPRESENTATION_CONTEXT(2) 
PARAMETRIC_REPRESENTATION_CONTEXT() REPRESENTATION_CONTEXT('2D SPACE',''
  ) );
#1710 = PCURVE('',#1711,#1716);
#1711 = PLANE('',#1712);
#1712 = AXIS2_PLACEMENT_3D('',#1713,#1714,#1715);
#1713 = CARTESIAN_POINT('',(-6.,6.168207302689,-6.272413922633));
#1714 = DIRECTION('',(-0.680945640372,-0.269492244259,0.680945640372));
#1715 = DIRECTION('',(3.916761142593E-17,-0.929829386355,-0.367990913299
    ));
#1716 = DEFINITIONAL_REPRESENTATION('',(#1717),#1721);
#1717 = LINE('',#1718,#1719);
#1718 = CARTESIAN_POINT('',(0.241630888404,-1.453939608249E-15));
#1719 = VECTOR('',#1720,1.);
#1720 = DIRECTION('',(1.,-6.001254408815E-17));
#1721 = ( GEOMETRIC_REPRESENTATION_CONTEXT(2) 
PARAMETRIC_REPRESENTATION_CONTEXT() REPRESENTATION_CONTEXT('2D SPACE',''
  ) );
#1722 = ORIENTED_EDGE('',*,*,#1723,.T.);
#1723 = EDGE_CURVE('',#1696,#1724,#1726,.T.);
#1724 = VERTEX_POINT('',#1725);
#1725 = CARTESIAN_POINT('',(-6.,-4.961455849863,-6.75));
#1726 = SURFACE_CURVE('',#1727,(#1731,#1738),.PCURVE_S1.);
#1727 = LINE('',#1728,#1729);
#1728 = CARTESIAN_POINT('',(-6.,5.461455849863,-6.75));
#1729 = VECTOR('',#1730,1.);
#1730 = DIRECTION('',(0.,-1.,0.));
#1731 = PCURVE('',#212,#1732);
#1732 = DEFINITIONAL_REPRESENTATION('',(#1733),#1737);
#1733 = LINE('',#1734,#1735);
#1734 = CARTESIAN_POINT('',(5.461455849863,-14.75));
#1735 = VECTOR('',#1736,1.);
#1736 = DIRECTION('',(-1.,0.));
#1737 = ( GEOMETRIC_REPRESENTATION_CONTEXT(2) 
PARAMETRIC_REPRESENTATION_CONTEXT() REPRESENTATION_CONTEXT('2D SPACE',''
  ) );
#1738 = PCURVE('',#1739,#1744);
#1739 = PLANE('',#1740);
#1740 = AXIS2_PLACEMENT_3D('',#1741,#1742,#1743);
#1741 = CARTESIAN_POINT('',(-5.75,5.461455849863,-6.5));
#1742 = DIRECTION('',(0.707106781187,1.889513820523E-18,-0.707106781187)
  );
#1743 = DIRECTION('',(-1.336088035637E-18,1.,1.336088035637E-18));
#1744 = DEFINITIONAL_REPRESENTATION('',(#1745),#1749);
#1745 = LINE('',#1746,#1747);
#1746 = CARTESIAN_POINT('',(-0.,-0.353553390593));
#1747 = VECTOR('',#1748,1.);
#1748 = DIRECTION('',(-1.,0.));
#1749 = ( GEOMETRIC_REPRESENTATION_CONTEXT(2) 
PARAMETRIC_REPRESENTATION_CONTEXT() REPRESENTATION_CONTEXT('2D SPACE',''
  ) );
#1750 = ORIENTED_EDGE('',*,*,#1751,.F.);
#1751 = EDGE_CURVE('',#1752,#1724,#1754,.T.);
#1752 = VERTEX_POINT('',#1753);
#1753 = CARTESIAN_POINT('',(-6.,-6.168207302689,-6.272413922633));
#1754 = SURFACE_CURVE('',#1755,(#1759,#1766),.PCURVE_S1.);
#1755 = LINE('',#1756,#1757);
#1756 = CARTESIAN_POINT('',(-6.,-5.943531802,-6.361331893938));
#1757 = VECTOR('',#1758,1.);
#1758 = DIRECTION('',(-0.,0.929829386355,-0.367990913299));
#1759 = PCURVE('',#212,#1760);
#1760 = DEFINITIONAL_REPRESENTATION('',(#1761),#1765);
#1761 = LINE('',#1762,#1763);
#1762 = CARTESIAN_POINT('',(-5.943531802,-14.36133189393));
#1763 = VECTOR('',#1764,1.);
#1764 = DIRECTION('',(0.929829386355,-0.367990913299));
#1765 = ( GEOMETRIC_REPRESENTATION_CONTEXT(2) 
PARAMETRIC_REPRESENTATION_CONTEXT() REPRESENTATION_CONTEXT('2D SPACE',''
  ) );
#1766 = PCURVE('',#1767,#1772);
#1767 = PLANE('',#1768);
#1768 = AXIS2_PLACEMENT_3D('',#1769,#1770,#1771);
#1769 = CARTESIAN_POINT('',(-6.,-6.168207302689,-6.272413922633));
#1770 = DIRECTION('',(0.680945640372,-0.269492244259,-0.680945640372));
#1771 = DIRECTION('',(9.526119882646E-16,0.929829386355,-0.367990913299)
  );
#1772 = DEFINITIONAL_REPRESENTATION('',(#1773),#1777);
#1773 = LINE('',#1774,#1775);
#1774 = CARTESIAN_POINT('',(0.241630888404,-1.311483910193E-15));
#1775 = VECTOR('',#1776,1.);
#1776 = DIRECTION('',(1.,-1.330786513367E-15));
#1777 = ( GEOMETRIC_REPRESENTATION_CONTEXT(2) 
PARAMETRIC_REPRESENTATION_CONTEXT() REPRESENTATION_CONTEXT('2D SPACE',''
  ) );
#1778 = ORIENTED_EDGE('',*,*,#1779,.T.);
#1779 = EDGE_CURVE('',#1752,#1780,#1782,.T.);
#1780 = VERTEX_POINT('',#1781);
#1781 = CARTESIAN_POINT('',(-6.,-6.233547897133,-6.211090356639));
#1782 = SURFACE_CURVE('',#1783,(#1787,#1794),.PCURVE_S1.);
#1783 = LINE('',#1784,#1785);
#1784 = CARTESIAN_POINT('',(-6.,-5.803624614959,-6.61458268773));
#1785 = VECTOR('',#1786,1.);
#1786 = DIRECTION('',(0.,-0.729165375459,0.684337530193));
#1787 = PCURVE('',#212,#1788);
#1788 = DEFINITIONAL_REPRESENTATION('',(#1789),#1793);
#1789 = LINE('',#1790,#1791);
#1790 = CARTESIAN_POINT('',(-5.803624614959,-14.61458268773));
#1791 = VECTOR('',#1792,1.);
#1792 = DIRECTION('',(-0.729165375459,0.684337530193));
#1793 = ( GEOMETRIC_REPRESENTATION_CONTEXT(2) 
PARAMETRIC_REPRESENTATION_CONTEXT() REPRESENTATION_CONTEXT('2D SPACE',''
  ) );
#1794 = PCURVE('',#1795,#1800);
#1795 = PLANE('',#1796);
#1796 = AXIS2_PLACEMENT_3D('',#1797,#1798,#1799);
#1797 = CARTESIAN_POINT('',(-5.75,-5.632540232411,-6.432291343865));
#1798 = DIRECTION('',(0.707106781187,-0.48389970822,-0.515597781594));
#1799 = DIRECTION('',(-4.230665751136E-17,0.729165375459,-0.684337530193
    ));
#1800 = DEFINITIONAL_REPRESENTATION('',(#1801),#1805);
#1801 = LINE('',#1802,#1803);
#1802 = CARTESIAN_POINT('',(-8.326672684689E-16,-0.353553390593));
#1803 = VECTOR('',#1804,1.);
#1804 = DIRECTION('',(-1.,0.));
#1805 = ( GEOMETRIC_REPRESENTATION_CONTEXT(2) 
PARAMETRIC_REPRESENTATION_CONTEXT() REPRESENTATION_CONTEXT('2D SPACE',''
  ) );
#1806 = ORIENTED_EDGE('',*,*,#1807,.T.);
#1807 = EDGE_CURVE('',#1780,#1808,#1810,.T.);
#1808 = VERTEX_POINT('',#1809);
#1809 = CARTESIAN_POINT('',(-6.,-6.658760778147,-5.752883425169));
#1810 = SURFACE_CURVE('',#1811,(#1815,#1822),.PCURVE_S1.);
#1811 = LINE('',#1812,#1813);
#1812 = CARTESIAN_POINT('',(-6.,-6.258567203776,-6.185879028884));
#1813 = VECTOR('',#1814,1.);
#1814 = DIRECTION('',(0.,-0.678742719951,0.734376143481));
#1815 = PCURVE('',#212,#1816);
#1816 = DEFINITIONAL_REPRESENTATION('',(#1817),#1821);
#1817 = LINE('',#1818,#1819);
#1818 = CARTESIAN_POINT('',(-6.258567203776,-14.18587902888));
#1819 = VECTOR('',#1820,1.);
#1820 = DIRECTION('',(-0.678742719951,0.734376143481));
#1821 = ( GEOMETRIC_REPRESENTATION_CONTEXT(2) 
PARAMETRIC_REPRESENTATION_CONTEXT() REPRESENTATION_CONTEXT('2D SPACE',''
  ) );
#1822 = PCURVE('',#1823,#1828);
#1823 = PLANE('',#1824);
#1824 = AXIS2_PLACEMENT_3D('',#1825,#1826,#1827);
#1825 = CARTESIAN_POINT('',(-5.75,-6.074973167906,-6.016193348897));
#1826 = DIRECTION('',(0.707106781187,-0.519282350997,-0.479943579958));
#1827 = DIRECTION('',(1.947883260512E-17,0.678742719951,-0.734376143481)
  );
#1828 = DEFINITIONAL_REPRESENTATION('',(#1829),#1833);
#1829 = LINE('',#1830,#1831);
#1830 = CARTESIAN_POINT('',(-6.661338147751E-16,-0.353553390593));
#1831 = VECTOR('',#1832,1.);
#1832 = DIRECTION('',(-1.,0.));
#1833 = ( GEOMETRIC_REPRESENTATION_CONTEXT(2) 
PARAMETRIC_REPRESENTATION_CONTEXT() REPRESENTATION_CONTEXT('2D SPACE',''
  ) );
#1834 = ORIENTED_EDGE('',*,*,#1835,.T.);
#1835 = EDGE_CURVE('',#1808,#1836,#1838,.T.);
#1836 = VERTEX_POINT('',#1837);
#1837 = CARTESIAN_POINT('',(-6.,-7.05037150798,-5.265645677754));
#1838 = SURFACE_CURVE('',#1839,(#1843,#1850),.PCURVE_S1.);
#1839 = LINE('',#1840,#1841);
#1840 = CARTESIAN_POINT('',(-6.,-6.681927141051,-5.725959525343));
#1841 = VECTOR('',#1842,1.);
#1842 = DIRECTION('',(0.,-0.624894920297,0.780708869289));
#1843 = PCURVE('',#212,#1844);
#1844 = DEFINITIONAL_REPRESENTATION('',(#1845),#1849);
#1845 = LINE('',#1846,#1847);
#1846 = CARTESIAN_POINT('',(-6.681927141051,-13.72595952534));
#1847 = VECTOR('',#1848,1.);
#1848 = DIRECTION('',(-0.624894920297,0.780708869289));
#1849 = ( GEOMETRIC_REPRESENTATION_CONTEXT(2) 
PARAMETRIC_REPRESENTATION_CONTEXT() REPRESENTATION_CONTEXT('2D SPACE',''
  ) );
#1850 = PCURVE('',#1851,#1856);
#1851 = PLANE('',#1852);
#1852 = AXIS2_PLACEMENT_3D('',#1853,#1854,#1855);
#1853 = CARTESIAN_POINT('',(-5.75,-6.486749923729,-5.569735795268));
#1854 = DIRECTION('',(0.707106781187,-0.552044535607,-0.441867435671));
#1855 = DIRECTION('',(-1.347307641831E-17,0.624894920297,-0.780708869289
    ));
#1856 = DEFINITIONAL_REPRESENTATION('',(#1857),#1861);
#1857 = LINE('',#1858,#1859);
#1858 = CARTESIAN_POINT('',(2.775557561563E-16,-0.353553390593));
#1859 = VECTOR('',#1860,1.);
#1860 = DIRECTION('',(-1.,0.));
#1861 = ( GEOMETRIC_REPRESENTATION_CONTEXT(2) 
PARAMETRIC_REPRESENTATION_CONTEXT() REPRESENTATION_CONTEXT('2D SPACE',''
  ) );
#1862 = ORIENTED_EDGE('',*,*,#1863,.T.);
#1863 = EDGE_CURVE('',#1836,#1864,#1866,.T.);
#1864 = VERTEX_POINT('',#1865);
#1865 = CARTESIAN_POINT('',(-6.,-7.40640389866,-4.751835865651));
#1866 = SURFACE_CURVE('',#1867,(#1871,#1878),.PCURVE_S1.);
#1867 = LINE('',#1868,#1869);
#1868 = CARTESIAN_POINT('',(-6.,-7.071568022565,-5.237145072119));
#1869 = VECTOR('',#1870,1.);
#1870 = DIRECTION('',(0.,-0.567893709028,0.823101898459));
#1871 = PCURVE('',#212,#1872);
#1872 = DEFINITIONAL_REPRESENTATION('',(#1873),#1877);
#1873 = LINE('',#1874,#1875);
#1874 = CARTESIAN_POINT('',(-7.071568022565,-13.23714507211));
#1875 = VECTOR('',#1876,1.);
#1876 = DIRECTION('',(-0.567893709028,0.823101898459));
#1877 = ( GEOMETRIC_REPRESENTATION_CONTEXT(2) 
PARAMETRIC_REPRESENTATION_CONTEXT() REPRESENTATION_CONTEXT('2D SPACE',''
  ) );
#1878 = PCURVE('',#1879,#1884);
#1879 = PLANE('',#1880);
#1880 = AXIS2_PLACEMENT_3D('',#1881,#1882,#1883);
#1881 = CARTESIAN_POINT('',(-5.75,-6.86579254795,-5.095171644862));
#1882 = DIRECTION('',(0.707106781187,-0.582020934008,-0.401561492647));
#1883 = DIRECTION('',(5.415409810667E-17,0.567893709028,-0.823101898459)
  );
#1884 = DEFINITIONAL_REPRESENTATION('',(#1885),#1889);
#1885 = LINE('',#1886,#1887);
#1886 = CARTESIAN_POINT('',(4.440892098501E-16,-0.353553390593));
#1887 = VECTOR('',#1888,1.);
#1888 = DIRECTION('',(-1.,0.));
#1889 = ( GEOMETRIC_REPRESENTATION_CONTEXT(2) 
PARAMETRIC_REPRESENTATION_CONTEXT() REPRESENTATION_CONTEXT('2D SPACE',''
  ) );
#1890 = ORIENTED_EDGE('',*,*,#1891,.T.);
#1891 = EDGE_CURVE('',#1864,#1892,#1894,.T.);
#1892 = VERTEX_POINT('',#1893);
#1893 = CARTESIAN_POINT('',(-6.,-7.725061301441,-4.214046830916));
#1894 = SURFACE_CURVE('',#1895,(#1899,#1906),.PCURVE_S1.);
#1895 = LINE('',#1896,#1897);
#1896 = CARTESIAN_POINT('',(-6.,-7.425523600806,-4.721902377014));
#1897 = VECTOR('',#1898,1.);
#1898 = DIRECTION('',(0.,-0.508026731755,0.86134130275));
#1899 = PCURVE('',#212,#1900);
#1900 = DEFINITIONAL_REPRESENTATION('',(#1901),#1905);
#1901 = LINE('',#1902,#1903);
#1902 = CARTESIAN_POINT('',(-7.425523600806,-12.72190237701));
#1903 = VECTOR('',#1904,1.);
#1904 = DIRECTION('',(-0.508026731755,0.86134130275));
#1905 = ( GEOMETRIC_REPRESENTATION_CONTEXT(2) 
PARAMETRIC_REPRESENTATION_CONTEXT() REPRESENTATION_CONTEXT('2D SPACE',''
  ) );
#1906 = PCURVE('',#1907,#1912);
#1907 = PLANE('',#1908);
#1908 = AXIS2_PLACEMENT_3D('',#1909,#1910,#1911);
#1909 = CARTESIAN_POINT('',(-5.75,-7.210188275118,-4.594895694075));
#1910 = DIRECTION('',(0.707106781187,-0.60906027609,-0.359229147048));
#1911 = DIRECTION('',(1.061151184712E-16,0.508026731755,-0.86134130275)
  );
#1912 = DEFINITIONAL_REPRESENTATION('',(#1913),#1917);
#1913 = LINE('',#1914,#1915);
#1914 = CARTESIAN_POINT('',(8.881784197001E-16,-0.353553390593));
#1915 = VECTOR('',#1916,1.);
#1916 = DIRECTION('',(-1.,0.));
#1917 = ( GEOMETRIC_REPRESENTATION_CONTEXT(2) 
PARAMETRIC_REPRESENTATION_CONTEXT() REPRESENTATION_CONTEXT('2D SPACE',''
  ) );
#1918 = ORIENTED_EDGE('',*,*,#1919,.T.);
#1919 = EDGE_CURVE('',#1892,#1920,#1922,.T.);
#1920 = VERTEX_POINT('',#1921);
#1921 = CARTESIAN_POINT('',(-6.,-8.004735673236,-3.654992422126));
#1922 = SURFACE_CURVE('',#1923,(#1927,#1934),.PCURVE_S1.);
#1923 = LINE('',#1924,#1925);
#1924 = CARTESIAN_POINT('',(-6.,-7.74200770726,-4.182831512852));
#1925 = VECTOR('',#1926,1.);
#1926 = DIRECTION('',(0.,-0.445596095625,0.895234114388));
#1927 = PCURVE('',#212,#1928);
#1928 = DEFINITIONAL_REPRESENTATION('',(#1929),#1933);
#1929 = LINE('',#1930,#1931);
#1930 = CARTESIAN_POINT('',(-7.74200770726,-12.18283151285));
#1931 = VECTOR('',#1932,1.);
#1932 = DIRECTION('',(-0.445596095625,0.895234114388));
#1933 = ( GEOMETRIC_REPRESENTATION_CONTEXT(2) 
PARAMETRIC_REPRESENTATION_CONTEXT() REPRESENTATION_CONTEXT('2D SPACE',''
  ) );
#1934 = PCURVE('',#1935,#1940);
#1935 = PLANE('',#1936);
#1936 = AXIS2_PLACEMENT_3D('',#1937,#1938,#1939);
#1937 = CARTESIAN_POINT('',(-5.75,-7.518199178663,-4.071432488945));
#1938 = DIRECTION('',(0.707106781187,-0.633026113033,-0.315084020887));
#1939 = DIRECTION('',(-1.266544694665E-17,0.445596095625,-0.895234114388
    ));
#1940 = DEFINITIONAL_REPRESENTATION('',(#1941),#1945);
#1941 = LINE('',#1942,#1943);
#1942 = CARTESIAN_POINT('',(-4.440892098501E-16,-0.353553390593));
#1943 = VECTOR('',#1944,1.);
#1944 = DIRECTION('',(-1.,0.));
#1945 = ( GEOMETRIC_REPRESENTATION_CONTEXT(2) 
PARAMETRIC_REPRESENTATION_CONTEXT() REPRESENTATION_CONTEXT('2D SPACE',''
  ) );
#1946 = ORIENTED_EDGE('',*,*,#1947,.T.);
#1947 = EDGE_CURVE('',#1920,#1948,#1950,.T.);
#1948 = VERTEX_POINT('',#1949);
#1949 = CARTESIAN_POINT('',(-6.,-8.244015691304,-3.07749379946));
#1950 = SURFACE_CURVE('',#1951,(#1955,#1962),.PCURVE_S1.);
#1951 = LINE('',#1952,#1953);
#1952 = CARTESIAN_POINT('',(-6.,-8.019423265962,-3.622652796711));
#1953 = VECTOR('',#1954,1.);
#1954 = DIRECTION('',(0.,-0.380916844795,0.924609299841));
#1955 = PCURVE('',#212,#1956);
#1956 = DEFINITIONAL_REPRESENTATION('',(#1957),#1961);
#1957 = LINE('',#1958,#1959);
#1958 = CARTESIAN_POINT('',(-8.019423265962,-11.62265279671));
#1959 = VECTOR('',#1960,1.);
#1960 = DIRECTION('',(-0.380916844795,0.924609299841));
#1961 = ( GEOMETRIC_REPRESENTATION_CONTEXT(2) 
PARAMETRIC_REPRESENTATION_CONTEXT() REPRESENTATION_CONTEXT('2D SPACE',''
  ) );
#1962 = PCURVE('',#1963,#1968);
#1963 = PLANE('',#1964);
#1964 = AXIS2_PLACEMENT_3D('',#1965,#1966,#1967);
#1965 = CARTESIAN_POINT('',(-5.75,-7.788270941002,-3.527423585512));
#1966 = DIRECTION('',(0.707106781187,-0.653797505865,-0.269348884023));
#1967 = DIRECTION('',(-4.566042638515E-17,0.380916844795,-0.924609299841
    ));
#1968 = DEFINITIONAL_REPRESENTATION('',(#1969),#1973);
#1969 = LINE('',#1970,#1971);
#1970 = CARTESIAN_POINT('',(-0.,-0.353553390593));
#1971 = VECTOR('',#1972,1.);
#1972 = DIRECTION('',(-1.,0.));
#1973 = ( GEOMETRIC_REPRESENTATION_CONTEXT(2) 
PARAMETRIC_REPRESENTATION_CONTEXT() REPRESENTATION_CONTEXT('2D SPACE',''
  ) );
#1974 = ORIENTED_EDGE('',*,*,#1975,.T.);
#1975 = EDGE_CURVE('',#1948,#1976,#1978,.T.);
#1976 = VERTEX_POINT('',#1977);
#1977 = CARTESIAN_POINT('',(-6.,-8.441693875211,-2.484465198267));
#1978 = SURFACE_CURVE('',#1979,(#1983,#1990),.PCURVE_S1.);
#1979 = LINE('',#1980,#1981);
#1980 = CARTESIAN_POINT('',(-6.,-8.256370352835,-3.044193062374));
#1981 = VECTOR('',#1982,1.);
#1982 = DIRECTION('',(0.,-0.314315370621,0.949318622903));
#1983 = PCURVE('',#212,#1984);
#1984 = DEFINITIONAL_REPRESENTATION('',(#1985),#1989);
#1985 = LINE('',#1986,#1987);
#1986 = CARTESIAN_POINT('',(-8.256370352835,-11.04419306237));
#1987 = VECTOR('',#1988,1.);
#1988 = DIRECTION('',(-0.314315370621,0.949318622903));
#1989 = ( GEOMETRIC_REPRESENTATION_CONTEXT(2) 
PARAMETRIC_REPRESENTATION_CONTEXT() REPRESENTATION_CONTEXT('2D SPACE',''
  ) );
#1990 = PCURVE('',#1991,#1996);
#1991 = PLANE('',#1992);
#1992 = AXIS2_PLACEMENT_3D('',#1993,#1994,#1995);
#1993 = CARTESIAN_POINT('',(-5.75,-8.019040697109,-2.965614219718));
#1994 = DIRECTION('',(0.707106781187,-0.671269635762,-0.222254529997));
#1995 = DIRECTION('',(5.832582025369E-17,0.314315370621,-0.949318622903)
  );
#1996 = DEFINITIONAL_REPRESENTATION('',(#1997),#2001);
#1997 = LINE('',#1998,#1999);
#1998 = CARTESIAN_POINT('',(-2.775557561563E-16,-0.353553390593));
#1999 = VECTOR('',#2000,1.);
#2000 = DIRECTION('',(-1.,0.));
#2001 = ( GEOMETRIC_REPRESENTATION_CONTEXT(2) 
PARAMETRIC_REPRESENTATION_CONTEXT() REPRESENTATION_CONTEXT('2D SPACE',''
  ) );
#2002 = ORIENTED_EDGE('',*,*,#2003,.T.);
#2003 = EDGE_CURVE('',#1976,#2004,#2006,.T.);
#2004 = VERTEX_POINT('',#2005);
#2005 = CARTESIAN_POINT('',(-6.,-8.596772680154,-1.878899222931));
#2006 = SURFACE_CURVE('',#2007,(#2011,#2018),.PCURVE_S1.);
#2007 = LINE('',#2008,#2009);
#2008 = CARTESIAN_POINT('',(-6.,-8.451653260133,-2.450371395251));
#2009 = VECTOR('',#2010,1.);
#2010 = DIRECTION('',(0.,-0.24612776459,0.969237392746));
#2011 = PCURVE('',#212,#2012);
#2012 = DEFINITIONAL_REPRESENTATION('',(#2013),#2017);
#2013 = LINE('',#2014,#2015);
#2014 = CARTESIAN_POINT('',(-8.451653260133,-10.45037139525));
#2015 = VECTOR('',#2016,1.);
#2016 = DIRECTION('',(-0.24612776459,0.969237392746));
#2017 = ( GEOMETRIC_REPRESENTATION_CONTEXT(2) 
PARAMETRIC_REPRESENTATION_CONTEXT() REPRESENTATION_CONTEXT('2D SPACE',''
  ) );
#2018 = PCURVE('',#2019,#2024);
#2019 = PLANE('',#2020);
#2020 = AXIS2_PLACEMENT_3D('',#2021,#2022,#2023);
#2021 = CARTESIAN_POINT('',(-5.75,-8.209343911946,-2.388839454103));
#2022 = DIRECTION('',(0.707106781187,-0.685354332991,-0.17403861138));
#2023 = DIRECTION('',(3.406903736845E-18,0.24612776459,-0.969237392746)
  );
#2024 = DEFINITIONAL_REPRESENTATION('',(#2025),#2029);
#2025 = LINE('',#2026,#2027);
#2026 = CARTESIAN_POINT('',(-1.665334536938E-16,-0.353553390593));
#2027 = VECTOR('',#2028,1.);
#2028 = DIRECTION('',(-1.,0.));
#2029 = ( GEOMETRIC_REPRESENTATION_CONTEXT(2) 
PARAMETRIC_REPRESENTATION_CONTEXT() REPRESENTATION_CONTEXT('2D SPACE',''
  ) );
#2030 = ORIENTED_EDGE('',*,*,#2031,.T.);
#2031 = EDGE_CURVE('',#2004,#2032,#2034,.T.);
#2032 = VERTEX_POINT('',#2033);
#2033 = CARTESIAN_POINT('',(-6.,-8.708469530872,-1.263851745278));
#2034 = SURFACE_CURVE('',#2035,(#2039,#2046),.PCURVE_S1.);
#2035 = LINE('',#2036,#2037);
#2036 = CARTESIAN_POINT('',(-6.,-8.604286530352,-1.844184401783));
#2037 = VECTOR('',#2038,1.);
#2038 = DIRECTION('',(0.,-0.176698122295,0.984265093142));
#2039 = PCURVE('',#212,#2040);
#2040 = DEFINITIONAL_REPRESENTATION('',(#2041),#2045);
#2041 = LINE('',#2042,#2043);
#2042 = CARTESIAN_POINT('',(-8.604286530352,-9.844184401783));
#2043 = VECTOR('',#2044,1.);
#2044 = DIRECTION('',(-0.176698122295,0.984265093142));
#2045 = ( GEOMETRIC_REPRESENTATION_CONTEXT(2) 
PARAMETRIC_REPRESENTATION_CONTEXT() REPRESENTATION_CONTEXT('2D SPACE',''
  ) );
#2046 = PCURVE('',#2047,#2052);
#2047 = PLANE('',#2048);
#2048 = AXIS2_PLACEMENT_3D('',#2049,#2050,#2051);
#2049 = CARTESIAN_POINT('',(-5.75,-8.358220257066,-1.80000987121));
#2050 = DIRECTION('',(0.707106781187,-0.695980521846,-0.124944440498));
#2051 = DIRECTION('',(-1.108281772996E-17,0.176698122295,-0.984265093142
    ));
#2052 = DEFINITIONAL_REPRESENTATION('',(#2053),#2057);
#2053 = LINE('',#2054,#2055);
#2054 = CARTESIAN_POINT('',(3.330669073875E-16,-0.353553390593));
#2055 = VECTOR('',#2056,1.);
#2056 = DIRECTION('',(-1.,0.));
#2057 = ( GEOMETRIC_REPRESENTATION_CONTEXT(2) 
PARAMETRIC_REPRESENTATION_CONTEXT() REPRESENTATION_CONTEXT('2D SPACE',''
  ) );
#2058 = ORIENTED_EDGE('',*,*,#2059,.T.);
#2059 = EDGE_CURVE('',#2032,#2060,#2062,.T.);
#2060 = VERTEX_POINT('',#2061);
#2061 = CARTESIAN_POINT('',(-6.,-8.776220770765,-0.642426483706));
#2062 = SURFACE_CURVE('',#2063,(#2067,#2074),.PCURVE_S1.);
#2063 = LINE('',#2064,#2065);
#2064 = CARTESIAN_POINT('',(-6.,-8.713499929151,-1.228691087644));
#2065 = VECTOR('',#2066,1.);
#2066 = DIRECTION('',(0.,-0.106376807028,0.994325889699));
#2067 = PCURVE('',#212,#2068);
#2068 = DEFINITIONAL_REPRESENTATION('',(#2069),#2073);
#2069 = LINE('',#2070,#2071);
#2070 = CARTESIAN_POINT('',(-8.713499929151,-9.228691087644));
#2071 = VECTOR('',#2072,1.);
#2072 = DIRECTION('',(-0.106376807028,0.994325889699));
#2073 = ( GEOMETRIC_REPRESENTATION_CONTEXT(2) 
PARAMETRIC_REPRESENTATION_CONTEXT() REPRESENTATION_CONTEXT('2D SPACE',''
  ) );
#2074 = PCURVE('',#2075,#2080);
#2075 = PLANE('',#2076);
#2076 = AXIS2_PLACEMENT_3D('',#2077,#2078,#2079);
#2077 = CARTESIAN_POINT('',(-5.75,-8.464918456726,-1.202096885887));
#2078 = DIRECTION('',(0.707106781187,-0.703094579316,-7.521976161033E-02
    ));
#2079 = DIRECTION('',(-2.883339730353E-17,0.106376807028,-0.994325889699
    ));
#2080 = DEFINITIONAL_REPRESENTATION('',(#2081),#2085);
#2081 = LINE('',#2082,#2083);
#2082 = CARTESIAN_POINT('',(1.665334536938E-16,-0.353553390593));
#2083 = VECTOR('',#2084,1.);
#2084 = DIRECTION('',(-1.,0.));
#2085 = ( GEOMETRIC_REPRESENTATION_CONTEXT(2) 
PARAMETRIC_REPRESENTATION_CONTEXT() REPRESENTATION_CONTEXT('2D SPACE',''
  ) );
#2086 = ORIENTED_EDGE('',*,*,#2087,.T.);
#2087 = EDGE_CURVE('',#2060,#2088,#2090,.T.);
#2088 = VERTEX_POINT('',#2089);
#2089 = CARTESIAN_POINT('',(-6.,-8.799684506276,-1.775934086673E-02));
#2090 = SURFACE_CURVE('',#2091,(#2095,#2102),.PCURVE_S1.);
#2091 = LINE('',#2092,#2093);
#2092 = CARTESIAN_POINT('',(-6.,-8.778742332191,-0.606997421059));
#2093 = VECTOR('',#2094,1.);
#2094 = DIRECTION('',(0.,-3.551868173345E-02,0.999369012551));
#2095 = PCURVE('',#212,#2096);
#2096 = DEFINITIONAL_REPRESENTATION('',(#2097),#2101);
#2097 = LINE('',#2098,#2099);
#2098 = CARTESIAN_POINT('',(-8.778742332191,-8.606997421059));
#2099 = VECTOR('',#2100,1.);
#2100 = DIRECTION('',(-3.551868173345E-02,0.999369012551));
#2101 = ( GEOMETRIC_REPRESENTATION_CONTEXT(2) 
PARAMETRIC_REPRESENTATION_CONTEXT() REPRESENTATION_CONTEXT('2D SPACE',''
  ) );
#2102 = PCURVE('',#2103,#2108);
#2103 = PLANE('',#2104);
#2104 = AXIS2_PLACEMENT_3D('',#2105,#2106,#2107);
#2105 = CARTESIAN_POINT('',(-5.75,-8.528900079053,-0.598117750625));
#2106 = DIRECTION('',(0.707106781187,-0.706660605683,-2.511550071253E-02
    ));
#2107 = DIRECTION('',(-3.363822732774E-17,3.551868173345E-02,
    -0.999369012551));
#2108 = DEFINITIONAL_REPRESENTATION('',(#2109),#2113);
#2109 = LINE('',#2110,#2111);
#2110 = CARTESIAN_POINT('',(1.665334536938E-16,-0.353553390593));
#2111 = VECTOR('',#2112,1.);
#2112 = DIRECTION('',(-1.,0.));
#2113 = ( GEOMETRIC_REPRESENTATION_CONTEXT(2) 
PARAMETRIC_REPRESENTATION_CONTEXT() REPRESENTATION_CONTEXT('2D SPACE',''
  ) );
#2114 = ORIENTED_EDGE('',*,*,#2115,.T.);
#2115 = EDGE_CURVE('',#2088,#2116,#2118,.T.);
#2116 = VERTEX_POINT('',#2117);
#2117 = CARTESIAN_POINT('',(-6.,-8.778742332191,0.606997421059));
#2118 = SURFACE_CURVE('',#2119,(#2123,#2130),.PCURVE_S1.);
#2119 = LINE('',#2120,#2121);
#2120 = CARTESIAN_POINT('',(-6.,-8.799684506276,1.775934086673E-02));
#2121 = VECTOR('',#2122,1.);
#2122 = DIRECTION('',(-0.,3.551868173345E-02,0.999369012551));
#2123 = PCURVE('',#212,#2124);
#2124 = DEFINITIONAL_REPRESENTATION('',(#2125),#2129);
#2125 = LINE('',#2126,#2127);
#2126 = CARTESIAN_POINT('',(-8.799684506276,-7.982240659133));
#2127 = VECTOR('',#2128,1.);
#2128 = DIRECTION('',(3.551868173345E-02,0.999369012551));
#2129 = ( GEOMETRIC_REPRESENTATION_CONTEXT(2) 
PARAMETRIC_REPRESENTATION_CONTEXT() REPRESENTATION_CONTEXT('2D SPACE',''
  ) );
#2130 = PCURVE('',#2131,#2136);
#2131 = PLANE('',#2132);
#2132 = AXIS2_PLACEMENT_3D('',#2133,#2134,#2135);
#2133 = CARTESIAN_POINT('',(-5.75,-8.549842253138,8.879670433363E-03));
#2134 = DIRECTION('',(0.707106781187,-0.706660605683,2.511550071253E-02)
  );
#2135 = DIRECTION('',(-3.094064948656E-17,-3.551868173345E-02,
    -0.999369012551));
#2136 = DEFINITIONAL_REPRESENTATION('',(#2137),#2141);
#2137 = LINE('',#2138,#2139);
#2138 = CARTESIAN_POINT('',(-5.551115123126E-17,-0.353553390593));
#2139 = VECTOR('',#2140,1.);
#2140 = DIRECTION('',(-1.,0.));
#2141 = ( GEOMETRIC_REPRESENTATION_CONTEXT(2) 
PARAMETRIC_REPRESENTATION_CONTEXT() REPRESENTATION_CONTEXT('2D SPACE',''
  ) );
#2142 = ORIENTED_EDGE('',*,*,#2143,.T.);
#2143 = EDGE_CURVE('',#2116,#2144,#2146,.T.);
#2144 = VERTEX_POINT('',#2145);
#2145 = CARTESIAN_POINT('',(-6.,-8.713499929151,1.228691087644));
#2146 = SURFACE_CURVE('',#2147,(#2151,#2158),.PCURVE_S1.);
#2147 = LINE('',#2148,#2149);
#2148 = CARTESIAN_POINT('',(-6.,-8.776220770765,0.642426483706));
#2149 = VECTOR('',#2150,1.);
#2150 = DIRECTION('',(-0.,0.106376807028,0.994325889699));
#2151 = PCURVE('',#212,#2152);
#2152 = DEFINITIONAL_REPRESENTATION('',(#2153),#2157);
#2153 = LINE('',#2154,#2155);
#2154 = CARTESIAN_POINT('',(-8.776220770765,-7.357573516294));
#2155 = VECTOR('',#2156,1.);
#2156 = DIRECTION('',(0.106376807028,0.994325889699));
#2157 = ( GEOMETRIC_REPRESENTATION_CONTEXT(2) 
PARAMETRIC_REPRESENTATION_CONTEXT() REPRESENTATION_CONTEXT('2D SPACE',''
  ) );
#2158 = PCURVE('',#2159,#2164);
#2159 = PLANE('',#2160);
#2160 = AXIS2_PLACEMENT_3D('',#2161,#2162,#2163);
#2161 = CARTESIAN_POINT('',(-5.75,-8.52763929834,0.615832281949));
#2162 = DIRECTION('',(0.707106781187,-0.703094579316,7.521976161033E-02)
  );
#2163 = DIRECTION('',(5.667990272689E-17,-0.106376807028,-0.994325889699
    ));
#2164 = DEFINITIONAL_REPRESENTATION('',(#2165),#2169);
#2165 = LINE('',#2166,#2167);
#2166 = CARTESIAN_POINT('',(5.551115123126E-17,-0.353553390593));
#2167 = VECTOR('',#2168,1.);
#2168 = DIRECTION('',(-1.,0.));
#2169 = ( GEOMETRIC_REPRESENTATION_CONTEXT(2) 
PARAMETRIC_REPRESENTATION_CONTEXT() REPRESENTATION_CONTEXT('2D SPACE',''
  ) );
#2170 = ORIENTED_EDGE('',*,*,#2171,.T.);
#2171 = EDGE_CURVE('',#2144,#2172,#2174,.T.);
#2172 = VERTEX_POINT('',#2173);
#2173 = CARTESIAN_POINT('',(-6.,-8.604286530352,1.844184401783));
#2174 = SURFACE_CURVE('',#2175,(#2179,#2186),.PCURVE_S1.);
#2175 = LINE('',#2176,#2177);
#2176 = CARTESIAN_POINT('',(-6.,-8.708469530872,1.263851745278));
#2177 = VECTOR('',#2178,1.);
#2178 = DIRECTION('',(-0.,0.176698122295,0.984265093142));
#2179 = PCURVE('',#212,#2180);
#2180 = DEFINITIONAL_REPRESENTATION('',(#2181),#2185);
#2181 = LINE('',#2182,#2183);
#2182 = CARTESIAN_POINT('',(-8.708469530872,-6.736148254722));
#2183 = VECTOR('',#2184,1.);
#2184 = DIRECTION('',(0.176698122295,0.984265093142));
#2185 = ( GEOMETRIC_REPRESENTATION_CONTEXT(2) 
PARAMETRIC_REPRESENTATION_CONTEXT() REPRESENTATION_CONTEXT('2D SPACE',''
  ) );
#2186 = PCURVE('',#2187,#2192);
#2187 = PLANE('',#2188);
#2188 = AXIS2_PLACEMENT_3D('',#2189,#2190,#2191);
#2189 = CARTESIAN_POINT('',(-5.75,-8.462403257587,1.219677214704));
#2190 = DIRECTION('',(0.707106781187,-0.695980521846,0.124944440498));
#2191 = DIRECTION('',(2.663699697775E-17,-0.176698122295,-0.984265093142
    ));
#2192 = DEFINITIONAL_REPRESENTATION('',(#2193),#2197);
#2193 = LINE('',#2194,#2195);
#2194 = CARTESIAN_POINT('',(-1.110223024625E-16,-0.353553390593));
#2195 = VECTOR('',#2196,1.);
#2196 = DIRECTION('',(-1.,0.));
#2197 = ( GEOMETRIC_REPRESENTATION_CONTEXT(2) 
PARAMETRIC_REPRESENTATION_CONTEXT() REPRESENTATION_CONTEXT('2D SPACE',''
  ) );
#2198 = ORIENTED_EDGE('',*,*,#2199,.T.);
#2199 = EDGE_CURVE('',#2172,#2200,#2202,.T.);
#2200 = VERTEX_POINT('',#2201);
#2201 = CARTESIAN_POINT('',(-6.,-8.451653260133,2.450371395251));
#2202 = SURFACE_CURVE('',#2203,(#2207,#2214),.PCURVE_S1.);
#2203 = LINE('',#2204,#2205);
#2204 = CARTESIAN_POINT('',(-6.,-8.596772680154,1.878899222931));
#2205 = VECTOR('',#2206,1.);
#2206 = DIRECTION('',(-0.,0.24612776459,0.969237392746));
#2207 = PCURVE('',#212,#2208);
#2208 = DEFINITIONAL_REPRESENTATION('',(#2209),#2213);
#2209 = LINE('',#2210,#2211);
#2210 = CARTESIAN_POINT('',(-8.596772680154,-6.121100777069));
#2211 = VECTOR('',#2212,1.);
#2212 = DIRECTION('',(0.24612776459,0.969237392746));
#2213 = ( GEOMETRIC_REPRESENTATION_CONTEXT(2) 
PARAMETRIC_REPRESENTATION_CONTEXT() REPRESENTATION_CONTEXT('2D SPACE',''
  ) );
#2214 = PCURVE('',#2215,#2220);
#2215 = PLANE('',#2216);
#2216 = AXIS2_PLACEMENT_3D('',#2217,#2218,#2219);
#2217 = CARTESIAN_POINT('',(-5.75,-8.354463331968,1.817367281783));
#2218 = DIRECTION('',(0.707106781187,-0.685354332991,0.17403861138));
#2219 = DIRECTION('',(4.096690761163E-17,-0.24612776459,-0.969237392746)
  );
#2220 = DEFINITIONAL_REPRESENTATION('',(#2221),#2225);
#2221 = LINE('',#2222,#2223);
#2222 = CARTESIAN_POINT('',(-3.885780586188E-16,-0.353553390593));
#2223 = VECTOR('',#2224,1.);
#2224 = DIRECTION('',(-1.,0.));
#2225 = ( GEOMETRIC_REPRESENTATION_CONTEXT(2) 
PARAMETRIC_REPRESENTATION_CONTEXT() REPRESENTATION_CONTEXT('2D SPACE',''
  ) );
#2226 = ORIENTED_EDGE('',*,*,#2227,.T.);
#2227 = EDGE_CURVE('',#2200,#2228,#2230,.T.);
#2228 = VERTEX_POINT('',#2229);
#2229 = CARTESIAN_POINT('',(-6.,-8.256370352835,3.044193062374));
#2230 = SURFACE_CURVE('',#2231,(#2235,#2242),.PCURVE_S1.);
#2231 = LINE('',#2232,#2233);
#2232 = CARTESIAN_POINT('',(-6.,-8.441693875211,2.484465198267));
#2233 = VECTOR('',#2234,1.);
#2234 = DIRECTION('',(-0.,0.314315370621,0.949318622903));
#2235 = PCURVE('',#212,#2236);
#2236 = DEFINITIONAL_REPRESENTATION('',(#2237),#2241);
#2237 = LINE('',#2238,#2239);
#2238 = CARTESIAN_POINT('',(-8.441693875211,-5.515534801733));
#2239 = VECTOR('',#2240,1.);
#2240 = DIRECTION('',(0.314315370621,0.949318622903));
#2241 = ( GEOMETRIC_REPRESENTATION_CONTEXT(2) 
PARAMETRIC_REPRESENTATION_CONTEXT() REPRESENTATION_CONTEXT('2D SPACE',''
  ) );
#2242 = PCURVE('',#2243,#2248);
#2243 = PLANE('',#2244);
#2244 = AXIS2_PLACEMENT_3D('',#2245,#2246,#2247);
#2245 = CARTESIAN_POINT('',(-5.75,-8.204364219485,2.405886355611));
#2246 = DIRECTION('',(0.707106781187,-0.671269635762,0.222254529997));
#2247 = DIRECTION('',(-3.436078868763E-17,-0.314315370621,
    -0.949318622903));
#2248 = DEFINITIONAL_REPRESENTATION('',(#2249),#2253);
#2249 = LINE('',#2250,#2251);
#2250 = CARTESIAN_POINT('',(-1.665334536938E-16,-0.353553390593));
#2251 = VECTOR('',#2252,1.);
#2252 = DIRECTION('',(-1.,0.));
#2253 = ( GEOMETRIC_REPRESENTATION_CONTEXT(2) 
PARAMETRIC_REPRESENTATION_CONTEXT() REPRESENTATION_CONTEXT('2D SPACE',''
  ) );
#2254 = ORIENTED_EDGE('',*,*,#2255,.T.);
#2255 = EDGE_CURVE('',#2228,#2256,#2258,.T.);
#2256 = VERTEX_POINT('',#2257);
#2257 = CARTESIAN_POINT('',(-6.,-8.019423265962,3.622652796711));
#2258 = SURFACE_CURVE('',#2259,(#2263,#2270),.PCURVE_S1.);
#2259 = LINE('',#2260,#2261);
#2260 = CARTESIAN_POINT('',(-6.,-8.244015691304,3.07749379946));
#2261 = VECTOR('',#2262,1.);
#2262 = DIRECTION('',(-0.,0.380916844795,0.924609299841));
#2263 = PCURVE('',#212,#2264);
#2264 = DEFINITIONAL_REPRESENTATION('',(#2265),#2269);
#2265 = LINE('',#2266,#2267);
#2266 = CARTESIAN_POINT('',(-8.244015691304,-4.92250620054));
#2267 = VECTOR('',#2268,1.);
#2268 = DIRECTION('',(0.380916844795,0.924609299841));
#2269 = ( GEOMETRIC_REPRESENTATION_CONTEXT(2) 
PARAMETRIC_REPRESENTATION_CONTEXT() REPRESENTATION_CONTEXT('2D SPACE',''
  ) );
#2270 = PCURVE('',#2271,#2276);
#2271 = PLANE('',#2272);
#2272 = AXIS2_PLACEMENT_3D('',#2273,#2274,#2275);
#2273 = CARTESIAN_POINT('',(-5.75,-8.012863366343,2.982264588262));
#2274 = DIRECTION('',(0.707106781187,-0.653797505865,0.269348884023));
#2275 = DIRECTION('',(6.939548029342E-17,-0.380916844795,-0.924609299841
    ));
#2276 = DEFINITIONAL_REPRESENTATION('',(#2277),#2281);
#2277 = LINE('',#2278,#2279);
#2278 = CARTESIAN_POINT('',(2.22044604925E-16,-0.353553390593));
#2279 = VECTOR('',#2280,1.);
#2280 = DIRECTION('',(-1.,0.));
#2281 = ( GEOMETRIC_REPRESENTATION_CONTEXT(2) 
PARAMETRIC_REPRESENTATION_CONTEXT() REPRESENTATION_CONTEXT('2D SPACE',''
  ) );
#2282 = ORIENTED_EDGE('',*,*,#2283,.T.);
#2283 = EDGE_CURVE('',#2256,#2284,#2286,.T.);
#2284 = VERTEX_POINT('',#2285);
#2285 = CARTESIAN_POINT('',(-6.,-7.74200770726,4.182831512852));
#2286 = SURFACE_CURVE('',#2287,(#2291,#2298),.PCURVE_S1.);
#2287 = LINE('',#2288,#2289);
#2288 = CARTESIAN_POINT('',(-6.,-8.004735673236,3.654992422126));
#2289 = VECTOR('',#2290,1.);
#2290 = DIRECTION('',(-0.,0.445596095625,0.895234114388));
#2291 = PCURVE('',#212,#2292);
#2292 = DEFINITIONAL_REPRESENTATION('',(#2293),#2297);
#2293 = LINE('',#2294,#2295);
#2294 = CARTESIAN_POINT('',(-8.004735673236,-4.345007577874));
#2295 = VECTOR('',#2296,1.);
#2296 = DIRECTION('',(0.445596095625,0.895234114388));
#2297 = ( GEOMETRIC_REPRESENTATION_CONTEXT(2) 
PARAMETRIC_REPRESENTATION_CONTEXT() REPRESENTATION_CONTEXT('2D SPACE',''
  ) );
#2298 = PCURVE('',#2299,#2304);
#2299 = PLANE('',#2300);
#2300 = AXIS2_PLACEMENT_3D('',#2301,#2302,#2303);
#2301 = CARTESIAN_POINT('',(-5.75,-7.780927144639,3.54359339822));
#2302 = DIRECTION('',(0.707106781187,-0.633026113033,0.315084020887));
#2303 = DIRECTION('',(-8.950389246697E-18,-0.445596095625,
    -0.895234114388));
#2304 = DEFINITIONAL_REPRESENTATION('',(#2305),#2309);
#2305 = LINE('',#2306,#2307);
#2306 = CARTESIAN_POINT('',(3.330669073875E-16,-0.353553390593));
#2307 = VECTOR('',#2308,1.);
#2308 = DIRECTION('',(-1.,0.));
#2309 = ( GEOMETRIC_REPRESENTATION_CONTEXT(2) 
PARAMETRIC_REPRESENTATION_CONTEXT() REPRESENTATION_CONTEXT('2D SPACE',''
  ) );
#2310 = ORIENTED_EDGE('',*,*,#2311,.T.);
#2311 = EDGE_CURVE('',#2284,#2312,#2314,.T.);
#2312 = VERTEX_POINT('',#2313);
#2313 = CARTESIAN_POINT('',(-6.,-7.425523600806,4.721902377014));
#2314 = SURFACE_CURVE('',#2315,(#2319,#2326),.PCURVE_S1.);
#2315 = LINE('',#2316,#2317);
#2316 = CARTESIAN_POINT('',(-6.,-7.725061301441,4.214046830916));
#2317 = VECTOR('',#2318,1.);
#2318 = DIRECTION('',(-0.,0.508026731755,0.86134130275));
#2319 = PCURVE('',#212,#2320);
#2320 = DEFINITIONAL_REPRESENTATION('',(#2321),#2325);
#2321 = LINE('',#2322,#2323);
#2322 = CARTESIAN_POINT('',(-7.725061301441,-3.785953169084));
#2323 = VECTOR('',#2324,1.);
#2324 = DIRECTION('',(0.508026731755,0.86134130275));
#2325 = ( GEOMETRIC_REPRESENTATION_CONTEXT(2) 
PARAMETRIC_REPRESENTATION_CONTEXT() REPRESENTATION_CONTEXT('2D SPACE',''
  ) );
#2326 = PCURVE('',#2327,#2332);
#2327 = PLANE('',#2328);
#2328 = AXIS2_PLACEMENT_3D('',#2329,#2330,#2331);
#2329 = CARTESIAN_POINT('',(-5.75,-7.509725975753,4.087040147978));
#2330 = DIRECTION('',(0.707106781187,-0.60906027609,0.359229147048));
#2331 = DIRECTION('',(-4.095433073487E-17,-0.508026731755,-0.86134130275
    ));
#2332 = DEFINITIONAL_REPRESENTATION('',(#2333),#2337);
#2333 = LINE('',#2334,#2335);
#2334 = CARTESIAN_POINT('',(-3.885780586188E-16,-0.353553390593));
#2335 = VECTOR('',#2336,1.);
#2336 = DIRECTION('',(-1.,0.));
#2337 = ( GEOMETRIC_REPRESENTATION_CONTEXT(2) 
PARAMETRIC_REPRESENTATION_CONTEXT() REPRESENTATION_CONTEXT('2D SPACE',''
  ) );
#2338 = ORIENTED_EDGE('',*,*,#2339,.T.);
#2339 = EDGE_CURVE('',#2312,#2340,#2342,.T.);
#2340 = VERTEX_POINT('',#2341);
#2341 = CARTESIAN_POINT('',(-6.,-7.071568022565,5.237145072119));
#2342 = SURFACE_CURVE('',#2343,(#2347,#2354),.PCURVE_S1.);
#2343 = LINE('',#2344,#2345);
#2344 = CARTESIAN_POINT('',(-6.,-7.40640389866,4.751835865651));
#2345 = VECTOR('',#2346,1.);
#2346 = DIRECTION('',(-0.,0.567893709028,0.823101898459));
#2347 = PCURVE('',#212,#2348);
#2348 = DEFINITIONAL_REPRESENTATION('',(#2349),#2353);
#2349 = LINE('',#2350,#2351);
#2350 = CARTESIAN_POINT('',(-7.40640389866,-3.248164134349));
#2351 = VECTOR('',#2352,1.);
#2352 = DIRECTION('',(0.567893709028,0.823101898459));
#2353 = ( GEOMETRIC_REPRESENTATION_CONTEXT(2) 
PARAMETRIC_REPRESENTATION_CONTEXT() REPRESENTATION_CONTEXT('2D SPACE',''
  ) );
#2354 = PCURVE('',#2355,#2360);
#2355 = PLANE('',#2356);
#2356 = AXIS2_PLACEMENT_3D('',#2357,#2358,#2359);
#2357 = CARTESIAN_POINT('',(-5.75,-7.200628424046,4.609862438394));
#2358 = DIRECTION('',(0.707106781187,-0.582020934008,0.401561492647));
#2359 = DIRECTION('',(2.174751191047E-17,-0.567893709028,-0.823101898459
    ));
#2360 = DEFINITIONAL_REPRESENTATION('',(#2361),#2365);
#2361 = LINE('',#2362,#2363);
#2362 = CARTESIAN_POINT('',(5.551115123126E-17,-0.353553390593));
#2363 = VECTOR('',#2364,1.);
#2364 = DIRECTION('',(-1.,0.));
#2365 = ( GEOMETRIC_REPRESENTATION_CONTEXT(2) 
PARAMETRIC_REPRESENTATION_CONTEXT() REPRESENTATION_CONTEXT('2D SPACE',''
  ) );
#2366 = ORIENTED_EDGE('',*,*,#2367,.T.);
#2367 = EDGE_CURVE('',#2340,#2368,#2370,.T.);
#2368 = VERTEX_POINT('',#2369);
#2369 = CARTESIAN_POINT('',(-6.,-6.681927141051,5.725959525343));
#2370 = SURFACE_CURVE('',#2371,(#2375,#2382),.PCURVE_S1.);
#2371 = LINE('',#2372,#2373);
#2372 = CARTESIAN_POINT('',(-6.,-7.05037150798,5.265645677754));
#2373 = VECTOR('',#2374,1.);
#2374 = DIRECTION('',(-0.,0.624894920297,0.780708869289));
#2375 = PCURVE('',#212,#2376);
#2376 = DEFINITIONAL_REPRESENTATION('',(#2377),#2381);
#2377 = LINE('',#2378,#2379);
#2378 = CARTESIAN_POINT('',(-7.05037150798,-2.734354322246));
#2379 = VECTOR('',#2380,1.);
#2380 = DIRECTION('',(0.624894920297,0.780708869289));
#2381 = ( GEOMETRIC_REPRESENTATION_CONTEXT(2) 
PARAMETRIC_REPRESENTATION_CONTEXT() REPRESENTATION_CONTEXT('2D SPACE',''
  ) );
#2382 = PCURVE('',#2383,#2388);
#2383 = PLANE('',#2384);
#2384 = AXIS2_PLACEMENT_3D('',#2385,#2386,#2387);
#2385 = CARTESIAN_POINT('',(-5.75,-6.855194290657,5.109421947679));
#2386 = DIRECTION('',(0.707106781187,-0.552044535607,0.441867435671));
#2387 = DIRECTION('',(5.097400816239E-17,-0.624894920297,-0.780708869289
    ));
#2388 = DEFINITIONAL_REPRESENTATION('',(#2389),#2393);
#2389 = LINE('',#2390,#2391);
#2390 = CARTESIAN_POINT('',(6.106226635438E-16,-0.353553390593));
#2391 = VECTOR('',#2392,1.);
#2392 = DIRECTION('',(-1.,0.));
#2393 = ( GEOMETRIC_REPRESENTATION_CONTEXT(2) 
PARAMETRIC_REPRESENTATION_CONTEXT() REPRESENTATION_CONTEXT('2D SPACE',''
  ) );
#2394 = ORIENTED_EDGE('',*,*,#2395,.T.);
#2395 = EDGE_CURVE('',#2368,#2396,#2398,.T.);
#2396 = VERTEX_POINT('',#2397);
#2397 = CARTESIAN_POINT('',(-6.,-6.258567203776,6.185879028884));
#2398 = SURFACE_CURVE('',#2399,(#2403,#2410),.PCURVE_S1.);
#2399 = LINE('',#2400,#2401);
#2400 = CARTESIAN_POINT('',(-6.,-6.658760778147,5.752883425169));
#2401 = VECTOR('',#2402,1.);
#2402 = DIRECTION('',(-0.,0.678742719951,0.734376143481));
#2403 = PCURVE('',#212,#2404);
#2404 = DEFINITIONAL_REPRESENTATION('',(#2405),#2409);
#2405 = LINE('',#2406,#2407);
#2406 = CARTESIAN_POINT('',(-6.658760778147,-2.247116574831));
#2407 = VECTOR('',#2408,1.);
#2408 = DIRECTION('',(0.678742719951,0.734376143481));
#2409 = ( GEOMETRIC_REPRESENTATION_CONTEXT(2) 
PARAMETRIC_REPRESENTATION_CONTEXT() REPRESENTATION_CONTEXT('2D SPACE',''
  ) );
#2410 = PCURVE('',#2411,#2416);
#2411 = PLANE('',#2412);
#2412 = AXIS2_PLACEMENT_3D('',#2413,#2414,#2415);
#2413 = CARTESIAN_POINT('',(-5.75,-6.475166742277,5.583197745182));
#2414 = DIRECTION('',(0.707106781187,-0.519282350997,0.479943579958));
#2415 = DIRECTION('',(9.038714542747E-17,-0.678742719951,-0.734376143481
    ));
#2416 = DEFINITIONAL_REPRESENTATION('',(#2417),#2421);
#2417 = LINE('',#2418,#2419);
#2418 = CARTESIAN_POINT('',(-8.881784197001E-16,-0.353553390593));
#2419 = VECTOR('',#2420,1.);
#2420 = DIRECTION('',(-1.,0.));
#2421 = ( GEOMETRIC_REPRESENTATION_CONTEXT(2) 
PARAMETRIC_REPRESENTATION_CONTEXT() REPRESENTATION_CONTEXT('2D SPACE',''
  ) );
#2422 = ORIENTED_EDGE('',*,*,#2423,.T.);
#2423 = EDGE_CURVE('',#2396,#2424,#2426,.T.);
#2424 = VERTEX_POINT('',#2425);
#2425 = CARTESIAN_POINT('',(-6.,-6.168207302689,6.272413922633));
#2426 = SURFACE_CURVE('',#2427,(#2431,#2438),.PCURVE_S1.);
#2427 = LINE('',#2428,#2429);
#2428 = CARTESIAN_POINT('',(-6.,-6.233547897133,6.211090356639));
#2429 = VECTOR('',#2430,1.);
#2430 = DIRECTION('',(-0.,0.729165375459,0.684337530193));
#2431 = PCURVE('',#212,#2432);
#2432 = DEFINITIONAL_REPRESENTATION('',(#2433),#2437);
#2433 = LINE('',#2434,#2435);
#2434 = CARTESIAN_POINT('',(-6.233547897133,-1.788909643361));
#2435 = VECTOR('',#2436,1.);
#2436 = DIRECTION('',(0.729165375459,0.684337530193));
#2437 = ( GEOMETRIC_REPRESENTATION_CONTEXT(2) 
PARAMETRIC_REPRESENTATION_CONTEXT() REPRESENTATION_CONTEXT('2D SPACE',''
  ) );
#2438 = PCURVE('',#2439,#2444);
#2439 = PLANE('',#2440);
#2440 = AXIS2_PLACEMENT_3D('',#2441,#2442,#2443);
#2441 = CARTESIAN_POINT('',(-5.75,-6.062463514584,6.028799012774));
#2442 = DIRECTION('',(0.707106781187,-0.48389970822,0.515597781594));
#2443 = DIRECTION('',(7.044814004605E-18,-0.729165375459,-0.684337530193
    ));
#2444 = DEFINITIONAL_REPRESENTATION('',(#2445),#2449);
#2445 = LINE('',#2446,#2447);
#2446 = CARTESIAN_POINT('',(3.885780586188E-16,-0.353553390593));
#2447 = VECTOR('',#2448,1.);
#2448 = DIRECTION('',(-1.,0.));
#2449 = ( GEOMETRIC_REPRESENTATION_CONTEXT(2) 
PARAMETRIC_REPRESENTATION_CONTEXT() REPRESENTATION_CONTEXT('2D SPACE',''
  ) );
#2450 = ORIENTED_EDGE('',*,*,#2451,.F.);
#2451 = EDGE_CURVE('',#966,#2424,#2452,.T.);
#2452 = SURFACE_CURVE('',#2453,(#2457,#2464),.PCURVE_S1.);
#2453 = LINE('',#2454,#2455);
#2454 = CARTESIAN_POINT('',(-6.,-2.602805954814,7.683463430783));
#2455 = VECTOR('',#2456,1.);
#2456 = DIRECTION('',(0.,-0.929829386355,-0.367990913299));
#2457 = PCURVE('',#212,#2458);
#2458 = DEFINITIONAL_REPRESENTATION('',(#2459),#2463);
#2459 = LINE('',#2460,#2461);
#2460 = CARTESIAN_POINT('',(-2.602805954814,-0.316536569217));
#2461 = VECTOR('',#2462,1.);
#2462 = DIRECTION('',(-0.929829386355,-0.367990913299));
#2463 = ( GEOMETRIC_REPRESENTATION_CONTEXT(2) 
PARAMETRIC_REPRESENTATION_CONTEXT() REPRESENTATION_CONTEXT('2D SPACE',''
  ) );
#2464 = PCURVE('',#2465,#2470);
#2465 = PLANE('',#2466);
#2466 = AXIS2_PLACEMENT_3D('',#2467,#2468,#2469);
#2467 = CARTESIAN_POINT('',(-6.,-4.961455849863,6.75));
#2468 = DIRECTION('',(0.680945640372,-0.269492244259,0.680945640372));
#2469 = DIRECTION('',(-9.529504928131E-16,-0.929829386355,
    -0.367990913299));
#2470 = DEFINITIONAL_REPRESENTATION('',(#2471),#2475);
#2471 = LINE('',#2472,#2473);
#2472 = CARTESIAN_POINT('',(-2.536648044965,-3.476174015887E-15));
#2473 = VECTOR('',#2474,1.);
#2474 = DIRECTION('',(1.,1.307841536143E-15));
#2475 = ( GEOMETRIC_REPRESENTATION_CONTEXT(2) 
PARAMETRIC_REPRESENTATION_CONTEXT() REPRESENTATION_CONTEXT('2D SPACE',''
  ) );
#2476 = FACE_BOUND('',#2477,.F.);
#2477 = EDGE_LOOP('',(#2478));
#2478 = ORIENTED_EDGE('',*,*,#2479,.F.);
#2479 = EDGE_CURVE('',#2480,#2480,#2482,.T.);
#2480 = VERTEX_POINT('',#2481);
#2481 = CARTESIAN_POINT('',(-6.,-52.,44.));
#2482 = SURFACE_CURVE('',#2483,(#2488,#2495),.PCURVE_S1.);
#2483 = CIRCLE('',#2484,6.);
#2484 = AXIS2_PLACEMENT_3D('',#2485,#2486,#2487);
#2485 = CARTESIAN_POINT('',(-6.,-52.,50.));
#2486 = DIRECTION('',(1.,0.,0.));
#2487 = DIRECTION('',(0.,0.,-1.));
#2488 = PCURVE('',#212,#2489);
#2489 = DEFINITIONAL_REPRESENTATION('',(#2490),#2494);
#2490 = CIRCLE('',#2491,6.);
#2491 = AXIS2_PLACEMENT_2D('',#2492,#2493);
#2492 = CARTESIAN_POINT('',(-52.,42.));
#2493 = DIRECTION('',(0.,-1.));
#2494 = ( GEOMETRIC_REPRESENTATION_CONTEXT(2) 
PARAMETRIC_REPRESENTATION_CONTEXT() REPRESENTATION_CONTEXT('2D SPACE',''
  ) );
#2495 = PCURVE('',#2496,#2501);
#2496 = CONICAL_SURFACE('',#2497,5.5,0.785398163397);
#2497 = AXIS2_PLACEMENT_3D('',#2498,#2499,#2500);
#2498 = CARTESIAN_POINT('',(-5.5,-52.,50.));
#2499 = DIRECTION('',(-1.,-0.,-0.));
#2500 = DIRECTION('',(0.,0.,-1.));
#2501 = DEFINITIONAL_REPRESENTATION('',(#2502),#2506);
#2502 = LINE('',#2503,#2504);
#2503 = CARTESIAN_POINT('',(0.,0.5));
#2504 = VECTOR('',#2505,1.);
#2505 = DIRECTION('',(-1.,-0.));
#2506 = ( GEOMETRIC_REPRESENTATION_CONTEXT(2) 
PARAMETRIC_REPRESENTATION_CONTEXT() REPRESENTATION_CONTEXT('2D SPACE',''
  ) );
#2507 = FACE_BOUND('',#2508,.F.);
#2508 = EDGE_LOOP('',(#2509));
#2509 = ORIENTED_EDGE('',*,*,#2510,.F.);
#2510 = EDGE_CURVE('',#2511,#2511,#2513,.T.);
#2511 = VERTEX_POINT('',#2512);
#2512 = CARTESIAN_POINT('',(-6.,52.,44.));
#2513 = SURFACE_CURVE('',#2514,(#2519,#2526),.PCURVE_S1.);
#2514 = CIRCLE('',#2515,6.);
#2515 = AXIS2_PLACEMENT_3D('',#2516,#2517,#2518);
#2516 = CARTESIAN_POINT('',(-6.,52.,50.));
#2517 = DIRECTION('',(1.,0.,0.));
#2518 = DIRECTION('',(0.,0.,-1.));
#2519 = PCURVE('',#212,#2520);
#2520 = DEFINITIONAL_REPRESENTATION('',(#2521),#2525);
#2521 = CIRCLE('',#2522,6.);
#2522 = AXIS2_PLACEMENT_2D('',#2523,#2524);
#2523 = CARTESIAN_POINT('',(52.,42.));
#2524 = DIRECTION('',(0.,-1.));
#2525 = ( GEOMETRIC_REPRESENTATION_CONTEXT(2) 
PARAMETRIC_REPRESENTATION_CONTEXT() REPRESENTATION_CONTEXT('2D SPACE',''
  ) );
#2526 = PCURVE('',#2527,#2532);
#2527 = CONICAL_SURFACE('',#2528,5.5,0.785398163397);
#2528 = AXIS2_PLACEMENT_3D('',#2529,#2530,#2531);
#2529 = CARTESIAN_POINT('',(-5.5,52.,50.));
#2530 = DIRECTION('',(-1.,-0.,-0.));
#2531 = DIRECTION('',(0.,0.,-1.));
#2532 = DEFINITIONAL_REPRESENTATION('',(#2533),#2537);
#2533 = LINE('',#2534,#2535);
#2534 = CARTESIAN_POINT('',(0.,0.5));
#2535 = VECTOR('',#2536,1.);
#2536 = DIRECTION('',(-1.,-0.));
#2537 = ( GEOMETRIC_REPRESENTATION_CONTEXT(2) 
PARAMETRIC_REPRESENTATION_CONTEXT() REPRESENTATION_CONTEXT('2D SPACE',''
  ) );
#2538 = ADVANCED_FACE('',(#2539),#186,.F.);
#2539 = FACE_BOUND('',#2540,.F.);
#2540 = EDGE_LOOP('',(#2541,#2562,#2563,#2564));
#2541 = ORIENTED_EDGE('',*,*,#2542,.F.);
#2542 = EDGE_CURVE('',#521,#338,#2543,.T.);
#2543 = SURFACE_CURVE('',#2544,(#2548,#2555),.PCURVE_S1.);
#2544 = LINE('',#2545,#2546);
#2545 = CARTESIAN_POINT('',(-5.875,60.088388347648,-49.38128156646));
#2546 = VECTOR('',#2547,1.);
#2547 = DIRECTION('',(0.707106781187,0.5,-0.5));
#2548 = PCURVE('',#186,#2549);
#2549 = DEFINITIONAL_REPRESENTATION('',(#2550),#2554);
#2550 = LINE('',#2551,#2552);
#2551 = CARTESIAN_POINT('',(-4.783542904563E-02,0.170181584574));
#2552 = VECTOR('',#2553,1.);
#2553 = DIRECTION('',(-0.270598050073,0.962692419881));
#2554 = ( GEOMETRIC_REPRESENTATION_CONTEXT(2) 
PARAMETRIC_REPRESENTATION_CONTEXT() REPRESENTATION_CONTEXT('2D SPACE',''
  ) );
#2555 = PCURVE('',#559,#2556);
#2556 = DEFINITIONAL_REPRESENTATION('',(#2557),#2561);
#2557 = LINE('',#2558,#2559);
#2558 = CARTESIAN_POINT('',(-0.5,-0.176776695297));
#2559 = VECTOR('',#2560,1.);
#2560 = DIRECTION('',(3.668154842542E-14,1.));
#2561 = ( GEOMETRIC_REPRESENTATION_CONTEXT(2) 
PARAMETRIC_REPRESENTATION_CONTEXT() REPRESENTATION_CONTEXT('2D SPACE',''
  ) );
#2562 = ORIENTED_EDGE('',*,*,#520,.T.);
#2563 = ORIENTED_EDGE('',*,*,#170,.T.);
#2564 = ORIENTED_EDGE('',*,*,#365,.F.);
#2565 = ADVANCED_FACE('',(#2566),#293,.F.);
#2566 = FACE_BOUND('',#2567,.F.);
#2567 = EDGE_LOOP('',(#2568,#2596,#2617,#2618));
#2568 = ORIENTED_EDGE('',*,*,#2569,.F.);
#2569 = EDGE_CURVE('',#2570,#252,#2572,.T.);
#2570 = VERTEX_POINT('',#2571);
#2571 = CARTESIAN_POINT('',(0.,-60.,-49.29289321881));
#2572 = SURFACE_CURVE('',#2573,(#2577,#2584),.PCURVE_S1.);
#2573 = LINE('',#2574,#2575);
#2574 = CARTESIAN_POINT('',(-0.125,-60.08838834764,-49.38128156646));
#2575 = VECTOR('',#2576,1.);
#2576 = DIRECTION('',(-0.707106781187,-0.5,-0.5));
#2577 = PCURVE('',#293,#2578);
#2578 = DEFINITIONAL_REPRESENTATION('',(#2579),#2583);
#2579 = LINE('',#2580,#2581);
#2580 = CARTESIAN_POINT('',(-4.783542904566E-02,0.170181584574));
#2581 = VECTOR('',#2582,1.);
#2582 = DIRECTION('',(-0.270598050073,0.962692419881));
#2583 = ( GEOMETRIC_REPRESENTATION_CONTEXT(2) 
PARAMETRIC_REPRESENTATION_CONTEXT() REPRESENTATION_CONTEXT('2D SPACE',''
  ) );
#2584 = PCURVE('',#2585,#2590);
#2585 = PLANE('',#2586);
#2586 = AXIS2_PLACEMENT_3D('',#2587,#2588,#2589);
#2587 = CARTESIAN_POINT('',(-0.25,-69.8232233047,-39.8232233047));
#2588 = DIRECTION('',(0.707106781187,-0.5,-0.5));
#2589 = DIRECTION('',(-5.551115123125E-17,-0.707106781187,0.707106781187
    ));
#2590 = DEFINITIONAL_REPRESENTATION('',(#2591),#2595);
#2591 = LINE('',#2592,#2593);
#2592 = CARTESIAN_POINT('',(-13.64213562373,-0.176776695297));
#2593 = VECTOR('',#2594,1.);
#2594 = DIRECTION('',(1.480888322853E-14,1.));
#2595 = ( GEOMETRIC_REPRESENTATION_CONTEXT(2) 
PARAMETRIC_REPRESENTATION_CONTEXT() REPRESENTATION_CONTEXT('2D SPACE',''
  ) );
#2596 = ORIENTED_EDGE('',*,*,#2597,.T.);
#2597 = EDGE_CURVE('',#2570,#390,#2598,.T.);
#2598 = SURFACE_CURVE('',#2599,(#2603,#2610),.PCURVE_S1.);
#2599 = LINE('',#2600,#2601);
#2600 = CARTESIAN_POINT('',(0.,-44.5214466094,-55.70431995911));
#2601 = VECTOR('',#2602,1.);
#2602 = DIRECTION('',(0.,0.923879532511,-0.382683432365));
#2603 = PCURVE('',#293,#2604);
#2604 = DEFINITIONAL_REPRESENTATION('',(#2605),#2609);
#2605 = LINE('',#2606,#2607);
#2606 = CARTESIAN_POINT('',(16.753865461788,-1.192880730176E-13));
#2607 = VECTOR('',#2608,1.);
#2608 = DIRECTION('',(1.,-7.019408374116E-15));
#2609 = ( GEOMETRIC_REPRESENTATION_CONTEXT(2) 
PARAMETRIC_REPRESENTATION_CONTEXT() REPRESENTATION_CONTEXT('2D SPACE',''
  ) );
#2610 = PCURVE('',#450,#2611);
#2611 = DEFINITIONAL_REPRESENTATION('',(#2612),#2616);
#2612 = LINE('',#2613,#2614);
#2613 = CARTESIAN_POINT('',(-44.5214466094,-63.70431995911));
#2614 = VECTOR('',#2615,1.);
#2615 = DIRECTION('',(0.923879532511,-0.382683432365));
#2616 = ( GEOMETRIC_REPRESENTATION_CONTEXT(2) 
PARAMETRIC_REPRESENTATION_CONTEXT() REPRESENTATION_CONTEXT('2D SPACE',''
  ) );
#2617 = ORIENTED_EDGE('',*,*,#389,.T.);
#2618 = ORIENTED_EDGE('',*,*,#279,.F.);
#2619 = ADVANCED_FACE('',(#2620),#267,.T.);
#2620 = FACE_BOUND('',#2621,.T.);
#2621 = EDGE_LOOP('',(#2622,#2623,#2646,#2674));
#2622 = ORIENTED_EDGE('',*,*,#251,.F.);
#2623 = ORIENTED_EDGE('',*,*,#2624,.F.);
#2624 = EDGE_CURVE('',#2625,#252,#2627,.T.);
#2625 = VERTEX_POINT('',#2626);
#2626 = CARTESIAN_POINT('',(-0.5,-69.6464466094,-40.35355339059));
#2627 = SURFACE_CURVE('',#2628,(#2632,#2639),.PCURVE_S1.);
#2628 = LINE('',#2629,#2630);
#2629 = CARTESIAN_POINT('',(-0.5,-70.,-40.));
#2630 = VECTOR('',#2631,1.);
#2631 = DIRECTION('',(0.,0.707106781187,-0.707106781187));
#2632 = PCURVE('',#267,#2633);
#2633 = DEFINITIONAL_REPRESENTATION('',(#2634),#2638);
#2634 = LINE('',#2635,#2636);
#2635 = CARTESIAN_POINT('',(0.,2.5));
#2636 = VECTOR('',#2637,1.);
#2637 = DIRECTION('',(1.,0.));
#2638 = ( GEOMETRIC_REPRESENTATION_CONTEXT(2) 
PARAMETRIC_REPRESENTATION_CONTEXT() REPRESENTATION_CONTEXT('2D SPACE',''
  ) );
#2639 = PCURVE('',#2585,#2640);
#2640 = DEFINITIONAL_REPRESENTATION('',(#2641),#2645);
#2641 = LINE('',#2642,#2643);
#2642 = CARTESIAN_POINT('',(-0.,0.353553390593));
#2643 = VECTOR('',#2644,1.);
#2644 = DIRECTION('',(-1.,0.));
#2645 = ( GEOMETRIC_REPRESENTATION_CONTEXT(2) 
PARAMETRIC_REPRESENTATION_CONTEXT() REPRESENTATION_CONTEXT('2D SPACE',''
  ) );
#2646 = ORIENTED_EDGE('',*,*,#2647,.T.);
#2647 = EDGE_CURVE('',#2625,#2648,#2650,.T.);
#2648 = VERTEX_POINT('',#2649);
#2649 = CARTESIAN_POINT('',(-5.5,-69.6464466094,-40.35355339059));
#2650 = SURFACE_CURVE('',#2651,(#2655,#2662),.PCURVE_S1.);
#2651 = LINE('',#2652,#2653);
#2652 = CARTESIAN_POINT('',(0.,-69.6464466094,-40.35355339059));
#2653 = VECTOR('',#2654,1.);
#2654 = DIRECTION('',(-1.,0.,0.));
#2655 = PCURVE('',#267,#2656);
#2656 = DEFINITIONAL_REPRESENTATION('',(#2657),#2661);
#2657 = LINE('',#2658,#2659);
#2658 = CARTESIAN_POINT('',(0.5,3.));
#2659 = VECTOR('',#2660,1.);
#2660 = DIRECTION('',(0.,-1.));
#2661 = ( GEOMETRIC_REPRESENTATION_CONTEXT(2) 
PARAMETRIC_REPRESENTATION_CONTEXT() REPRESENTATION_CONTEXT('2D SPACE',''
  ) );
#2662 = PCURVE('',#2663,#2668);
#2663 = PLANE('',#2664);
#2664 = AXIS2_PLACEMENT_3D('',#2665,#2666,#2667);
#2665 = CARTESIAN_POINT('',(0.,-69.8232233047,-39.92677669529));
#2666 = DIRECTION('',(1.558881281559E-19,-0.923879532511,-0.382683432365
    ));
#2667 = DIRECTION('',(1.,1.440218509648E-19,5.965580394769E-20));
#2668 = DEFINITIONAL_REPRESENTATION('',(#2669),#2673);
#2669 = LINE('',#2670,#2671);
#2670 = CARTESIAN_POINT('',(1.54074395551E-33,-0.461939766256));
#2671 = VECTOR('',#2672,1.);
#2672 = DIRECTION('',(-1.,0.));
#2673 = ( GEOMETRIC_REPRESENTATION_CONTEXT(2) 
PARAMETRIC_REPRESENTATION_CONTEXT() REPRESENTATION_CONTEXT('2D SPACE',''
  ) );
#2674 = ORIENTED_EDGE('',*,*,#2675,.T.);
#2675 = EDGE_CURVE('',#2648,#229,#2676,.T.);
#2676 = SURFACE_CURVE('',#2677,(#2681,#2688),.PCURVE_S1.);
#2677 = LINE('',#2678,#2679);
#2678 = CARTESIAN_POINT('',(-5.5,-70.,-40.));
#2679 = VECTOR('',#2680,1.);
#2680 = DIRECTION('',(0.,0.707106781187,-0.707106781187));
#2681 = PCURVE('',#267,#2682);
#2682 = DEFINITIONAL_REPRESENTATION('',(#2683),#2687);
#2683 = LINE('',#2684,#2685);
#2684 = CARTESIAN_POINT('',(0.,-2.5));
#2685 = VECTOR('',#2686,1.);
#2686 = DIRECTION('',(1.,0.));
#2687 = ( GEOMETRIC_REPRESENTATION_CONTEXT(2) 
PARAMETRIC_REPRESENTATION_CONTEXT() REPRESENTATION_CONTEXT('2D SPACE',''
  ) );
#2688 = PCURVE('',#481,#2689);
#2689 = DEFINITIONAL_REPRESENTATION('',(#2690),#2694);
#2690 = LINE('',#2691,#2692);
#2691 = CARTESIAN_POINT('',(-0.,0.353553390593));
#2692 = VECTOR('',#2693,1.);
#2693 = DIRECTION('',(-1.,0.));
#2694 = ( GEOMETRIC_REPRESENTATION_CONTEXT(2) 
PARAMETRIC_REPRESENTATION_CONTEXT() REPRESENTATION_CONTEXT('2D SPACE',''
  ) );
#2695 = ADVANCED_FACE('',(#2696),#325,.F.);
#2696 = FACE_BOUND('',#2697,.F.);
#2697 = EDGE_LOOP('',(#2698,#2699,#2722,#2748));
#2698 = ORIENTED_EDGE('',*,*,#413,.F.);
#2699 = ORIENTED_EDGE('',*,*,#2700,.T.);
#2700 = EDGE_CURVE('',#414,#2701,#2703,.T.);
#2701 = VERTEX_POINT('',#2702);
#2702 = CARTESIAN_POINT('',(0.,60.,-49.29289321881));
#2703 = SURFACE_CURVE('',#2704,(#2708,#2715),.PCURVE_S1.);
#2704 = LINE('',#2705,#2706);
#2705 = CARTESIAN_POINT('',(0.,44.271446609407,-55.8078733497));
#2706 = VECTOR('',#2707,1.);
#2707 = DIRECTION('',(-0.,0.923879532511,0.382683432365));
#2708 = PCURVE('',#325,#2709);
#2709 = DEFINITIONAL_REPRESENTATION('',(#2710),#2714);
#2710 = LINE('',#2711,#2712);
#2711 = CARTESIAN_POINT('',(-16.48326741171,-3.600539077579E-14));
#2712 = VECTOR('',#2713,1.);
#2713 = DIRECTION('',(1.,1.774461268627E-15));
#2714 = ( GEOMETRIC_REPRESENTATION_CONTEXT(2) 
PARAMETRIC_REPRESENTATION_CONTEXT() REPRESENTATION_CONTEXT('2D SPACE',''
  ) );
#2715 = PCURVE('',#450,#2716);
#2716 = DEFINITIONAL_REPRESENTATION('',(#2717),#2721);
#2717 = LINE('',#2718,#2719);
#2718 = CARTESIAN_POINT('',(44.271446609407,-63.8078733497));
#2719 = VECTOR('',#2720,1.);
#2720 = DIRECTION('',(0.923879532511,0.382683432365));
#2721 = ( GEOMETRIC_REPRESENTATION_CONTEXT(2) 
PARAMETRIC_REPRESENTATION_CONTEXT() REPRESENTATION_CONTEXT('2D SPACE',''
  ) );
#2722 = ORIENTED_EDGE('',*,*,#2723,.T.);
#2723 = EDGE_CURVE('',#2701,#310,#2724,.T.);
#2724 = SURFACE_CURVE('',#2725,(#2729,#2736),.PCURVE_S1.);
#2725 = LINE('',#2726,#2727);
#2726 = CARTESIAN_POINT('',(-7.322330470336E-02,60.051776695297,
    -49.34466991411));
#2727 = VECTOR('',#2728,1.);
#2728 = DIRECTION('',(-0.707106781187,0.5,-0.5));
#2729 = PCURVE('',#325,#2730);
#2730 = DEFINITIONAL_REPRESENTATION('',(#2731),#2735);
#2731 = LINE('',#2732,#2733);
#2732 = CARTESIAN_POINT('',(0.569217445719,9.969006417713E-02));
#2733 = VECTOR('',#2734,1.);
#2734 = DIRECTION('',(0.270598050073,0.962692419881));
#2735 = ( GEOMETRIC_REPRESENTATION_CONTEXT(2) 
PARAMETRIC_REPRESENTATION_CONTEXT() REPRESENTATION_CONTEXT('2D SPACE',''
  ) );
#2736 = PCURVE('',#2737,#2742);
#2737 = PLANE('',#2738);
#2738 = AXIS2_PLACEMENT_3D('',#2739,#2740,#2741);
#2739 = CARTESIAN_POINT('',(-0.25,59.823223304703,-49.8232233047));
#2740 = DIRECTION('',(0.707106781187,0.5,-0.5));
#2741 = DIRECTION('',(4.215475462275E-30,0.707106781187,0.707106781187)
  );
#2742 = DEFINITIONAL_REPRESENTATION('',(#2743),#2747);
#2743 = LINE('',#2744,#2745);
#2744 = CARTESIAN_POINT('',(0.5,0.25));
#2745 = VECTOR('',#2746,1.);
#2746 = DIRECTION('',(1.692340751154E-14,-1.));
#2747 = ( GEOMETRIC_REPRESENTATION_CONTEXT(2) 
PARAMETRIC_REPRESENTATION_CONTEXT() REPRESENTATION_CONTEXT('2D SPACE',''
  ) );
#2748 = ORIENTED_EDGE('',*,*,#309,.F.);
#2749 = ADVANCED_FACE('',(#2750),#353,.T.);
#2750 = FACE_BOUND('',#2751,.T.);
#2751 = EDGE_LOOP('',(#2752,#2753,#2776,#2804));
#2752 = ORIENTED_EDGE('',*,*,#337,.F.);
#2753 = ORIENTED_EDGE('',*,*,#2754,.T.);
#2754 = EDGE_CURVE('',#338,#2755,#2757,.T.);
#2755 = VERTEX_POINT('',#2756);
#2756 = CARTESIAN_POINT('',(-5.5,69.646446609407,-40.35355339059));
#2757 = SURFACE_CURVE('',#2758,(#2762,#2769),.PCURVE_S1.);
#2758 = LINE('',#2759,#2760);
#2759 = CARTESIAN_POINT('',(-5.5,60.,-50.));
#2760 = VECTOR('',#2761,1.);
#2761 = DIRECTION('',(0.,0.707106781187,0.707106781187));
#2762 = PCURVE('',#353,#2763);
#2763 = DEFINITIONAL_REPRESENTATION('',(#2764),#2768);
#2764 = LINE('',#2765,#2766);
#2765 = CARTESIAN_POINT('',(0.,-2.5));
#2766 = VECTOR('',#2767,1.);
#2767 = DIRECTION('',(1.,0.));
#2768 = ( GEOMETRIC_REPRESENTATION_CONTEXT(2) 
PARAMETRIC_REPRESENTATION_CONTEXT() REPRESENTATION_CONTEXT('2D SPACE',''
  ) );
#2769 = PCURVE('',#559,#2770);
#2770 = DEFINITIONAL_REPRESENTATION('',(#2771),#2775);
#2771 = LINE('',#2772,#2773);
#2772 = CARTESIAN_POINT('',(8.881784197001E-16,0.353553390593));
#2773 = VECTOR('',#2774,1.);
#2774 = DIRECTION('',(-1.,0.));
#2775 = ( GEOMETRIC_REPRESENTATION_CONTEXT(2) 
PARAMETRIC_REPRESENTATION_CONTEXT() REPRESENTATION_CONTEXT('2D SPACE',''
  ) );
#2776 = ORIENTED_EDGE('',*,*,#2777,.T.);
#2777 = EDGE_CURVE('',#2755,#2778,#2780,.T.);
#2778 = VERTEX_POINT('',#2779);
#2779 = CARTESIAN_POINT('',(-0.5,69.646446609407,-40.35355339059));
#2780 = SURFACE_CURVE('',#2781,(#2785,#2792),.PCURVE_S1.);
#2781 = LINE('',#2782,#2783);
#2782 = CARTESIAN_POINT('',(-6.,69.646446609407,-40.35355339059));
#2783 = VECTOR('',#2784,1.);
#2784 = DIRECTION('',(1.,0.,0.));
#2785 = PCURVE('',#353,#2786);
#2786 = DEFINITIONAL_REPRESENTATION('',(#2787),#2791);
#2787 = LINE('',#2788,#2789);
#2788 = CARTESIAN_POINT('',(13.642135623731,-3.));
#2789 = VECTOR('',#2790,1.);
#2790 = DIRECTION('',(0.,1.));
#2791 = ( GEOMETRIC_REPRESENTATION_CONTEXT(2) 
PARAMETRIC_REPRESENTATION_CONTEXT() REPRESENTATION_CONTEXT('2D SPACE',''
  ) );
#2792 = PCURVE('',#2793,#2798);
#2793 = PLANE('',#2794);
#2794 = AXIS2_PLACEMENT_3D('',#2795,#2796,#2797);
#2795 = CARTESIAN_POINT('',(-6.,69.823223304703,-39.92677669529));
#2796 = DIRECTION('',(-1.558881281559E-19,0.923879532511,-0.382683432365
    ));
#2797 = DIRECTION('',(-1.,-1.440218509648E-19,5.965580394769E-20));
#2798 = DEFINITIONAL_REPRESENTATION('',(#2799),#2803);
#2799 = LINE('',#2800,#2801);
#2800 = CARTESIAN_POINT('',(-0.,-0.461939766256));
#2801 = VECTOR('',#2802,1.);
#2802 = DIRECTION('',(-1.,0.));
#2803 = ( GEOMETRIC_REPRESENTATION_CONTEXT(2) 
PARAMETRIC_REPRESENTATION_CONTEXT() REPRESENTATION_CONTEXT('2D SPACE',''
  ) );
#2804 = ORIENTED_EDGE('',*,*,#2805,.F.);
#2805 = EDGE_CURVE('',#310,#2778,#2806,.T.);
#2806 = SURFACE_CURVE('',#2807,(#2811,#2818),.PCURVE_S1.);
#2807 = LINE('',#2808,#2809);
#2808 = CARTESIAN_POINT('',(-0.5,60.,-50.));
#2809 = VECTOR('',#2810,1.);
#2810 = DIRECTION('',(0.,0.707106781187,0.707106781187));
#2811 = PCURVE('',#353,#2812);
#2812 = DEFINITIONAL_REPRESENTATION('',(#2813),#2817);
#2813 = LINE('',#2814,#2815);
#2814 = CARTESIAN_POINT('',(0.,2.5));
#2815 = VECTOR('',#2816,1.);
#2816 = DIRECTION('',(1.,0.));
#2817 = ( GEOMETRIC_REPRESENTATION_CONTEXT(2) 
PARAMETRIC_REPRESENTATION_CONTEXT() REPRESENTATION_CONTEXT('2D SPACE',''
  ) );
#2818 = PCURVE('',#2737,#2819);
#2819 = DEFINITIONAL_REPRESENTATION('',(#2820),#2824);
#2820 = LINE('',#2821,#2822);
#2821 = CARTESIAN_POINT('',(-8.881784197001E-16,-0.353553390593));
#2822 = VECTOR('',#2823,1.);
#2823 = DIRECTION('',(1.,0.));
#2824 = ( GEOMETRIC_REPRESENTATION_CONTEXT(2) 
PARAMETRIC_REPRESENTATION_CONTEXT() REPRESENTATION_CONTEXT('2D SPACE',''
  ) );
#2825 = ADVANCED_FACE('',(#2826,#3183,#3214,#3245,#3695,#3726),#450,.T.
  );
#2826 = FACE_BOUND('',#2827,.T.);
#2827 = EDGE_LOOP('',(#2828,#2829,#2830,#2853,#2881,#2909,#2937,#2965,
    #2993,#3021,#3049,#3077,#3105,#3133,#3161,#3182));
#2828 = ORIENTED_EDGE('',*,*,#436,.T.);
#2829 = ORIENTED_EDGE('',*,*,#2700,.T.);
#2830 = ORIENTED_EDGE('',*,*,#2831,.T.);
#2831 = EDGE_CURVE('',#2701,#2832,#2834,.T.);
#2832 = VERTEX_POINT('',#2833);
#2833 = CARTESIAN_POINT('',(0.,69.292893218813,-40.));
#2834 = SURFACE_CURVE('',#2835,(#2839,#2846),.PCURVE_S1.);
#2835 = LINE('',#2836,#2837);
#2836 = CARTESIAN_POINT('',(3.330669073875E-16,59.646446609407,
    -49.6464466094));
#2837 = VECTOR('',#2838,1.);
#2838 = DIRECTION('',(0.,0.707106781187,0.707106781187));
#2839 = PCURVE('',#450,#2840);
#2840 = DEFINITIONAL_REPRESENTATION('',(#2841),#2845);
#2841 = LINE('',#2842,#2843);
#2842 = CARTESIAN_POINT('',(59.646446609407,-57.6464466094));
#2843 = VECTOR('',#2844,1.);
#2844 = DIRECTION('',(0.707106781187,0.707106781187));
#2845 = ( GEOMETRIC_REPRESENTATION_CONTEXT(2) 
PARAMETRIC_REPRESENTATION_CONTEXT() REPRESENTATION_CONTEXT('2D SPACE',''
  ) );
#2846 = PCURVE('',#2737,#2847);
#2847 = DEFINITIONAL_REPRESENTATION('',(#2848),#2852);
#2848 = LINE('',#2849,#2850);
#2849 = CARTESIAN_POINT('',(8.881784197001E-16,0.353553390593));
#2850 = VECTOR('',#2851,1.);
#2851 = DIRECTION('',(1.,0.));
#2852 = ( GEOMETRIC_REPRESENTATION_CONTEXT(2) 
PARAMETRIC_REPRESENTATION_CONTEXT() REPRESENTATION_CONTEXT('2D SPACE',''
  ) );
#2853 = ORIENTED_EDGE('',*,*,#2854,.T.);
#2854 = EDGE_CURVE('',#2832,#2855,#2857,.T.);
#2855 = VERTEX_POINT('',#2856);
#2856 = CARTESIAN_POINT('',(0.,69.5,-39.5));
#2857 = SURFACE_CURVE('',#2858,(#2862,#2869),.PCURVE_S1.);
#2858 = LINE('',#2859,#2860);
#2859 = CARTESIAN_POINT('',(0.,72.704319959113,-31.76408729652));
#2860 = VECTOR('',#2861,1.);
#2861 = DIRECTION('',(-0.,0.382683432365,0.923879532511));
#2862 = PCURVE('',#450,#2863);
#2863 = DEFINITIONAL_REPRESENTATION('',(#2864),#2868);
#2864 = LINE('',#2865,#2866);
#2865 = CARTESIAN_POINT('',(72.704319959113,-39.76408729652));
#2866 = VECTOR('',#2867,1.);
#2867 = DIRECTION('',(0.382683432365,0.923879532511));
#2868 = ( GEOMETRIC_REPRESENTATION_CONTEXT(2) 
PARAMETRIC_REPRESENTATION_CONTEXT() REPRESENTATION_CONTEXT('2D SPACE',''
  ) );
#2869 = PCURVE('',#2870,#2875);
#2870 = PLANE('',#2871);
#2871 = AXIS2_PLACEMENT_3D('',#2872,#2873,#2874);
#2872 = CARTESIAN_POINT('',(0.,69.292893218813,-40.));
#2873 = DIRECTION('',(-0.678598344546,-0.678598344546,0.281084637715));
#2874 = DIRECTION('',(-1.217790131659E-15,0.382683432365,0.923879532511)
  );
#2875 = DEFINITIONAL_REPRESENTATION('',(#2876),#2880);
#2876 = LINE('',#2877,#2878);
#2877 = CARTESIAN_POINT('',(8.914487672529,-1.225931351661E-14));
#2878 = VECTOR('',#2879,1.);
#2879 = DIRECTION('',(1.,-1.683125307128E-15));
#2880 = ( GEOMETRIC_REPRESENTATION_CONTEXT(2) 
PARAMETRIC_REPRESENTATION_CONTEXT() REPRESENTATION_CONTEXT('2D SPACE',''
  ) );
#2881 = ORIENTED_EDGE('',*,*,#2882,.T.);
#2882 = EDGE_CURVE('',#2855,#2883,#2885,.T.);
#2883 = VERTEX_POINT('',#2884);
#2884 = CARTESIAN_POINT('',(0.,69.5,55.5));
#2885 = SURFACE_CURVE('',#2886,(#2890,#2897),.PCURVE_S1.);
#2886 = LINE('',#2887,#2888);
#2887 = CARTESIAN_POINT('',(0.,69.5,-40.));
#2888 = VECTOR('',#2889,1.);
#2889 = DIRECTION('',(0.,0.,1.));
#2890 = PCURVE('',#450,#2891);
#2891 = DEFINITIONAL_REPRESENTATION('',(#2892),#2896);
#2892 = LINE('',#2893,#2894);
#2893 = CARTESIAN_POINT('',(69.5,-48.));
#2894 = VECTOR('',#2895,1.);
#2895 = DIRECTION('',(0.,1.));
#2896 = ( GEOMETRIC_REPRESENTATION_CONTEXT(2) 
PARAMETRIC_REPRESENTATION_CONTEXT() REPRESENTATION_CONTEXT('2D SPACE',''
  ) );
#2897 = PCURVE('',#2898,#2903);
#2898 = PLANE('',#2899);
#2899 = AXIS2_PLACEMENT_3D('',#2900,#2901,#2902);
#2900 = CARTESIAN_POINT('',(-0.25,69.75,-40.));
#2901 = DIRECTION('',(0.707106781187,0.707106781187,-1.889513820523E-18)
  );
#2902 = DIRECTION('',(-1.336088035637E-18,-1.336088035637E-18,-1.));
#2903 = DEFINITIONAL_REPRESENTATION('',(#2904),#2908);
#2904 = LINE('',#2905,#2906);
#2905 = CARTESIAN_POINT('',(-0.,-0.353553390593));
#2906 = VECTOR('',#2907,1.);
#2907 = DIRECTION('',(-1.,0.));
#2908 = ( GEOMETRIC_REPRESENTATION_CONTEXT(2) 
PARAMETRIC_REPRESENTATION_CONTEXT() REPRESENTATION_CONTEXT('2D SPACE',''
  ) );
#2909 = ORIENTED_EDGE('',*,*,#2910,.T.);
#2910 = EDGE_CURVE('',#2883,#2911,#2913,.T.);
#2911 = VERTEX_POINT('',#2912);
#2912 = CARTESIAN_POINT('',(0.,69.292893218813,56.));
#2913 = SURFACE_CURVE('',#2914,(#2918,#2925),.PCURVE_S1.);
#2914 = LINE('',#2915,#2916);
#2915 = CARTESIAN_POINT('',(0.,72.807873349707,47.514087296526));
#2916 = VECTOR('',#2917,1.);
#2917 = DIRECTION('',(0.,-0.382683432365,0.923879532511));
#2918 = PCURVE('',#450,#2919);
#2919 = DEFINITIONAL_REPRESENTATION('',(#2920),#2924);
#2920 = LINE('',#2921,#2922);
#2921 = CARTESIAN_POINT('',(72.807873349707,39.514087296526));
#2922 = VECTOR('',#2923,1.);
#2923 = DIRECTION('',(-0.382683432365,0.923879532511));
#2924 = ( GEOMETRIC_REPRESENTATION_CONTEXT(2) 
PARAMETRIC_REPRESENTATION_CONTEXT() REPRESENTATION_CONTEXT('2D SPACE',''
  ) );
#2925 = PCURVE('',#2926,#2931);
#2926 = PLANE('',#2927);
#2927 = AXIS2_PLACEMENT_3D('',#2928,#2929,#2930);
#2928 = CARTESIAN_POINT('',(0.,69.5,55.5));
#2929 = DIRECTION('',(-0.678598344546,-0.678598344546,-0.281084637715));
#2930 = DIRECTION('',(6.736324904958E-15,-0.382683432365,0.923879532511)
  );
#2931 = DEFINITIONAL_REPRESENTATION('',(#2932),#2936);
#2932 = LINE('',#2933,#2934);
#2933 = CARTESIAN_POINT('',(-8.643889622456,-8.775777763101E-14));
#2934 = VECTOR('',#2935,1.);
#2935 = DIRECTION('',(1.,9.200631887461E-15));
#2936 = ( GEOMETRIC_REPRESENTATION_CONTEXT(2) 
PARAMETRIC_REPRESENTATION_CONTEXT() REPRESENTATION_CONTEXT('2D SPACE',''
  ) );
#2937 = ORIENTED_EDGE('',*,*,#2938,.T.);
#2938 = EDGE_CURVE('',#2911,#2939,#2941,.T.);
#2939 = VERTEX_POINT('',#2940);
#2940 = CARTESIAN_POINT('',(0.,60.,65.292893218813));
#2941 = SURFACE_CURVE('',#2942,(#2946,#2953),.PCURVE_S1.);
#2942 = LINE('',#2943,#2944);
#2943 = CARTESIAN_POINT('',(3.330669073875E-16,69.646446609407,
    55.646446609407));
#2944 = VECTOR('',#2945,1.);
#2945 = DIRECTION('',(0.,-0.707106781187,0.707106781187));
#2946 = PCURVE('',#450,#2947);
#2947 = DEFINITIONAL_REPRESENTATION('',(#2948),#2952);
#2948 = LINE('',#2949,#2950);
#2949 = CARTESIAN_POINT('',(69.646446609407,47.646446609407));
#2950 = VECTOR('',#2951,1.);
#2951 = DIRECTION('',(-0.707106781187,0.707106781187));
#2952 = ( GEOMETRIC_REPRESENTATION_CONTEXT(2) 
PARAMETRIC_REPRESENTATION_CONTEXT() REPRESENTATION_CONTEXT('2D SPACE',''
  ) );
#2953 = PCURVE('',#2954,#2959);
#2954 = PLANE('',#2955);
#2955 = AXIS2_PLACEMENT_3D('',#2956,#2957,#2958);
#2956 = CARTESIAN_POINT('',(-0.25,69.823223304703,55.823223304703));
#2957 = DIRECTION('',(0.707106781187,0.5,0.5));
#2958 = DIRECTION('',(-2.498001805407E-16,0.707106781187,-0.707106781187
    ));
#2959 = DEFINITIONAL_REPRESENTATION('',(#2960),#2964);
#2960 = LINE('',#2961,#2962);
#2961 = CARTESIAN_POINT('',(-0.,-0.353553390593));
#2962 = VECTOR('',#2963,1.);
#2963 = DIRECTION('',(-1.,0.));
#2964 = ( GEOMETRIC_REPRESENTATION_CONTEXT(2) 
PARAMETRIC_REPRESENTATION_CONTEXT() REPRESENTATION_CONTEXT('2D SPACE',''
  ) );
#2965 = ORIENTED_EDGE('',*,*,#2966,.T.);
#2966 = EDGE_CURVE('',#2939,#2967,#2969,.T.);
#2967 = VERTEX_POINT('',#2968);
#2968 = CARTESIAN_POINT('',(0.,59.5,65.5));
#2969 = SURFACE_CURVE('',#2970,(#2974,#2981),.PCURVE_S1.);
#2970 = LINE('',#2971,#2972);
#2971 = CARTESIAN_POINT('',(0.,44.521446609406,71.704319959113));
#2972 = VECTOR('',#2973,1.);
#2973 = DIRECTION('',(0.,-0.923879532511,0.382683432365));
#2974 = PCURVE('',#450,#2975);
#2975 = DEFINITIONAL_REPRESENTATION('',(#2976),#2980);
#2976 = LINE('',#2977,#2978);
#2977 = CARTESIAN_POINT('',(44.521446609406,63.704319959113));
#2978 = VECTOR('',#2979,1.);
#2979 = DIRECTION('',(-0.923879532511,0.382683432365));
#2980 = ( GEOMETRIC_REPRESENTATION_CONTEXT(2) 
PARAMETRIC_REPRESENTATION_CONTEXT() REPRESENTATION_CONTEXT('2D SPACE',''
  ) );
#2981 = PCURVE('',#2982,#2987);
#2982 = PLANE('',#2983);
#2983 = AXIS2_PLACEMENT_3D('',#2984,#2985,#2986);
#2984 = CARTESIAN_POINT('',(0.,60.,65.292893218813));
#2985 = DIRECTION('',(-0.678598344546,-0.281084637715,-0.678598344546));
#2986 = DIRECTION('',(-1.058858499492E-14,-0.923879532511,0.382683432365
    ));
#2987 = DEFINITIONAL_REPRESENTATION('',(#2988),#2992);
#2988 = LINE('',#2989,#2990);
#2989 = CARTESIAN_POINT('',(16.753865461788,-2.35196787788E-13));
#2990 = VECTOR('',#2991,1.);
#2991 = DIRECTION('',(1.,-1.438081583647E-14));
#2992 = ( GEOMETRIC_REPRESENTATION_CONTEXT(2) 
PARAMETRIC_REPRESENTATION_CONTEXT() REPRESENTATION_CONTEXT('2D SPACE',''
  ) );
#2993 = ORIENTED_EDGE('',*,*,#2994,.T.);
#2994 = EDGE_CURVE('',#2967,#2995,#2997,.T.);
#2995 = VERTEX_POINT('',#2996);
#2996 = CARTESIAN_POINT('',(0.,-59.5,65.5));
#2997 = SURFACE_CURVE('',#2998,(#3002,#3009),.PCURVE_S1.);
#2998 = LINE('',#2999,#3000);
#2999 = CARTESIAN_POINT('',(0.,60.,65.5));
#3000 = VECTOR('',#3001,1.);
#3001 = DIRECTION('',(0.,-1.,0.));
#3002 = PCURVE('',#450,#3003);
#3003 = DEFINITIONAL_REPRESENTATION('',(#3004),#3008);
#3004 = LINE('',#3005,#3006);
#3005 = CARTESIAN_POINT('',(60.,57.5));
#3006 = VECTOR('',#3007,1.);
#3007 = DIRECTION('',(-1.,0.));
#3008 = ( GEOMETRIC_REPRESENTATION_CONTEXT(2) 
PARAMETRIC_REPRESENTATION_CONTEXT() REPRESENTATION_CONTEXT('2D SPACE',''
  ) );
#3009 = PCURVE('',#3010,#3015);
#3010 = PLANE('',#3011);
#3011 = AXIS2_PLACEMENT_3D('',#3012,#3013,#3014);
#3012 = CARTESIAN_POINT('',(-0.25,60.,65.75));
#3013 = DIRECTION('',(0.707106781187,-1.889513820523E-18,0.707106781187)
  );
#3014 = DIRECTION('',(1.336088035637E-18,1.,1.336088035637E-18));
#3015 = DEFINITIONAL_REPRESENTATION('',(#3016),#3020);
#3016 = LINE('',#3017,#3018);
#3017 = CARTESIAN_POINT('',(-0.,-0.353553390593));
#3018 = VECTOR('',#3019,1.);
#3019 = DIRECTION('',(-1.,0.));
#3020 = ( GEOMETRIC_REPRESENTATION_CONTEXT(2) 
PARAMETRIC_REPRESENTATION_CONTEXT() REPRESENTATION_CONTEXT('2D SPACE',''
  ) );
#3021 = ORIENTED_EDGE('',*,*,#3022,.F.);
#3022 = EDGE_CURVE('',#3023,#2995,#3025,.T.);
#3023 = VERTEX_POINT('',#3024);
#3024 = CARTESIAN_POINT('',(0.,-60.,65.292893218813));
#3025 = SURFACE_CURVE('',#3026,(#3030,#3037),.PCURVE_S1.);
#3026 = LINE('',#3027,#3028);
#3027 = CARTESIAN_POINT('',(0.,-44.5214466094,71.704319959113));
#3028 = VECTOR('',#3029,1.);
#3029 = DIRECTION('',(-0.,0.923879532511,0.382683432365));
#3030 = PCURVE('',#450,#3031);
#3031 = DEFINITIONAL_REPRESENTATION('',(#3032),#3036);
#3032 = LINE('',#3033,#3034);
#3033 = CARTESIAN_POINT('',(-44.5214466094,63.704319959113));
#3034 = VECTOR('',#3035,1.);
#3035 = DIRECTION('',(0.923879532511,0.382683432365));
#3036 = ( GEOMETRIC_REPRESENTATION_CONTEXT(2) 
PARAMETRIC_REPRESENTATION_CONTEXT() REPRESENTATION_CONTEXT('2D SPACE',''
  ) );
#3037 = PCURVE('',#3038,#3043);
#3038 = PLANE('',#3039);
#3039 = AXIS2_PLACEMENT_3D('',#3040,#3041,#3042);
#3040 = CARTESIAN_POINT('',(0.,-60.,65.292893218813));
#3041 = DIRECTION('',(0.678598344546,-0.281084637715,0.678598344546));
#3042 = DIRECTION('',(-1.284283846201E-15,0.923879532511,0.382683432365)
  );
#3043 = DEFINITIONAL_REPRESENTATION('',(#3044),#3048);
#3044 = LINE('',#3045,#3046);
#3045 = CARTESIAN_POINT('',(16.753865461788,-2.860395011974E-14));
#3046 = VECTOR('',#3047,1.);
#3047 = DIRECTION('',(1.,-1.726305778099E-15));
#3048 = ( GEOMETRIC_REPRESENTATION_CONTEXT(2) 
PARAMETRIC_REPRESENTATION_CONTEXT() REPRESENTATION_CONTEXT('2D SPACE',''
  ) );
#3049 = ORIENTED_EDGE('',*,*,#3050,.T.);
#3050 = EDGE_CURVE('',#3023,#3051,#3053,.T.);
#3051 = VERTEX_POINT('',#3052);
#3052 = CARTESIAN_POINT('',(0.,-69.29289321881,56.));
#3053 = SURFACE_CURVE('',#3054,(#3058,#3065),.PCURVE_S1.);
#3054 = LINE('',#3055,#3056);
#3055 = CARTESIAN_POINT('',(3.330669073875E-16,-59.6464466094,
    65.646446609407));
#3056 = VECTOR('',#3057,1.);
#3057 = DIRECTION('',(0.,-0.707106781187,-0.707106781187));
#3058 = PCURVE('',#450,#3059);
#3059 = DEFINITIONAL_REPRESENTATION('',(#3060),#3064);
#3060 = LINE('',#3061,#3062);
#3061 = CARTESIAN_POINT('',(-59.6464466094,57.646446609407));
#3062 = VECTOR('',#3063,1.);
#3063 = DIRECTION('',(-0.707106781187,-0.707106781187));
#3064 = ( GEOMETRIC_REPRESENTATION_CONTEXT(2) 
PARAMETRIC_REPRESENTATION_CONTEXT() REPRESENTATION_CONTEXT('2D SPACE',''
  ) );
#3065 = PCURVE('',#3066,#3071);
#3066 = PLANE('',#3067);
#3067 = AXIS2_PLACEMENT_3D('',#3068,#3069,#3070);
#3068 = CARTESIAN_POINT('',(-0.25,-59.8232233047,65.823223304703));
#3069 = DIRECTION('',(0.707106781187,-0.5,0.5));
#3070 = DIRECTION('',(-4.215475462275E-30,0.707106781187,0.707106781187)
  );
#3071 = DEFINITIONAL_REPRESENTATION('',(#3072),#3076);
#3072 = LINE('',#3073,#3074);
#3073 = CARTESIAN_POINT('',(-8.881784197001E-16,-0.353553390593));
#3074 = VECTOR('',#3075,1.);
#3075 = DIRECTION('',(-1.,0.));
#3076 = ( GEOMETRIC_REPRESENTATION_CONTEXT(2) 
PARAMETRIC_REPRESENTATION_CONTEXT() REPRESENTATION_CONTEXT('2D SPACE',''
  ) );
#3077 = ORIENTED_EDGE('',*,*,#3078,.F.);
#3078 = EDGE_CURVE('',#3079,#3051,#3081,.T.);
#3079 = VERTEX_POINT('',#3080);
#3080 = CARTESIAN_POINT('',(0.,-69.5,55.5));
#3081 = SURFACE_CURVE('',#3082,(#3086,#3093),.PCURVE_S1.);
#3082 = LINE('',#3083,#3084);
#3083 = CARTESIAN_POINT('',(0.,-72.8078733497,47.514087296526));
#3084 = VECTOR('',#3085,1.);
#3085 = DIRECTION('',(-0.,0.382683432365,0.923879532511));
#3086 = PCURVE('',#450,#3087);
#3087 = DEFINITIONAL_REPRESENTATION('',(#3088),#3092);
#3088 = LINE('',#3089,#3090);
#3089 = CARTESIAN_POINT('',(-72.8078733497,39.514087296526));
#3090 = VECTOR('',#3091,1.);
#3091 = DIRECTION('',(0.382683432365,0.923879532511));
#3092 = ( GEOMETRIC_REPRESENTATION_CONTEXT(2) 
PARAMETRIC_REPRESENTATION_CONTEXT() REPRESENTATION_CONTEXT('2D SPACE',''
  ) );
#3093 = PCURVE('',#3094,#3099);
#3094 = PLANE('',#3095);
#3095 = AXIS2_PLACEMENT_3D('',#3096,#3097,#3098);
#3096 = CARTESIAN_POINT('',(0.,-69.5,55.5));
#3097 = DIRECTION('',(0.678598344546,-0.678598344546,0.281084637715));
#3098 = DIRECTION('',(1.447368637588E-15,0.382683432365,0.923879532511)
  );
#3099 = DEFINITIONAL_REPRESENTATION('',(#3100),#3104);
#3100 = LINE('',#3101,#3102);
#3101 = CARTESIAN_POINT('',(-8.643889622456,-1.875869224056E-14));
#3102 = VECTOR('',#3103,1.);
#3103 = DIRECTION('',(1.,2.01188390384E-15));
#3104 = ( GEOMETRIC_REPRESENTATION_CONTEXT(2) 
PARAMETRIC_REPRESENTATION_CONTEXT() REPRESENTATION_CONTEXT('2D SPACE',''
  ) );
#3105 = ORIENTED_EDGE('',*,*,#3106,.T.);
#3106 = EDGE_CURVE('',#3079,#3107,#3109,.T.);
#3107 = VERTEX_POINT('',#3108);
#3108 = CARTESIAN_POINT('',(0.,-69.5,-39.5));
#3109 = SURFACE_CURVE('',#3110,(#3114,#3121),.PCURVE_S1.);
#3110 = LINE('',#3111,#3112);
#3111 = CARTESIAN_POINT('',(0.,-69.5,56.));
#3112 = VECTOR('',#3113,1.);
#3113 = DIRECTION('',(0.,0.,-1.));
#3114 = PCURVE('',#450,#3115);
#3115 = DEFINITIONAL_REPRESENTATION('',(#3116),#3120);
#3116 = LINE('',#3117,#3118);
#3117 = CARTESIAN_POINT('',(-69.5,48.));
#3118 = VECTOR('',#3119,1.);
#3119 = DIRECTION('',(0.,-1.));
#3120 = ( GEOMETRIC_REPRESENTATION_CONTEXT(2) 
PARAMETRIC_REPRESENTATION_CONTEXT() REPRESENTATION_CONTEXT('2D SPACE',''
  ) );
#3121 = PCURVE('',#3122,#3127);
#3122 = PLANE('',#3123);
#3123 = AXIS2_PLACEMENT_3D('',#3124,#3125,#3126);
#3124 = CARTESIAN_POINT('',(-0.25,-69.75,56.));
#3125 = DIRECTION('',(0.707106781187,-0.707106781187,1.889513820523E-18)
  );
#3126 = DIRECTION('',(-1.336088035637E-18,1.336088035637E-18,1.));
#3127 = DEFINITIONAL_REPRESENTATION('',(#3128),#3132);
#3128 = LINE('',#3129,#3130);
#3129 = CARTESIAN_POINT('',(-0.,-0.353553390593));
#3130 = VECTOR('',#3131,1.);
#3131 = DIRECTION('',(-1.,0.));
#3132 = ( GEOMETRIC_REPRESENTATION_CONTEXT(2) 
PARAMETRIC_REPRESENTATION_CONTEXT() REPRESENTATION_CONTEXT('2D SPACE',''
  ) );
#3133 = ORIENTED_EDGE('',*,*,#3134,.F.);
#3134 = EDGE_CURVE('',#3135,#3107,#3137,.T.);
#3135 = VERTEX_POINT('',#3136);
#3136 = CARTESIAN_POINT('',(0.,-69.29289321881,-40.));
#3137 = SURFACE_CURVE('',#3138,(#3142,#3149),.PCURVE_S1.);
#3138 = LINE('',#3139,#3140);
#3139 = CARTESIAN_POINT('',(0.,-72.70431995911,-31.76408729652));
#3140 = VECTOR('',#3141,1.);
#3141 = DIRECTION('',(0.,-0.382683432365,0.923879532511));
#3142 = PCURVE('',#450,#3143);
#3143 = DEFINITIONAL_REPRESENTATION('',(#3144),#3148);
#3144 = LINE('',#3145,#3146);
#3145 = CARTESIAN_POINT('',(-72.70431995911,-39.76408729652));
#3146 = VECTOR('',#3147,1.);
#3147 = DIRECTION('',(-0.382683432365,0.923879532511));
#3148 = ( GEOMETRIC_REPRESENTATION_CONTEXT(2) 
PARAMETRIC_REPRESENTATION_CONTEXT() REPRESENTATION_CONTEXT('2D SPACE',''
  ) );
#3149 = PCURVE('',#3150,#3155);
#3150 = PLANE('',#3151);
#3151 = AXIS2_PLACEMENT_3D('',#3152,#3153,#3154);
#3152 = CARTESIAN_POINT('',(0.,-69.29289321881,-40.));
#3153 = DIRECTION('',(0.678598344546,-0.678598344546,-0.281084637715));
#3154 = DIRECTION('',(-6.714241328065E-15,-0.382683432365,0.923879532511
    ));
#3155 = DEFINITIONAL_REPRESENTATION('',(#3156),#3160);
#3156 = LINE('',#3157,#3158);
#3157 = CARTESIAN_POINT('',(8.914487672529,-8.767979849048E-14));
#3158 = VECTOR('',#3159,1.);
#3159 = DIRECTION('',(1.,-9.080325399106E-15));
#3160 = ( GEOMETRIC_REPRESENTATION_CONTEXT(2) 
PARAMETRIC_REPRESENTATION_CONTEXT() REPRESENTATION_CONTEXT('2D SPACE',''
  ) );
#3161 = ORIENTED_EDGE('',*,*,#3162,.T.);
#3162 = EDGE_CURVE('',#3135,#2570,#3163,.T.);
#3163 = SURFACE_CURVE('',#3164,(#3168,#3175),.PCURVE_S1.);
#3164 = LINE('',#3165,#3166);
#3165 = CARTESIAN_POINT('',(3.330669073875E-16,-69.6464466094,
    -39.6464466094));
#3166 = VECTOR('',#3167,1.);
#3167 = DIRECTION('',(0.,0.707106781187,-0.707106781187));
#3168 = PCURVE('',#450,#3169);
#3169 = DEFINITIONAL_REPRESENTATION('',(#3170),#3174);
#3170 = LINE('',#3171,#3172);
#3171 = CARTESIAN_POINT('',(-69.6464466094,-47.6464466094));
#3172 = VECTOR('',#3173,1.);
#3173 = DIRECTION('',(0.707106781187,-0.707106781187));
#3174 = ( GEOMETRIC_REPRESENTATION_CONTEXT(2) 
PARAMETRIC_REPRESENTATION_CONTEXT() REPRESENTATION_CONTEXT('2D SPACE',''
  ) );
#3175 = PCURVE('',#2585,#3176);
#3176 = DEFINITIONAL_REPRESENTATION('',(#3177),#3181);
#3177 = LINE('',#3178,#3179);
#3178 = CARTESIAN_POINT('',(-0.,-0.353553390593));
#3179 = VECTOR('',#3180,1.);
#3180 = DIRECTION('',(-1.,0.));
#3181 = ( GEOMETRIC_REPRESENTATION_CONTEXT(2) 
PARAMETRIC_REPRESENTATION_CONTEXT() REPRESENTATION_CONTEXT('2D SPACE',''
  ) );
#3182 = ORIENTED_EDGE('',*,*,#2597,.T.);
#3183 = FACE_BOUND('',#3184,.T.);
#3184 = EDGE_LOOP('',(#3185));
#3185 = ORIENTED_EDGE('',*,*,#3186,.F.);
#3186 = EDGE_CURVE('',#3187,#3187,#3189,.T.);
#3187 = VERTEX_POINT('',#3188);
#3188 = CARTESIAN_POINT('',(0.,-52.,-37.25));
#3189 = SURFACE_CURVE('',#3190,(#3195,#3202),.PCURVE_S1.);
#3190 = CIRCLE('',#3191,3.25);
#3191 = AXIS2_PLACEMENT_3D('',#3192,#3193,#3194);
#3192 = CARTESIAN_POINT('',(0.,-52.,-34.));
#3193 = DIRECTION('',(1.,0.,0.));
#3194 = DIRECTION('',(0.,0.,-1.));
#3195 = PCURVE('',#450,#3196);
#3196 = DEFINITIONAL_REPRESENTATION('',(#3197),#3201);
#3197 = CIRCLE('',#3198,3.25);
#3198 = AXIS2_PLACEMENT_2D('',#3199,#3200);
#3199 = CARTESIAN_POINT('',(-52.,-42.));
#3200 = DIRECTION('',(0.,-1.));
#3201 = ( GEOMETRIC_REPRESENTATION_CONTEXT(2) 
PARAMETRIC_REPRESENTATION_CONTEXT() REPRESENTATION_CONTEXT('2D SPACE',''
  ) );
#3202 = PCURVE('',#3203,#3208);
#3203 = CONICAL_SURFACE('',#3204,2.75,0.785398163397);
#3204 = AXIS2_PLACEMENT_3D('',#3205,#3206,#3207);
#3205 = CARTESIAN_POINT('',(-0.5,-52.,-34.));
#3206 = DIRECTION('',(1.,0.,0.));
#3207 = DIRECTION('',(0.,0.,-1.));
#3208 = DEFINITIONAL_REPRESENTATION('',(#3209),#3213);
#3209 = LINE('',#3210,#3211);
#3210 = CARTESIAN_POINT('',(-0.,0.5));
#3211 = VECTOR('',#3212,1.);
#3212 = DIRECTION('',(1.,-0.));
#3213 = ( GEOMETRIC_REPRESENTATION_CONTEXT(2) 
PARAMETRIC_REPRESENTATION_CONTEXT() REPRESENTATION_CONTEXT('2D SPACE',''
  ) );
#3214 = FACE_BOUND('',#3215,.T.);
#3215 = EDGE_LOOP('',(#3216));
#3216 = ORIENTED_EDGE('',*,*,#3217,.F.);
#3217 = EDGE_CURVE('',#3218,#3218,#3220,.T.);
#3218 = VERTEX_POINT('',#3219);
#3219 = CARTESIAN_POINT('',(0.,52.,-37.25));
#3220 = SURFACE_CURVE('',#3221,(#3226,#3233),.PCURVE_S1.);
#3221 = CIRCLE('',#3222,3.25);
#3222 = AXIS2_PLACEMENT_3D('',#3223,#3224,#3225);
#3223 = CARTESIAN_POINT('',(0.,52.,-34.));
#3224 = DIRECTION('',(1.,0.,0.));
#3225 = DIRECTION('',(0.,0.,-1.));
#3226 = PCURVE('',#450,#3227);
#3227 = DEFINITIONAL_REPRESENTATION('',(#3228),#3232);
#3228 = CIRCLE('',#3229,3.25);
#3229 = AXIS2_PLACEMENT_2D('',#3230,#3231);
#3230 = CARTESIAN_POINT('',(52.,-42.));
#3231 = DIRECTION('',(0.,-1.));
#3232 = ( GEOMETRIC_REPRESENTATION_CONTEXT(2) 
PARAMETRIC_REPRESENTATION_CONTEXT() REPRESENTATION_CONTEXT('2D SPACE',''
  ) );
#3233 = PCURVE('',#3234,#3239);
#3234 = CONICAL_SURFACE('',#3235,2.75,0.785398163397);
#3235 = AXIS2_PLACEMENT_3D('',#3236,#3237,#3238);
#3236 = CARTESIAN_POINT('',(-0.5,52.,-34.));
#3237 = DIRECTION('',(1.,0.,0.));
#3238 = DIRECTION('',(0.,0.,-1.));
#3239 = DEFINITIONAL_REPRESENTATION('',(#3240),#3244);
#3240 = LINE('',#3241,#3242);
#3241 = CARTESIAN_POINT('',(-0.,0.5));
#3242 = VECTOR('',#3243,1.);
#3243 = DIRECTION('',(1.,-0.));
#3244 = ( GEOMETRIC_REPRESENTATION_CONTEXT(2) 
PARAMETRIC_REPRESENTATION_CONTEXT() REPRESENTATION_CONTEXT('2D SPACE',''
  ) );
#3245 = FACE_BOUND('',#3246,.T.);
#3246 = EDGE_LOOP('',(#3247,#3277,#3305,#3333,#3361,#3389,#3417,#3445,
    #3473,#3501,#3529,#3557,#3585,#3613,#3641,#3669));
#3247 = ORIENTED_EDGE('',*,*,#3248,.F.);
#3248 = EDGE_CURVE('',#3249,#3251,#3253,.T.);
#3249 = VERTEX_POINT('',#3250);
#3250 = CARTESIAN_POINT('',(0.,-30.5,-38.5));
#3251 = VERTEX_POINT('',#3252);
#3252 = CARTESIAN_POINT('',(0.,30.5,-38.5));
#3253 = SURFACE_CURVE('',#3254,(#3258,#3265),.PCURVE_S1.);
#3254 = LINE('',#3255,#3256);
#3255 = CARTESIAN_POINT('',(0.,-31.,-38.5));
#3256 = VECTOR('',#3257,1.);
#3257 = DIRECTION('',(0.,1.,0.));
#3258 = PCURVE('',#450,#3259);
#3259 = DEFINITIONAL_REPRESENTATION('',(#3260),#3264);
#3260 = LINE('',#3261,#3262);
#3261 = CARTESIAN_POINT('',(-31.,-46.5));
#3262 = VECTOR('',#3263,1.);
#3263 = DIRECTION('',(1.,0.));
#3264 = ( GEOMETRIC_REPRESENTATION_CONTEXT(2) 
PARAMETRIC_REPRESENTATION_CONTEXT() REPRESENTATION_CONTEXT('2D SPACE',''
  ) );
#3265 = PCURVE('',#3266,#3271);
#3266 = PLANE('',#3267);
#3267 = AXIS2_PLACEMENT_3D('',#3268,#3269,#3270);
#3268 = CARTESIAN_POINT('',(0.25,-31.,-38.25));
#3269 = DIRECTION('',(-0.707106781187,1.889513820523E-18,0.707106781187)
  );
#3270 = DIRECTION('',(-1.336088035637E-18,-1.,1.336088035637E-18));
#3271 = DEFINITIONAL_REPRESENTATION('',(#3272),#3276);
#3272 = LINE('',#3273,#3274);
#3273 = CARTESIAN_POINT('',(-0.,-0.353553390593));
#3274 = VECTOR('',#3275,1.);
#3275 = DIRECTION('',(-1.,0.));
#3276 = ( GEOMETRIC_REPRESENTATION_CONTEXT(2) 
PARAMETRIC_REPRESENTATION_CONTEXT() REPRESENTATION_CONTEXT('2D SPACE',''
  ) );
#3277 = ORIENTED_EDGE('',*,*,#3278,.T.);
#3278 = EDGE_CURVE('',#3249,#3279,#3281,.T.);
#3279 = VERTEX_POINT('',#3280);
#3280 = CARTESIAN_POINT('',(0.,-31.70710678118,-38.));
#3281 = SURFACE_CURVE('',#3282,(#3286,#3293),.PCURVE_S1.);
#3282 = LINE('',#3283,#3284);
#3283 = CARTESIAN_POINT('',(0.,-25.70342712474,-40.48680553784));
#3284 = VECTOR('',#3285,1.);
#3285 = DIRECTION('',(-0.,-0.923879532511,0.382683432365));
#3286 = PCURVE('',#450,#3287);
#3287 = DEFINITIONAL_REPRESENTATION('',(#3288),#3292);
#3288 = LINE('',#3289,#3290);
#3289 = CARTESIAN_POINT('',(-25.70342712474,-48.48680553784));
#3290 = VECTOR('',#3291,1.);
#3291 = DIRECTION('',(-0.923879532511,0.382683432365));
#3292 = ( GEOMETRIC_REPRESENTATION_CONTEXT(2) 
PARAMETRIC_REPRESENTATION_CONTEXT() REPRESENTATION_CONTEXT('2D SPACE',''
  ) );
#3293 = PCURVE('',#3294,#3299);
#3294 = PLANE('',#3295);
#3295 = AXIS2_PLACEMENT_3D('',#3296,#3297,#3298);
#3296 = CARTESIAN_POINT('',(0.,-30.5,-38.5));
#3297 = DIRECTION('',(-0.678598344546,0.281084637715,0.678598344546));
#3298 = DIRECTION('',(2.184797088829E-16,-0.923879532511,0.382683432365)
  );
#3299 = DEFINITIONAL_REPRESENTATION('',(#3300),#3304);
#3300 = LINE('',#3301,#3302);
#3301 = CARTESIAN_POINT('',(-5.191773068309,-2.789449200625E-15));
#3302 = VECTOR('',#3303,1.);
#3303 = DIRECTION('',(1.,-3.3597858583E-16));
#3304 = ( GEOMETRIC_REPRESENTATION_CONTEXT(2) 
PARAMETRIC_REPRESENTATION_CONTEXT() REPRESENTATION_CONTEXT('2D SPACE',''
  ) );
#3305 = ORIENTED_EDGE('',*,*,#3306,.F.);
#3306 = EDGE_CURVE('',#3307,#3279,#3309,.T.);
#3307 = VERTEX_POINT('',#3308);
#3308 = CARTESIAN_POINT('',(0.,-38.,-31.70710678118));
#3309 = SURFACE_CURVE('',#3310,(#3314,#3321),.PCURVE_S1.);
#3310 = LINE('',#3311,#3312);
#3311 = CARTESIAN_POINT('',(-1.665334536938E-15,-38.35355339059,
    -31.35355339059));
#3312 = VECTOR('',#3313,1.);
#3313 = DIRECTION('',(0.,0.707106781187,-0.707106781187));
#3314 = PCURVE('',#450,#3315);
#3315 = DEFINITIONAL_REPRESENTATION('',(#3316),#3320);
#3316 = LINE('',#3317,#3318);
#3317 = CARTESIAN_POINT('',(-38.35355339059,-39.35355339059));
#3318 = VECTOR('',#3319,1.);
#3319 = DIRECTION('',(0.707106781187,-0.707106781187));
#3320 = ( GEOMETRIC_REPRESENTATION_CONTEXT(2) 
PARAMETRIC_REPRESENTATION_CONTEXT() REPRESENTATION_CONTEXT('2D SPACE',''
  ) );
#3321 = PCURVE('',#3322,#3327);
#3322 = PLANE('',#3323);
#3323 = AXIS2_PLACEMENT_3D('',#3324,#3325,#3326);
#3324 = CARTESIAN_POINT('',(0.25,-38.17677669529,-31.17677669529));
#3325 = DIRECTION('',(-0.707106781187,0.5,0.5));
#3326 = DIRECTION('',(6.039716305598E-31,-0.707106781187,0.707106781187)
  );
#3327 = DEFINITIONAL_REPRESENTATION('',(#3328),#3332);
#3328 = LINE('',#3329,#3330);
#3329 = CARTESIAN_POINT('',(1.7763568394E-15,-0.353553390593));
#3330 = VECTOR('',#3331,1.);
#3331 = DIRECTION('',(-1.,0.));
#3332 = ( GEOMETRIC_REPRESENTATION_CONTEXT(2) 
PARAMETRIC_REPRESENTATION_CONTEXT() REPRESENTATION_CONTEXT('2D SPACE',''
  ) );
#3333 = ORIENTED_EDGE('',*,*,#3334,.T.);
#3334 = EDGE_CURVE('',#3307,#3335,#3337,.T.);
#3335 = VERTEX_POINT('',#3336);
#3336 = CARTESIAN_POINT('',(0.,-38.5,-30.5));
#3337 = SURFACE_CURVE('',#3338,(#3342,#3349),.PCURVE_S1.);
#3338 = LINE('',#3339,#3340);
#3339 = CARTESIAN_POINT('',(0.,-42.23680553784,-21.47855339059));
#3340 = VECTOR('',#3341,1.);
#3341 = DIRECTION('',(-0.,-0.382683432365,0.923879532511));
#3342 = PCURVE('',#450,#3343);
#3343 = DEFINITIONAL_REPRESENTATION('',(#3344),#3348);
#3344 = LINE('',#3345,#3346);
#3345 = CARTESIAN_POINT('',(-42.23680553784,-29.47855339059));
#3346 = VECTOR('',#3347,1.);
#3347 = DIRECTION('',(-0.382683432365,0.923879532511));
#3348 = ( GEOMETRIC_REPRESENTATION_CONTEXT(2) 
PARAMETRIC_REPRESENTATION_CONTEXT() REPRESENTATION_CONTEXT('2D SPACE',''
  ) );
#3349 = PCURVE('',#3350,#3355);
#3350 = PLANE('',#3351);
#3351 = AXIS2_PLACEMENT_3D('',#3352,#3353,#3354);
#3352 = CARTESIAN_POINT('',(0.,-38.,-31.70710678118));
#3353 = DIRECTION('',(-0.678598344546,0.678598344546,0.281084637715));
#3354 = DIRECTION('',(-2.719702341949E-16,-0.382683432365,0.923879532511
    ));
#3355 = DEFINITIONAL_REPRESENTATION('',(#3356),#3360);
#3356 = LINE('',#3357,#3358);
#3357 = CARTESIAN_POINT('',(11.071306410252,4.863602300903E-15));
#3358 = VECTOR('',#3359,1.);
#3359 = DIRECTION('',(1.,3.609838285659E-16));
#3360 = ( GEOMETRIC_REPRESENTATION_CONTEXT(2) 
PARAMETRIC_REPRESENTATION_CONTEXT() REPRESENTATION_CONTEXT('2D SPACE',''
  ) );
#3361 = ORIENTED_EDGE('',*,*,#3362,.F.);
#3362 = EDGE_CURVE('',#3363,#3335,#3365,.T.);
#3363 = VERTEX_POINT('',#3364);
#3364 = CARTESIAN_POINT('',(0.,-38.5,30.5));
#3365 = SURFACE_CURVE('',#3366,(#3370,#3377),.PCURVE_S1.);
#3366 = LINE('',#3367,#3368);
#3367 = CARTESIAN_POINT('',(0.,-38.5,31.));
#3368 = VECTOR('',#3369,1.);
#3369 = DIRECTION('',(0.,0.,-1.));
#3370 = PCURVE('',#450,#3371);
#3371 = DEFINITIONAL_REPRESENTATION('',(#3372),#3376);
#3372 = LINE('',#3373,#3374);
#3373 = CARTESIAN_POINT('',(-38.5,23.));
#3374 = VECTOR('',#3375,1.);
#3375 = DIRECTION('',(0.,-1.));
#3376 = ( GEOMETRIC_REPRESENTATION_CONTEXT(2) 
PARAMETRIC_REPRESENTATION_CONTEXT() REPRESENTATION_CONTEXT('2D SPACE',''
  ) );
#3377 = PCURVE('',#3378,#3383);
#3378 = PLANE('',#3379);
#3379 = AXIS2_PLACEMENT_3D('',#3380,#3381,#3382);
#3380 = CARTESIAN_POINT('',(0.25,-38.25,31.));
#3381 = DIRECTION('',(-0.707106781187,0.707106781187,1.889513820523E-18)
  );
#3382 = DIRECTION('',(1.336088035637E-18,-1.336088035637E-18,1.));
#3383 = DEFINITIONAL_REPRESENTATION('',(#3384),#3388);
#3384 = LINE('',#3385,#3386);
#3385 = CARTESIAN_POINT('',(-0.,-0.353553390593));
#3386 = VECTOR('',#3387,1.);
#3387 = DIRECTION('',(-1.,0.));
#3388 = ( GEOMETRIC_REPRESENTATION_CONTEXT(2) 
PARAMETRIC_REPRESENTATION_CONTEXT() REPRESENTATION_CONTEXT('2D SPACE',''
  ) );
#3389 = ORIENTED_EDGE('',*,*,#3390,.T.);
#3390 = EDGE_CURVE('',#3363,#3391,#3393,.T.);
#3391 = VERTEX_POINT('',#3392);
#3392 = CARTESIAN_POINT('',(0.,-38.,31.707106781187));
#3393 = SURFACE_CURVE('',#3394,(#3398,#3405),.PCURVE_S1.);
#3394 = LINE('',#3395,#3396);
#3395 = CARTESIAN_POINT('',(0.,-39.65837841309,27.703427124746));
#3396 = VECTOR('',#3397,1.);
#3397 = DIRECTION('',(-0.,0.382683432365,0.923879532511));
#3398 = PCURVE('',#450,#3399);
#3399 = DEFINITIONAL_REPRESENTATION('',(#3400),#3404);
#3400 = LINE('',#3401,#3402);
#3401 = CARTESIAN_POINT('',(-39.65837841309,19.703427124746));
#3402 = VECTOR('',#3403,1.);
#3403 = DIRECTION('',(0.382683432365,0.923879532511));
#3404 = ( GEOMETRIC_REPRESENTATION_CONTEXT(2) 
PARAMETRIC_REPRESENTATION_CONTEXT() REPRESENTATION_CONTEXT('2D SPACE',''
  ) );
#3405 = PCURVE('',#3406,#3411);
#3406 = PLANE('',#3407);
#3407 = AXIS2_PLACEMENT_3D('',#3408,#3409,#3410);
#3408 = CARTESIAN_POINT('',(0.,-38.5,30.5));
#3409 = DIRECTION('',(-0.678598344546,0.678598344546,-0.281084637715));
#3410 = DIRECTION('',(2.677416695256E-16,0.382683432365,0.923879532511)
  );
#3411 = DEFINITIONAL_REPRESENTATION('',(#3412),#3416);
#3412 = LINE('',#3413,#3414);
#3413 = CARTESIAN_POINT('',(-3.026988667724,7.825027314372E-15));
#3414 = VECTOR('',#3415,1.);
#3415 = DIRECTION('',(1.,-3.995870188849E-16));
#3416 = ( GEOMETRIC_REPRESENTATION_CONTEXT(2) 
PARAMETRIC_REPRESENTATION_CONTEXT() REPRESENTATION_CONTEXT('2D SPACE',''
  ) );
#3417 = ORIENTED_EDGE('',*,*,#3418,.F.);
#3418 = EDGE_CURVE('',#3419,#3391,#3421,.T.);
#3419 = VERTEX_POINT('',#3420);
#3420 = CARTESIAN_POINT('',(0.,-31.70710678118,38.));
#3421 = SURFACE_CURVE('',#3422,(#3426,#3433),.PCURVE_S1.);
#3422 = LINE('',#3423,#3424);
#3423 = CARTESIAN_POINT('',(-1.665334536938E-15,-31.35355339059,
    38.353553390593));
#3424 = VECTOR('',#3425,1.);
#3425 = DIRECTION('',(0.,-0.707106781187,-0.707106781187));
#3426 = PCURVE('',#450,#3427);
#3427 = DEFINITIONAL_REPRESENTATION('',(#3428),#3432);
#3428 = LINE('',#3429,#3430);
#3429 = CARTESIAN_POINT('',(-31.35355339059,30.353553390593));
#3430 = VECTOR('',#3431,1.);
#3431 = DIRECTION('',(-0.707106781187,-0.707106781187));
#3432 = ( GEOMETRIC_REPRESENTATION_CONTEXT(2) 
PARAMETRIC_REPRESENTATION_CONTEXT() REPRESENTATION_CONTEXT('2D SPACE',''
  ) );
#3433 = PCURVE('',#3434,#3439);
#3434 = PLANE('',#3435);
#3435 = AXIS2_PLACEMENT_3D('',#3436,#3437,#3438);
#3436 = CARTESIAN_POINT('',(0.25,-31.17677669529,38.176776695297));
#3437 = DIRECTION('',(-0.707106781187,0.5,-0.5));
#3438 = DIRECTION('',(-6.902532920684E-31,0.707106781187,0.707106781187)
  );
#3439 = DEFINITIONAL_REPRESENTATION('',(#3440),#3444);
#3440 = LINE('',#3441,#3442);
#3441 = CARTESIAN_POINT('',(4.440892098501E-15,-0.353553390593));
#3442 = VECTOR('',#3443,1.);
#3443 = DIRECTION('',(-1.,0.));
#3444 = ( GEOMETRIC_REPRESENTATION_CONTEXT(2) 
PARAMETRIC_REPRESENTATION_CONTEXT() REPRESENTATION_CONTEXT('2D SPACE',''
  ) );
#3445 = ORIENTED_EDGE('',*,*,#3446,.T.);
#3446 = EDGE_CURVE('',#3419,#3447,#3449,.T.);
#3447 = VERTEX_POINT('',#3448);
#3448 = CARTESIAN_POINT('',(0.,-30.5,38.5));
#3449 = SURFACE_CURVE('',#3450,(#3454,#3461),.PCURVE_S1.);
#3450 = LINE('',#3451,#3452);
#3451 = CARTESIAN_POINT('',(0.,-23.47855339059,41.408378413095));
#3452 = VECTOR('',#3453,1.);
#3453 = DIRECTION('',(-0.,0.923879532511,0.382683432365));
#3454 = PCURVE('',#450,#3455);
#3455 = DEFINITIONAL_REPRESENTATION('',(#3456),#3460);
#3456 = LINE('',#3457,#3458);
#3457 = CARTESIAN_POINT('',(-23.47855339059,33.408378413095));
#3458 = VECTOR('',#3459,1.);
#3459 = DIRECTION('',(0.923879532511,0.382683432365));
#3460 = ( GEOMETRIC_REPRESENTATION_CONTEXT(2) 
PARAMETRIC_REPRESENTATION_CONTEXT() REPRESENTATION_CONTEXT('2D SPACE',''
  ) );
#3461 = PCURVE('',#3462,#3467);
#3462 = PLANE('',#3463);
#3463 = AXIS2_PLACEMENT_3D('',#3464,#3465,#3466);
#3464 = CARTESIAN_POINT('',(0.,-31.70710678118,38.));
#3465 = DIRECTION('',(-0.678598344546,0.281084637715,-0.678598344546));
#3466 = DIRECTION('',(-4.297418785591E-16,0.923879532511,0.382683432365)
  );
#3467 = DEFINITIONAL_REPRESENTATION('',(#3468),#3472);
#3468 = LINE('',#3469,#3470);
#3469 = CARTESIAN_POINT('',(8.906522009668,1.125714104901E-14));
#3470 = VECTOR('',#3471,1.);
#3471 = DIRECTION('',(1.,5.402888103984E-16));
#3472 = ( GEOMETRIC_REPRESENTATION_CONTEXT(2) 
PARAMETRIC_REPRESENTATION_CONTEXT() REPRESENTATION_CONTEXT('2D SPACE',''
  ) );
#3473 = ORIENTED_EDGE('',*,*,#3474,.F.);
#3474 = EDGE_CURVE('',#3475,#3447,#3477,.T.);
#3475 = VERTEX_POINT('',#3476);
#3476 = CARTESIAN_POINT('',(0.,30.5,38.5));
#3477 = SURFACE_CURVE('',#3478,(#3482,#3489),.PCURVE_S1.);
#3478 = LINE('',#3479,#3480);
#3479 = CARTESIAN_POINT('',(0.,31.,38.5));
#3480 = VECTOR('',#3481,1.);
#3481 = DIRECTION('',(0.,-1.,0.));
#3482 = PCURVE('',#450,#3483);
#3483 = DEFINITIONAL_REPRESENTATION('',(#3484),#3488);
#3484 = LINE('',#3485,#3486);
#3485 = CARTESIAN_POINT('',(31.,30.5));
#3486 = VECTOR('',#3487,1.);
#3487 = DIRECTION('',(-1.,0.));
#3488 = ( GEOMETRIC_REPRESENTATION_CONTEXT(2) 
PARAMETRIC_REPRESENTATION_CONTEXT() REPRESENTATION_CONTEXT('2D SPACE',''
  ) );
#3489 = PCURVE('',#3490,#3495);
#3490 = PLANE('',#3491);
#3491 = AXIS2_PLACEMENT_3D('',#3492,#3493,#3494);
#3492 = CARTESIAN_POINT('',(0.25,31.,38.25));
#3493 = DIRECTION('',(-0.707106781187,-1.889513820523E-18,
    -0.707106781187));
#3494 = DIRECTION('',(-1.336088035637E-18,1.,-1.336088035637E-18));
#3495 = DEFINITIONAL_REPRESENTATION('',(#3496),#3500);
#3496 = LINE('',#3497,#3498);
#3497 = CARTESIAN_POINT('',(-0.,-0.353553390593));
#3498 = VECTOR('',#3499,1.);
#3499 = DIRECTION('',(-1.,0.));
#3500 = ( GEOMETRIC_REPRESENTATION_CONTEXT(2) 
PARAMETRIC_REPRESENTATION_CONTEXT() REPRESENTATION_CONTEXT('2D SPACE',''
  ) );
#3501 = ORIENTED_EDGE('',*,*,#3502,.F.);
#3502 = EDGE_CURVE('',#3503,#3475,#3505,.T.);
#3503 = VERTEX_POINT('',#3504);
#3504 = CARTESIAN_POINT('',(0.,31.707106781187,38.));
#3505 = SURFACE_CURVE('',#3506,(#3510,#3517),.PCURVE_S1.);
#3506 = LINE('',#3507,#3508);
#3507 = CARTESIAN_POINT('',(0.,23.478553390593,41.408378413095));
#3508 = VECTOR('',#3509,1.);
#3509 = DIRECTION('',(-0.,-0.923879532511,0.382683432365));
#3510 = PCURVE('',#450,#3511);
#3511 = DEFINITIONAL_REPRESENTATION('',(#3512),#3516);
#3512 = LINE('',#3513,#3514);
#3513 = CARTESIAN_POINT('',(23.478553390593,33.408378413095));
#3514 = VECTOR('',#3515,1.);
#3515 = DIRECTION('',(-0.923879532511,0.382683432365));
#3516 = ( GEOMETRIC_REPRESENTATION_CONTEXT(2) 
PARAMETRIC_REPRESENTATION_CONTEXT() REPRESENTATION_CONTEXT('2D SPACE',''
  ) );
#3517 = PCURVE('',#3518,#3523);
#3518 = PLANE('',#3519);
#3519 = AXIS2_PLACEMENT_3D('',#3520,#3521,#3522);
#3520 = CARTESIAN_POINT('',(0.,31.707106781187,38.));
#3521 = DIRECTION('',(0.678598344546,0.281084637715,0.678598344546));
#3522 = DIRECTION('',(-4.681473380599E-16,-0.923879532511,0.382683432365
    ));
#3523 = DEFINITIONAL_REPRESENTATION('',(#3524),#3528);
#3524 = LINE('',#3525,#3526);
#3525 = CARTESIAN_POINT('',(8.906522009668,5.829976818387E-15));
#3526 = VECTOR('',#3527,1.);
#3527 = DIRECTION('',(1.,6.379079856138E-16));
#3528 = ( GEOMETRIC_REPRESENTATION_CONTEXT(2) 
PARAMETRIC_REPRESENTATION_CONTEXT() REPRESENTATION_CONTEXT('2D SPACE',''
  ) );
#3529 = ORIENTED_EDGE('',*,*,#3530,.F.);
#3530 = EDGE_CURVE('',#3531,#3503,#3533,.T.);
#3531 = VERTEX_POINT('',#3532);
#3532 = CARTESIAN_POINT('',(0.,38.,31.707106781187));
#3533 = SURFACE_CURVE('',#3534,(#3538,#3545),.PCURVE_S1.);
#3534 = LINE('',#3535,#3536);
#3535 = CARTESIAN_POINT('',(-1.665334536938E-15,38.353553390593,
    31.353553390593));
#3536 = VECTOR('',#3537,1.);
#3537 = DIRECTION('',(0.,-0.707106781187,0.707106781187));
#3538 = PCURVE('',#450,#3539);
#3539 = DEFINITIONAL_REPRESENTATION('',(#3540),#3544);
#3540 = LINE('',#3541,#3542);
#3541 = CARTESIAN_POINT('',(38.353553390593,23.353553390593));
#3542 = VECTOR('',#3543,1.);
#3543 = DIRECTION('',(-0.707106781187,0.707106781187));
#3544 = ( GEOMETRIC_REPRESENTATION_CONTEXT(2) 
PARAMETRIC_REPRESENTATION_CONTEXT() REPRESENTATION_CONTEXT('2D SPACE',''
  ) );
#3545 = PCURVE('',#3546,#3551);
#3546 = PLANE('',#3547);
#3547 = AXIS2_PLACEMENT_3D('',#3548,#3549,#3550);
#3548 = CARTESIAN_POINT('',(0.25,38.176776695297,31.176776695297));
#3549 = DIRECTION('',(-0.707106781187,-0.5,-0.5));
#3550 = DIRECTION('',(6.039716305598E-31,0.707106781187,-0.707106781187)
  );
#3551 = DEFINITIONAL_REPRESENTATION('',(#3552),#3556);
#3552 = LINE('',#3553,#3554);
#3553 = CARTESIAN_POINT('',(1.7763568394E-15,-0.353553390593));
#3554 = VECTOR('',#3555,1.);
#3555 = DIRECTION('',(-1.,0.));
#3556 = ( GEOMETRIC_REPRESENTATION_CONTEXT(2) 
PARAMETRIC_REPRESENTATION_CONTEXT() REPRESENTATION_CONTEXT('2D SPACE',''
  ) );
#3557 = ORIENTED_EDGE('',*,*,#3558,.F.);
#3558 = EDGE_CURVE('',#3559,#3531,#3561,.T.);
#3559 = VERTEX_POINT('',#3560);
#3560 = CARTESIAN_POINT('',(0.,38.5,30.5));
#3561 = SURFACE_CURVE('',#3562,(#3566,#3573),.PCURVE_S1.);
#3562 = LINE('',#3563,#3564);
#3563 = CARTESIAN_POINT('',(0.,39.658378413095,27.703427124746));
#3564 = VECTOR('',#3565,1.);
#3565 = DIRECTION('',(-0.,-0.382683432365,0.923879532511));
#3566 = PCURVE('',#450,#3567);
#3567 = DEFINITIONAL_REPRESENTATION('',(#3568),#3572);
#3568 = LINE('',#3569,#3570);
#3569 = CARTESIAN_POINT('',(39.658378413095,19.703427124746));
#3570 = VECTOR('',#3571,1.);
#3571 = DIRECTION('',(-0.382683432365,0.923879532511));
#3572 = ( GEOMETRIC_REPRESENTATION_CONTEXT(2) 
PARAMETRIC_REPRESENTATION_CONTEXT() REPRESENTATION_CONTEXT('2D SPACE',''
  ) );
#3573 = PCURVE('',#3574,#3579);
#3574 = PLANE('',#3575);
#3575 = AXIS2_PLACEMENT_3D('',#3576,#3577,#3578);
#3576 = CARTESIAN_POINT('',(0.,38.5,30.5));
#3577 = DIRECTION('',(0.678598344546,0.678598344546,0.281084637715));
#3578 = DIRECTION('',(5.826596770834E-16,-0.382683432365,0.923879532511)
  );
#3579 = DEFINITIONAL_REPRESENTATION('',(#3580),#3584);
#3580 = LINE('',#3581,#3582);
#3581 = CARTESIAN_POINT('',(-3.026988667724,5.882564812642E-15));
#3582 = VECTOR('',#3583,1.);
#3583 = DIRECTION('',(1.,-8.061486606393E-16));
#3584 = ( GEOMETRIC_REPRESENTATION_CONTEXT(2) 
PARAMETRIC_REPRESENTATION_CONTEXT() REPRESENTATION_CONTEXT('2D SPACE',''
  ) );
#3585 = ORIENTED_EDGE('',*,*,#3586,.F.);
#3586 = EDGE_CURVE('',#3587,#3559,#3589,.T.);
#3587 = VERTEX_POINT('',#3588);
#3588 = CARTESIAN_POINT('',(0.,38.5,-30.5));
#3589 = SURFACE_CURVE('',#3590,(#3594,#3601),.PCURVE_S1.);
#3590 = LINE('',#3591,#3592);
#3591 = CARTESIAN_POINT('',(0.,38.5,-31.));
#3592 = VECTOR('',#3593,1.);
#3593 = DIRECTION('',(0.,0.,1.));
#3594 = PCURVE('',#450,#3595);
#3595 = DEFINITIONAL_REPRESENTATION('',(#3596),#3600);
#3596 = LINE('',#3597,#3598);
#3597 = CARTESIAN_POINT('',(38.5,-39.));
#3598 = VECTOR('',#3599,1.);
#3599 = DIRECTION('',(0.,1.));
#3600 = ( GEOMETRIC_REPRESENTATION_CONTEXT(2) 
PARAMETRIC_REPRESENTATION_CONTEXT() REPRESENTATION_CONTEXT('2D SPACE',''
  ) );
#3601 = PCURVE('',#3602,#3607);
#3602 = PLANE('',#3603);
#3603 = AXIS2_PLACEMENT_3D('',#3604,#3605,#3606);
#3604 = CARTESIAN_POINT('',(0.25,38.25,-31.));
#3605 = DIRECTION('',(-0.707106781187,-0.707106781187,
    -1.889513820523E-18));
#3606 = DIRECTION('',(1.336088035637E-18,1.336088035637E-18,-1.));
#3607 = DEFINITIONAL_REPRESENTATION('',(#3608),#3612);
#3608 = LINE('',#3609,#3610);
#3609 = CARTESIAN_POINT('',(-0.,-0.353553390593));
#3610 = VECTOR('',#3611,1.);
#3611 = DIRECTION('',(-1.,0.));
#3612 = ( GEOMETRIC_REPRESENTATION_CONTEXT(2) 
PARAMETRIC_REPRESENTATION_CONTEXT() REPRESENTATION_CONTEXT('2D SPACE',''
  ) );
#3613 = ORIENTED_EDGE('',*,*,#3614,.F.);
#3614 = EDGE_CURVE('',#3615,#3587,#3617,.T.);
#3615 = VERTEX_POINT('',#3616);
#3616 = CARTESIAN_POINT('',(0.,38.,-31.70710678118));
#3617 = SURFACE_CURVE('',#3618,(#3622,#3629),.PCURVE_S1.);
#3618 = LINE('',#3619,#3620);
#3619 = CARTESIAN_POINT('',(0.,42.236805537841,-21.47855339059));
#3620 = VECTOR('',#3621,1.);
#3621 = DIRECTION('',(-0.,0.382683432365,0.923879532511));
#3622 = PCURVE('',#450,#3623);
#3623 = DEFINITIONAL_REPRESENTATION('',(#3624),#3628);
#3624 = LINE('',#3625,#3626);
#3625 = CARTESIAN_POINT('',(42.236805537841,-29.47855339059));
#3626 = VECTOR('',#3627,1.);
#3627 = DIRECTION('',(0.382683432365,0.923879532511));
#3628 = ( GEOMETRIC_REPRESENTATION_CONTEXT(2) 
PARAMETRIC_REPRESENTATION_CONTEXT() REPRESENTATION_CONTEXT('2D SPACE',''
  ) );
#3629 = PCURVE('',#3630,#3635);
#3630 = PLANE('',#3631);
#3631 = AXIS2_PLACEMENT_3D('',#3632,#3633,#3634);
#3632 = CARTESIAN_POINT('',(0.,38.,-31.70710678118));
#3633 = DIRECTION('',(0.678598344546,0.678598344546,-0.281084637715));
#3634 = DIRECTION('',(-4.874662636422E-16,0.382683432365,0.923879532511)
  );
#3635 = DEFINITIONAL_REPRESENTATION('',(#3636),#3640);
#3636 = LINE('',#3637,#3638);
#3637 = CARTESIAN_POINT('',(11.071306410252,1.296207580788E-14));
#3638 = VECTOR('',#3639,1.);
#3639 = DIRECTION('',(1.,6.944557666484E-16));
#3640 = ( GEOMETRIC_REPRESENTATION_CONTEXT(2) 
PARAMETRIC_REPRESENTATION_CONTEXT() REPRESENTATION_CONTEXT('2D SPACE',''
  ) );
#3641 = ORIENTED_EDGE('',*,*,#3642,.F.);
#3642 = EDGE_CURVE('',#3643,#3615,#3645,.T.);
#3643 = VERTEX_POINT('',#3644);
#3644 = CARTESIAN_POINT('',(0.,31.707106781187,-38.));
#3645 = SURFACE_CURVE('',#3646,(#3650,#3657),.PCURVE_S1.);
#3646 = LINE('',#3647,#3648);
#3647 = CARTESIAN_POINT('',(-1.665334536938E-15,31.353553390593,
    -38.35355339059));
#3648 = VECTOR('',#3649,1.);
#3649 = DIRECTION('',(0.,0.707106781187,0.707106781187));
#3650 = PCURVE('',#450,#3651);
#3651 = DEFINITIONAL_REPRESENTATION('',(#3652),#3656);
#3652 = LINE('',#3653,#3654);
#3653 = CARTESIAN_POINT('',(31.353553390593,-46.35355339059));
#3654 = VECTOR('',#3655,1.);
#3655 = DIRECTION('',(0.707106781187,0.707106781187));
#3656 = ( GEOMETRIC_REPRESENTATION_CONTEXT(2) 
PARAMETRIC_REPRESENTATION_CONTEXT() REPRESENTATION_CONTEXT('2D SPACE',''
  ) );
#3657 = PCURVE('',#3658,#3663);
#3658 = PLANE('',#3659);
#3659 = AXIS2_PLACEMENT_3D('',#3660,#3661,#3662);
#3660 = CARTESIAN_POINT('',(0.25,31.176776695297,-38.17677669529));
#3661 = DIRECTION('',(-0.707106781187,-0.5,0.5));
#3662 = DIRECTION('',(-6.902532920684E-31,-0.707106781187,
    -0.707106781187));
#3663 = DEFINITIONAL_REPRESENTATION('',(#3664),#3668);
#3664 = LINE('',#3665,#3666);
#3665 = CARTESIAN_POINT('',(4.440892098501E-15,-0.353553390593));
#3666 = VECTOR('',#3667,1.);
#3667 = DIRECTION('',(-1.,0.));
#3668 = ( GEOMETRIC_REPRESENTATION_CONTEXT(2) 
PARAMETRIC_REPRESENTATION_CONTEXT() REPRESENTATION_CONTEXT('2D SPACE',''
  ) );
#3669 = ORIENTED_EDGE('',*,*,#3670,.F.);
#3670 = EDGE_CURVE('',#3251,#3643,#3671,.T.);
#3671 = SURFACE_CURVE('',#3672,(#3676,#3683),.PCURVE_S1.);
#3672 = LINE('',#3673,#3674);
#3673 = CARTESIAN_POINT('',(0.,25.703427124746,-40.48680553784));
#3674 = VECTOR('',#3675,1.);
#3675 = DIRECTION('',(-0.,0.923879532511,0.382683432365));
#3676 = PCURVE('',#450,#3677);
#3677 = DEFINITIONAL_REPRESENTATION('',(#3678),#3682);
#3678 = LINE('',#3679,#3680);
#3679 = CARTESIAN_POINT('',(25.703427124746,-48.48680553784));
#3680 = VECTOR('',#3681,1.);
#3681 = DIRECTION('',(0.923879532511,0.382683432365));
#3682 = ( GEOMETRIC_REPRESENTATION_CONTEXT(2) 
PARAMETRIC_REPRESENTATION_CONTEXT() REPRESENTATION_CONTEXT('2D SPACE',''
  ) );
#3683 = PCURVE('',#3684,#3689);
#3684 = PLANE('',#3685);
#3685 = AXIS2_PLACEMENT_3D('',#3686,#3687,#3688);
#3686 = CARTESIAN_POINT('',(0.,30.5,-38.5));
#3687 = DIRECTION('',(0.678598344546,0.281084637715,-0.678598344546));
#3688 = DIRECTION('',(3.727871887876E-16,0.923879532511,0.382683432365)
  );
#3689 = DEFINITIONAL_REPRESENTATION('',(#3690),#3694);
#3690 = LINE('',#3691,#3692);
#3691 = CARTESIAN_POINT('',(-5.191773068309,9.679144399534E-15));
#3692 = VECTOR('',#3693,1.);
#3693 = DIRECTION('',(1.,-5.32159749065E-16));
#3694 = ( GEOMETRIC_REPRESENTATION_CONTEXT(2) 
PARAMETRIC_REPRESENTATION_CONTEXT() REPRESENTATION_CONTEXT('2D SPACE',''
  ) );
#3695 = FACE_BOUND('',#3696,.T.);
#3696 = EDGE_LOOP('',(#3697));
#3697 = ORIENTED_EDGE('',*,*,#3698,.F.);
#3698 = EDGE_CURVE('',#3699,#3699,#3701,.T.);
#3699 = VERTEX_POINT('',#3700);
#3700 = CARTESIAN_POINT('',(0.,-52.,46.75));
#3701 = SURFACE_CURVE('',#3702,(#3707,#3714),.PCURVE_S1.);
#3702 = CIRCLE('',#3703,3.25);
#3703 = AXIS2_PLACEMENT_3D('',#3704,#3705,#3706);
#3704 = CARTESIAN_POINT('',(0.,-52.,50.));
#3705 = DIRECTION('',(1.,0.,0.));
#3706 = DIRECTION('',(0.,0.,-1.));
#3707 = PCURVE('',#450,#3708);
#3708 = DEFINITIONAL_REPRESENTATION('',(#3709),#3713);
#3709 = CIRCLE('',#3710,3.25);
#3710 = AXIS2_PLACEMENT_2D('',#3711,#3712);
#3711 = CARTESIAN_POINT('',(-52.,42.));
#3712 = DIRECTION('',(0.,-1.));
#3713 = ( GEOMETRIC_REPRESENTATION_CONTEXT(2) 
PARAMETRIC_REPRESENTATION_CONTEXT() REPRESENTATION_CONTEXT('2D SPACE',''
  ) );
#3714 = PCURVE('',#3715,#3720);
#3715 = CONICAL_SURFACE('',#3716,2.75,0.785398163397);
#3716 = AXIS2_PLACEMENT_3D('',#3717,#3718,#3719);
#3717 = CARTESIAN_POINT('',(-0.5,-52.,50.));
#3718 = DIRECTION('',(1.,0.,0.));
#3719 = DIRECTION('',(0.,0.,-1.));
#3720 = DEFINITIONAL_REPRESENTATION('',(#3721),#3725);
#3721 = LINE('',#3722,#3723);
#3722 = CARTESIAN_POINT('',(-0.,0.5));
#3723 = VECTOR('',#3724,1.);
#3724 = DIRECTION('',(1.,-0.));
#3725 = ( GEOMETRIC_REPRESENTATION_CONTEXT(2) 
PARAMETRIC_REPRESENTATION_CONTEXT() REPRESENTATION_CONTEXT('2D SPACE',''
  ) );
#3726 = FACE_BOUND('',#3727,.T.);
#3727 = EDGE_LOOP('',(#3728));
#3728 = ORIENTED_EDGE('',*,*,#3729,.F.);
#3729 = EDGE_CURVE('',#3730,#3730,#3732,.T.);
#3730 = VERTEX_POINT('',#3731);
#3731 = CARTESIAN_POINT('',(0.,52.,46.75));
#3732 = SURFACE_CURVE('',#3733,(#3738,#3745),.PCURVE_S1.);
#3733 = CIRCLE('',#3734,3.25);
#3734 = AXIS2_PLACEMENT_3D('',#3735,#3736,#3737);
#3735 = CARTESIAN_POINT('',(0.,52.,50.));
#3736 = DIRECTION('',(1.,0.,0.));
#3737 = DIRECTION('',(0.,0.,-1.));
#3738 = PCURVE('',#450,#3739);
#3739 = DEFINITIONAL_REPRESENTATION('',(#3740),#3744);
#3740 = CIRCLE('',#3741,3.25);
#3741 = AXIS2_PLACEMENT_2D('',#3742,#3743);
#3742 = CARTESIAN_POINT('',(52.,42.));
#3743 = DIRECTION('',(0.,-1.));
#3744 = ( GEOMETRIC_REPRESENTATION_CONTEXT(2) 
PARAMETRIC_REPRESENTATION_CONTEXT() REPRESENTATION_CONTEXT('2D SPACE',''
  ) );
#3745 = PCURVE('',#3746,#3751);
#3746 = CONICAL_SURFACE('',#3747,2.75,0.785398163397);
#3747 = AXIS2_PLACEMENT_3D('',#3748,#3749,#3750);
#3748 = CARTESIAN_POINT('',(-0.5,52.,50.));
#3749 = DIRECTION('',(1.,0.,0.));
#3750 = DIRECTION('',(0.,0.,-1.));
#3751 = DEFINITIONAL_REPRESENTATION('',(#3752),#3756);
#3752 = LINE('',#3753,#3754);
#3753 = CARTESIAN_POINT('',(-0.,0.5));
#3754 = VECTOR('',#3755,1.);
#3755 = DIRECTION('',(1.,-0.));
#3756 = ( GEOMETRIC_REPRESENTATION_CONTEXT(2) 
PARAMETRIC_REPRESENTATION_CONTEXT() REPRESENTATION_CONTEXT('2D SPACE',''
  ) );
#3757 = ADVANCED_FACE('',(#3758),#481,.F.);
#3758 = FACE_BOUND('',#3759,.T.);
#3759 = EDGE_LOOP('',(#3760,#3781,#3782,#3783));
#3760 = ORIENTED_EDGE('',*,*,#3761,.F.);
#3761 = EDGE_CURVE('',#852,#2648,#3762,.T.);
#3762 = SURFACE_CURVE('',#3763,(#3767,#3774),.PCURVE_S1.);
#3763 = LINE('',#3764,#3765);
#3764 = CARTESIAN_POINT('',(-5.875,-69.38128156646,-40.08838834764));
#3765 = VECTOR('',#3766,1.);
#3766 = DIRECTION('',(0.707106781187,-0.5,-0.5));
#3767 = PCURVE('',#481,#3768);
#3768 = DEFINITIONAL_REPRESENTATION('',(#3769),#3773);
#3769 = LINE('',#3770,#3771);
#3770 = CARTESIAN_POINT('',(-0.5,-0.176776695297));
#3771 = VECTOR('',#3772,1.);
#3772 = DIRECTION('',(7.210391892735E-15,1.));
#3773 = ( GEOMETRIC_REPRESENTATION_CONTEXT(2) 
PARAMETRIC_REPRESENTATION_CONTEXT() REPRESENTATION_CONTEXT('2D SPACE',''
  ) );
#3774 = PCURVE('',#867,#3775);
#3775 = DEFINITIONAL_REPRESENTATION('',(#3776),#3780);
#3776 = LINE('',#3777,#3778);
#3777 = CARTESIAN_POINT('',(-4.783542904561E-02,0.170181584574));
#3778 = VECTOR('',#3779,1.);
#3779 = DIRECTION('',(-0.270598050073,0.962692419881));
#3780 = ( GEOMETRIC_REPRESENTATION_CONTEXT(2) 
PARAMETRIC_REPRESENTATION_CONTEXT() REPRESENTATION_CONTEXT('2D SPACE',''
  ) );
#3781 = ORIENTED_EDGE('',*,*,#879,.T.);
#3782 = ORIENTED_EDGE('',*,*,#465,.T.);
#3783 = ORIENTED_EDGE('',*,*,#2675,.F.);
#3784 = ADVANCED_FACE('',(#3785),#559,.F.);
#3785 = FACE_BOUND('',#3786,.T.);
#3786 = EDGE_LOOP('',(#3787,#3788,#3789,#3810));
#3787 = ORIENTED_EDGE('',*,*,#2542,.F.);
#3788 = ORIENTED_EDGE('',*,*,#543,.T.);
#3789 = ORIENTED_EDGE('',*,*,#3790,.T.);
#3790 = EDGE_CURVE('',#544,#2755,#3791,.T.);
#3791 = SURFACE_CURVE('',#3792,(#3796,#3803),.PCURVE_S1.);
#3792 = LINE('',#3793,#3794);
#3793 = CARTESIAN_POINT('',(-5.875,69.381281566462,-40.08838834764));
#3794 = VECTOR('',#3795,1.);
#3795 = DIRECTION('',(0.707106781187,0.5,-0.5));
#3796 = PCURVE('',#559,#3797);
#3797 = DEFINITIONAL_REPRESENTATION('',(#3798),#3802);
#3798 = LINE('',#3799,#3800);
#3799 = CARTESIAN_POINT('',(-13.64213562373,-0.176776695297));
#3800 = VECTOR('',#3801,1.);
#3801 = DIRECTION('',(-1.208652585787E-14,1.));
#3802 = ( GEOMETRIC_REPRESENTATION_CONTEXT(2) 
PARAMETRIC_REPRESENTATION_CONTEXT() REPRESENTATION_CONTEXT('2D SPACE',''
  ) );
#3803 = PCURVE('',#587,#3804);
#3804 = DEFINITIONAL_REPRESENTATION('',(#3805),#3809);
#3805 = LINE('',#3806,#3807);
#3806 = CARTESIAN_POINT('',(-4.783542904556E-02,0.170181584574));
#3807 = VECTOR('',#3808,1.);
#3808 = DIRECTION('',(-0.270598050073,0.962692419881));
#3809 = ( GEOMETRIC_REPRESENTATION_CONTEXT(2) 
PARAMETRIC_REPRESENTATION_CONTEXT() REPRESENTATION_CONTEXT('2D SPACE',''
  ) );
#3810 = ORIENTED_EDGE('',*,*,#2754,.F.);
#3811 = ADVANCED_FACE('',(#3812),#867,.F.);
#3812 = FACE_BOUND('',#3813,.F.);
#3813 = EDGE_LOOP('',(#3814,#3815,#3816,#3839));
#3814 = ORIENTED_EDGE('',*,*,#3761,.F.);
#3815 = ORIENTED_EDGE('',*,*,#851,.T.);
#3816 = ORIENTED_EDGE('',*,*,#3817,.T.);
#3817 = EDGE_CURVE('',#824,#3818,#3820,.T.);
#3818 = VERTEX_POINT('',#3819);
#3819 = CARTESIAN_POINT('',(-5.5,-70.,-39.5));
#3820 = SURFACE_CURVE('',#3821,(#3825,#3832),.PCURVE_S1.);
#3821 = LINE('',#3822,#3823);
#3822 = CARTESIAN_POINT('',(-5.926776695298,-69.5732233047,-39.5));
#3823 = VECTOR('',#3824,1.);
#3824 = DIRECTION('',(0.707106781187,-0.707106781187,-2.826469161354E-14
    ));
#3825 = PCURVE('',#867,#3826);
#3826 = DEFINITIONAL_REPRESENTATION('',(#3827),#3831);
#3827 = LINE('',#3828,#3829);
#3828 = CARTESIAN_POINT('',(0.569217445719,9.969006417583E-02));
#3829 = VECTOR('',#3830,1.);
#3830 = DIRECTION('',(0.270598050073,0.962692419881));
#3831 = ( GEOMETRIC_REPRESENTATION_CONTEXT(2) 
PARAMETRIC_REPRESENTATION_CONTEXT() REPRESENTATION_CONTEXT('2D SPACE',''
  ) );
#3832 = PCURVE('',#839,#3833);
#3833 = DEFINITIONAL_REPRESENTATION('',(#3834),#3838);
#3834 = LINE('',#3835,#3836);
#3835 = CARTESIAN_POINT('',(-95.5,-0.250000000001));
#3836 = VECTOR('',#3837,1.);
#3837 = DIRECTION('',(-2.826469161354E-14,1.));
#3838 = ( GEOMETRIC_REPRESENTATION_CONTEXT(2) 
PARAMETRIC_REPRESENTATION_CONTEXT() REPRESENTATION_CONTEXT('2D SPACE',''
  ) );
#3839 = ORIENTED_EDGE('',*,*,#3840,.F.);
#3840 = EDGE_CURVE('',#2648,#3818,#3841,.T.);
#3841 = SURFACE_CURVE('',#3842,(#3846,#3853),.PCURVE_S1.);
#3842 = LINE('',#3843,#3844);
#3843 = CARTESIAN_POINT('',(-5.5,-69.7714466094,-40.05177669529));
#3844 = VECTOR('',#3845,1.);
#3845 = DIRECTION('',(-3.881359178797E-15,-0.382683432365,0.923879532511
    ));
#3846 = PCURVE('',#867,#3847);
#3847 = DEFINITIONAL_REPRESENTATION('',(#3848),#3852);
#3848 = LINE('',#3849,#3850);
#3849 = CARTESIAN_POINT('',(0.135299025037,0.680726338295));
#3850 = VECTOR('',#3851,1.);
#3851 = DIRECTION('',(1.,-5.748402109224E-17));
#3852 = ( GEOMETRIC_REPRESENTATION_CONTEXT(2) 
PARAMETRIC_REPRESENTATION_CONTEXT() REPRESENTATION_CONTEXT('2D SPACE',''
  ) );
#3853 = PCURVE('',#2663,#3854);
#3854 = DEFINITIONAL_REPRESENTATION('',(#3855),#3859);
#3855 = LINE('',#3856,#3857);
#3856 = CARTESIAN_POINT('',(-5.5,-0.135299025037));
#3857 = VECTOR('',#3858,1.);
#3858 = DIRECTION('',(-3.881359178797E-15,1.));
#3859 = ( GEOMETRIC_REPRESENTATION_CONTEXT(2) 
PARAMETRIC_REPRESENTATION_CONTEXT() REPRESENTATION_CONTEXT('2D SPACE',''
  ) );
#3860 = ADVANCED_FACE('',(#3861),#587,.T.);
#3861 = FACE_BOUND('',#3862,.T.);
#3862 = EDGE_LOOP('',(#3863,#3864,#3865,#3888));
#3863 = ORIENTED_EDGE('',*,*,#3790,.F.);
#3864 = ORIENTED_EDGE('',*,*,#571,.T.);
#3865 = ORIENTED_EDGE('',*,*,#3866,.T.);
#3866 = EDGE_CURVE('',#572,#3867,#3869,.T.);
#3867 = VERTEX_POINT('',#3868);
#3868 = CARTESIAN_POINT('',(-5.5,70.,-39.5));
#3869 = SURFACE_CURVE('',#3870,(#3874,#3881),.PCURVE_S1.);
#3870 = LINE('',#3871,#3872);
#3871 = CARTESIAN_POINT('',(-5.926776695297,69.573223304703,-39.5));
#3872 = VECTOR('',#3873,1.);
#3873 = DIRECTION('',(0.707106781187,0.707106781187,-2.701780302451E-14)
  );
#3874 = PCURVE('',#587,#3875);
#3875 = DEFINITIONAL_REPRESENTATION('',(#3876),#3880);
#3876 = LINE('',#3877,#3878);
#3877 = CARTESIAN_POINT('',(0.569217445719,9.969006417715E-02));
#3878 = VECTOR('',#3879,1.);
#3879 = DIRECTION('',(0.270598050073,0.962692419881));
#3880 = ( GEOMETRIC_REPRESENTATION_CONTEXT(2) 
PARAMETRIC_REPRESENTATION_CONTEXT() REPRESENTATION_CONTEXT('2D SPACE',''
  ) );
#3881 = PCURVE('',#615,#3882);
#3882 = DEFINITIONAL_REPRESENTATION('',(#3883),#3887);
#3883 = LINE('',#3884,#3885);
#3884 = CARTESIAN_POINT('',(-0.5,-0.25));
#3885 = VECTOR('',#3886,1.);
#3886 = DIRECTION('',(2.701780302451E-14,1.));
#3887 = ( GEOMETRIC_REPRESENTATION_CONTEXT(2) 
PARAMETRIC_REPRESENTATION_CONTEXT() REPRESENTATION_CONTEXT('2D SPACE',''
  ) );
#3888 = ORIENTED_EDGE('',*,*,#3889,.F.);
#3889 = EDGE_CURVE('',#2755,#3867,#3890,.T.);
#3890 = SURFACE_CURVE('',#3891,(#3895,#3902),.PCURVE_S1.);
#3891 = LINE('',#3892,#3893);
#3892 = CARTESIAN_POINT('',(-5.5,69.771446609407,-40.05177669529));
#3893 = VECTOR('',#3894,1.);
#3894 = DIRECTION('',(9.235045612231E-16,0.382683432365,0.923879532511)
  );
#3895 = PCURVE('',#587,#3896);
#3896 = DEFINITIONAL_REPRESENTATION('',(#3897),#3901);
#3897 = LINE('',#3898,#3899);
#3898 = CARTESIAN_POINT('',(0.135299025037,0.680726338295));
#3899 = VECTOR('',#3900,1.);
#3900 = DIRECTION('',(1.,-2.177100428111E-17));
#3901 = ( GEOMETRIC_REPRESENTATION_CONTEXT(2) 
PARAMETRIC_REPRESENTATION_CONTEXT() REPRESENTATION_CONTEXT('2D SPACE',''
  ) );
#3902 = PCURVE('',#2793,#3903);
#3903 = DEFINITIONAL_REPRESENTATION('',(#3904),#3908);
#3904 = LINE('',#3905,#3906);
#3905 = CARTESIAN_POINT('',(-0.5,-0.135299025037));
#3906 = VECTOR('',#3907,1.);
#3907 = DIRECTION('',(-9.235045612231E-16,1.));
#3908 = ( GEOMETRIC_REPRESENTATION_CONTEXT(2) 
PARAMETRIC_REPRESENTATION_CONTEXT() REPRESENTATION_CONTEXT('2D SPACE',''
  ) );
#3909 = ADVANCED_FACE('',(#3910),#839,.F.);
#3910 = FACE_BOUND('',#3911,.T.);
#3911 = EDGE_LOOP('',(#3912,#3935,#3936,#3937));
#3912 = ORIENTED_EDGE('',*,*,#3913,.F.);
#3913 = EDGE_CURVE('',#796,#3914,#3916,.T.);
#3914 = VERTEX_POINT('',#3915);
#3915 = CARTESIAN_POINT('',(-5.5,-70.,55.5));
#3916 = SURFACE_CURVE('',#3917,(#3921,#3928),.PCURVE_S1.);
#3917 = LINE('',#3918,#3919);
#3918 = CARTESIAN_POINT('',(-5.875,-69.625,55.5));
#3919 = VECTOR('',#3920,1.);
#3920 = DIRECTION('',(0.707106781187,-0.707106781187,9.241376265493E-15)
  );
#3921 = PCURVE('',#839,#3922);
#3922 = DEFINITIONAL_REPRESENTATION('',(#3923),#3927);
#3923 = LINE('',#3924,#3925);
#3924 = CARTESIAN_POINT('',(-0.5,-0.176776695297));
#3925 = VECTOR('',#3926,1.);
#3926 = DIRECTION('',(9.241376265493E-15,1.));
#3927 = ( GEOMETRIC_REPRESENTATION_CONTEXT(2) 
PARAMETRIC_REPRESENTATION_CONTEXT() REPRESENTATION_CONTEXT('2D SPACE',''
  ) );
#3928 = PCURVE('',#811,#3929);
#3929 = DEFINITIONAL_REPRESENTATION('',(#3930),#3934);
#3930 = LINE('',#3931,#3932);
#3931 = CARTESIAN_POINT('',(-4.783542904561E-02,0.170181584574));
#3932 = VECTOR('',#3933,1.);
#3933 = DIRECTION('',(-0.270598050073,0.962692419881));
#3934 = ( GEOMETRIC_REPRESENTATION_CONTEXT(2) 
PARAMETRIC_REPRESENTATION_CONTEXT() REPRESENTATION_CONTEXT('2D SPACE',''
  ) );
#3935 = ORIENTED_EDGE('',*,*,#823,.T.);
#3936 = ORIENTED_EDGE('',*,*,#3817,.T.);
#3937 = ORIENTED_EDGE('',*,*,#3938,.F.);
#3938 = EDGE_CURVE('',#3914,#3818,#3939,.T.);
#3939 = SURFACE_CURVE('',#3940,(#3944,#3951),.PCURVE_S1.);
#3940 = LINE('',#3941,#3942);
#3941 = CARTESIAN_POINT('',(-5.5,-70.,56.));
#3942 = VECTOR('',#3943,1.);
#3943 = DIRECTION('',(0.,0.,-1.));
#3944 = PCURVE('',#839,#3945);
#3945 = DEFINITIONAL_REPRESENTATION('',(#3946),#3950);
#3946 = LINE('',#3947,#3948);
#3947 = CARTESIAN_POINT('',(-0.,0.353553390593));
#3948 = VECTOR('',#3949,1.);
#3949 = DIRECTION('',(-1.,0.));
#3950 = ( GEOMETRIC_REPRESENTATION_CONTEXT(2) 
PARAMETRIC_REPRESENTATION_CONTEXT() REPRESENTATION_CONTEXT('2D SPACE',''
  ) );
#3951 = PCURVE('',#3952,#3957);
#3952 = PLANE('',#3953);
#3953 = AXIS2_PLACEMENT_3D('',#3954,#3955,#3956);
#3954 = CARTESIAN_POINT('',(-3.,-70.,56.));
#3955 = DIRECTION('',(0.,-1.,0.));
#3956 = DIRECTION('',(0.,0.,-1.));
#3957 = DEFINITIONAL_REPRESENTATION('',(#3958),#3962);
#3958 = LINE('',#3959,#3960);
#3959 = CARTESIAN_POINT('',(0.,-2.5));
#3960 = VECTOR('',#3961,1.);
#3961 = DIRECTION('',(1.,0.));
#3962 = ( GEOMETRIC_REPRESENTATION_CONTEXT(2) 
PARAMETRIC_REPRESENTATION_CONTEXT() REPRESENTATION_CONTEXT('2D SPACE',''
  ) );
#3963 = ADVANCED_FACE('',(#3964),#615,.F.);
#3964 = FACE_BOUND('',#3965,.T.);
#3965 = EDGE_LOOP('',(#3966,#3967,#3968,#3991));
#3966 = ORIENTED_EDGE('',*,*,#3866,.F.);
#3967 = ORIENTED_EDGE('',*,*,#599,.T.);
#3968 = ORIENTED_EDGE('',*,*,#3969,.T.);
#3969 = EDGE_CURVE('',#600,#3970,#3972,.T.);
#3970 = VERTEX_POINT('',#3971);
#3971 = CARTESIAN_POINT('',(-5.5,70.,55.5));
#3972 = SURFACE_CURVE('',#3973,(#3977,#3984),.PCURVE_S1.);
#3973 = LINE('',#3974,#3975);
#3974 = CARTESIAN_POINT('',(-5.875,69.625,55.5));
#3975 = VECTOR('',#3976,1.);
#3976 = DIRECTION('',(0.707106781187,0.707106781187,9.241376265493E-15)
  );
#3977 = PCURVE('',#615,#3978);
#3978 = DEFINITIONAL_REPRESENTATION('',(#3979),#3983);
#3979 = LINE('',#3980,#3981);
#3980 = CARTESIAN_POINT('',(-95.5,-0.176776695297));
#3981 = VECTOR('',#3982,1.);
#3982 = DIRECTION('',(-9.241376265493E-15,1.));
#3983 = ( GEOMETRIC_REPRESENTATION_CONTEXT(2) 
PARAMETRIC_REPRESENTATION_CONTEXT() REPRESENTATION_CONTEXT('2D SPACE',''
  ) );
#3984 = PCURVE('',#643,#3985);
#3985 = DEFINITIONAL_REPRESENTATION('',(#3986),#3990);
#3986 = LINE('',#3987,#3988);
#3987 = CARTESIAN_POINT('',(-4.783542904565E-02,0.170181584573));
#3988 = VECTOR('',#3989,1.);
#3989 = DIRECTION('',(-0.270598050073,0.962692419881));
#3990 = ( GEOMETRIC_REPRESENTATION_CONTEXT(2) 
PARAMETRIC_REPRESENTATION_CONTEXT() REPRESENTATION_CONTEXT('2D SPACE',''
  ) );
#3991 = ORIENTED_EDGE('',*,*,#3992,.F.);
#3992 = EDGE_CURVE('',#3867,#3970,#3993,.T.);
#3993 = SURFACE_CURVE('',#3994,(#3998,#4005),.PCURVE_S1.);
#3994 = LINE('',#3995,#3996);
#3995 = CARTESIAN_POINT('',(-5.5,70.,-40.));
#3996 = VECTOR('',#3997,1.);
#3997 = DIRECTION('',(0.,0.,1.));
#3998 = PCURVE('',#615,#3999);
#3999 = DEFINITIONAL_REPRESENTATION('',(#4000),#4004);
#4000 = LINE('',#4001,#4002);
#4001 = CARTESIAN_POINT('',(-0.,0.353553390593));
#4002 = VECTOR('',#4003,1.);
#4003 = DIRECTION('',(-1.,0.));
#4004 = ( GEOMETRIC_REPRESENTATION_CONTEXT(2) 
PARAMETRIC_REPRESENTATION_CONTEXT() REPRESENTATION_CONTEXT('2D SPACE',''
  ) );
#4005 = PCURVE('',#4006,#4011);
#4006 = PLANE('',#4007);
#4007 = AXIS2_PLACEMENT_3D('',#4008,#4009,#4010);
#4008 = CARTESIAN_POINT('',(-3.,70.,-40.));
#4009 = DIRECTION('',(0.,1.,0.));
#4010 = DIRECTION('',(0.,-0.,1.));
#4011 = DEFINITIONAL_REPRESENTATION('',(#4012),#4016);
#4012 = LINE('',#4013,#4014);
#4013 = CARTESIAN_POINT('',(0.,-2.5));
#4014 = VECTOR('',#4015,1.);
#4015 = DIRECTION('',(1.,0.));
#4016 = ( GEOMETRIC_REPRESENTATION_CONTEXT(2) 
PARAMETRIC_REPRESENTATION_CONTEXT() REPRESENTATION_CONTEXT('2D SPACE',''
  ) );
#4017 = ADVANCED_FACE('',(#4018),#811,.F.);
#4018 = FACE_BOUND('',#4019,.F.);
#4019 = EDGE_LOOP('',(#4020,#4021,#4022,#4045));
#4020 = ORIENTED_EDGE('',*,*,#3913,.F.);
#4021 = ORIENTED_EDGE('',*,*,#795,.T.);
#4022 = ORIENTED_EDGE('',*,*,#4023,.T.);
#4023 = EDGE_CURVE('',#768,#4024,#4026,.T.);
#4024 = VERTEX_POINT('',#4025);
#4025 = CARTESIAN_POINT('',(-5.5,-69.6464466094,56.353553390593));
#4026 = SURFACE_CURVE('',#4027,(#4031,#4038),.PCURVE_S1.);
#4027 = LINE('',#4028,#4029);
#4028 = CARTESIAN_POINT('',(-5.926776695297,-69.34466991411,
    56.051776695297));
#4029 = VECTOR('',#4030,1.);
#4030 = DIRECTION('',(0.707106781187,-0.5,0.5));
#4031 = PCURVE('',#811,#4032);
#4032 = DEFINITIONAL_REPRESENTATION('',(#4033),#4037);
#4033 = LINE('',#4034,#4035);
#4034 = CARTESIAN_POINT('',(0.569217445719,9.969006417717E-02));
#4035 = VECTOR('',#4036,1.);
#4036 = DIRECTION('',(0.270598050073,0.962692419881));
#4037 = ( GEOMETRIC_REPRESENTATION_CONTEXT(2) 
PARAMETRIC_REPRESENTATION_CONTEXT() REPRESENTATION_CONTEXT('2D SPACE',''
  ) );
#4038 = PCURVE('',#783,#4039);
#4039 = DEFINITIONAL_REPRESENTATION('',(#4040),#4044);
#4040 = LINE('',#4041,#4042);
#4041 = CARTESIAN_POINT('',(-13.64213562373,-0.25));
#4042 = VECTOR('',#4043,1.);
#4043 = DIRECTION('',(5.571517267996E-15,1.));
#4044 = ( GEOMETRIC_REPRESENTATION_CONTEXT(2) 
PARAMETRIC_REPRESENTATION_CONTEXT() REPRESENTATION_CONTEXT('2D SPACE',''
  ) );
#4045 = ORIENTED_EDGE('',*,*,#4046,.F.);
#4046 = EDGE_CURVE('',#3914,#4024,#4047,.T.);
#4047 = SURFACE_CURVE('',#4048,(#4052,#4059),.PCURVE_S1.);
#4048 = LINE('',#4049,#4050);
#4049 = CARTESIAN_POINT('',(-5.5,-69.875,55.801776695297));
#4050 = VECTOR('',#4051,1.);
#4051 = DIRECTION('',(-9.8491960755E-16,0.382683432365,0.923879532511));
#4052 = PCURVE('',#811,#4053);
#4053 = DEFINITIONAL_REPRESENTATION('',(#4054),#4058);
#4054 = LINE('',#4055,#4056);
#4055 = CARTESIAN_POINT('',(0.135299025037,0.680726338295));
#4056 = VECTOR('',#4057,1.);
#4057 = DIRECTION('',(1.,-3.59741672894E-17));
#4058 = ( GEOMETRIC_REPRESENTATION_CONTEXT(2) 
PARAMETRIC_REPRESENTATION_CONTEXT() REPRESENTATION_CONTEXT('2D SPACE',''
  ) );
#4059 = PCURVE('',#4060,#4065);
#4060 = PLANE('',#4061);
#4061 = AXIS2_PLACEMENT_3D('',#4062,#4063,#4064);
#4062 = CARTESIAN_POINT('',(0.,-69.8232233047,55.926776695297));
#4063 = DIRECTION('',(-1.558881281559E-19,-0.923879532511,0.382683432365
    ));
#4064 = DIRECTION('',(1.,-1.440218509648E-19,5.965580394769E-20));
#4065 = DEFINITIONAL_REPRESENTATION('',(#4066),#4070);
#4066 = LINE('',#4067,#4068);
#4067 = CARTESIAN_POINT('',(-5.5,-0.135299025037));
#4068 = VECTOR('',#4069,1.);
#4069 = DIRECTION('',(-9.8491960755E-16,1.));
#4070 = ( GEOMETRIC_REPRESENTATION_CONTEXT(2) 
PARAMETRIC_REPRESENTATION_CONTEXT() REPRESENTATION_CONTEXT('2D SPACE',''
  ) );
#4071 = ADVANCED_FACE('',(#4072),#643,.T.);
#4072 = FACE_BOUND('',#4073,.T.);
#4073 = EDGE_LOOP('',(#4074,#4075,#4076,#4099));
#4074 = ORIENTED_EDGE('',*,*,#3969,.F.);
#4075 = ORIENTED_EDGE('',*,*,#627,.T.);
#4076 = ORIENTED_EDGE('',*,*,#4077,.T.);
#4077 = EDGE_CURVE('',#628,#4078,#4080,.T.);
#4078 = VERTEX_POINT('',#4079);
#4079 = CARTESIAN_POINT('',(-5.5,69.646446609407,56.353553390593));
#4080 = SURFACE_CURVE('',#4081,(#4085,#4092),.PCURVE_S1.);
#4081 = LINE('',#4082,#4083);
#4082 = CARTESIAN_POINT('',(-5.926776695297,69.34466991411,
    56.051776695297));
#4083 = VECTOR('',#4084,1.);
#4084 = DIRECTION('',(0.707106781187,0.5,0.5));
#4085 = PCURVE('',#643,#4086);
#4086 = DEFINITIONAL_REPRESENTATION('',(#4087),#4091);
#4087 = LINE('',#4088,#4089);
#4088 = CARTESIAN_POINT('',(0.569217445719,9.969006417714E-02));
#4089 = VECTOR('',#4090,1.);
#4090 = DIRECTION('',(0.270598050073,0.962692419881));
#4091 = ( GEOMETRIC_REPRESENTATION_CONTEXT(2) 
PARAMETRIC_REPRESENTATION_CONTEXT() REPRESENTATION_CONTEXT('2D SPACE',''
  ) );
#4092 = PCURVE('',#671,#4093);
#4093 = DEFINITIONAL_REPRESENTATION('',(#4094),#4098);
#4094 = LINE('',#4095,#4096);
#4095 = CARTESIAN_POINT('',(-0.5,-0.25));
#4096 = VECTOR('',#4097,1.);
#4097 = DIRECTION('',(-5.627028419228E-15,1.));
#4098 = ( GEOMETRIC_REPRESENTATION_CONTEXT(2) 
PARAMETRIC_REPRESENTATION_CONTEXT() REPRESENTATION_CONTEXT('2D SPACE',''
  ) );
#4099 = ORIENTED_EDGE('',*,*,#4100,.F.);
#4100 = EDGE_CURVE('',#3970,#4078,#4101,.T.);
#4101 = SURFACE_CURVE('',#4102,(#4106,#4113),.PCURVE_S1.);
#4102 = LINE('',#4103,#4104);
#4103 = CARTESIAN_POINT('',(-5.5,69.875,55.801776695297));
#4104 = VECTOR('',#4105,1.);
#4105 = DIRECTION('',(-9.8491960755E-16,-0.382683432365,0.923879532511)
  );
#4106 = PCURVE('',#643,#4107);
#4107 = DEFINITIONAL_REPRESENTATION('',(#4108),#4112);
#4108 = LINE('',#4109,#4110);
#4109 = CARTESIAN_POINT('',(0.135299025037,0.680726338295));
#4110 = VECTOR('',#4111,1.);
#4111 = DIRECTION('',(1.,-3.59741672894E-17));
#4112 = ( GEOMETRIC_REPRESENTATION_CONTEXT(2) 
PARAMETRIC_REPRESENTATION_CONTEXT() REPRESENTATION_CONTEXT('2D SPACE',''
  ) );
#4113 = PCURVE('',#4114,#4119);
#4114 = PLANE('',#4115);
#4115 = AXIS2_PLACEMENT_3D('',#4116,#4117,#4118);
#4116 = CARTESIAN_POINT('',(-6.,69.823223304703,55.926776695297));
#4117 = DIRECTION('',(1.558881281559E-19,0.923879532511,0.382683432365)
  );
#4118 = DIRECTION('',(-1.,1.440218509648E-19,5.965580394769E-20));
#4119 = DEFINITIONAL_REPRESENTATION('',(#4120),#4124);
#4120 = LINE('',#4121,#4122);
#4121 = CARTESIAN_POINT('',(-0.5,-0.135299025037));
#4122 = VECTOR('',#4123,1.);
#4123 = DIRECTION('',(9.8491960755E-16,1.));
#4124 = ( GEOMETRIC_REPRESENTATION_CONTEXT(2) 
PARAMETRIC_REPRESENTATION_CONTEXT() REPRESENTATION_CONTEXT('2D SPACE',''
  ) );
#4125 = ADVANCED_FACE('',(#4126),#783,.F.);
#4126 = FACE_BOUND('',#4127,.T.);
#4127 = EDGE_LOOP('',(#4128,#4151,#4152,#4153));
#4128 = ORIENTED_EDGE('',*,*,#4129,.F.);
#4129 = EDGE_CURVE('',#740,#4130,#4132,.T.);
#4130 = VERTEX_POINT('',#4131);
#4131 = CARTESIAN_POINT('',(-5.5,-60.35355339059,65.646446609407));
#4132 = SURFACE_CURVE('',#4133,(#4137,#4144),.PCURVE_S1.);
#4133 = LINE('',#4134,#4135);
#4134 = CARTESIAN_POINT('',(-5.875,-60.08838834764,65.381281566462));
#4135 = VECTOR('',#4136,1.);
#4136 = DIRECTION('',(0.707106781187,-0.5,0.5));
#4137 = PCURVE('',#783,#4138);
#4138 = DEFINITIONAL_REPRESENTATION('',(#4139),#4143);
#4139 = LINE('',#4140,#4141);
#4140 = CARTESIAN_POINT('',(-0.5,-0.176776695297));
#4141 = VECTOR('',#4142,1.);
#4142 = DIRECTION('',(2.210865768125E-14,1.));
#4143 = ( GEOMETRIC_REPRESENTATION_CONTEXT(2) 
PARAMETRIC_REPRESENTATION_CONTEXT() REPRESENTATION_CONTEXT('2D SPACE',''
  ) );
#4144 = PCURVE('',#755,#4145);
#4145 = DEFINITIONAL_REPRESENTATION('',(#4146),#4150);
#4146 = LINE('',#4147,#4148);
#4147 = CARTESIAN_POINT('',(-4.783542904564E-02,0.170181584574));
#4148 = VECTOR('',#4149,1.);
#4149 = DIRECTION('',(-0.270598050073,0.962692419881));
#4150 = ( GEOMETRIC_REPRESENTATION_CONTEXT(2) 
PARAMETRIC_REPRESENTATION_CONTEXT() REPRESENTATION_CONTEXT('2D SPACE',''
  ) );
#4151 = ORIENTED_EDGE('',*,*,#767,.T.);
#4152 = ORIENTED_EDGE('',*,*,#4023,.T.);
#4153 = ORIENTED_EDGE('',*,*,#4154,.F.);
#4154 = EDGE_CURVE('',#4130,#4024,#4155,.T.);
#4155 = SURFACE_CURVE('',#4156,(#4160,#4167),.PCURVE_S1.);
#4156 = LINE('',#4157,#4158);
#4157 = CARTESIAN_POINT('',(-5.5,-60.,66.));
#4158 = VECTOR('',#4159,1.);
#4159 = DIRECTION('',(0.,-0.707106781187,-0.707106781187));
#4160 = PCURVE('',#783,#4161);
#4161 = DEFINITIONAL_REPRESENTATION('',(#4162),#4166);
#4162 = LINE('',#4163,#4164);
#4163 = CARTESIAN_POINT('',(8.881784197001E-16,0.353553390593));
#4164 = VECTOR('',#4165,1.);
#4165 = DIRECTION('',(-1.,0.));
#4166 = ( GEOMETRIC_REPRESENTATION_CONTEXT(2) 
PARAMETRIC_REPRESENTATION_CONTEXT() REPRESENTATION_CONTEXT('2D SPACE',''
  ) );
#4167 = PCURVE('',#4168,#4173);
#4168 = PLANE('',#4169);
#4169 = AXIS2_PLACEMENT_3D('',#4170,#4171,#4172);
#4170 = CARTESIAN_POINT('',(-3.,-60.,66.));
#4171 = DIRECTION('',(0.,-0.707106781187,0.707106781187));
#4172 = DIRECTION('',(0.,-0.707106781187,-0.707106781187));
#4173 = DEFINITIONAL_REPRESENTATION('',(#4174),#4178);
#4174 = LINE('',#4175,#4176);
#4175 = CARTESIAN_POINT('',(0.,-2.5));
#4176 = VECTOR('',#4177,1.);
#4177 = DIRECTION('',(1.,0.));
#4178 = ( GEOMETRIC_REPRESENTATION_CONTEXT(2) 
PARAMETRIC_REPRESENTATION_CONTEXT() REPRESENTATION_CONTEXT('2D SPACE',''
  ) );
#4179 = ADVANCED_FACE('',(#4180),#671,.F.);
#4180 = FACE_BOUND('',#4181,.T.);
#4181 = EDGE_LOOP('',(#4182,#4183,#4184,#4207));
#4182 = ORIENTED_EDGE('',*,*,#4077,.F.);
#4183 = ORIENTED_EDGE('',*,*,#655,.T.);
#4184 = ORIENTED_EDGE('',*,*,#4185,.T.);
#4185 = EDGE_CURVE('',#656,#4186,#4188,.T.);
#4186 = VERTEX_POINT('',#4187);
#4187 = CARTESIAN_POINT('',(-5.5,60.353553390593,65.646446609407));
#4188 = SURFACE_CURVE('',#4189,(#4193,#4200),.PCURVE_S1.);
#4189 = LINE('',#4190,#4191);
#4190 = CARTESIAN_POINT('',(-5.875,60.088388347648,65.381281566462));
#4191 = VECTOR('',#4192,1.);
#4192 = DIRECTION('',(0.707106781187,0.5,0.5));
#4193 = PCURVE('',#671,#4194);
#4194 = DEFINITIONAL_REPRESENTATION('',(#4195),#4199);
#4195 = LINE('',#4196,#4197);
#4196 = CARTESIAN_POINT('',(-13.64213562373,-0.176776695297));
#4197 = VECTOR('',#4198,1.);
#4198 = DIRECTION('',(-2.435046310648E-14,1.));
#4199 = ( GEOMETRIC_REPRESENTATION_CONTEXT(2) 
PARAMETRIC_REPRESENTATION_CONTEXT() REPRESENTATION_CONTEXT('2D SPACE',''
  ) );
#4200 = PCURVE('',#699,#4201);
#4201 = DEFINITIONAL_REPRESENTATION('',(#4202),#4206);
#4202 = LINE('',#4203,#4204);
#4203 = CARTESIAN_POINT('',(-4.783542904562E-02,0.170181584574));
#4204 = VECTOR('',#4205,1.);
#4205 = DIRECTION('',(-0.270598050073,0.962692419881));
#4206 = ( GEOMETRIC_REPRESENTATION_CONTEXT(2) 
PARAMETRIC_REPRESENTATION_CONTEXT() REPRESENTATION_CONTEXT('2D SPACE',''
  ) );
#4207 = ORIENTED_EDGE('',*,*,#4208,.F.);
#4208 = EDGE_CURVE('',#4078,#4186,#4209,.T.);
#4209 = SURFACE_CURVE('',#4210,(#4214,#4221),.PCURVE_S1.);
#4210 = LINE('',#4211,#4212);
#4211 = CARTESIAN_POINT('',(-5.5,70.,56.));
#4212 = VECTOR('',#4213,1.);
#4213 = DIRECTION('',(0.,-0.707106781187,0.707106781187));
#4214 = PCURVE('',#671,#4215);
#4215 = DEFINITIONAL_REPRESENTATION('',(#4216),#4220);
#4216 = LINE('',#4217,#4218);
#4217 = CARTESIAN_POINT('',(-1.7763568394E-15,0.353553390593));
#4218 = VECTOR('',#4219,1.);
#4219 = DIRECTION('',(-1.,0.));
#4220 = ( GEOMETRIC_REPRESENTATION_CONTEXT(2) 
PARAMETRIC_REPRESENTATION_CONTEXT() REPRESENTATION_CONTEXT('2D SPACE',''
  ) );
#4221 = PCURVE('',#4222,#4227);
#4222 = PLANE('',#4223);
#4223 = AXIS2_PLACEMENT_3D('',#4224,#4225,#4226);
#4224 = CARTESIAN_POINT('',(-3.,70.,56.));
#4225 = DIRECTION('',(-0.,0.707106781187,0.707106781187));
#4226 = DIRECTION('',(0.,-0.707106781187,0.707106781187));
#4227 = DEFINITIONAL_REPRESENTATION('',(#4228),#4232);
#4228 = LINE('',#4229,#4230);
#4229 = CARTESIAN_POINT('',(0.,-2.5));
#4230 = VECTOR('',#4231,1.);
#4231 = DIRECTION('',(1.,0.));
#4232 = ( GEOMETRIC_REPRESENTATION_CONTEXT(2) 
PARAMETRIC_REPRESENTATION_CONTEXT() REPRESENTATION_CONTEXT('2D SPACE',''
  ) );
#4233 = ADVANCED_FACE('',(#4234),#755,.F.);
#4234 = FACE_BOUND('',#4235,.F.);
#4235 = EDGE_LOOP('',(#4236,#4237,#4238,#4261));
#4236 = ORIENTED_EDGE('',*,*,#4129,.F.);
#4237 = ORIENTED_EDGE('',*,*,#739,.T.);
#4238 = ORIENTED_EDGE('',*,*,#4239,.T.);
#4239 = EDGE_CURVE('',#712,#4240,#4242,.T.);
#4240 = VERTEX_POINT('',#4241);
#4241 = CARTESIAN_POINT('',(-5.5,-59.5,66.));
#4242 = SURFACE_CURVE('',#4243,(#4247,#4254),.PCURVE_S1.);
#4243 = LINE('',#4244,#4245);
#4244 = CARTESIAN_POINT('',(-5.926776695298,-59.5,65.573223304702));
#4245 = VECTOR('',#4246,1.);
#4246 = DIRECTION('',(0.707106781187,-2.260128976697E-14,0.707106781187)
  );
#4247 = PCURVE('',#755,#4248);
#4248 = DEFINITIONAL_REPRESENTATION('',(#4249),#4253);
#4249 = LINE('',#4250,#4251);
#4250 = CARTESIAN_POINT('',(0.569217445719,9.969006417581E-02));
#4251 = VECTOR('',#4252,1.);
#4252 = DIRECTION('',(0.270598050073,0.962692419881));
#4253 = ( GEOMETRIC_REPRESENTATION_CONTEXT(2) 
PARAMETRIC_REPRESENTATION_CONTEXT() REPRESENTATION_CONTEXT('2D SPACE',''
  ) );
#4254 = PCURVE('',#727,#4255);
#4255 = DEFINITIONAL_REPRESENTATION('',(#4256),#4260);
#4256 = LINE('',#4257,#4258);
#4257 = CARTESIAN_POINT('',(-119.5,-0.250000000001));
#4258 = VECTOR('',#4259,1.);
#4259 = DIRECTION('',(-2.260128976697E-14,1.));
#4260 = ( GEOMETRIC_REPRESENTATION_CONTEXT(2) 
PARAMETRIC_REPRESENTATION_CONTEXT() REPRESENTATION_CONTEXT('2D SPACE',''
  ) );
#4261 = ORIENTED_EDGE('',*,*,#4262,.F.);
#4262 = EDGE_CURVE('',#4130,#4240,#4263,.T.);
#4263 = SURFACE_CURVE('',#4264,(#4268,#4275),.PCURVE_S1.);
#4264 = LINE('',#4265,#4266);
#4265 = CARTESIAN_POINT('',(-5.5,-60.05177669529,65.771446609407));
#4266 = VECTOR('',#4267,1.);
#4267 = DIRECTION('',(1.207784993735E-14,0.923879532511,0.382683432365)
  );
#4268 = PCURVE('',#755,#4269);
#4269 = DEFINITIONAL_REPRESENTATION('',(#4270),#4274);
#4270 = LINE('',#4271,#4272);
#4271 = CARTESIAN_POINT('',(0.135299025037,0.680726338295));
#4272 = VECTOR('',#4273,1.);
#4273 = DIRECTION('',(1.,8.579030671944E-15));
#4274 = ( GEOMETRIC_REPRESENTATION_CONTEXT(2) 
PARAMETRIC_REPRESENTATION_CONTEXT() REPRESENTATION_CONTEXT('2D SPACE',''
  ) );
#4275 = PCURVE('',#4276,#4281);
#4276 = PLANE('',#4277);
#4277 = AXIS2_PLACEMENT_3D('',#4278,#4279,#4280);
#4278 = CARTESIAN_POINT('',(-6.,-59.92677669529,65.823223304703));
#4279 = DIRECTION('',(3.29913269861E-18,-0.382683432365,0.923879532511)
  );
#4280 = DIRECTION('',(1.,1.262523424932E-18,-3.048001175284E-18));
#4281 = DEFINITIONAL_REPRESENTATION('',(#4282),#4286);
#4282 = LINE('',#4283,#4284);
#4283 = CARTESIAN_POINT('',(0.5,-0.135299025037));
#4284 = VECTOR('',#4285,1.);
#4285 = DIRECTION('',(1.207784993735E-14,1.));
#4286 = ( GEOMETRIC_REPRESENTATION_CONTEXT(2) 
PARAMETRIC_REPRESENTATION_CONTEXT() REPRESENTATION_CONTEXT('2D SPACE',''
  ) );
#4287 = ADVANCED_FACE('',(#4288),#699,.T.);
#4288 = FACE_BOUND('',#4289,.T.);
#4289 = EDGE_LOOP('',(#4290,#4291,#4292,#4315));
#4290 = ORIENTED_EDGE('',*,*,#4185,.F.);
#4291 = ORIENTED_EDGE('',*,*,#683,.T.);
#4292 = ORIENTED_EDGE('',*,*,#4293,.T.);
#4293 = EDGE_CURVE('',#684,#4294,#4296,.T.);
#4294 = VERTEX_POINT('',#4295);
#4295 = CARTESIAN_POINT('',(-5.5,59.5,66.));
#4296 = SURFACE_CURVE('',#4297,(#4301,#4308),.PCURVE_S1.);
#4297 = LINE('',#4298,#4299);
#4298 = CARTESIAN_POINT('',(-5.926776695297,59.5,65.573223304703));
#4299 = VECTOR('',#4300,1.);
#4300 = DIRECTION('',(0.707106781187,2.371845680352E-14,0.707106781187)
  );
#4301 = PCURVE('',#699,#4302);
#4302 = DEFINITIONAL_REPRESENTATION('',(#4303),#4307);
#4303 = LINE('',#4304,#4305);
#4304 = CARTESIAN_POINT('',(0.569217445719,9.969006417714E-02));
#4305 = VECTOR('',#4306,1.);
#4306 = DIRECTION('',(0.270598050073,0.962692419881));
#4307 = ( GEOMETRIC_REPRESENTATION_CONTEXT(2) 
PARAMETRIC_REPRESENTATION_CONTEXT() REPRESENTATION_CONTEXT('2D SPACE',''
  ) );
#4308 = PCURVE('',#727,#4309);
#4309 = DEFINITIONAL_REPRESENTATION('',(#4310),#4314);
#4310 = LINE('',#4311,#4312);
#4311 = CARTESIAN_POINT('',(-0.5,-0.25));
#4312 = VECTOR('',#4313,1.);
#4313 = DIRECTION('',(2.371845680352E-14,1.));
#4314 = ( GEOMETRIC_REPRESENTATION_CONTEXT(2) 
PARAMETRIC_REPRESENTATION_CONTEXT() REPRESENTATION_CONTEXT('2D SPACE',''
  ) );
#4315 = ORIENTED_EDGE('',*,*,#4316,.F.);
#4316 = EDGE_CURVE('',#4186,#4294,#4317,.T.);
#4317 = SURFACE_CURVE('',#4318,(#4322,#4329),.PCURVE_S1.);
#4318 = LINE('',#4319,#4320);
#4319 = CARTESIAN_POINT('',(-5.5,60.051776695297,65.771446609407));
#4320 = VECTOR('',#4321,1.);
#4321 = DIRECTION('',(1.281407389825E-14,-0.923879532511,0.382683432365)
  );
#4322 = PCURVE('',#699,#4323);
#4323 = DEFINITIONAL_REPRESENTATION('',(#4324),#4328);
#4324 = LINE('',#4325,#4326);
#4325 = CARTESIAN_POINT('',(0.135299025037,0.680726338295));
#4326 = VECTOR('',#4327,1.);
#4327 = DIRECTION('',(1.,4.355287484246E-15));
#4328 = ( GEOMETRIC_REPRESENTATION_CONTEXT(2) 
PARAMETRIC_REPRESENTATION_CONTEXT() REPRESENTATION_CONTEXT('2D SPACE',''
  ) );
#4329 = PCURVE('',#4330,#4335);
#4330 = PLANE('',#4331);
#4331 = AXIS2_PLACEMENT_3D('',#4332,#4333,#4334);
#4332 = CARTESIAN_POINT('',(-6.,59.926776695297,65.823223304703));
#4333 = DIRECTION('',(-3.29913269861E-18,0.382683432365,0.923879532511)
  );
#4334 = DIRECTION('',(-1.,-1.262523424932E-18,-3.048001175284E-18));
#4335 = DEFINITIONAL_REPRESENTATION('',(#4336),#4340);
#4336 = LINE('',#4337,#4338);
#4337 = CARTESIAN_POINT('',(-0.5,-0.135299025037));
#4338 = VECTOR('',#4339,1.);
#4339 = DIRECTION('',(-1.281407389825E-14,1.));
#4340 = ( GEOMETRIC_REPRESENTATION_CONTEXT(2) 
PARAMETRIC_REPRESENTATION_CONTEXT() REPRESENTATION_CONTEXT('2D SPACE',''
  ) );
#4341 = ADVANCED_FACE('',(#4342),#727,.F.);
#4342 = FACE_BOUND('',#4343,.T.);
#4343 = EDGE_LOOP('',(#4344,#4345,#4346,#4347));
#4344 = ORIENTED_EDGE('',*,*,#4293,.F.);
#4345 = ORIENTED_EDGE('',*,*,#711,.T.);
#4346 = ORIENTED_EDGE('',*,*,#4239,.T.);
#4347 = ORIENTED_EDGE('',*,*,#4348,.F.);
#4348 = EDGE_CURVE('',#4294,#4240,#4349,.T.);
#4349 = SURFACE_CURVE('',#4350,(#4354,#4361),.PCURVE_S1.);
#4350 = LINE('',#4351,#4352);
#4351 = CARTESIAN_POINT('',(-5.5,60.,66.));
#4352 = VECTOR('',#4353,1.);
#4353 = DIRECTION('',(0.,-1.,0.));
#4354 = PCURVE('',#727,#4355);
#4355 = DEFINITIONAL_REPRESENTATION('',(#4356),#4360);
#4356 = LINE('',#4357,#4358);
#4357 = CARTESIAN_POINT('',(-0.,0.353553390593));
#4358 = VECTOR('',#4359,1.);
#4359 = DIRECTION('',(-1.,0.));
#4360 = ( GEOMETRIC_REPRESENTATION_CONTEXT(2) 
PARAMETRIC_REPRESENTATION_CONTEXT() REPRESENTATION_CONTEXT('2D SPACE',''
  ) );
#4361 = PCURVE('',#4362,#4367);
#4362 = PLANE('',#4363);
#4363 = AXIS2_PLACEMENT_3D('',#4364,#4365,#4366);
#4364 = CARTESIAN_POINT('',(-3.,60.,66.));
#4365 = DIRECTION('',(-0.,0.,1.));
#4366 = DIRECTION('',(0.,-1.,0.));
#4367 = DEFINITIONAL_REPRESENTATION('',(#4368),#4372);
#4368 = LINE('',#4369,#4370);
#4369 = CARTESIAN_POINT('',(0.,-2.5));
#4370 = VECTOR('',#4371,1.);
#4371 = DIRECTION('',(1.,0.));
#4372 = ( GEOMETRIC_REPRESENTATION_CONTEXT(2) 
PARAMETRIC_REPRESENTATION_CONTEXT() REPRESENTATION_CONTEXT('2D SPACE',''
  ) );
#4373 = ADVANCED_FACE('',(#4374),#920,.F.);
#4374 = FACE_BOUND('',#4375,.F.);
#4375 = EDGE_LOOP('',(#4376,#4397,#4398,#4399));
#4376 = ORIENTED_EDGE('',*,*,#4377,.F.);
#4377 = EDGE_CURVE('',#904,#4378,#4380,.T.);
#4378 = VERTEX_POINT('',#4379);
#4379 = CARTESIAN_POINT('',(-5.5,-52.,-39.5));
#4380 = SEAM_CURVE('',#4381,(#4385,#4391),.PCURVE_S1.);
#4381 = LINE('',#4382,#4383);
#4382 = CARTESIAN_POINT('',(-5.5,-52.,-39.5));
#4383 = VECTOR('',#4384,1.);
#4384 = DIRECTION('',(0.707106781187,0.,0.707106781187));
#4385 = PCURVE('',#920,#4386);
#4386 = DEFINITIONAL_REPRESENTATION('',(#4387),#4390);
#4387 = B_SPLINE_CURVE_WITH_KNOTS('',1,(#4388,#4389),.UNSPECIFIED.,.F.,
  .F.,(2,2),(-0.707106781187,0.),.PIECEWISE_BEZIER_KNOTS.);
#4388 = CARTESIAN_POINT('',(0.,0.5));
#4389 = CARTESIAN_POINT('',(0.,0.));
#4390 = ( GEOMETRIC_REPRESENTATION_CONTEXT(2) 
PARAMETRIC_REPRESENTATION_CONTEXT() REPRESENTATION_CONTEXT('2D SPACE',''
  ) );
#4391 = PCURVE('',#920,#4392);
#4392 = DEFINITIONAL_REPRESENTATION('',(#4393),#4396);
#4393 = B_SPLINE_CURVE_WITH_KNOTS('',1,(#4394,#4395),.UNSPECIFIED.,.F.,
  .F.,(2,2),(-0.707106781187,0.),.PIECEWISE_BEZIER_KNOTS.);
#4394 = CARTESIAN_POINT('',(-6.28318530718,0.5));
#4395 = CARTESIAN_POINT('',(-6.28318530718,0.));
#4396 = ( GEOMETRIC_REPRESENTATION_CONTEXT(2) 
PARAMETRIC_REPRESENTATION_CONTEXT() REPRESENTATION_CONTEXT('2D SPACE',''
  ) );
#4397 = ORIENTED_EDGE('',*,*,#903,.T.);
#4398 = ORIENTED_EDGE('',*,*,#4377,.T.);
#4399 = ORIENTED_EDGE('',*,*,#4400,.F.);
#4400 = EDGE_CURVE('',#4378,#4378,#4401,.T.);
#4401 = SURFACE_CURVE('',#4402,(#4407,#4414),.PCURVE_S1.);
#4402 = CIRCLE('',#4403,5.5);
#4403 = AXIS2_PLACEMENT_3D('',#4404,#4405,#4406);
#4404 = CARTESIAN_POINT('',(-5.5,-52.,-34.));
#4405 = DIRECTION('',(1.,0.,0.));
#4406 = DIRECTION('',(0.,0.,-1.));
#4407 = PCURVE('',#920,#4408);
#4408 = DEFINITIONAL_REPRESENTATION('',(#4409),#4413);
#4409 = LINE('',#4410,#4411);
#4410 = CARTESIAN_POINT('',(-0.,-0.));
#4411 = VECTOR('',#4412,1.);
#4412 = DIRECTION('',(-1.,-0.));
#4413 = ( GEOMETRIC_REPRESENTATION_CONTEXT(2) 
PARAMETRIC_REPRESENTATION_CONTEXT() REPRESENTATION_CONTEXT('2D SPACE',''
  ) );
#4414 = PCURVE('',#4415,#4420);
#4415 = CYLINDRICAL_SURFACE('',#4416,5.5);
#4416 = AXIS2_PLACEMENT_3D('',#4417,#4418,#4419);
#4417 = CARTESIAN_POINT('',(-6.,-52.,-34.));
#4418 = DIRECTION('',(1.,0.,2.22044604925E-16));
#4419 = DIRECTION('',(2.22044604925E-16,0.,-1.));
#4420 = DEFINITIONAL_REPRESENTATION('',(#4421),#4425);
#4421 = LINE('',#4422,#4423);
#4422 = CARTESIAN_POINT('',(0.,0.5));
#4423 = VECTOR('',#4424,1.);
#4424 = DIRECTION('',(1.,0.));
#4425 = ( GEOMETRIC_REPRESENTATION_CONTEXT(2) 
PARAMETRIC_REPRESENTATION_CONTEXT() REPRESENTATION_CONTEXT('2D SPACE',''
  ) );
#4426 = ADVANCED_FACE('',(#4427),#951,.F.);
#4427 = FACE_BOUND('',#4428,.F.);
#4428 = EDGE_LOOP('',(#4429,#4450,#4451,#4452));
#4429 = ORIENTED_EDGE('',*,*,#4430,.F.);
#4430 = EDGE_CURVE('',#935,#4431,#4433,.T.);
#4431 = VERTEX_POINT('',#4432);
#4432 = CARTESIAN_POINT('',(-5.5,52.,-39.5));
#4433 = SEAM_CURVE('',#4434,(#4438,#4444),.PCURVE_S1.);
#4434 = LINE('',#4435,#4436);
#4435 = CARTESIAN_POINT('',(-5.5,52.,-39.5));
#4436 = VECTOR('',#4437,1.);
#4437 = DIRECTION('',(0.707106781187,0.,0.707106781187));
#4438 = PCURVE('',#951,#4439);
#4439 = DEFINITIONAL_REPRESENTATION('',(#4440),#4443);
#4440 = B_SPLINE_CURVE_WITH_KNOTS('',1,(#4441,#4442),.UNSPECIFIED.,.F.,
  .F.,(2,2),(-0.707106781187,0.),.PIECEWISE_BEZIER_KNOTS.);
#4441 = CARTESIAN_POINT('',(0.,0.5));
#4442 = CARTESIAN_POINT('',(0.,0.));
#4443 = ( GEOMETRIC_REPRESENTATION_CONTEXT(2) 
PARAMETRIC_REPRESENTATION_CONTEXT() REPRESENTATION_CONTEXT('2D SPACE',''
  ) );
#4444 = PCURVE('',#951,#4445);
#4445 = DEFINITIONAL_REPRESENTATION('',(#4446),#4449);
#4446 = B_SPLINE_CURVE_WITH_KNOTS('',1,(#4447,#4448),.UNSPECIFIED.,.F.,
  .F.,(2,2),(-0.707106781187,0.),.PIECEWISE_BEZIER_KNOTS.);
#4447 = CARTESIAN_POINT('',(-6.28318530718,0.5));
#4448 = CARTESIAN_POINT('',(-6.28318530718,0.));
#4449 = ( GEOMETRIC_REPRESENTATION_CONTEXT(2) 
PARAMETRIC_REPRESENTATION_CONTEXT() REPRESENTATION_CONTEXT('2D SPACE',''
  ) );
#4450 = ORIENTED_EDGE('',*,*,#934,.T.);
#4451 = ORIENTED_EDGE('',*,*,#4430,.T.);
#4452 = ORIENTED_EDGE('',*,*,#4453,.F.);
#4453 = EDGE_CURVE('',#4431,#4431,#4454,.T.);
#4454 = SURFACE_CURVE('',#4455,(#4460,#4467),.PCURVE_S1.);
#4455 = CIRCLE('',#4456,5.5);
#4456 = AXIS2_PLACEMENT_3D('',#4457,#4458,#4459);
#4457 = CARTESIAN_POINT('',(-5.5,52.,-34.));
#4458 = DIRECTION('',(1.,0.,0.));
#4459 = DIRECTION('',(0.,0.,-1.));
#4460 = PCURVE('',#951,#4461);
#4461 = DEFINITIONAL_REPRESENTATION('',(#4462),#4466);
#4462 = LINE('',#4463,#4464);
#4463 = CARTESIAN_POINT('',(-0.,-0.));
#4464 = VECTOR('',#4465,1.);
#4465 = DIRECTION('',(-1.,-0.));
#4466 = ( GEOMETRIC_REPRESENTATION_CONTEXT(2) 
PARAMETRIC_REPRESENTATION_CONTEXT() REPRESENTATION_CONTEXT('2D SPACE',''
  ) );
#4467 = PCURVE('',#4468,#4473);
#4468 = CYLINDRICAL_SURFACE('',#4469,5.5);
#4469 = AXIS2_PLACEMENT_3D('',#4470,#4471,#4472);
#4470 = CARTESIAN_POINT('',(-6.,52.,-34.));
#4471 = DIRECTION('',(1.,0.,2.22044604925E-16));
#4472 = DIRECTION('',(2.22044604925E-16,0.,-1.));
#4473 = DEFINITIONAL_REPRESENTATION('',(#4474),#4478);
#4474 = LINE('',#4475,#4476);
#4475 = CARTESIAN_POINT('',(0.,0.5));
#4476 = VECTOR('',#4477,1.);
#4477 = DIRECTION('',(1.,0.));
#4478 = ( GEOMETRIC_REPRESENTATION_CONTEXT(2) 
PARAMETRIC_REPRESENTATION_CONTEXT() REPRESENTATION_CONTEXT('2D SPACE',''
  ) );
#4479 = ADVANCED_FACE('',(#4480),#983,.F.);
#4480 = FACE_BOUND('',#4481,.T.);
#4481 = EDGE_LOOP('',(#4482,#4505,#4506,#4529));
#4482 = ORIENTED_EDGE('',*,*,#4483,.F.);
#4483 = EDGE_CURVE('',#966,#4484,#4486,.T.);
#4484 = VERTEX_POINT('',#4485);
#4485 = CARTESIAN_POINT('',(-5.5,-4.961455849863,6.25));
#4486 = SURFACE_CURVE('',#4487,(#4491,#4498),.PCURVE_S1.);
#4487 = LINE('',#4488,#4489);
#4488 = CARTESIAN_POINT('',(-5.875,-4.961455849863,6.625));
#4489 = VECTOR('',#4490,1.);
#4490 = DIRECTION('',(0.707106781187,-4.596643953488E-17,-0.707106781187
    ));
#4491 = PCURVE('',#983,#4492);
#4492 = DEFINITIONAL_REPRESENTATION('',(#4493),#4497);
#4493 = LINE('',#4494,#4495);
#4494 = CARTESIAN_POINT('',(-0.5,-0.176776695297));
#4495 = VECTOR('',#4496,1.);
#4496 = DIRECTION('',(-6.902798699505E-17,1.));
#4497 = ( GEOMETRIC_REPRESENTATION_CONTEXT(2) 
PARAMETRIC_REPRESENTATION_CONTEXT() REPRESENTATION_CONTEXT('2D SPACE',''
  ) );
#4498 = PCURVE('',#2465,#4499);
#4499 = DEFINITIONAL_REPRESENTATION('',(#4500),#4504);
#4500 = LINE('',#4501,#4502);
#4501 = CARTESIAN_POINT('',(4.599886416231E-02,0.170687153869));
#4502 = VECTOR('',#4503,1.);
#4503 = DIRECTION('',(0.260208870208,0.965552351696));
#4504 = ( GEOMETRIC_REPRESENTATION_CONTEXT(2) 
PARAMETRIC_REPRESENTATION_CONTEXT() REPRESENTATION_CONTEXT('2D SPACE',''
  ) );
#4505 = ORIENTED_EDGE('',*,*,#965,.T.);
#4506 = ORIENTED_EDGE('',*,*,#4507,.T.);
#4507 = EDGE_CURVE('',#968,#4508,#4510,.T.);
#4508 = VERTEX_POINT('',#4509);
#4509 = CARTESIAN_POINT('',(-5.5,4.961455849863,6.25));
#4510 = SURFACE_CURVE('',#4511,(#4515,#4522),.PCURVE_S1.);
#4511 = LINE('',#4512,#4513);
#4512 = CARTESIAN_POINT('',(-5.875,4.961455849863,6.625));
#4513 = VECTOR('',#4514,1.);
#4514 = DIRECTION('',(0.707106781187,4.596643953488E-17,-0.707106781187)
  );
#4515 = PCURVE('',#983,#4516);
#4516 = DEFINITIONAL_REPRESENTATION('',(#4517),#4521);
#4517 = LINE('',#4518,#4519);
#4518 = CARTESIAN_POINT('',(-10.42291169972,-0.176776695297));
#4519 = VECTOR('',#4520,1.);
#4520 = DIRECTION('',(-1.609608660648E-16,1.));
#4521 = ( GEOMETRIC_REPRESENTATION_CONTEXT(2) 
PARAMETRIC_REPRESENTATION_CONTEXT() REPRESENTATION_CONTEXT('2D SPACE',''
  ) );
#4522 = PCURVE('',#1011,#4523);
#4523 = DEFINITIONAL_REPRESENTATION('',(#4524),#4528);
#4524 = LINE('',#4525,#4526);
#4525 = CARTESIAN_POINT('',(4.59988641623E-02,0.170687153869));
#4526 = VECTOR('',#4527,1.);
#4527 = DIRECTION('',(0.260208870208,0.965552351696));
#4528 = ( GEOMETRIC_REPRESENTATION_CONTEXT(2) 
PARAMETRIC_REPRESENTATION_CONTEXT() REPRESENTATION_CONTEXT('2D SPACE',''
  ) );
#4529 = ORIENTED_EDGE('',*,*,#4530,.F.);
#4530 = EDGE_CURVE('',#4484,#4508,#4531,.T.);
#4531 = SURFACE_CURVE('',#4532,(#4536,#4543),.PCURVE_S1.);
#4532 = LINE('',#4533,#4534);
#4533 = CARTESIAN_POINT('',(-5.5,-5.461455849863,6.25));
#4534 = VECTOR('',#4535,1.);
#4535 = DIRECTION('',(0.,1.,-1.626266775959E-16));
#4536 = PCURVE('',#983,#4537);
#4537 = DEFINITIONAL_REPRESENTATION('',(#4538),#4542);
#4538 = LINE('',#4539,#4540);
#4539 = CARTESIAN_POINT('',(-0.,0.353553390593));
#4540 = VECTOR('',#4541,1.);
#4541 = DIRECTION('',(-1.,0.));
#4542 = ( GEOMETRIC_REPRESENTATION_CONTEXT(2) 
PARAMETRIC_REPRESENTATION_CONTEXT() REPRESENTATION_CONTEXT('2D SPACE',''
  ) );
#4543 = PCURVE('',#4544,#4549);
#4544 = PLANE('',#4545);
#4545 = AXIS2_PLACEMENT_3D('',#4546,#4547,#4548);
#4546 = CARTESIAN_POINT('',(15.,-5.461455849863,6.25));
#4547 = DIRECTION('',(0.,-1.626266775959E-16,-1.));
#4548 = DIRECTION('',(0.,1.,-1.626266775959E-16));
#4549 = DEFINITIONAL_REPRESENTATION('',(#4550),#4554);
#4550 = LINE('',#4551,#4552);
#4551 = CARTESIAN_POINT('',(0.,-20.5));
#4552 = VECTOR('',#4553,1.);
#4553 = DIRECTION('',(1.,0.));
#4554 = ( GEOMETRIC_REPRESENTATION_CONTEXT(2) 
PARAMETRIC_REPRESENTATION_CONTEXT() REPRESENTATION_CONTEXT('2D SPACE',''
  ) );
#4555 = ADVANCED_FACE('',(#4556),#2465,.F.);
#4556 = FACE_BOUND('',#4557,.F.);
#4557 = EDGE_LOOP('',(#4558,#4559,#4560,#4583));
#4558 = ORIENTED_EDGE('',*,*,#4483,.F.);
#4559 = ORIENTED_EDGE('',*,*,#2451,.T.);
#4560 = ORIENTED_EDGE('',*,*,#4561,.T.);
#4561 = EDGE_CURVE('',#2424,#4562,#4564,.T.);
#4562 = VERTEX_POINT('',#4563);
#4563 = CARTESIAN_POINT('',(-5.5,-5.826038537592,5.907831234903));
#4564 = SURFACE_CURVE('',#4565,(#4569,#4576),.PCURVE_S1.);
#4565 = LINE('',#4566,#4567);
#4566 = CARTESIAN_POINT('',(-5.755603480658,-6.000957592255,
    6.094208442846));
#4567 = VECTOR('',#4568,1.);
#4568 = DIRECTION('',(0.707106781187,0.48389970822,-0.515597781594));
#4569 = PCURVE('',#2465,#4570);
#4570 = DEFINITIONAL_REPRESENTATION('',(#4571),#4575);
#4571 = LINE('',#4572,#4573);
#4572 = CARTESIAN_POINT('',(1.207884601294,0.333722770415));
#4573 = VECTOR('',#4574,1.);
#4574 = DIRECTION('',(-0.260208870208,0.965552351696));
#4575 = ( GEOMETRIC_REPRESENTATION_CONTEXT(2) 
PARAMETRIC_REPRESENTATION_CONTEXT() REPRESENTATION_CONTEXT('2D SPACE',''
  ) );
#4576 = PCURVE('',#2439,#4577);
#4577 = DEFINITIONAL_REPRESENTATION('',(#4578),#4582);
#4578 = LINE('',#4579,#4580);
#4579 = CARTESIAN_POINT('',(-8.961011677533E-02,-7.92451834342E-03));
#4580 = VECTOR('',#4581,1.);
#4581 = DIRECTION('',(-1.229429054131E-15,1.));
#4582 = ( GEOMETRIC_REPRESENTATION_CONTEXT(2) 
PARAMETRIC_REPRESENTATION_CONTEXT() REPRESENTATION_CONTEXT('2D SPACE',''
  ) );
#4583 = ORIENTED_EDGE('',*,*,#4584,.F.);
#4584 = EDGE_CURVE('',#4484,#4562,#4585,.T.);
#4585 = SURFACE_CURVE('',#4586,(#4590,#4597),.PCURVE_S1.);
#4586 = LINE('',#4587,#4588);
#4587 = CARTESIAN_POINT('',(-5.5,-5.092059330521,6.198312136793));
#4588 = VECTOR('',#4589,1.);
#4589 = DIRECTION('',(-1.359994162948E-15,-0.929829386355,
    -0.367990913299));
#4590 = PCURVE('',#2465,#4591);
#4591 = DEFINITIONAL_REPRESENTATION('',(#4592),#4596);
#4592 = LINE('',#4593,#4594);
#4593 = CARTESIAN_POINT('',(0.324455074913,0.682748615475));
#4594 = VECTOR('',#4595,1.);
#4595 = DIRECTION('',(1.,-5.756291695026E-16));
#4596 = ( GEOMETRIC_REPRESENTATION_CONTEXT(2) 
PARAMETRIC_REPRESENTATION_CONTEXT() REPRESENTATION_CONTEXT('2D SPACE',''
  ) );
#4597 = PCURVE('',#4598,#4603);
#4598 = PLANE('',#4599);
#4599 = AXIS2_PLACEMENT_3D('',#4600,#4601,#4602);
#4600 = CARTESIAN_POINT('',(-6.,-5.393747193728,6.078915617452));
#4601 = DIRECTION('',(5.563766903647E-19,-0.367990913299,0.929829386355)
  );
#4602 = DIRECTION('',(-1.,-2.047415664253E-19,5.173353965842E-19));
#4603 = DEFINITIONAL_REPRESENTATION('',(#4604),#4608);
#4604 = LINE('',#4605,#4606);
#4605 = CARTESIAN_POINT('',(-0.5,-0.324455074913));
#4606 = VECTOR('',#4607,1.);
#4607 = DIRECTION('',(1.359994162948E-15,1.));
#4608 = ( GEOMETRIC_REPRESENTATION_CONTEXT(2) 
PARAMETRIC_REPRESENTATION_CONTEXT() REPRESENTATION_CONTEXT('2D SPACE',''
  ) );
#4609 = ADVANCED_FACE('',(#4610),#1011,.T.);
#4610 = FACE_BOUND('',#4611,.T.);
#4611 = EDGE_LOOP('',(#4612,#4613,#4614,#4637));
#4612 = ORIENTED_EDGE('',*,*,#4507,.F.);
#4613 = ORIENTED_EDGE('',*,*,#995,.T.);
#4614 = ORIENTED_EDGE('',*,*,#4615,.T.);
#4615 = EDGE_CURVE('',#996,#4616,#4618,.T.);
#4616 = VERTEX_POINT('',#4617);
#4617 = CARTESIAN_POINT('',(-5.5,5.826038537592,5.907831234903));
#4618 = SURFACE_CURVE('',#4619,(#4623,#4630),.PCURVE_S1.);
#4619 = LINE('',#4620,#4621);
#4620 = CARTESIAN_POINT('',(-5.755603480658,6.000957592255,
    6.094208442846));
#4621 = VECTOR('',#4622,1.);
#4622 = DIRECTION('',(0.707106781187,-0.48389970822,-0.515597781594));
#4623 = PCURVE('',#1011,#4624);
#4624 = DEFINITIONAL_REPRESENTATION('',(#4625),#4629);
#4625 = LINE('',#4626,#4627);
#4626 = CARTESIAN_POINT('',(1.207884601294,0.333722770415));
#4627 = VECTOR('',#4628,1.);
#4628 = DIRECTION('',(-0.260208870208,0.965552351696));
#4629 = ( GEOMETRIC_REPRESENTATION_CONTEXT(2) 
PARAMETRIC_REPRESENTATION_CONTEXT() REPRESENTATION_CONTEXT('2D SPACE',''
  ) );
#4630 = PCURVE('',#1039,#4631);
#4631 = DEFINITIONAL_REPRESENTATION('',(#4632),#4636);
#4632 = LINE('',#4633,#4634);
#4633 = CARTESIAN_POINT('',(-0.5,-7.924518343421E-03));
#4634 = VECTOR('',#4635,1.);
#4635 = DIRECTION('',(3.103948476437E-16,1.));
#4636 = ( GEOMETRIC_REPRESENTATION_CONTEXT(2) 
PARAMETRIC_REPRESENTATION_CONTEXT() REPRESENTATION_CONTEXT('2D SPACE',''
  ) );
#4637 = ORIENTED_EDGE('',*,*,#4638,.F.);
#4638 = EDGE_CURVE('',#4508,#4616,#4639,.T.);
#4639 = SURFACE_CURVE('',#4640,(#4644,#4651),.PCURVE_S1.);
#4640 = LINE('',#4641,#4642);
#4641 = CARTESIAN_POINT('',(-5.5,5.092059330521,6.198312136793));
#4642 = VECTOR('',#4643,1.);
#4643 = DIRECTION('',(-3.121862831013E-17,0.929829386355,-0.367990913299
    ));
#4644 = PCURVE('',#1011,#4645);
#4645 = DEFINITIONAL_REPRESENTATION('',(#4646),#4650);
#4646 = LINE('',#4647,#4648);
#4647 = CARTESIAN_POINT('',(0.324455074913,0.682748615475));
#4648 = VECTOR('',#4649,1.);
#4649 = DIRECTION('',(1.,-1.350468403408E-15));
#4650 = ( GEOMETRIC_REPRESENTATION_CONTEXT(2) 
PARAMETRIC_REPRESENTATION_CONTEXT() REPRESENTATION_CONTEXT('2D SPACE',''
  ) );
#4651 = PCURVE('',#4652,#4657);
#4652 = PLANE('',#4653);
#4653 = AXIS2_PLACEMENT_3D('',#4654,#4655,#4656);
#4654 = CARTESIAN_POINT('',(-6.,5.393747193728,6.078915617452));
#4655 = DIRECTION('',(2.294206614778E-19,0.367990913299,0.929829386355)
  );
#4656 = DIRECTION('',(1.,-8.442471874676E-20,-2.133220728791E-19));
#4657 = DEFINITIONAL_REPRESENTATION('',(#4658),#4662);
#4658 = LINE('',#4659,#4660);
#4659 = CARTESIAN_POINT('',(0.5,-0.324455074913));
#4660 = VECTOR('',#4661,1.);
#4661 = DIRECTION('',(-3.121862831013E-17,1.));
#4662 = ( GEOMETRIC_REPRESENTATION_CONTEXT(2) 
PARAMETRIC_REPRESENTATION_CONTEXT() REPRESENTATION_CONTEXT('2D SPACE',''
  ) );
#4663 = ADVANCED_FACE('',(#4664),#2439,.F.);
#4664 = FACE_BOUND('',#4665,.T.);
#4665 = EDGE_LOOP('',(#4666,#4687,#4688,#4689));
#4666 = ORIENTED_EDGE('',*,*,#4667,.F.);
#4667 = EDGE_CURVE('',#2396,#4668,#4670,.T.);
#4668 = VERTEX_POINT('',#4669);
#4669 = CARTESIAN_POINT('',(-5.5,-5.891379132036,5.846507668909));
#4670 = SURFACE_CURVE('',#4671,(#4675,#4681),.PCURVE_S1.);
#4671 = LINE('',#4672,#4673);
#4672 = CARTESIAN_POINT('',(-5.75,-6.074973167906,6.016193348897));
#4673 = VECTOR('',#4674,1.);
#4674 = DIRECTION('',(0.707106781187,0.519282350997,-0.479943579958));
#4675 = PCURVE('',#2439,#4676);
#4676 = DEFINITIONAL_REPRESENTATION('',(#4677),#4680);
#4677 = B_SPLINE_CURVE_WITH_KNOTS('',1,(#4678,#4679),.UNSPECIFIED.,.F.,
  .F.,(2,2),(-0.353553390593,0.353553390593),.PIECEWISE_BEZIER_KNOTS.);
#4678 = CARTESIAN_POINT('',(-4.996003610813E-16,-0.353553390593));
#4679 = CARTESIAN_POINT('',(-4.996003610813E-16,0.353553390593));
#4680 = ( GEOMETRIC_REPRESENTATION_CONTEXT(2) 
PARAMETRIC_REPRESENTATION_CONTEXT() REPRESENTATION_CONTEXT('2D SPACE',''
  ) );
#4681 = PCURVE('',#2411,#4682);
#4682 = DEFINITIONAL_REPRESENTATION('',(#4683),#4686);
#4683 = B_SPLINE_CURVE_WITH_KNOTS('',1,(#4684,#4685),.UNSPECIFIED.,.F.,
  .F.,(2,2),(-0.353553390593,0.353553390593),.PIECEWISE_BEZIER_KNOTS.);
#4684 = CARTESIAN_POINT('',(-0.589610116775,-0.353553390593));
#4685 = CARTESIAN_POINT('',(-0.589610116775,0.353553390593));
#4686 = ( GEOMETRIC_REPRESENTATION_CONTEXT(2) 
PARAMETRIC_REPRESENTATION_CONTEXT() REPRESENTATION_CONTEXT('2D SPACE',''
  ) );
#4687 = ORIENTED_EDGE('',*,*,#2423,.T.);
#4688 = ORIENTED_EDGE('',*,*,#4561,.T.);
#4689 = ORIENTED_EDGE('',*,*,#4690,.F.);
#4690 = EDGE_CURVE('',#4668,#4562,#4691,.T.);
#4691 = SURFACE_CURVE('',#4692,(#4696,#4703),.PCURVE_S1.);
#4692 = LINE('',#4693,#4694);
#4693 = CARTESIAN_POINT('',(-5.5,-5.891379132036,5.846507668909));
#4694 = VECTOR('',#4695,1.);
#4695 = DIRECTION('',(-0.,0.729165375459,0.684337530193));
#4696 = PCURVE('',#2439,#4697);
#4697 = DEFINITIONAL_REPRESENTATION('',(#4698),#4702);
#4698 = LINE('',#4699,#4700);
#4699 = CARTESIAN_POINT('',(4.996003610813E-16,0.353553390593));
#4700 = VECTOR('',#4701,1.);
#4701 = DIRECTION('',(-1.,0.));
#4702 = ( GEOMETRIC_REPRESENTATION_CONTEXT(2) 
PARAMETRIC_REPRESENTATION_CONTEXT() REPRESENTATION_CONTEXT('2D SPACE',''
  ) );
#4703 = PCURVE('',#4704,#4709);
#4704 = PLANE('',#4705);
#4705 = AXIS2_PLACEMENT_3D('',#4706,#4707,#4708);
#4706 = CARTESIAN_POINT('',(15.,-5.891379132036,5.846507668909));
#4707 = DIRECTION('',(0.,0.684337530193,-0.729165375459));
#4708 = DIRECTION('',(0.,0.729165375459,0.684337530193));
#4709 = DEFINITIONAL_REPRESENTATION('',(#4710),#4714);
#4710 = LINE('',#4711,#4712);
#4711 = CARTESIAN_POINT('',(-8.881784197001E-16,-20.5));
#4712 = VECTOR('',#4713,1.);
#4713 = DIRECTION('',(1.,0.));
#4714 = ( GEOMETRIC_REPRESENTATION_CONTEXT(2) 
PARAMETRIC_REPRESENTATION_CONTEXT() REPRESENTATION_CONTEXT('2D SPACE',''
  ) );
#4715 = ADVANCED_FACE('',(#4716),#1039,.F.);
#4716 = FACE_BOUND('',#4717,.T.);
#4717 = EDGE_LOOP('',(#4718,#4719,#4720,#4741));
#4718 = ORIENTED_EDGE('',*,*,#4615,.F.);
#4719 = ORIENTED_EDGE('',*,*,#1023,.T.);
#4720 = ORIENTED_EDGE('',*,*,#4721,.T.);
#4721 = EDGE_CURVE('',#1024,#4722,#4724,.T.);
#4722 = VERTEX_POINT('',#4723);
#4723 = CARTESIAN_POINT('',(-5.5,5.891379132036,5.846507668909));
#4724 = SURFACE_CURVE('',#4725,(#4729,#4735),.PCURVE_S1.);
#4725 = LINE('',#4726,#4727);
#4726 = CARTESIAN_POINT('',(-5.75,6.062463514584,6.028799012774));
#4727 = VECTOR('',#4728,1.);
#4728 = DIRECTION('',(0.707106781187,-0.48389970822,-0.515597781594));
#4729 = PCURVE('',#1039,#4730);
#4730 = DEFINITIONAL_REPRESENTATION('',(#4731),#4734);
#4731 = B_SPLINE_CURVE_WITH_KNOTS('',1,(#4732,#4733),.UNSPECIFIED.,.F.,
  .F.,(2,2),(-0.353553390593,0.353553390593),.PIECEWISE_BEZIER_KNOTS.);
#4732 = CARTESIAN_POINT('',(-0.589610116775,-0.353553390593));
#4733 = CARTESIAN_POINT('',(-0.589610116775,0.353553390593));
#4734 = ( GEOMETRIC_REPRESENTATION_CONTEXT(2) 
PARAMETRIC_REPRESENTATION_CONTEXT() REPRESENTATION_CONTEXT('2D SPACE',''
  ) );
#4735 = PCURVE('',#1067,#4736);
#4736 = DEFINITIONAL_REPRESENTATION('',(#4737),#4740);
#4737 = B_SPLINE_CURVE_WITH_KNOTS('',1,(#4738,#4739),.UNSPECIFIED.,.F.,
  .F.,(2,2),(-0.353553390593,0.353553390593),.PIECEWISE_BEZIER_KNOTS.);
#4738 = CARTESIAN_POINT('',(-7.216449660064E-16,-0.353553390593));
#4739 = CARTESIAN_POINT('',(-7.216449660064E-16,0.353553390593));
#4740 = ( GEOMETRIC_REPRESENTATION_CONTEXT(2) 
PARAMETRIC_REPRESENTATION_CONTEXT() REPRESENTATION_CONTEXT('2D SPACE',''
  ) );
#4741 = ORIENTED_EDGE('',*,*,#4742,.F.);
#4742 = EDGE_CURVE('',#4616,#4722,#4743,.T.);
#4743 = SURFACE_CURVE('',#4744,(#4748,#4755),.PCURVE_S1.);
#4744 = LINE('',#4745,#4746);
#4745 = CARTESIAN_POINT('',(-5.5,5.461455849863,6.25));
#4746 = VECTOR('',#4747,1.);
#4747 = DIRECTION('',(0.,0.729165375459,-0.684337530193));
#4748 = PCURVE('',#1039,#4749);
#4749 = DEFINITIONAL_REPRESENTATION('',(#4750),#4754);
#4750 = LINE('',#4751,#4752);
#4751 = CARTESIAN_POINT('',(-1.110223024625E-16,0.353553390593));
#4752 = VECTOR('',#4753,1.);
#4753 = DIRECTION('',(-1.,0.));
#4754 = ( GEOMETRIC_REPRESENTATION_CONTEXT(2) 
PARAMETRIC_REPRESENTATION_CONTEXT() REPRESENTATION_CONTEXT('2D SPACE',''
  ) );
#4755 = PCURVE('',#4756,#4761);
#4756 = PLANE('',#4757);
#4757 = AXIS2_PLACEMENT_3D('',#4758,#4759,#4760);
#4758 = CARTESIAN_POINT('',(15.,5.461455849863,6.25));
#4759 = DIRECTION('',(0.,-0.684337530193,-0.729165375459));
#4760 = DIRECTION('',(0.,0.729165375459,-0.684337530193));
#4761 = DEFINITIONAL_REPRESENTATION('',(#4762),#4766);
#4762 = LINE('',#4763,#4764);
#4763 = CARTESIAN_POINT('',(6.106226635438E-16,-20.5));
#4764 = VECTOR('',#4765,1.);
#4765 = DIRECTION('',(1.,0.));
#4766 = ( GEOMETRIC_REPRESENTATION_CONTEXT(2) 
PARAMETRIC_REPRESENTATION_CONTEXT() REPRESENTATION_CONTEXT('2D SPACE',''
  ) );
#4767 = ADVANCED_FACE('',(#4768),#2411,.F.);
#4768 = FACE_BOUND('',#4769,.T.);
#4769 = EDGE_LOOP('',(#4770,#4791,#4792,#4793));
#4770 = ORIENTED_EDGE('',*,*,#4771,.F.);
#4771 = EDGE_CURVE('',#2368,#4772,#4774,.T.);
#4772 = VERTEX_POINT('',#4773);
#4773 = CARTESIAN_POINT('',(-5.5,-6.291572706406,5.413512065194));
#4774 = SURFACE_CURVE('',#4775,(#4779,#4785),.PCURVE_S1.);
#4775 = LINE('',#4776,#4777);
#4776 = CARTESIAN_POINT('',(-5.75,-6.486749923729,5.569735795268));
#4777 = VECTOR('',#4778,1.);
#4778 = DIRECTION('',(0.707106781187,0.552044535607,-0.441867435671));
#4779 = PCURVE('',#2411,#4780);
#4780 = DEFINITIONAL_REPRESENTATION('',(#4781),#4784);
#4781 = B_SPLINE_CURVE_WITH_KNOTS('',1,(#4782,#4783),.UNSPECIFIED.,.F.,
  .F.,(2,2),(-0.353553390593,0.353553390593),.PIECEWISE_BEZIER_KNOTS.);
#4782 = CARTESIAN_POINT('',(-8.881784197001E-16,-0.353553390593));
#4783 = CARTESIAN_POINT('',(-8.881784197001E-16,0.353553390593));
#4784 = ( GEOMETRIC_REPRESENTATION_CONTEXT(2) 
PARAMETRIC_REPRESENTATION_CONTEXT() REPRESENTATION_CONTEXT('2D SPACE',''
  ) );
#4785 = PCURVE('',#2383,#4786);
#4786 = DEFINITIONAL_REPRESENTATION('',(#4787),#4790);
#4787 = B_SPLINE_CURVE_WITH_KNOTS('',1,(#4788,#4789),.UNSPECIFIED.,.F.,
  .F.,(2,2),(-0.353553390593,0.353553390593),.PIECEWISE_BEZIER_KNOTS.);
#4788 = CARTESIAN_POINT('',(-0.589610116775,-0.353553390593));
#4789 = CARTESIAN_POINT('',(-0.589610116775,0.353553390593));
#4790 = ( GEOMETRIC_REPRESENTATION_CONTEXT(2) 
PARAMETRIC_REPRESENTATION_CONTEXT() REPRESENTATION_CONTEXT('2D SPACE',''
  ) );
#4791 = ORIENTED_EDGE('',*,*,#2395,.T.);
#4792 = ORIENTED_EDGE('',*,*,#4667,.T.);
#4793 = ORIENTED_EDGE('',*,*,#4794,.F.);
#4794 = EDGE_CURVE('',#4772,#4668,#4795,.T.);
#4795 = SURFACE_CURVE('',#4796,(#4800,#4807),.PCURVE_S1.);
#4796 = LINE('',#4797,#4798);
#4797 = CARTESIAN_POINT('',(-5.5,-6.291572706406,5.413512065194));
#4798 = VECTOR('',#4799,1.);
#4799 = DIRECTION('',(-0.,0.678742719951,0.734376143481));
#4800 = PCURVE('',#2411,#4801);
#4801 = DEFINITIONAL_REPRESENTATION('',(#4802),#4806);
#4802 = LINE('',#4803,#4804);
#4803 = CARTESIAN_POINT('',(2.22044604925E-16,0.353553390593));
#4804 = VECTOR('',#4805,1.);
#4805 = DIRECTION('',(-1.,0.));
#4806 = ( GEOMETRIC_REPRESENTATION_CONTEXT(2) 
PARAMETRIC_REPRESENTATION_CONTEXT() REPRESENTATION_CONTEXT('2D SPACE',''
  ) );
#4807 = PCURVE('',#4808,#4813);
#4808 = PLANE('',#4809);
#4809 = AXIS2_PLACEMENT_3D('',#4810,#4811,#4812);
#4810 = CARTESIAN_POINT('',(15.,-6.291572706406,5.413512065194));
#4811 = DIRECTION('',(0.,0.734376143481,-0.678742719951));
#4812 = DIRECTION('',(0.,0.678742719951,0.734376143481));
#4813 = DEFINITIONAL_REPRESENTATION('',(#4814),#4818);
#4814 = LINE('',#4815,#4816);
#4815 = CARTESIAN_POINT('',(0.,-20.5));
#4816 = VECTOR('',#4817,1.);
#4817 = DIRECTION('',(1.,0.));
#4818 = ( GEOMETRIC_REPRESENTATION_CONTEXT(2) 
PARAMETRIC_REPRESENTATION_CONTEXT() REPRESENTATION_CONTEXT('2D SPACE',''
  ) );
#4819 = ADVANCED_FACE('',(#4820),#1067,.F.);
#4820 = FACE_BOUND('',#4821,.T.);
#4821 = EDGE_LOOP('',(#4822,#4823,#4824,#4845));
#4822 = ORIENTED_EDGE('',*,*,#4721,.F.);
#4823 = ORIENTED_EDGE('',*,*,#1051,.T.);
#4824 = ORIENTED_EDGE('',*,*,#4825,.T.);
#4825 = EDGE_CURVE('',#1052,#4826,#4828,.T.);
#4826 = VERTEX_POINT('',#4827);
#4827 = CARTESIAN_POINT('',(-5.5,6.291572706406,5.413512065194));
#4828 = SURFACE_CURVE('',#4829,(#4833,#4839),.PCURVE_S1.);
#4829 = LINE('',#4830,#4831);
#4830 = CARTESIAN_POINT('',(-5.75,6.475166742277,5.583197745182));
#4831 = VECTOR('',#4832,1.);
#4832 = DIRECTION('',(0.707106781187,-0.519282350997,-0.479943579958));
#4833 = PCURVE('',#1067,#4834);
#4834 = DEFINITIONAL_REPRESENTATION('',(#4835),#4838);
#4835 = B_SPLINE_CURVE_WITH_KNOTS('',1,(#4836,#4837),.UNSPECIFIED.,.F.,
  .F.,(2,2),(-0.353553390593,0.353553390593),.PIECEWISE_BEZIER_KNOTS.);
#4836 = CARTESIAN_POINT('',(-0.589610116775,-0.353553390593));
#4837 = CARTESIAN_POINT('',(-0.589610116775,0.353553390593));
#4838 = ( GEOMETRIC_REPRESENTATION_CONTEXT(2) 
PARAMETRIC_REPRESENTATION_CONTEXT() REPRESENTATION_CONTEXT('2D SPACE',''
  ) );
#4839 = PCURVE('',#1095,#4840);
#4840 = DEFINITIONAL_REPRESENTATION('',(#4841),#4844);
#4841 = B_SPLINE_CURVE_WITH_KNOTS('',1,(#4842,#4843),.UNSPECIFIED.,.F.,
  .F.,(2,2),(-0.353553390593,0.353553390593),.PIECEWISE_BEZIER_KNOTS.);
#4842 = CARTESIAN_POINT('',(2.498001805407E-15,-0.353553390593));
#4843 = CARTESIAN_POINT('',(2.498001805407E-15,0.353553390593));
#4844 = ( GEOMETRIC_REPRESENTATION_CONTEXT(2) 
PARAMETRIC_REPRESENTATION_CONTEXT() REPRESENTATION_CONTEXT('2D SPACE',''
  ) );
#4845 = ORIENTED_EDGE('',*,*,#4846,.F.);
#4846 = EDGE_CURVE('',#4722,#4826,#4847,.T.);
#4847 = SURFACE_CURVE('',#4848,(#4852,#4859),.PCURVE_S1.);
#4848 = LINE('',#4849,#4850);
#4849 = CARTESIAN_POINT('',(-5.5,5.891379132036,5.846507668909));
#4850 = VECTOR('',#4851,1.);
#4851 = DIRECTION('',(0.,0.678742719951,-0.734376143481));
#4852 = PCURVE('',#1067,#4853);
#4853 = DEFINITIONAL_REPRESENTATION('',(#4854),#4858);
#4854 = LINE('',#4855,#4856);
#4855 = CARTESIAN_POINT('',(5.551115123126E-17,0.353553390593));
#4856 = VECTOR('',#4857,1.);
#4857 = DIRECTION('',(-1.,0.));
#4858 = ( GEOMETRIC_REPRESENTATION_CONTEXT(2) 
PARAMETRIC_REPRESENTATION_CONTEXT() REPRESENTATION_CONTEXT('2D SPACE',''
  ) );
#4859 = PCURVE('',#4860,#4865);
#4860 = PLANE('',#4861);
#4861 = AXIS2_PLACEMENT_3D('',#4862,#4863,#4864);
#4862 = CARTESIAN_POINT('',(15.,5.891379132036,5.846507668909));
#4863 = DIRECTION('',(0.,-0.734376143481,-0.678742719951));
#4864 = DIRECTION('',(0.,0.678742719951,-0.734376143481));
#4865 = DEFINITIONAL_REPRESENTATION('',(#4866),#4870);
#4866 = LINE('',#4867,#4868);
#4867 = CARTESIAN_POINT('',(0.,-20.5));
#4868 = VECTOR('',#4869,1.);
#4869 = DIRECTION('',(1.,0.));
#4870 = ( GEOMETRIC_REPRESENTATION_CONTEXT(2) 
PARAMETRIC_REPRESENTATION_CONTEXT() REPRESENTATION_CONTEXT('2D SPACE',''
  ) );
#4871 = ADVANCED_FACE('',(#4872),#2383,.F.);
#4872 = FACE_BOUND('',#4873,.T.);
#4873 = EDGE_LOOP('',(#4874,#4895,#4896,#4897));
#4874 = ORIENTED_EDGE('',*,*,#4875,.F.);
#4875 = EDGE_CURVE('',#2340,#4876,#4878,.T.);
#4876 = VERTEX_POINT('',#4877);
#4877 = CARTESIAN_POINT('',(-5.5,-6.660017073335,4.953198217605));
#4878 = SURFACE_CURVE('',#4879,(#4883,#4889),.PCURVE_S1.);
#4879 = LINE('',#4880,#4881);
#4880 = CARTESIAN_POINT('',(-5.75,-6.86579254795,5.095171644862));
#4881 = VECTOR('',#4882,1.);
#4882 = DIRECTION('',(0.707106781187,0.582020934008,-0.401561492647));
#4883 = PCURVE('',#2383,#4884);
#4884 = DEFINITIONAL_REPRESENTATION('',(#4885),#4888);
#4885 = B_SPLINE_CURVE_WITH_KNOTS('',1,(#4886,#4887),.UNSPECIFIED.,.F.,
  .F.,(2,2),(-0.353553390593,0.353553390593),.PIECEWISE_BEZIER_KNOTS.);
#4886 = CARTESIAN_POINT('',(-9.436895709314E-16,-0.353553390593));
#4887 = CARTESIAN_POINT('',(-9.436895709314E-16,0.353553390593));
#4888 = ( GEOMETRIC_REPRESENTATION_CONTEXT(2) 
PARAMETRIC_REPRESENTATION_CONTEXT() REPRESENTATION_CONTEXT('2D SPACE',''
  ) );
#4889 = PCURVE('',#2355,#4890);
#4890 = DEFINITIONAL_REPRESENTATION('',(#4891),#4894);
#4891 = B_SPLINE_CURVE_WITH_KNOTS('',1,(#4892,#4893),.UNSPECIFIED.,.F.,
  .F.,(2,2),(-0.353553390593,0.353553390593),.PIECEWISE_BEZIER_KNOTS.);
#4892 = CARTESIAN_POINT('',(-0.589610116775,-0.353553390593));
#4893 = CARTESIAN_POINT('',(-0.589610116775,0.353553390593));
#4894 = ( GEOMETRIC_REPRESENTATION_CONTEXT(2) 
PARAMETRIC_REPRESENTATION_CONTEXT() REPRESENTATION_CONTEXT('2D SPACE',''
  ) );
#4895 = ORIENTED_EDGE('',*,*,#2367,.T.);
#4896 = ORIENTED_EDGE('',*,*,#4771,.T.);
#4897 = ORIENTED_EDGE('',*,*,#4898,.F.);
#4898 = EDGE_CURVE('',#4876,#4772,#4899,.T.);
#4899 = SURFACE_CURVE('',#4900,(#4904,#4911),.PCURVE_S1.);
#4900 = LINE('',#4901,#4902);
#4901 = CARTESIAN_POINT('',(-5.5,-6.660017073335,4.953198217605));
#4902 = VECTOR('',#4903,1.);
#4903 = DIRECTION('',(-0.,0.624894920297,0.780708869289));
#4904 = PCURVE('',#2383,#4905);
#4905 = DEFINITIONAL_REPRESENTATION('',(#4906),#4910);
#4906 = LINE('',#4907,#4908);
#4907 = CARTESIAN_POINT('',(2.22044604925E-16,0.353553390593));
#4908 = VECTOR('',#4909,1.);
#4909 = DIRECTION('',(-1.,0.));
#4910 = ( GEOMETRIC_REPRESENTATION_CONTEXT(2) 
PARAMETRIC_REPRESENTATION_CONTEXT() REPRESENTATION_CONTEXT('2D SPACE',''
  ) );
#4911 = PCURVE('',#4912,#4917);
#4912 = PLANE('',#4913);
#4913 = AXIS2_PLACEMENT_3D('',#4914,#4915,#4916);
#4914 = CARTESIAN_POINT('',(15.,-6.660017073335,4.953198217605));
#4915 = DIRECTION('',(0.,0.780708869289,-0.624894920297));
#4916 = DIRECTION('',(0.,0.624894920297,0.780708869289));
#4917 = DEFINITIONAL_REPRESENTATION('',(#4918),#4922);
#4918 = LINE('',#4919,#4920);
#4919 = CARTESIAN_POINT('',(-1.554312234475E-15,-20.5));
#4920 = VECTOR('',#4921,1.);
#4921 = DIRECTION('',(1.,0.));
#4922 = ( GEOMETRIC_REPRESENTATION_CONTEXT(2) 
PARAMETRIC_REPRESENTATION_CONTEXT() REPRESENTATION_CONTEXT('2D SPACE',''
  ) );
#4923 = ADVANCED_FACE('',(#4924),#1095,.F.);
#4924 = FACE_BOUND('',#4925,.T.);
#4925 = EDGE_LOOP('',(#4926,#4927,#4928,#4949));
#4926 = ORIENTED_EDGE('',*,*,#4825,.F.);
#4927 = ORIENTED_EDGE('',*,*,#1079,.T.);
#4928 = ORIENTED_EDGE('',*,*,#4929,.T.);
#4929 = EDGE_CURVE('',#1080,#4930,#4932,.T.);
#4930 = VERTEX_POINT('',#4931);
#4931 = CARTESIAN_POINT('',(-5.5,6.660017073335,4.953198217605));
#4932 = SURFACE_CURVE('',#4933,(#4937,#4943),.PCURVE_S1.);
#4933 = LINE('',#4934,#4935);
#4934 = CARTESIAN_POINT('',(-5.75,6.855194290657,5.109421947679));
#4935 = VECTOR('',#4936,1.);
#4936 = DIRECTION('',(0.707106781187,-0.552044535607,-0.441867435671));
#4937 = PCURVE('',#1095,#4938);
#4938 = DEFINITIONAL_REPRESENTATION('',(#4939),#4942);
#4939 = B_SPLINE_CURVE_WITH_KNOTS('',1,(#4940,#4941),.UNSPECIFIED.,.F.,
  .F.,(2,2),(-0.353553390593,0.353553390593),.PIECEWISE_BEZIER_KNOTS.);
#4940 = CARTESIAN_POINT('',(-0.589610116775,-0.353553390593));
#4941 = CARTESIAN_POINT('',(-0.589610116775,0.353553390593));
#4942 = ( GEOMETRIC_REPRESENTATION_CONTEXT(2) 
PARAMETRIC_REPRESENTATION_CONTEXT() REPRESENTATION_CONTEXT('2D SPACE',''
  ) );
#4943 = PCURVE('',#1123,#4944);
#4944 = DEFINITIONAL_REPRESENTATION('',(#4945),#4948);
#4945 = B_SPLINE_CURVE_WITH_KNOTS('',1,(#4946,#4947),.UNSPECIFIED.,.F.,
  .F.,(2,2),(-0.353553390593,0.353553390593),.PIECEWISE_BEZIER_KNOTS.);
#4946 = CARTESIAN_POINT('',(4.996003610813E-16,-0.353553390593));
#4947 = CARTESIAN_POINT('',(4.996003610813E-16,0.353553390593));
#4948 = ( GEOMETRIC_REPRESENTATION_CONTEXT(2) 
PARAMETRIC_REPRESENTATION_CONTEXT() REPRESENTATION_CONTEXT('2D SPACE',''
  ) );
#4949 = ORIENTED_EDGE('',*,*,#4950,.F.);
#4950 = EDGE_CURVE('',#4826,#4930,#4951,.T.);
#4951 = SURFACE_CURVE('',#4952,(#4956,#4963),.PCURVE_S1.);
#4952 = LINE('',#4953,#4954);
#4953 = CARTESIAN_POINT('',(-5.5,6.291572706406,5.413512065194));
#4954 = VECTOR('',#4955,1.);
#4955 = DIRECTION('',(0.,0.624894920297,-0.780708869289));
#4956 = PCURVE('',#1095,#4957);
#4957 = DEFINITIONAL_REPRESENTATION('',(#4958),#4962);
#4958 = LINE('',#4959,#4960);
#4959 = CARTESIAN_POINT('',(-2.775557561563E-16,0.353553390593));
#4960 = VECTOR('',#4961,1.);
#4961 = DIRECTION('',(-1.,0.));
#4962 = ( GEOMETRIC_REPRESENTATION_CONTEXT(2) 
PARAMETRIC_REPRESENTATION_CONTEXT() REPRESENTATION_CONTEXT('2D SPACE',''
  ) );
#4963 = PCURVE('',#4964,#4969);
#4964 = PLANE('',#4965);
#4965 = AXIS2_PLACEMENT_3D('',#4966,#4967,#4968);
#4966 = CARTESIAN_POINT('',(15.,6.291572706406,5.413512065194));
#4967 = DIRECTION('',(0.,-0.780708869289,-0.624894920297));
#4968 = DIRECTION('',(0.,0.624894920297,-0.780708869289));
#4969 = DEFINITIONAL_REPRESENTATION('',(#4970),#4974);
#4970 = LINE('',#4971,#4972);
#4971 = CARTESIAN_POINT('',(2.275957200482E-15,-20.5));
#4972 = VECTOR('',#4973,1.);
#4973 = DIRECTION('',(1.,0.));
#4974 = ( GEOMETRIC_REPRESENTATION_CONTEXT(2) 
PARAMETRIC_REPRESENTATION_CONTEXT() REPRESENTATION_CONTEXT('2D SPACE',''
  ) );
#4975 = ADVANCED_FACE('',(#4976),#2355,.F.);
#4976 = FACE_BOUND('',#4977,.T.);
#4977 = EDGE_LOOP('',(#4978,#4999,#5000,#5001));
#4978 = ORIENTED_EDGE('',*,*,#4979,.F.);
#4979 = EDGE_CURVE('',#2312,#4980,#4982,.T.);
#4980 = VERTEX_POINT('',#4981);
#4981 = CARTESIAN_POINT('',(-5.5,-6.994852949431,4.467889011137));
#4982 = SURFACE_CURVE('',#4983,(#4987,#4993),.PCURVE_S1.);
#4983 = LINE('',#4984,#4985);
#4984 = CARTESIAN_POINT('',(-5.75,-7.210188275118,4.594895694075));
#4985 = VECTOR('',#4986,1.);
#4986 = DIRECTION('',(0.707106781187,0.60906027609,-0.359229147048));
#4987 = PCURVE('',#2355,#4988);
#4988 = DEFINITIONAL_REPRESENTATION('',(#4989),#4992);
#4989 = B_SPLINE_CURVE_WITH_KNOTS('',1,(#4990,#4991),.UNSPECIFIED.,.F.,
  .F.,(2,2),(-0.353553390593,0.353553390593),.PIECEWISE_BEZIER_KNOTS.);
#4990 = CARTESIAN_POINT('',(-2.775557561563E-16,-0.353553390593));
#4991 = CARTESIAN_POINT('',(-2.775557561563E-16,0.353553390593));
#4992 = ( GEOMETRIC_REPRESENTATION_CONTEXT(2) 
PARAMETRIC_REPRESENTATION_CONTEXT() REPRESENTATION_CONTEXT('2D SPACE',''
  ) );
#4993 = PCURVE('',#2327,#4994);
#4994 = DEFINITIONAL_REPRESENTATION('',(#4995),#4998);
#4995 = B_SPLINE_CURVE_WITH_KNOTS('',1,(#4996,#4997),.UNSPECIFIED.,.F.,
  .F.,(2,2),(-0.353553390593,0.353553390593),.PIECEWISE_BEZIER_KNOTS.);
#4996 = CARTESIAN_POINT('',(-0.589610116775,-0.353553390593));
#4997 = CARTESIAN_POINT('',(-0.589610116775,0.353553390593));
#4998 = ( GEOMETRIC_REPRESENTATION_CONTEXT(2) 
PARAMETRIC_REPRESENTATION_CONTEXT() REPRESENTATION_CONTEXT('2D SPACE',''
  ) );
#4999 = ORIENTED_EDGE('',*,*,#2339,.T.);
#5000 = ORIENTED_EDGE('',*,*,#4875,.T.);
#5001 = ORIENTED_EDGE('',*,*,#5002,.F.);
#5002 = EDGE_CURVE('',#4980,#4876,#5003,.T.);
#5003 = SURFACE_CURVE('',#5004,(#5008,#5015),.PCURVE_S1.);
#5004 = LINE('',#5005,#5006);
#5005 = CARTESIAN_POINT('',(-5.5,-6.994852949431,4.467889011137));
#5006 = VECTOR('',#5007,1.);
#5007 = DIRECTION('',(-0.,0.567893709028,0.823101898459));
#5008 = PCURVE('',#2355,#5009);
#5009 = DEFINITIONAL_REPRESENTATION('',(#5010),#5014);
#5010 = LINE('',#5011,#5012);
#5011 = CARTESIAN_POINT('',(6.661338147751E-16,0.353553390593));
#5012 = VECTOR('',#5013,1.);
#5013 = DIRECTION('',(-1.,0.));
#5014 = ( GEOMETRIC_REPRESENTATION_CONTEXT(2) 
PARAMETRIC_REPRESENTATION_CONTEXT() REPRESENTATION_CONTEXT('2D SPACE',''
  ) );
#5015 = PCURVE('',#5016,#5021);
#5016 = PLANE('',#5017);
#5017 = AXIS2_PLACEMENT_3D('',#5018,#5019,#5020);
#5018 = CARTESIAN_POINT('',(15.,-6.994852949431,4.467889011137));
#5019 = DIRECTION('',(0.,0.823101898459,-0.567893709028));
#5020 = DIRECTION('',(0.,0.567893709028,0.823101898459));
#5021 = DEFINITIONAL_REPRESENTATION('',(#5022),#5026);
#5022 = LINE('',#5023,#5024);
#5023 = CARTESIAN_POINT('',(-3.330669073875E-16,-20.5));
#5024 = VECTOR('',#5025,1.);
#5025 = DIRECTION('',(1.,0.));
#5026 = ( GEOMETRIC_REPRESENTATION_CONTEXT(2) 
PARAMETRIC_REPRESENTATION_CONTEXT() REPRESENTATION_CONTEXT('2D SPACE',''
  ) );
#5027 = ADVANCED_FACE('',(#5028),#1123,.F.);
#5028 = FACE_BOUND('',#5029,.T.);
#5029 = EDGE_LOOP('',(#5030,#5031,#5032,#5053));
#5030 = ORIENTED_EDGE('',*,*,#4929,.F.);
#5031 = ORIENTED_EDGE('',*,*,#1107,.T.);
#5032 = ORIENTED_EDGE('',*,*,#5033,.T.);
#5033 = EDGE_CURVE('',#1108,#5034,#5036,.T.);
#5034 = VERTEX_POINT('',#5035);
#5035 = CARTESIAN_POINT('',(-5.5,6.994852949431,4.467889011137));
#5036 = SURFACE_CURVE('',#5037,(#5041,#5047),.PCURVE_S1.);
#5037 = LINE('',#5038,#5039);
#5038 = CARTESIAN_POINT('',(-5.75,7.200628424046,4.609862438394));
#5039 = VECTOR('',#5040,1.);
#5040 = DIRECTION('',(0.707106781187,-0.582020934008,-0.401561492647));
#5041 = PCURVE('',#1123,#5042);
#5042 = DEFINITIONAL_REPRESENTATION('',(#5043),#5046);
#5043 = B_SPLINE_CURVE_WITH_KNOTS('',1,(#5044,#5045),.UNSPECIFIED.,.F.,
  .F.,(2,2),(-0.353553390593,0.353553390593),.PIECEWISE_BEZIER_KNOTS.);
#5044 = CARTESIAN_POINT('',(-0.589610116775,-0.353553390593));
#5045 = CARTESIAN_POINT('',(-0.589610116775,0.353553390593));
#5046 = ( GEOMETRIC_REPRESENTATION_CONTEXT(2) 
PARAMETRIC_REPRESENTATION_CONTEXT() REPRESENTATION_CONTEXT('2D SPACE',''
  ) );
#5047 = PCURVE('',#1151,#5048);
#5048 = DEFINITIONAL_REPRESENTATION('',(#5049),#5052);
#5049 = B_SPLINE_CURVE_WITH_KNOTS('',1,(#5050,#5051),.UNSPECIFIED.,.F.,
  .F.,(2,2),(-0.353553390593,0.353553390593),.PIECEWISE_BEZIER_KNOTS.);
#5050 = CARTESIAN_POINT('',(-3.885780586188E-16,-0.353553390593));
#5051 = CARTESIAN_POINT('',(-3.885780586188E-16,0.353553390593));
#5052 = ( GEOMETRIC_REPRESENTATION_CONTEXT(2) 
PARAMETRIC_REPRESENTATION_CONTEXT() REPRESENTATION_CONTEXT('2D SPACE',''
  ) );
#5053 = ORIENTED_EDGE('',*,*,#5054,.F.);
#5054 = EDGE_CURVE('',#4930,#5034,#5055,.T.);
#5055 = SURFACE_CURVE('',#5056,(#5060,#5067),.PCURVE_S1.);
#5056 = LINE('',#5057,#5058);
#5057 = CARTESIAN_POINT('',(-5.5,6.660017073335,4.953198217605));
#5058 = VECTOR('',#5059,1.);
#5059 = DIRECTION('',(0.,0.567893709028,-0.823101898459));
#5060 = PCURVE('',#1123,#5061);
#5061 = DEFINITIONAL_REPRESENTATION('',(#5062),#5066);
#5062 = LINE('',#5063,#5064);
#5063 = CARTESIAN_POINT('',(3.885780586188E-16,0.353553390593));
#5064 = VECTOR('',#5065,1.);
#5065 = DIRECTION('',(-1.,0.));
#5066 = ( GEOMETRIC_REPRESENTATION_CONTEXT(2) 
PARAMETRIC_REPRESENTATION_CONTEXT() REPRESENTATION_CONTEXT('2D SPACE',''
  ) );
#5067 = PCURVE('',#5068,#5073);
#5068 = PLANE('',#5069);
#5069 = AXIS2_PLACEMENT_3D('',#5070,#5071,#5072);
#5070 = CARTESIAN_POINT('',(15.,6.660017073335,4.953198217605));
#5071 = DIRECTION('',(0.,-0.823101898459,-0.567893709028));
#5072 = DIRECTION('',(0.,0.567893709028,-0.823101898459));
#5073 = DEFINITIONAL_REPRESENTATION('',(#5074),#5078);
#5074 = LINE('',#5075,#5076);
#5075 = CARTESIAN_POINT('',(0.,-20.5));
#5076 = VECTOR('',#5077,1.);
#5077 = DIRECTION('',(1.,0.));
#5078 = ( GEOMETRIC_REPRESENTATION_CONTEXT(2) 
PARAMETRIC_REPRESENTATION_CONTEXT() REPRESENTATION_CONTEXT('2D SPACE',''
  ) );
#5079 = ADVANCED_FACE('',(#5080),#2327,.F.);
#5080 = FACE_BOUND('',#5081,.T.);
#5081 = EDGE_LOOP('',(#5082,#5103,#5104,#5105));
#5082 = ORIENTED_EDGE('',*,*,#5083,.F.);
#5083 = EDGE_CURVE('',#2284,#5084,#5086,.T.);
#5084 = VERTEX_POINT('',#5085);
#5085 = CARTESIAN_POINT('',(-5.5,-7.294390650066,3.960033465039));
#5086 = SURFACE_CURVE('',#5087,(#5091,#5097),.PCURVE_S1.);
#5087 = LINE('',#5088,#5089);
#5088 = CARTESIAN_POINT('',(-5.75,-7.518199178663,4.071432488945));
#5089 = VECTOR('',#5090,1.);
#5090 = DIRECTION('',(0.707106781187,0.633026113033,-0.315084020887));
#5091 = PCURVE('',#2327,#5092);
#5092 = DEFINITIONAL_REPRESENTATION('',(#5093),#5096);
#5093 = B_SPLINE_CURVE_WITH_KNOTS('',1,(#5094,#5095),.UNSPECIFIED.,.F.,
  .F.,(2,2),(-0.353553390593,0.353553390593),.PIECEWISE_BEZIER_KNOTS.);
#5094 = CARTESIAN_POINT('',(-3.885780586188E-16,-0.353553390593));
#5095 = CARTESIAN_POINT('',(-3.885780586188E-16,0.353553390593));
#5096 = ( GEOMETRIC_REPRESENTATION_CONTEXT(2) 
PARAMETRIC_REPRESENTATION_CONTEXT() REPRESENTATION_CONTEXT('2D SPACE',''
  ) );
#5097 = PCURVE('',#2299,#5098);
#5098 = DEFINITIONAL_REPRESENTATION('',(#5099),#5102);
#5099 = B_SPLINE_CURVE_WITH_KNOTS('',1,(#5100,#5101),.UNSPECIFIED.,.F.,
  .F.,(2,2),(-0.353553390593,0.353553390593),.PIECEWISE_BEZIER_KNOTS.);
#5100 = CARTESIAN_POINT('',(-0.589610116775,-0.353553390593));
#5101 = CARTESIAN_POINT('',(-0.589610116775,0.353553390593));
#5102 = ( GEOMETRIC_REPRESENTATION_CONTEXT(2) 
PARAMETRIC_REPRESENTATION_CONTEXT() REPRESENTATION_CONTEXT('2D SPACE',''
  ) );
#5103 = ORIENTED_EDGE('',*,*,#2311,.T.);
#5104 = ORIENTED_EDGE('',*,*,#4979,.T.);
#5105 = ORIENTED_EDGE('',*,*,#5106,.F.);
#5106 = EDGE_CURVE('',#5084,#4980,#5107,.T.);
#5107 = SURFACE_CURVE('',#5108,(#5112,#5119),.PCURVE_S1.);
#5108 = LINE('',#5109,#5110);
#5109 = CARTESIAN_POINT('',(-5.5,-7.294390650066,3.960033465039));
#5110 = VECTOR('',#5111,1.);
#5111 = DIRECTION('',(-0.,0.508026731755,0.86134130275));
#5112 = PCURVE('',#2327,#5113);
#5113 = DEFINITIONAL_REPRESENTATION('',(#5114),#5118);
#5114 = LINE('',#5115,#5116);
#5115 = CARTESIAN_POINT('',(-4.440892098501E-16,0.353553390593));
#5116 = VECTOR('',#5117,1.);
#5117 = DIRECTION('',(-1.,0.));
#5118 = ( GEOMETRIC_REPRESENTATION_CONTEXT(2) 
PARAMETRIC_REPRESENTATION_CONTEXT() REPRESENTATION_CONTEXT('2D SPACE',''
  ) );
#5119 = PCURVE('',#5120,#5125);
#5120 = PLANE('',#5121);
#5121 = AXIS2_PLACEMENT_3D('',#5122,#5123,#5124);
#5122 = CARTESIAN_POINT('',(15.,-7.294390650066,3.960033465039));
#5123 = DIRECTION('',(0.,0.86134130275,-0.508026731755));
#5124 = DIRECTION('',(0.,0.508026731755,0.86134130275));
#5125 = DEFINITIONAL_REPRESENTATION('',(#5126),#5130);
#5126 = LINE('',#5127,#5128);
#5127 = CARTESIAN_POINT('',(0.,-20.5));
#5128 = VECTOR('',#5129,1.);
#5129 = DIRECTION('',(1.,0.));
#5130 = ( GEOMETRIC_REPRESENTATION_CONTEXT(2) 
PARAMETRIC_REPRESENTATION_CONTEXT() REPRESENTATION_CONTEXT('2D SPACE',''
  ) );
#5131 = ADVANCED_FACE('',(#5132),#1151,.F.);
#5132 = FACE_BOUND('',#5133,.T.);
#5133 = EDGE_LOOP('',(#5134,#5135,#5136,#5157));
#5134 = ORIENTED_EDGE('',*,*,#5033,.F.);
#5135 = ORIENTED_EDGE('',*,*,#1135,.T.);
#5136 = ORIENTED_EDGE('',*,*,#5137,.T.);
#5137 = EDGE_CURVE('',#1136,#5138,#5140,.T.);
#5138 = VERTEX_POINT('',#5139);
#5139 = CARTESIAN_POINT('',(-5.5,7.294390650066,3.960033465039));
#5140 = SURFACE_CURVE('',#5141,(#5145,#5151),.PCURVE_S1.);
#5141 = LINE('',#5142,#5143);
#5142 = CARTESIAN_POINT('',(-5.75,7.509725975753,4.087040147978));
#5143 = VECTOR('',#5144,1.);
#5144 = DIRECTION('',(0.707106781187,-0.60906027609,-0.359229147048));
#5145 = PCURVE('',#1151,#5146);
#5146 = DEFINITIONAL_REPRESENTATION('',(#5147),#5150);
#5147 = B_SPLINE_CURVE_WITH_KNOTS('',1,(#5148,#5149),.UNSPECIFIED.,.F.,
  .F.,(2,2),(-0.353553390593,0.353553390593),.PIECEWISE_BEZIER_KNOTS.);
#5148 = CARTESIAN_POINT('',(-0.589610116775,-0.353553390593));
#5149 = CARTESIAN_POINT('',(-0.589610116775,0.353553390593));
#5150 = ( GEOMETRIC_REPRESENTATION_CONTEXT(2) 
PARAMETRIC_REPRESENTATION_CONTEXT() REPRESENTATION_CONTEXT('2D SPACE',''
  ) );
#5151 = PCURVE('',#1179,#5152);
#5152 = DEFINITIONAL_REPRESENTATION('',(#5153),#5156);
#5153 = B_SPLINE_CURVE_WITH_KNOTS('',1,(#5154,#5155),.UNSPECIFIED.,.F.,
  .F.,(2,2),(-0.353553390593,0.353553390593),.PIECEWISE_BEZIER_KNOTS.);
#5154 = CARTESIAN_POINT('',(-5.551115123126E-17,-0.353553390593));
#5155 = CARTESIAN_POINT('',(-5.551115123126E-17,0.353553390593));
#5156 = ( GEOMETRIC_REPRESENTATION_CONTEXT(2) 
PARAMETRIC_REPRESENTATION_CONTEXT() REPRESENTATION_CONTEXT('2D SPACE',''
  ) );
#5157 = ORIENTED_EDGE('',*,*,#5158,.F.);
#5158 = EDGE_CURVE('',#5034,#5138,#5159,.T.);
#5159 = SURFACE_CURVE('',#5160,(#5164,#5171),.PCURVE_S1.);
#5160 = LINE('',#5161,#5162);
#5161 = CARTESIAN_POINT('',(-5.5,6.994852949431,4.467889011137));
#5162 = VECTOR('',#5163,1.);
#5163 = DIRECTION('',(0.,0.508026731755,-0.86134130275));
#5164 = PCURVE('',#1151,#5165);
#5165 = DEFINITIONAL_REPRESENTATION('',(#5166),#5170);
#5166 = LINE('',#5167,#5168);
#5167 = CARTESIAN_POINT('',(-3.885780586188E-16,0.353553390593));
#5168 = VECTOR('',#5169,1.);
#5169 = DIRECTION('',(-1.,0.));
#5170 = ( GEOMETRIC_REPRESENTATION_CONTEXT(2) 
PARAMETRIC_REPRESENTATION_CONTEXT() REPRESENTATION_CONTEXT('2D SPACE',''
  ) );
#5171 = PCURVE('',#5172,#5177);
#5172 = PLANE('',#5173);
#5173 = AXIS2_PLACEMENT_3D('',#5174,#5175,#5176);
#5174 = CARTESIAN_POINT('',(15.,6.994852949431,4.467889011137));
#5175 = DIRECTION('',(0.,-0.86134130275,-0.508026731755));
#5176 = DIRECTION('',(0.,0.508026731755,-0.86134130275));
#5177 = DEFINITIONAL_REPRESENTATION('',(#5178),#5182);
#5178 = LINE('',#5179,#5180);
#5179 = CARTESIAN_POINT('',(0.,-20.5));
#5180 = VECTOR('',#5181,1.);
#5181 = DIRECTION('',(1.,0.));
#5182 = ( GEOMETRIC_REPRESENTATION_CONTEXT(2) 
PARAMETRIC_REPRESENTATION_CONTEXT() REPRESENTATION_CONTEXT('2D SPACE',''
  ) );
#5183 = ADVANCED_FACE('',(#5184),#2299,.F.);
#5184 = FACE_BOUND('',#5185,.T.);
#5185 = EDGE_LOOP('',(#5186,#5207,#5208,#5209));
#5186 = ORIENTED_EDGE('',*,*,#5187,.F.);
#5187 = EDGE_CURVE('',#2256,#5188,#5190,.T.);
#5188 = VERTEX_POINT('',#5189);
#5189 = CARTESIAN_POINT('',(-5.5,-7.557118616042,3.432194374314));
#5190 = SURFACE_CURVE('',#5191,(#5195,#5201),.PCURVE_S1.);
#5191 = LINE('',#5192,#5193);
#5192 = CARTESIAN_POINT('',(-5.75,-7.788270941002,3.527423585512));
#5193 = VECTOR('',#5194,1.);
#5194 = DIRECTION('',(0.707106781187,0.653797505865,-0.269348884023));
#5195 = PCURVE('',#2299,#5196);
#5196 = DEFINITIONAL_REPRESENTATION('',(#5197),#5200);
#5197 = B_SPLINE_CURVE_WITH_KNOTS('',1,(#5198,#5199),.UNSPECIFIED.,.F.,
  .F.,(2,2),(-0.353553390593,0.353553390593),.PIECEWISE_BEZIER_KNOTS.);
#5198 = CARTESIAN_POINT('',(3.330669073875E-16,-0.353553390593));
#5199 = CARTESIAN_POINT('',(3.330669073875E-16,0.353553390593));
#5200 = ( GEOMETRIC_REPRESENTATION_CONTEXT(2) 
PARAMETRIC_REPRESENTATION_CONTEXT() REPRESENTATION_CONTEXT('2D SPACE',''
  ) );
#5201 = PCURVE('',#2271,#5202);
#5202 = DEFINITIONAL_REPRESENTATION('',(#5203),#5206);
#5203 = B_SPLINE_CURVE_WITH_KNOTS('',1,(#5204,#5205),.UNSPECIFIED.,.F.,
  .F.,(2,2),(-0.353553390593,0.353553390593),.PIECEWISE_BEZIER_KNOTS.);
#5204 = CARTESIAN_POINT('',(-0.589610116775,-0.353553390593));
#5205 = CARTESIAN_POINT('',(-0.589610116775,0.353553390593));
#5206 = ( GEOMETRIC_REPRESENTATION_CONTEXT(2) 
PARAMETRIC_REPRESENTATION_CONTEXT() REPRESENTATION_CONTEXT('2D SPACE',''
  ) );
#5207 = ORIENTED_EDGE('',*,*,#2283,.T.);
#5208 = ORIENTED_EDGE('',*,*,#5083,.T.);
#5209 = ORIENTED_EDGE('',*,*,#5210,.F.);
#5210 = EDGE_CURVE('',#5188,#5084,#5211,.T.);
#5211 = SURFACE_CURVE('',#5212,(#5216,#5223),.PCURVE_S1.);
#5212 = LINE('',#5213,#5214);
#5213 = CARTESIAN_POINT('',(-5.5,-7.557118616042,3.432194374314));
#5214 = VECTOR('',#5215,1.);
#5215 = DIRECTION('',(-0.,0.445596095625,0.895234114388));
#5216 = PCURVE('',#2299,#5217);
#5217 = DEFINITIONAL_REPRESENTATION('',(#5218),#5222);
#5218 = LINE('',#5219,#5220);
#5219 = CARTESIAN_POINT('',(5.551115123126E-16,0.353553390593));
#5220 = VECTOR('',#5221,1.);
#5221 = DIRECTION('',(-1.,0.));
#5222 = ( GEOMETRIC_REPRESENTATION_CONTEXT(2) 
PARAMETRIC_REPRESENTATION_CONTEXT() REPRESENTATION_CONTEXT('2D SPACE',''
  ) );
#5223 = PCURVE('',#5224,#5229);
#5224 = PLANE('',#5225);
#5225 = AXIS2_PLACEMENT_3D('',#5226,#5227,#5228);
#5226 = CARTESIAN_POINT('',(15.,-7.557118616042,3.432194374314));
#5227 = DIRECTION('',(0.,0.895234114388,-0.445596095625));
#5228 = DIRECTION('',(0.,0.445596095625,0.895234114388));
#5229 = DEFINITIONAL_REPRESENTATION('',(#5230),#5234);
#5230 = LINE('',#5231,#5232);
#5231 = CARTESIAN_POINT('',(0.,-20.5));
#5232 = VECTOR('',#5233,1.);
#5233 = DIRECTION('',(1.,0.));
#5234 = ( GEOMETRIC_REPRESENTATION_CONTEXT(2) 
PARAMETRIC_REPRESENTATION_CONTEXT() REPRESENTATION_CONTEXT('2D SPACE',''
  ) );
#5235 = ADVANCED_FACE('',(#5236),#1179,.F.);
#5236 = FACE_BOUND('',#5237,.T.);
#5237 = EDGE_LOOP('',(#5238,#5239,#5240,#5261));
#5238 = ORIENTED_EDGE('',*,*,#5137,.F.);
#5239 = ORIENTED_EDGE('',*,*,#1163,.T.);
#5240 = ORIENTED_EDGE('',*,*,#5241,.T.);
#5241 = EDGE_CURVE('',#1164,#5242,#5244,.T.);
#5242 = VERTEX_POINT('',#5243);
#5243 = CARTESIAN_POINT('',(-5.5,7.557118616042,3.432194374314));
#5244 = SURFACE_CURVE('',#5245,(#5249,#5255),.PCURVE_S1.);
#5245 = LINE('',#5246,#5247);
#5246 = CARTESIAN_POINT('',(-5.75,7.780927144639,3.54359339822));
#5247 = VECTOR('',#5248,1.);
#5248 = DIRECTION('',(0.707106781187,-0.633026113033,-0.315084020887));
#5249 = PCURVE('',#1179,#5250);
#5250 = DEFINITIONAL_REPRESENTATION('',(#5251),#5254);
#5251 = B_SPLINE_CURVE_WITH_KNOTS('',1,(#5252,#5253),.UNSPECIFIED.,.F.,
  .F.,(2,2),(-0.353553390593,0.353553390593),.PIECEWISE_BEZIER_KNOTS.);
#5252 = CARTESIAN_POINT('',(-0.589610116775,-0.353553390593));
#5253 = CARTESIAN_POINT('',(-0.589610116775,0.353553390593));
#5254 = ( GEOMETRIC_REPRESENTATION_CONTEXT(2) 
PARAMETRIC_REPRESENTATION_CONTEXT() REPRESENTATION_CONTEXT('2D SPACE',''
  ) );
#5255 = PCURVE('',#1207,#5256);
#5256 = DEFINITIONAL_REPRESENTATION('',(#5257),#5260);
#5257 = B_SPLINE_CURVE_WITH_KNOTS('',1,(#5258,#5259),.UNSPECIFIED.,.F.,
  .F.,(2,2),(-0.353553390593,0.353553390593),.PIECEWISE_BEZIER_KNOTS.);
#5258 = CARTESIAN_POINT('',(3.330669073875E-16,-0.353553390593));
#5259 = CARTESIAN_POINT('',(3.330669073875E-16,0.353553390593));
#5260 = ( GEOMETRIC_REPRESENTATION_CONTEXT(2) 
PARAMETRIC_REPRESENTATION_CONTEXT() REPRESENTATION_CONTEXT('2D SPACE',''
  ) );
#5261 = ORIENTED_EDGE('',*,*,#5262,.F.);
#5262 = EDGE_CURVE('',#5138,#5242,#5263,.T.);
#5263 = SURFACE_CURVE('',#5264,(#5268,#5275),.PCURVE_S1.);
#5264 = LINE('',#5265,#5266);
#5265 = CARTESIAN_POINT('',(-5.5,7.294390650066,3.960033465039));
#5266 = VECTOR('',#5267,1.);
#5267 = DIRECTION('',(0.,0.445596095625,-0.895234114388));
#5268 = PCURVE('',#1179,#5269);
#5269 = DEFINITIONAL_REPRESENTATION('',(#5270),#5274);
#5270 = LINE('',#5271,#5272);
#5271 = CARTESIAN_POINT('',(-8.326672684689E-16,0.353553390593));
#5272 = VECTOR('',#5273,1.);
#5273 = DIRECTION('',(-1.,0.));
#5274 = ( GEOMETRIC_REPRESENTATION_CONTEXT(2) 
PARAMETRIC_REPRESENTATION_CONTEXT() REPRESENTATION_CONTEXT('2D SPACE',''
  ) );
#5275 = PCURVE('',#5276,#5281);
#5276 = PLANE('',#5277);
#5277 = AXIS2_PLACEMENT_3D('',#5278,#5279,#5280);
#5278 = CARTESIAN_POINT('',(15.,7.294390650066,3.960033465039));
#5279 = DIRECTION('',(0.,-0.895234114388,-0.445596095625));
#5280 = DIRECTION('',(0.,0.445596095625,-0.895234114388));
#5281 = DEFINITIONAL_REPRESENTATION('',(#5282),#5286);
#5282 = LINE('',#5283,#5284);
#5283 = CARTESIAN_POINT('',(3.885780586188E-16,-20.5));
#5284 = VECTOR('',#5285,1.);
#5285 = DIRECTION('',(1.,0.));
#5286 = ( GEOMETRIC_REPRESENTATION_CONTEXT(2) 
PARAMETRIC_REPRESENTATION_CONTEXT() REPRESENTATION_CONTEXT('2D SPACE',''
  ) );
#5287 = ADVANCED_FACE('',(#5288),#2271,.F.);
#5288 = FACE_BOUND('',#5289,.T.);
#5289 = EDGE_LOOP('',(#5290,#5311,#5312,#5313));
#5290 = ORIENTED_EDGE('',*,*,#5291,.F.);
#5291 = EDGE_CURVE('',#2228,#5292,#5294,.T.);
#5292 = VERTEX_POINT('',#5293);
#5293 = CARTESIAN_POINT('',(-5.5,-7.781711041383,2.887035377063));
#5294 = SURFACE_CURVE('',#5295,(#5299,#5305),.PCURVE_S1.);
#5295 = LINE('',#5296,#5297);
#5296 = CARTESIAN_POINT('',(-5.75,-8.019040697109,2.965614219718));
#5297 = VECTOR('',#5298,1.);
#5298 = DIRECTION('',(0.707106781187,0.671269635762,-0.222254529997));
#5299 = PCURVE('',#2271,#5300);
#5300 = DEFINITIONAL_REPRESENTATION('',(#5301),#5304);
#5301 = B_SPLINE_CURVE_WITH_KNOTS('',1,(#5302,#5303),.UNSPECIFIED.,.F.,
  .F.,(2,2),(-0.353553390593,0.353553390593),.PIECEWISE_BEZIER_KNOTS.);
#5302 = CARTESIAN_POINT('',(2.22044604925E-16,-0.353553390593));
#5303 = CARTESIAN_POINT('',(2.22044604925E-16,0.353553390593));
#5304 = ( GEOMETRIC_REPRESENTATION_CONTEXT(2) 
PARAMETRIC_REPRESENTATION_CONTEXT() REPRESENTATION_CONTEXT('2D SPACE',''
  ) );
#5305 = PCURVE('',#2243,#5306);
#5306 = DEFINITIONAL_REPRESENTATION('',(#5307),#5310);
#5307 = B_SPLINE_CURVE_WITH_KNOTS('',1,(#5308,#5309),.UNSPECIFIED.,.F.,
  .F.,(2,2),(-0.353553390593,0.353553390593),.PIECEWISE_BEZIER_KNOTS.);
#5308 = CARTESIAN_POINT('',(-0.589610116775,-0.353553390593));
#5309 = CARTESIAN_POINT('',(-0.589610116775,0.353553390593));
#5310 = ( GEOMETRIC_REPRESENTATION_CONTEXT(2) 
PARAMETRIC_REPRESENTATION_CONTEXT() REPRESENTATION_CONTEXT('2D SPACE',''
  ) );
#5311 = ORIENTED_EDGE('',*,*,#2255,.T.);
#5312 = ORIENTED_EDGE('',*,*,#5187,.T.);
#5313 = ORIENTED_EDGE('',*,*,#5314,.F.);
#5314 = EDGE_CURVE('',#5292,#5188,#5315,.T.);
#5315 = SURFACE_CURVE('',#5316,(#5320,#5327),.PCURVE_S1.);
#5316 = LINE('',#5317,#5318);
#5317 = CARTESIAN_POINT('',(-5.5,-7.781711041383,2.887035377063));
#5318 = VECTOR('',#5319,1.);
#5319 = DIRECTION('',(-0.,0.380916844795,0.924609299841));
#5320 = PCURVE('',#2271,#5321);
#5321 = DEFINITIONAL_REPRESENTATION('',(#5322),#5326);
#5322 = LINE('',#5323,#5324);
#5323 = CARTESIAN_POINT('',(-1.665334536938E-16,0.353553390593));
#5324 = VECTOR('',#5325,1.);
#5325 = DIRECTION('',(-1.,0.));
#5326 = ( GEOMETRIC_REPRESENTATION_CONTEXT(2) 
PARAMETRIC_REPRESENTATION_CONTEXT() REPRESENTATION_CONTEXT('2D SPACE',''
  ) );
#5327 = PCURVE('',#5328,#5333);
#5328 = PLANE('',#5329);
#5329 = AXIS2_PLACEMENT_3D('',#5330,#5331,#5332);
#5330 = CARTESIAN_POINT('',(15.,-7.781711041383,2.887035377063));
#5331 = DIRECTION('',(0.,0.924609299841,-0.380916844795));
#5332 = DIRECTION('',(0.,0.380916844795,0.924609299841));
#5333 = DEFINITIONAL_REPRESENTATION('',(#5334),#5338);
#5334 = LINE('',#5335,#5336);
#5335 = CARTESIAN_POINT('',(0.,-20.5));
#5336 = VECTOR('',#5337,1.);
#5337 = DIRECTION('',(1.,0.));
#5338 = ( GEOMETRIC_REPRESENTATION_CONTEXT(2) 
PARAMETRIC_REPRESENTATION_CONTEXT() REPRESENTATION_CONTEXT('2D SPACE',''
  ) );
#5339 = ADVANCED_FACE('',(#5340),#1207,.F.);
#5340 = FACE_BOUND('',#5341,.T.);
#5341 = EDGE_LOOP('',(#5342,#5343,#5344,#5365));
#5342 = ORIENTED_EDGE('',*,*,#5241,.F.);
#5343 = ORIENTED_EDGE('',*,*,#1191,.T.);
#5344 = ORIENTED_EDGE('',*,*,#5345,.T.);
#5345 = EDGE_CURVE('',#1192,#5346,#5348,.T.);
#5346 = VERTEX_POINT('',#5347);
#5347 = CARTESIAN_POINT('',(-5.5,7.781711041383,2.887035377063));
#5348 = SURFACE_CURVE('',#5349,(#5353,#5359),.PCURVE_S1.);
#5349 = LINE('',#5350,#5351);
#5350 = CARTESIAN_POINT('',(-5.75,8.012863366343,2.982264588262));
#5351 = VECTOR('',#5352,1.);
#5352 = DIRECTION('',(0.707106781187,-0.653797505865,-0.269348884023));
#5353 = PCURVE('',#1207,#5354);
#5354 = DEFINITIONAL_REPRESENTATION('',(#5355),#5358);
#5355 = B_SPLINE_CURVE_WITH_KNOTS('',1,(#5356,#5357),.UNSPECIFIED.,.F.,
  .F.,(2,2),(-0.353553390593,0.353553390593),.PIECEWISE_BEZIER_KNOTS.);
#5356 = CARTESIAN_POINT('',(-0.589610116775,-0.353553390593));
#5357 = CARTESIAN_POINT('',(-0.589610116775,0.353553390593));
#5358 = ( GEOMETRIC_REPRESENTATION_CONTEXT(2) 
PARAMETRIC_REPRESENTATION_CONTEXT() REPRESENTATION_CONTEXT('2D SPACE',''
  ) );
#5359 = PCURVE('',#1235,#5360);
#5360 = DEFINITIONAL_REPRESENTATION('',(#5361),#5364);
#5361 = B_SPLINE_CURVE_WITH_KNOTS('',1,(#5362,#5363),.UNSPECIFIED.,.F.,
  .F.,(2,2),(-0.353553390593,0.353553390593),.PIECEWISE_BEZIER_KNOTS.);
#5362 = CARTESIAN_POINT('',(9.992007221626E-16,-0.353553390593));
#5363 = CARTESIAN_POINT('',(9.992007221626E-16,0.353553390593));
#5364 = ( GEOMETRIC_REPRESENTATION_CONTEXT(2) 
PARAMETRIC_REPRESENTATION_CONTEXT() REPRESENTATION_CONTEXT('2D SPACE',''
  ) );
#5365 = ORIENTED_EDGE('',*,*,#5366,.F.);
#5366 = EDGE_CURVE('',#5242,#5346,#5367,.T.);
#5367 = SURFACE_CURVE('',#5368,(#5372,#5379),.PCURVE_S1.);
#5368 = LINE('',#5369,#5370);
#5369 = CARTESIAN_POINT('',(-5.5,7.557118616042,3.432194374314));
#5370 = VECTOR('',#5371,1.);
#5371 = DIRECTION('',(0.,0.380916844795,-0.924609299841));
#5372 = PCURVE('',#1207,#5373);
#5373 = DEFINITIONAL_REPRESENTATION('',(#5374),#5378);
#5374 = LINE('',#5375,#5376);
#5375 = CARTESIAN_POINT('',(5.551115123126E-16,0.353553390593));
#5376 = VECTOR('',#5377,1.);
#5377 = DIRECTION('',(-1.,0.));
#5378 = ( GEOMETRIC_REPRESENTATION_CONTEXT(2) 
PARAMETRIC_REPRESENTATION_CONTEXT() REPRESENTATION_CONTEXT('2D SPACE',''
  ) );
#5379 = PCURVE('',#5380,#5385);
#5380 = PLANE('',#5381);
#5381 = AXIS2_PLACEMENT_3D('',#5382,#5383,#5384);
#5382 = CARTESIAN_POINT('',(15.,7.557118616042,3.432194374314));
#5383 = DIRECTION('',(0.,-0.924609299841,-0.380916844795));
#5384 = DIRECTION('',(0.,0.380916844795,-0.924609299841));
#5385 = DEFINITIONAL_REPRESENTATION('',(#5386),#5390);
#5386 = LINE('',#5387,#5388);
#5387 = CARTESIAN_POINT('',(0.,-20.5));
#5388 = VECTOR('',#5389,1.);
#5389 = DIRECTION('',(1.,0.));
#5390 = ( GEOMETRIC_REPRESENTATION_CONTEXT(2) 
PARAMETRIC_REPRESENTATION_CONTEXT() REPRESENTATION_CONTEXT('2D SPACE',''
  ) );
#5391 = ADVANCED_FACE('',(#5392),#2243,.F.);
#5392 = FACE_BOUND('',#5393,.T.);
#5393 = EDGE_LOOP('',(#5394,#5415,#5416,#5417));
#5394 = ORIENTED_EDGE('',*,*,#5395,.F.);
#5395 = EDGE_CURVE('',#2200,#5396,#5398,.T.);
#5396 = VERTEX_POINT('',#5397);
#5397 = CARTESIAN_POINT('',(-5.5,-7.96703456376,2.327307512956));
#5398 = SURFACE_CURVE('',#5399,(#5403,#5409),.PCURVE_S1.);
#5399 = LINE('',#5400,#5401);
#5400 = CARTESIAN_POINT('',(-5.75,-8.209343911946,2.388839454103));
#5401 = VECTOR('',#5402,1.);
#5402 = DIRECTION('',(0.707106781187,0.685354332991,-0.17403861138));
#5403 = PCURVE('',#2243,#5404);
#5404 = DEFINITIONAL_REPRESENTATION('',(#5405),#5408);
#5405 = B_SPLINE_CURVE_WITH_KNOTS('',1,(#5406,#5407),.UNSPECIFIED.,.F.,
  .F.,(2,2),(-0.353553390593,0.353553390593),.PIECEWISE_BEZIER_KNOTS.);
#5406 = CARTESIAN_POINT('',(-9.992007221626E-16,-0.353553390593));
#5407 = CARTESIAN_POINT('',(-9.992007221626E-16,0.353553390593));
#5408 = ( GEOMETRIC_REPRESENTATION_CONTEXT(2) 
PARAMETRIC_REPRESENTATION_CONTEXT() REPRESENTATION_CONTEXT('2D SPACE',''
  ) );
#5409 = PCURVE('',#2215,#5410);
#5410 = DEFINITIONAL_REPRESENTATION('',(#5411),#5414);
#5411 = B_SPLINE_CURVE_WITH_KNOTS('',1,(#5412,#5413),.UNSPECIFIED.,.F.,
  .F.,(2,2),(-0.353553390593,0.353553390593),.PIECEWISE_BEZIER_KNOTS.);
#5412 = CARTESIAN_POINT('',(-0.589610116775,-0.353553390593));
#5413 = CARTESIAN_POINT('',(-0.589610116775,0.353553390593));
#5414 = ( GEOMETRIC_REPRESENTATION_CONTEXT(2) 
PARAMETRIC_REPRESENTATION_CONTEXT() REPRESENTATION_CONTEXT('2D SPACE',''
  ) );
#5415 = ORIENTED_EDGE('',*,*,#2227,.T.);
#5416 = ORIENTED_EDGE('',*,*,#5291,.T.);
#5417 = ORIENTED_EDGE('',*,*,#5418,.F.);
#5418 = EDGE_CURVE('',#5396,#5292,#5419,.T.);
#5419 = SURFACE_CURVE('',#5420,(#5424,#5431),.PCURVE_S1.);
#5420 = LINE('',#5421,#5422);
#5421 = CARTESIAN_POINT('',(-5.5,-7.96703456376,2.327307512956));
#5422 = VECTOR('',#5423,1.);
#5423 = DIRECTION('',(-0.,0.314315370621,0.949318622903));
#5424 = PCURVE('',#2243,#5425);
#5425 = DEFINITIONAL_REPRESENTATION('',(#5426),#5430);
#5426 = LINE('',#5427,#5428);
#5427 = CARTESIAN_POINT('',(-2.775557561563E-16,0.353553390593));
#5428 = VECTOR('',#5429,1.);
#5429 = DIRECTION('',(-1.,0.));
#5430 = ( GEOMETRIC_REPRESENTATION_CONTEXT(2) 
PARAMETRIC_REPRESENTATION_CONTEXT() REPRESENTATION_CONTEXT('2D SPACE',''
  ) );
#5431 = PCURVE('',#5432,#5437);
#5432 = PLANE('',#5433);
#5433 = AXIS2_PLACEMENT_3D('',#5434,#5435,#5436);
#5434 = CARTESIAN_POINT('',(15.,-7.96703456376,2.327307512956));
#5435 = DIRECTION('',(0.,0.949318622903,-0.314315370621));
#5436 = DIRECTION('',(0.,0.314315370621,0.949318622903));
#5437 = DEFINITIONAL_REPRESENTATION('',(#5438),#5442);
#5438 = LINE('',#5439,#5440);
#5439 = CARTESIAN_POINT('',(-8.326672684689E-16,-20.5));
#5440 = VECTOR('',#5441,1.);
#5441 = DIRECTION('',(1.,0.));
#5442 = ( GEOMETRIC_REPRESENTATION_CONTEXT(2) 
PARAMETRIC_REPRESENTATION_CONTEXT() REPRESENTATION_CONTEXT('2D SPACE',''
  ) );
#5443 = ADVANCED_FACE('',(#5444),#1235,.F.);
#5444 = FACE_BOUND('',#5445,.T.);
#5445 = EDGE_LOOP('',(#5446,#5447,#5448,#5469));
#5446 = ORIENTED_EDGE('',*,*,#5345,.F.);
#5447 = ORIENTED_EDGE('',*,*,#1219,.T.);
#5448 = ORIENTED_EDGE('',*,*,#5449,.T.);
#5449 = EDGE_CURVE('',#1220,#5450,#5452,.T.);
#5450 = VERTEX_POINT('',#5451);
#5451 = CARTESIAN_POINT('',(-5.5,7.96703456376,2.327307512956));
#5452 = SURFACE_CURVE('',#5453,(#5457,#5463),.PCURVE_S1.);
#5453 = LINE('',#5454,#5455);
#5454 = CARTESIAN_POINT('',(-5.75,8.204364219485,2.405886355611));
#5455 = VECTOR('',#5456,1.);
#5456 = DIRECTION('',(0.707106781187,-0.671269635762,-0.222254529997));
#5457 = PCURVE('',#1235,#5458);
#5458 = DEFINITIONAL_REPRESENTATION('',(#5459),#5462);
#5459 = B_SPLINE_CURVE_WITH_KNOTS('',1,(#5460,#5461),.UNSPECIFIED.,.F.,
  .F.,(2,2),(-0.353553390593,0.353553390593),.PIECEWISE_BEZIER_KNOTS.);
#5460 = CARTESIAN_POINT('',(-0.589610116775,-0.353553390593));
#5461 = CARTESIAN_POINT('',(-0.589610116775,0.353553390593));
#5462 = ( GEOMETRIC_REPRESENTATION_CONTEXT(2) 
PARAMETRIC_REPRESENTATION_CONTEXT() REPRESENTATION_CONTEXT('2D SPACE',''
  ) );
#5463 = PCURVE('',#1263,#5464);
#5464 = DEFINITIONAL_REPRESENTATION('',(#5465),#5468);
#5465 = B_SPLINE_CURVE_WITH_KNOTS('',1,(#5466,#5467),.UNSPECIFIED.,.F.,
  .F.,(2,2),(-0.353553390593,0.353553390593),.PIECEWISE_BEZIER_KNOTS.);
#5466 = CARTESIAN_POINT('',(7.771561172376E-16,-0.353553390593));
#5467 = CARTESIAN_POINT('',(7.771561172376E-16,0.353553390593));
#5468 = ( GEOMETRIC_REPRESENTATION_CONTEXT(2) 
PARAMETRIC_REPRESENTATION_CONTEXT() REPRESENTATION_CONTEXT('2D SPACE',''
  ) );
#5469 = ORIENTED_EDGE('',*,*,#5470,.F.);
#5470 = EDGE_CURVE('',#5346,#5450,#5471,.T.);
#5471 = SURFACE_CURVE('',#5472,(#5476,#5483),.PCURVE_S1.);
#5472 = LINE('',#5473,#5474);
#5473 = CARTESIAN_POINT('',(-5.5,7.781711041383,2.887035377063));
#5474 = VECTOR('',#5475,1.);
#5475 = DIRECTION('',(0.,0.314315370621,-0.949318622903));
#5476 = PCURVE('',#1235,#5477);
#5477 = DEFINITIONAL_REPRESENTATION('',(#5478),#5482);
#5478 = LINE('',#5479,#5480);
#5479 = CARTESIAN_POINT('',(2.22044604925E-16,0.353553390593));
#5480 = VECTOR('',#5481,1.);
#5481 = DIRECTION('',(-1.,0.));
#5482 = ( GEOMETRIC_REPRESENTATION_CONTEXT(2) 
PARAMETRIC_REPRESENTATION_CONTEXT() REPRESENTATION_CONTEXT('2D SPACE',''
  ) );
#5483 = PCURVE('',#5484,#5489);
#5484 = PLANE('',#5485);
#5485 = AXIS2_PLACEMENT_3D('',#5486,#5487,#5488);
#5486 = CARTESIAN_POINT('',(15.,7.781711041383,2.887035377063));
#5487 = DIRECTION('',(0.,-0.949318622903,-0.314315370621));
#5488 = DIRECTION('',(0.,0.314315370621,-0.949318622903));
#5489 = DEFINITIONAL_REPRESENTATION('',(#5490),#5494);
#5490 = LINE('',#5491,#5492);
#5491 = CARTESIAN_POINT('',(8.326672684689E-16,-20.5));
#5492 = VECTOR('',#5493,1.);
#5493 = DIRECTION('',(1.,0.));
#5494 = ( GEOMETRIC_REPRESENTATION_CONTEXT(2) 
PARAMETRIC_REPRESENTATION_CONTEXT() REPRESENTATION_CONTEXT('2D SPACE',''
  ) );
#5495 = ADVANCED_FACE('',(#5496),#2215,.F.);
#5496 = FACE_BOUND('',#5497,.T.);
#5497 = EDGE_LOOP('',(#5498,#5519,#5520,#5521));
#5498 = ORIENTED_EDGE('',*,*,#5499,.F.);
#5499 = EDGE_CURVE('',#2172,#5500,#5502,.T.);
#5500 = VERTEX_POINT('',#5501);
#5501 = CARTESIAN_POINT('',(-5.5,-8.112153983781,1.755835340636));
#5502 = SURFACE_CURVE('',#5503,(#5507,#5513),.PCURVE_S1.);
#5503 = LINE('',#5504,#5505);
#5504 = CARTESIAN_POINT('',(-5.75,-8.358220257066,1.80000987121));
#5505 = VECTOR('',#5506,1.);
#5506 = DIRECTION('',(0.707106781187,0.695980521846,-0.124944440498));
#5507 = PCURVE('',#2215,#5508);
#5508 = DEFINITIONAL_REPRESENTATION('',(#5509),#5512);
#5509 = B_SPLINE_CURVE_WITH_KNOTS('',1,(#5510,#5511),.UNSPECIFIED.,.F.,
  .F.,(2,2),(-0.353553390593,0.353553390593),.PIECEWISE_BEZIER_KNOTS.);
#5510 = CARTESIAN_POINT('',(-7.771561172376E-16,-0.353553390593));
#5511 = CARTESIAN_POINT('',(-7.771561172376E-16,0.353553390593));
#5512 = ( GEOMETRIC_REPRESENTATION_CONTEXT(2) 
PARAMETRIC_REPRESENTATION_CONTEXT() REPRESENTATION_CONTEXT('2D SPACE',''
  ) );
#5513 = PCURVE('',#2187,#5514);
#5514 = DEFINITIONAL_REPRESENTATION('',(#5515),#5518);
#5515 = B_SPLINE_CURVE_WITH_KNOTS('',1,(#5516,#5517),.UNSPECIFIED.,.F.,
  .F.,(2,2),(-0.353553390593,0.353553390593),.PIECEWISE_BEZIER_KNOTS.);
#5516 = CARTESIAN_POINT('',(-0.589610116775,-0.353553390593));
#5517 = CARTESIAN_POINT('',(-0.589610116775,0.353553390593));
#5518 = ( GEOMETRIC_REPRESENTATION_CONTEXT(2) 
PARAMETRIC_REPRESENTATION_CONTEXT() REPRESENTATION_CONTEXT('2D SPACE',''
  ) );
#5519 = ORIENTED_EDGE('',*,*,#2199,.T.);
#5520 = ORIENTED_EDGE('',*,*,#5395,.T.);
#5521 = ORIENTED_EDGE('',*,*,#5522,.F.);
#5522 = EDGE_CURVE('',#5500,#5396,#5523,.T.);
#5523 = SURFACE_CURVE('',#5524,(#5528,#5535),.PCURVE_S1.);
#5524 = LINE('',#5525,#5526);
#5525 = CARTESIAN_POINT('',(-5.5,-8.112153983781,1.755835340636));
#5526 = VECTOR('',#5527,1.);
#5527 = DIRECTION('',(-0.,0.24612776459,0.969237392746));
#5528 = PCURVE('',#2215,#5529);
#5529 = DEFINITIONAL_REPRESENTATION('',(#5530),#5534);
#5530 = LINE('',#5531,#5532);
#5531 = CARTESIAN_POINT('',(-4.996003610813E-16,0.353553390593));
#5532 = VECTOR('',#5533,1.);
#5533 = DIRECTION('',(-1.,0.));
#5534 = ( GEOMETRIC_REPRESENTATION_CONTEXT(2) 
PARAMETRIC_REPRESENTATION_CONTEXT() REPRESENTATION_CONTEXT('2D SPACE',''
  ) );
#5535 = PCURVE('',#5536,#5541);
#5536 = PLANE('',#5537);
#5537 = AXIS2_PLACEMENT_3D('',#5538,#5539,#5540);
#5538 = CARTESIAN_POINT('',(15.,-8.112153983781,1.755835340636));
#5539 = DIRECTION('',(0.,0.969237392746,-0.24612776459));
#5540 = DIRECTION('',(0.,0.24612776459,0.969237392746));
#5541 = DEFINITIONAL_REPRESENTATION('',(#5542),#5546);
#5542 = LINE('',#5543,#5544);
#5543 = CARTESIAN_POINT('',(-3.885780586188E-16,-20.5));
#5544 = VECTOR('',#5545,1.);
#5545 = DIRECTION('',(1.,0.));
#5546 = ( GEOMETRIC_REPRESENTATION_CONTEXT(2) 
PARAMETRIC_REPRESENTATION_CONTEXT() REPRESENTATION_CONTEXT('2D SPACE',''
  ) );
#5547 = ADVANCED_FACE('',(#5548),#1263,.F.);
#5548 = FACE_BOUND('',#5549,.T.);
#5549 = EDGE_LOOP('',(#5550,#5551,#5552,#5573));
#5550 = ORIENTED_EDGE('',*,*,#5449,.F.);
#5551 = ORIENTED_EDGE('',*,*,#1247,.T.);
#5552 = ORIENTED_EDGE('',*,*,#5553,.T.);
#5553 = EDGE_CURVE('',#1248,#5554,#5556,.T.);
#5554 = VERTEX_POINT('',#5555);
#5555 = CARTESIAN_POINT('',(-5.5,8.112153983781,1.755835340636));
#5556 = SURFACE_CURVE('',#5557,(#5561,#5567),.PCURVE_S1.);
#5557 = LINE('',#5558,#5559);
#5558 = CARTESIAN_POINT('',(-5.75,8.354463331968,1.817367281783));
#5559 = VECTOR('',#5560,1.);
#5560 = DIRECTION('',(0.707106781187,-0.685354332991,-0.17403861138));
#5561 = PCURVE('',#1263,#5562);
#5562 = DEFINITIONAL_REPRESENTATION('',(#5563),#5566);
#5563 = B_SPLINE_CURVE_WITH_KNOTS('',1,(#5564,#5565),.UNSPECIFIED.,.F.,
  .F.,(2,2),(-0.353553390593,0.353553390593),.PIECEWISE_BEZIER_KNOTS.);
#5564 = CARTESIAN_POINT('',(-0.589610116775,-0.353553390593));
#5565 = CARTESIAN_POINT('',(-0.589610116775,0.353553390593));
#5566 = ( GEOMETRIC_REPRESENTATION_CONTEXT(2) 
PARAMETRIC_REPRESENTATION_CONTEXT() REPRESENTATION_CONTEXT('2D SPACE',''
  ) );
#5567 = PCURVE('',#1291,#5568);
#5568 = DEFINITIONAL_REPRESENTATION('',(#5569),#5572);
#5569 = B_SPLINE_CURVE_WITH_KNOTS('',1,(#5570,#5571),.UNSPECIFIED.,.F.,
  .F.,(2,2),(-0.353553390593,0.353553390593),.PIECEWISE_BEZIER_KNOTS.);
#5570 = CARTESIAN_POINT('',(5.551115123126E-16,-0.353553390593));
#5571 = CARTESIAN_POINT('',(5.551115123126E-16,0.353553390593));
#5572 = ( GEOMETRIC_REPRESENTATION_CONTEXT(2) 
PARAMETRIC_REPRESENTATION_CONTEXT() REPRESENTATION_CONTEXT('2D SPACE',''
  ) );
#5573 = ORIENTED_EDGE('',*,*,#5574,.F.);
#5574 = EDGE_CURVE('',#5450,#5554,#5575,.T.);
#5575 = SURFACE_CURVE('',#5576,(#5580,#5587),.PCURVE_S1.);
#5576 = LINE('',#5577,#5578);
#5577 = CARTESIAN_POINT('',(-5.5,7.96703456376,2.327307512956));
#5578 = VECTOR('',#5579,1.);
#5579 = DIRECTION('',(0.,0.24612776459,-0.969237392746));
#5580 = PCURVE('',#1263,#5581);
#5581 = DEFINITIONAL_REPRESENTATION('',(#5582),#5586);
#5582 = LINE('',#5583,#5584);
#5583 = CARTESIAN_POINT('',(2.775557561563E-16,0.353553390593));
#5584 = VECTOR('',#5585,1.);
#5585 = DIRECTION('',(-1.,0.));
#5586 = ( GEOMETRIC_REPRESENTATION_CONTEXT(2) 
PARAMETRIC_REPRESENTATION_CONTEXT() REPRESENTATION_CONTEXT('2D SPACE',''
  ) );
#5587 = PCURVE('',#5588,#5593);
#5588 = PLANE('',#5589);
#5589 = AXIS2_PLACEMENT_3D('',#5590,#5591,#5592);
#5590 = CARTESIAN_POINT('',(15.,7.96703456376,2.327307512956));
#5591 = DIRECTION('',(0.,-0.969237392746,-0.24612776459));
#5592 = DIRECTION('',(0.,0.24612776459,-0.969237392746));
#5593 = DEFINITIONAL_REPRESENTATION('',(#5594),#5598);
#5594 = LINE('',#5595,#5596);
#5595 = CARTESIAN_POINT('',(2.22044604925E-16,-20.5));
#5596 = VECTOR('',#5597,1.);
#5597 = DIRECTION('',(1.,0.));
#5598 = ( GEOMETRIC_REPRESENTATION_CONTEXT(2) 
PARAMETRIC_REPRESENTATION_CONTEXT() REPRESENTATION_CONTEXT('2D SPACE',''
  ) );
#5599 = ADVANCED_FACE('',(#5600),#2187,.F.);
#5600 = FACE_BOUND('',#5601,.T.);
#5601 = EDGE_LOOP('',(#5602,#5623,#5624,#5625));
#5602 = ORIENTED_EDGE('',*,*,#5603,.F.);
#5603 = EDGE_CURVE('',#2144,#5604,#5606,.T.);
#5604 = VERTEX_POINT('',#5605);
#5605 = CARTESIAN_POINT('',(-5.5,-8.216336984302,1.17550268413));
#5606 = SURFACE_CURVE('',#5607,(#5611,#5617),.PCURVE_S1.);
#5607 = LINE('',#5608,#5609);
#5608 = CARTESIAN_POINT('',(-5.75,-8.464918456726,1.202096885887));
#5609 = VECTOR('',#5610,1.);
#5610 = DIRECTION('',(0.707106781187,0.703094579316,-7.521976161033E-02)
  );
#5611 = PCURVE('',#2187,#5612);
#5612 = DEFINITIONAL_REPRESENTATION('',(#5613),#5616);
#5613 = B_SPLINE_CURVE_WITH_KNOTS('',1,(#5614,#5615),.UNSPECIFIED.,.F.,
  .F.,(2,2),(-0.353553390593,0.353553390593),.PIECEWISE_BEZIER_KNOTS.);
#5614 = CARTESIAN_POINT('',(-3.330669073875E-16,-0.353553390593));
#5615 = CARTESIAN_POINT('',(-3.330669073875E-16,0.353553390593));
#5616 = ( GEOMETRIC_REPRESENTATION_CONTEXT(2) 
PARAMETRIC_REPRESENTATION_CONTEXT() REPRESENTATION_CONTEXT('2D SPACE',''
  ) );
#5617 = PCURVE('',#2159,#5618);
#5618 = DEFINITIONAL_REPRESENTATION('',(#5619),#5622);
#5619 = B_SPLINE_CURVE_WITH_KNOTS('',1,(#5620,#5621),.UNSPECIFIED.,.F.,
  .F.,(2,2),(-0.353553390593,0.353553390593),.PIECEWISE_BEZIER_KNOTS.);
#5620 = CARTESIAN_POINT('',(-0.589610116775,-0.353553390593));
#5621 = CARTESIAN_POINT('',(-0.589610116775,0.353553390593));
#5622 = ( GEOMETRIC_REPRESENTATION_CONTEXT(2) 
PARAMETRIC_REPRESENTATION_CONTEXT() REPRESENTATION_CONTEXT('2D SPACE',''
  ) );
#5623 = ORIENTED_EDGE('',*,*,#2171,.T.);
#5624 = ORIENTED_EDGE('',*,*,#5499,.T.);
#5625 = ORIENTED_EDGE('',*,*,#5626,.F.);
#5626 = EDGE_CURVE('',#5604,#5500,#5627,.T.);
#5627 = SURFACE_CURVE('',#5628,(#5632,#5639),.PCURVE_S1.);
#5628 = LINE('',#5629,#5630);
#5629 = CARTESIAN_POINT('',(-5.5,-8.216336984302,1.17550268413));
#5630 = VECTOR('',#5631,1.);
#5631 = DIRECTION('',(-0.,0.176698122295,0.984265093142));
#5632 = PCURVE('',#2187,#5633);
#5633 = DEFINITIONAL_REPRESENTATION('',(#5634),#5638);
#5634 = LINE('',#5635,#5636);
#5635 = CARTESIAN_POINT('',(-1.110223024625E-16,0.353553390593));
#5636 = VECTOR('',#5637,1.);
#5637 = DIRECTION('',(-1.,0.));
#5638 = ( GEOMETRIC_REPRESENTATION_CONTEXT(2) 
PARAMETRIC_REPRESENTATION_CONTEXT() REPRESENTATION_CONTEXT('2D SPACE',''
  ) );
#5639 = PCURVE('',#5640,#5645);
#5640 = PLANE('',#5641);
#5641 = AXIS2_PLACEMENT_3D('',#5642,#5643,#5644);
#5642 = CARTESIAN_POINT('',(15.,-8.216336984302,1.17550268413));
#5643 = DIRECTION('',(0.,0.984265093142,-0.176698122295));
#5644 = DIRECTION('',(0.,0.176698122295,0.984265093142));
#5645 = DEFINITIONAL_REPRESENTATION('',(#5646),#5650);
#5646 = LINE('',#5647,#5648);
#5647 = CARTESIAN_POINT('',(-2.22044604925E-16,-20.5));
#5648 = VECTOR('',#5649,1.);
#5649 = DIRECTION('',(1.,0.));
#5650 = ( GEOMETRIC_REPRESENTATION_CONTEXT(2) 
PARAMETRIC_REPRESENTATION_CONTEXT() REPRESENTATION_CONTEXT('2D SPACE',''
  ) );
#5651 = ADVANCED_FACE('',(#5652),#1291,.F.);
#5652 = FACE_BOUND('',#5653,.T.);
#5653 = EDGE_LOOP('',(#5654,#5655,#5656,#5677));
#5654 = ORIENTED_EDGE('',*,*,#5553,.F.);
#5655 = ORIENTED_EDGE('',*,*,#1275,.T.);
#5656 = ORIENTED_EDGE('',*,*,#5657,.T.);
#5657 = EDGE_CURVE('',#1276,#5658,#5660,.T.);
#5658 = VERTEX_POINT('',#5659);
#5659 = CARTESIAN_POINT('',(-5.5,8.216336984302,1.17550268413));
#5660 = SURFACE_CURVE('',#5661,(#5665,#5671),.PCURVE_S1.);
#5661 = LINE('',#5662,#5663);
#5662 = CARTESIAN_POINT('',(-5.75,8.462403257587,1.219677214704));
#5663 = VECTOR('',#5664,1.);
#5664 = DIRECTION('',(0.707106781187,-0.695980521846,-0.124944440498));
#5665 = PCURVE('',#1291,#5666);
#5666 = DEFINITIONAL_REPRESENTATION('',(#5667),#5670);
#5667 = B_SPLINE_CURVE_WITH_KNOTS('',1,(#5668,#5669),.UNSPECIFIED.,.F.,
  .F.,(2,2),(-0.353553390593,0.353553390593),.PIECEWISE_BEZIER_KNOTS.);
#5668 = CARTESIAN_POINT('',(-0.589610116775,-0.353553390593));
#5669 = CARTESIAN_POINT('',(-0.589610116775,0.353553390593));
#5670 = ( GEOMETRIC_REPRESENTATION_CONTEXT(2) 
PARAMETRIC_REPRESENTATION_CONTEXT() REPRESENTATION_CONTEXT('2D SPACE',''
  ) );
#5671 = PCURVE('',#1319,#5672);
#5672 = DEFINITIONAL_REPRESENTATION('',(#5673),#5676);
#5673 = B_SPLINE_CURVE_WITH_KNOTS('',1,(#5674,#5675),.UNSPECIFIED.,.F.,
  .F.,(2,2),(-0.353553390593,0.353553390593),.PIECEWISE_BEZIER_KNOTS.);
#5674 = CARTESIAN_POINT('',(2.164934898019E-15,-0.353553390593));
#5675 = CARTESIAN_POINT('',(2.164934898019E-15,0.353553390593));
#5676 = ( GEOMETRIC_REPRESENTATION_CONTEXT(2) 
PARAMETRIC_REPRESENTATION_CONTEXT() REPRESENTATION_CONTEXT('2D SPACE',''
  ) );
#5677 = ORIENTED_EDGE('',*,*,#5678,.F.);
#5678 = EDGE_CURVE('',#5554,#5658,#5679,.T.);
#5679 = SURFACE_CURVE('',#5680,(#5684,#5691),.PCURVE_S1.);
#5680 = LINE('',#5681,#5682);
#5681 = CARTESIAN_POINT('',(-5.5,8.112153983781,1.755835340636));
#5682 = VECTOR('',#5683,1.);
#5683 = DIRECTION('',(0.,0.176698122295,-0.984265093142));
#5684 = PCURVE('',#1291,#5685);
#5685 = DEFINITIONAL_REPRESENTATION('',(#5686),#5690);
#5686 = LINE('',#5687,#5688);
#5687 = CARTESIAN_POINT('',(2.775557561563E-16,0.353553390593));
#5688 = VECTOR('',#5689,1.);
#5689 = DIRECTION('',(-1.,0.));
#5690 = ( GEOMETRIC_REPRESENTATION_CONTEXT(2) 
PARAMETRIC_REPRESENTATION_CONTEXT() REPRESENTATION_CONTEXT('2D SPACE',''
  ) );
#5691 = PCURVE('',#5692,#5697);
#5692 = PLANE('',#5693);
#5693 = AXIS2_PLACEMENT_3D('',#5694,#5695,#5696);
#5694 = CARTESIAN_POINT('',(15.,8.112153983781,1.755835340636));
#5695 = DIRECTION('',(0.,-0.984265093142,-0.176698122295));
#5696 = DIRECTION('',(0.,0.176698122295,-0.984265093142));
#5697 = DEFINITIONAL_REPRESENTATION('',(#5698),#5702);
#5698 = LINE('',#5699,#5700);
#5699 = CARTESIAN_POINT('',(4.440892098501E-16,-20.5));
#5700 = VECTOR('',#5701,1.);
#5701 = DIRECTION('',(1.,0.));
#5702 = ( GEOMETRIC_REPRESENTATION_CONTEXT(2) 
PARAMETRIC_REPRESENTATION_CONTEXT() REPRESENTATION_CONTEXT('2D SPACE',''
  ) );
#5703 = ADVANCED_FACE('',(#5704),#2159,.F.);
#5704 = FACE_BOUND('',#5705,.T.);
#5705 = EDGE_LOOP('',(#5706,#5727,#5728,#5729));
#5706 = ORIENTED_EDGE('',*,*,#5707,.F.);
#5707 = EDGE_CURVE('',#2116,#5708,#5710,.T.);
#5708 = VERTEX_POINT('',#5709);
#5709 = CARTESIAN_POINT('',(-5.5,-8.279057825915,0.589238080192));
#5710 = SURFACE_CURVE('',#5711,(#5715,#5721),.PCURVE_S1.);
#5711 = LINE('',#5712,#5713);
#5712 = CARTESIAN_POINT('',(-5.75,-8.528900079053,0.598117750625));
#5713 = VECTOR('',#5714,1.);
#5714 = DIRECTION('',(0.707106781187,0.706660605683,-2.511550071253E-02)
  );
#5715 = PCURVE('',#2159,#5716);
#5716 = DEFINITIONAL_REPRESENTATION('',(#5717),#5720);
#5717 = B_SPLINE_CURVE_WITH_KNOTS('',1,(#5718,#5719),.UNSPECIFIED.,.F.,
  .F.,(2,2),(-0.353553390593,0.353553390593),.PIECEWISE_BEZIER_KNOTS.);
#5718 = CARTESIAN_POINT('',(-2.498001805407E-15,-0.353553390593));
#5719 = CARTESIAN_POINT('',(-2.498001805407E-15,0.353553390593));
#5720 = ( GEOMETRIC_REPRESENTATION_CONTEXT(2) 
PARAMETRIC_REPRESENTATION_CONTEXT() REPRESENTATION_CONTEXT('2D SPACE',''
  ) );
#5721 = PCURVE('',#2131,#5722);
#5722 = DEFINITIONAL_REPRESENTATION('',(#5723),#5726);
#5723 = B_SPLINE_CURVE_WITH_KNOTS('',1,(#5724,#5725),.UNSPECIFIED.,.F.,
  .F.,(2,2),(-0.353553390593,0.353553390593),.PIECEWISE_BEZIER_KNOTS.);
#5724 = CARTESIAN_POINT('',(-0.589610116775,-0.353553390593));
#5725 = CARTESIAN_POINT('',(-0.589610116775,0.353553390593));
#5726 = ( GEOMETRIC_REPRESENTATION_CONTEXT(2) 
PARAMETRIC_REPRESENTATION_CONTEXT() REPRESENTATION_CONTEXT('2D SPACE',''
  ) );
#5727 = ORIENTED_EDGE('',*,*,#2143,.T.);
#5728 = ORIENTED_EDGE('',*,*,#5603,.T.);
#5729 = ORIENTED_EDGE('',*,*,#5730,.F.);
#5730 = EDGE_CURVE('',#5708,#5604,#5731,.T.);
#5731 = SURFACE_CURVE('',#5732,(#5736,#5743),.PCURVE_S1.);
#5732 = LINE('',#5733,#5734);
#5733 = CARTESIAN_POINT('',(-5.5,-8.279057825915,0.589238080192));
#5734 = VECTOR('',#5735,1.);
#5735 = DIRECTION('',(-0.,0.106376807028,0.994325889699));
#5736 = PCURVE('',#2159,#5737);
#5737 = DEFINITIONAL_REPRESENTATION('',(#5738),#5742);
#5738 = LINE('',#5739,#5740);
#5739 = CARTESIAN_POINT('',(5.551115123126E-17,0.353553390593));
#5740 = VECTOR('',#5741,1.);
#5741 = DIRECTION('',(-1.,0.));
#5742 = ( GEOMETRIC_REPRESENTATION_CONTEXT(2) 
PARAMETRIC_REPRESENTATION_CONTEXT() REPRESENTATION_CONTEXT('2D SPACE',''
  ) );
#5743 = PCURVE('',#5744,#5749);
#5744 = PLANE('',#5745);
#5745 = AXIS2_PLACEMENT_3D('',#5746,#5747,#5748);
#5746 = CARTESIAN_POINT('',(15.,-8.279057825915,0.589238080192));
#5747 = DIRECTION('',(0.,0.994325889699,-0.106376807028));
#5748 = DIRECTION('',(0.,0.106376807028,0.994325889699));
#5749 = DEFINITIONAL_REPRESENTATION('',(#5750),#5754);
#5750 = LINE('',#5751,#5752);
#5751 = CARTESIAN_POINT('',(-2.553512956638E-15,-20.5));
#5752 = VECTOR('',#5753,1.);
#5753 = DIRECTION('',(1.,0.));
#5754 = ( GEOMETRIC_REPRESENTATION_CONTEXT(2) 
PARAMETRIC_REPRESENTATION_CONTEXT() REPRESENTATION_CONTEXT('2D SPACE',''
  ) );
#5755 = ADVANCED_FACE('',(#5756),#1319,.F.);
#5756 = FACE_BOUND('',#5757,.T.);
#5757 = EDGE_LOOP('',(#5758,#5759,#5760,#5781));
#5758 = ORIENTED_EDGE('',*,*,#5657,.F.);
#5759 = ORIENTED_EDGE('',*,*,#1303,.T.);
#5760 = ORIENTED_EDGE('',*,*,#5761,.T.);
#5761 = EDGE_CURVE('',#1304,#5762,#5764,.T.);
#5762 = VERTEX_POINT('',#5763);
#5763 = CARTESIAN_POINT('',(-5.5,8.279057825915,0.589238080192));
#5764 = SURFACE_CURVE('',#5765,(#5769,#5775),.PCURVE_S1.);
#5765 = LINE('',#5766,#5767);
#5766 = CARTESIAN_POINT('',(-5.75,8.52763929834,0.615832281949));
#5767 = VECTOR('',#5768,1.);
#5768 = DIRECTION('',(0.707106781187,-0.703094579316,-7.521976161033E-02
    ));
#5769 = PCURVE('',#1319,#5770);
#5770 = DEFINITIONAL_REPRESENTATION('',(#5771),#5774);
#5771 = B_SPLINE_CURVE_WITH_KNOTS('',1,(#5772,#5773),.UNSPECIFIED.,.F.,
  .F.,(2,2),(-0.353553390593,0.353553390593),.PIECEWISE_BEZIER_KNOTS.);
#5772 = CARTESIAN_POINT('',(-0.589610116775,-0.353553390593));
#5773 = CARTESIAN_POINT('',(-0.589610116775,0.353553390593));
#5774 = ( GEOMETRIC_REPRESENTATION_CONTEXT(2) 
PARAMETRIC_REPRESENTATION_CONTEXT() REPRESENTATION_CONTEXT('2D SPACE',''
  ) );
#5775 = PCURVE('',#1347,#5776);
#5776 = DEFINITIONAL_REPRESENTATION('',(#5777),#5780);
#5777 = B_SPLINE_CURVE_WITH_KNOTS('',1,(#5778,#5779),.UNSPECIFIED.,.F.,
  .F.,(2,2),(-0.353553390593,0.353553390593),.PIECEWISE_BEZIER_KNOTS.);
#5778 = CARTESIAN_POINT('',(1.665334536938E-15,-0.353553390593));
#5779 = CARTESIAN_POINT('',(1.665334536938E-15,0.353553390593));
#5780 = ( GEOMETRIC_REPRESENTATION_CONTEXT(2) 
PARAMETRIC_REPRESENTATION_CONTEXT() REPRESENTATION_CONTEXT('2D SPACE',''
  ) );
#5781 = ORIENTED_EDGE('',*,*,#5782,.F.);
#5782 = EDGE_CURVE('',#5658,#5762,#5783,.T.);
#5783 = SURFACE_CURVE('',#5784,(#5788,#5795),.PCURVE_S1.);
#5784 = LINE('',#5785,#5786);
#5785 = CARTESIAN_POINT('',(-5.5,8.216336984302,1.17550268413));
#5786 = VECTOR('',#5787,1.);
#5787 = DIRECTION('',(0.,0.106376807028,-0.994325889699));
#5788 = PCURVE('',#1319,#5789);
#5789 = DEFINITIONAL_REPRESENTATION('',(#5790),#5794);
#5790 = LINE('',#5791,#5792);
#5791 = CARTESIAN_POINT('',(-5.551115123126E-17,0.353553390593));
#5792 = VECTOR('',#5793,1.);
#5793 = DIRECTION('',(-1.,0.));
#5794 = ( GEOMETRIC_REPRESENTATION_CONTEXT(2) 
PARAMETRIC_REPRESENTATION_CONTEXT() REPRESENTATION_CONTEXT('2D SPACE',''
  ) );
#5795 = PCURVE('',#5796,#5801);
#5796 = PLANE('',#5797);
#5797 = AXIS2_PLACEMENT_3D('',#5798,#5799,#5800);
#5798 = CARTESIAN_POINT('',(15.,8.216336984302,1.17550268413));
#5799 = DIRECTION('',(0.,-0.994325889699,-0.106376807028));
#5800 = DIRECTION('',(0.,0.106376807028,-0.994325889699));
#5801 = DEFINITIONAL_REPRESENTATION('',(#5802),#5806);
#5802 = LINE('',#5803,#5804);
#5803 = CARTESIAN_POINT('',(2.22044604925E-15,-20.5));
#5804 = VECTOR('',#5805,1.);
#5805 = DIRECTION('',(1.,0.));
#5806 = ( GEOMETRIC_REPRESENTATION_CONTEXT(2) 
PARAMETRIC_REPRESENTATION_CONTEXT() REPRESENTATION_CONTEXT('2D SPACE',''
  ) );
#5807 = ADVANCED_FACE('',(#5808),#2131,.F.);
#5808 = FACE_BOUND('',#5809,.T.);
#5809 = EDGE_LOOP('',(#5810,#5831,#5832,#5833));
#5810 = ORIENTED_EDGE('',*,*,#5811,.F.);
#5811 = EDGE_CURVE('',#2088,#5812,#5814,.T.);
#5812 = VERTEX_POINT('',#5813);
#5813 = CARTESIAN_POINT('',(-5.5,-8.3,9.992007221626E-16));
#5814 = SURFACE_CURVE('',#5815,(#5819,#5825),.PCURVE_S1.);
#5815 = LINE('',#5816,#5817);
#5816 = CARTESIAN_POINT('',(-5.75,-8.549842253138,-8.879670433362E-03));
#5817 = VECTOR('',#5818,1.);
#5818 = DIRECTION('',(0.707106781187,0.706660605683,2.511550071253E-02)
  );
#5819 = PCURVE('',#2131,#5820);
#5820 = DEFINITIONAL_REPRESENTATION('',(#5821),#5824);
#5821 = B_SPLINE_CURVE_WITH_KNOTS('',1,(#5822,#5823),.UNSPECIFIED.,.F.,
  .F.,(2,2),(-0.353553390593,0.353553390593),.PIECEWISE_BEZIER_KNOTS.);
#5822 = CARTESIAN_POINT('',(-1.498801083244E-15,-0.353553390593));
#5823 = CARTESIAN_POINT('',(-1.498801083244E-15,0.353553390593));
#5824 = ( GEOMETRIC_REPRESENTATION_CONTEXT(2) 
PARAMETRIC_REPRESENTATION_CONTEXT() REPRESENTATION_CONTEXT('2D SPACE',''
  ) );
#5825 = PCURVE('',#2103,#5826);
#5826 = DEFINITIONAL_REPRESENTATION('',(#5827),#5830);
#5827 = B_SPLINE_CURVE_WITH_KNOTS('',1,(#5828,#5829),.UNSPECIFIED.,.F.,
  .F.,(2,2),(-0.353553390593,0.353553390593),.PIECEWISE_BEZIER_KNOTS.);
#5828 = CARTESIAN_POINT('',(-0.589610116775,-0.353553390593));
#5829 = CARTESIAN_POINT('',(-0.589610116775,0.353553390593));
#5830 = ( GEOMETRIC_REPRESENTATION_CONTEXT(2) 
PARAMETRIC_REPRESENTATION_CONTEXT() REPRESENTATION_CONTEXT('2D SPACE',''
  ) );
#5831 = ORIENTED_EDGE('',*,*,#2115,.T.);
#5832 = ORIENTED_EDGE('',*,*,#5707,.T.);
#5833 = ORIENTED_EDGE('',*,*,#5834,.F.);
#5834 = EDGE_CURVE('',#5812,#5708,#5835,.T.);
#5835 = SURFACE_CURVE('',#5836,(#5840,#5847),.PCURVE_S1.);
#5836 = LINE('',#5837,#5838);
#5837 = CARTESIAN_POINT('',(-5.5,-8.3,-4.684702189174E-16));
#5838 = VECTOR('',#5839,1.);
#5839 = DIRECTION('',(-0.,3.551868173345E-02,0.999369012551));
#5840 = PCURVE('',#2131,#5841);
#5841 = DEFINITIONAL_REPRESENTATION('',(#5842),#5846);
#5842 = LINE('',#5843,#5844);
#5843 = CARTESIAN_POINT('',(-1.110223024625E-16,0.353553390593));
#5844 = VECTOR('',#5845,1.);
#5845 = DIRECTION('',(-1.,0.));
#5846 = ( GEOMETRIC_REPRESENTATION_CONTEXT(2) 
PARAMETRIC_REPRESENTATION_CONTEXT() REPRESENTATION_CONTEXT('2D SPACE',''
  ) );
#5847 = PCURVE('',#5848,#5853);
#5848 = PLANE('',#5849);
#5849 = AXIS2_PLACEMENT_3D('',#5850,#5851,#5852);
#5850 = CARTESIAN_POINT('',(15.,-8.3,1.016456843292E-15));
#5851 = DIRECTION('',(0.,0.999369012551,-3.551868173345E-02));
#5852 = DIRECTION('',(0.,3.551868173345E-02,0.999369012551));
#5853 = DEFINITIONAL_REPRESENTATION('',(#5854),#5858);
#5854 = LINE('',#5855,#5856);
#5855 = CARTESIAN_POINT('',(-1.443289932013E-15,-20.5));
#5856 = VECTOR('',#5857,1.);
#5857 = DIRECTION('',(1.,0.));
#5858 = ( GEOMETRIC_REPRESENTATION_CONTEXT(2) 
PARAMETRIC_REPRESENTATION_CONTEXT() REPRESENTATION_CONTEXT('2D SPACE',''
  ) );
#5859 = ADVANCED_FACE('',(#5860),#1347,.F.);
#5860 = FACE_BOUND('',#5861,.T.);
#5861 = EDGE_LOOP('',(#5862,#5863,#5864,#5885));
#5862 = ORIENTED_EDGE('',*,*,#5761,.F.);
#5863 = ORIENTED_EDGE('',*,*,#1331,.T.);
#5864 = ORIENTED_EDGE('',*,*,#5865,.T.);
#5865 = EDGE_CURVE('',#1332,#5866,#5868,.T.);
#5866 = VERTEX_POINT('',#5867);
#5867 = CARTESIAN_POINT('',(-5.5,8.3,0.));
#5868 = SURFACE_CURVE('',#5869,(#5873,#5879),.PCURVE_S1.);
#5869 = LINE('',#5870,#5871);
#5870 = CARTESIAN_POINT('',(-5.75,8.549842253138,8.879670433363E-03));
#5871 = VECTOR('',#5872,1.);
#5872 = DIRECTION('',(0.707106781187,-0.706660605683,-2.511550071253E-02
    ));
#5873 = PCURVE('',#1347,#5874);
#5874 = DEFINITIONAL_REPRESENTATION('',(#5875),#5878);
#5875 = B_SPLINE_CURVE_WITH_KNOTS('',1,(#5876,#5877),.UNSPECIFIED.,.F.,
  .F.,(2,2),(-0.353553390593,0.353553390593),.PIECEWISE_BEZIER_KNOTS.);
#5876 = CARTESIAN_POINT('',(-0.589610116775,-0.353553390593));
#5877 = CARTESIAN_POINT('',(-0.589610116775,0.353553390593));
#5878 = ( GEOMETRIC_REPRESENTATION_CONTEXT(2) 
PARAMETRIC_REPRESENTATION_CONTEXT() REPRESENTATION_CONTEXT('2D SPACE',''
  ) );
#5879 = PCURVE('',#1375,#5880);
#5880 = DEFINITIONAL_REPRESENTATION('',(#5881),#5884);
#5881 = B_SPLINE_CURVE_WITH_KNOTS('',1,(#5882,#5883),.UNSPECIFIED.,.F.,
  .F.,(2,2),(-0.353553390593,0.353553390593),.PIECEWISE_BEZIER_KNOTS.);
#5882 = CARTESIAN_POINT('',(1.609823385706E-15,-0.353553390593));
#5883 = CARTESIAN_POINT('',(1.609823385706E-15,0.353553390593));
#5884 = ( GEOMETRIC_REPRESENTATION_CONTEXT(2) 
PARAMETRIC_REPRESENTATION_CONTEXT() REPRESENTATION_CONTEXT('2D SPACE',''
  ) );
#5885 = ORIENTED_EDGE('',*,*,#5886,.F.);
#5886 = EDGE_CURVE('',#5762,#5866,#5887,.T.);
#5887 = SURFACE_CURVE('',#5888,(#5892,#5899),.PCURVE_S1.);
#5888 = LINE('',#5889,#5890);
#5889 = CARTESIAN_POINT('',(-5.5,8.279057825915,0.589238080192));
#5890 = VECTOR('',#5891,1.);
#5891 = DIRECTION('',(0.,3.551868173345E-02,-0.999369012551));
#5892 = PCURVE('',#1347,#5893);
#5893 = DEFINITIONAL_REPRESENTATION('',(#5894),#5898);
#5894 = LINE('',#5895,#5896);
#5895 = CARTESIAN_POINT('',(5.551115123126E-17,0.353553390593));
#5896 = VECTOR('',#5897,1.);
#5897 = DIRECTION('',(-1.,0.));
#5898 = ( GEOMETRIC_REPRESENTATION_CONTEXT(2) 
PARAMETRIC_REPRESENTATION_CONTEXT() REPRESENTATION_CONTEXT('2D SPACE',''
  ) );
#5899 = PCURVE('',#5900,#5905);
#5900 = PLANE('',#5901);
#5901 = AXIS2_PLACEMENT_3D('',#5902,#5903,#5904);
#5902 = CARTESIAN_POINT('',(15.,8.279057825915,0.589238080192));
#5903 = DIRECTION('',(0.,-0.999369012551,-3.551868173345E-02));
#5904 = DIRECTION('',(0.,3.551868173345E-02,-0.999369012551));
#5905 = DEFINITIONAL_REPRESENTATION('',(#5906),#5910);
#5906 = LINE('',#5907,#5908);
#5907 = CARTESIAN_POINT('',(1.609823385706E-15,-20.5));
#5908 = VECTOR('',#5909,1.);
#5909 = DIRECTION('',(1.,0.));
#5910 = ( GEOMETRIC_REPRESENTATION_CONTEXT(2) 
PARAMETRIC_REPRESENTATION_CONTEXT() REPRESENTATION_CONTEXT('2D SPACE',''
  ) );
#5911 = ADVANCED_FACE('',(#5912),#2103,.F.);
#5912 = FACE_BOUND('',#5913,.T.);
#5913 = EDGE_LOOP('',(#5914,#5935,#5936,#5937));
#5914 = ORIENTED_EDGE('',*,*,#5915,.F.);
#5915 = EDGE_CURVE('',#2060,#5916,#5918,.T.);
#5916 = VERTEX_POINT('',#5917);
#5917 = CARTESIAN_POINT('',(-5.5,-8.279057825915,-0.589238080192));
#5918 = SURFACE_CURVE('',#5919,(#5923,#5929),.PCURVE_S1.);
#5919 = LINE('',#5920,#5921);
#5920 = CARTESIAN_POINT('',(-5.75,-8.52763929834,-0.615832281949));
#5921 = VECTOR('',#5922,1.);
#5922 = DIRECTION('',(0.707106781187,0.703094579316,7.521976161033E-02)
  );
#5923 = PCURVE('',#2103,#5924);
#5924 = DEFINITIONAL_REPRESENTATION('',(#5925),#5928);
#5925 = B_SPLINE_CURVE_WITH_KNOTS('',1,(#5926,#5927),.UNSPECIFIED.,.F.,
  .F.,(2,2),(-0.353553390593,0.353553390593),.PIECEWISE_BEZIER_KNOTS.);
#5926 = CARTESIAN_POINT('',(-4.996003610813E-16,-0.353553390593));
#5927 = CARTESIAN_POINT('',(-4.996003610813E-16,0.353553390593));
#5928 = ( GEOMETRIC_REPRESENTATION_CONTEXT(2) 
PARAMETRIC_REPRESENTATION_CONTEXT() REPRESENTATION_CONTEXT('2D SPACE',''
  ) );
#5929 = PCURVE('',#2075,#5930);
#5930 = DEFINITIONAL_REPRESENTATION('',(#5931),#5934);
#5931 = B_SPLINE_CURVE_WITH_KNOTS('',1,(#5932,#5933),.UNSPECIFIED.,.F.,
  .F.,(2,2),(-0.353553390593,0.353553390593),.PIECEWISE_BEZIER_KNOTS.);
#5932 = CARTESIAN_POINT('',(-0.589610116775,-0.353553390593));
#5933 = CARTESIAN_POINT('',(-0.589610116775,0.353553390593));
#5934 = ( GEOMETRIC_REPRESENTATION_CONTEXT(2) 
PARAMETRIC_REPRESENTATION_CONTEXT() REPRESENTATION_CONTEXT('2D SPACE',''
  ) );
#5935 = ORIENTED_EDGE('',*,*,#2087,.T.);
#5936 = ORIENTED_EDGE('',*,*,#5811,.T.);
#5937 = ORIENTED_EDGE('',*,*,#5938,.F.);
#5938 = EDGE_CURVE('',#5916,#5812,#5939,.T.);
#5939 = SURFACE_CURVE('',#5940,(#5944,#5951),.PCURVE_S1.);
#5940 = LINE('',#5941,#5942);
#5941 = CARTESIAN_POINT('',(-5.5,-8.279057825915,-0.589238080192));
#5942 = VECTOR('',#5943,1.);
#5943 = DIRECTION('',(0.,-3.551868173345E-02,0.999369012551));
#5944 = PCURVE('',#2103,#5945);
#5945 = DEFINITIONAL_REPRESENTATION('',(#5946),#5950);
#5946 = LINE('',#5947,#5948);
#5947 = CARTESIAN_POINT('',(1.665334536938E-16,0.353553390593));
#5948 = VECTOR('',#5949,1.);
#5949 = DIRECTION('',(-1.,0.));
#5950 = ( GEOMETRIC_REPRESENTATION_CONTEXT(2) 
PARAMETRIC_REPRESENTATION_CONTEXT() REPRESENTATION_CONTEXT('2D SPACE',''
  ) );
#5951 = PCURVE('',#5952,#5957);
#5952 = PLANE('',#5953);
#5953 = AXIS2_PLACEMENT_3D('',#5954,#5955,#5956);
#5954 = CARTESIAN_POINT('',(15.,-8.279057825915,-0.589238080192));
#5955 = DIRECTION('',(-0.,0.999369012551,3.551868173345E-02));
#5956 = DIRECTION('',(0.,-3.551868173345E-02,0.999369012551));
#5957 = DEFINITIONAL_REPRESENTATION('',(#5958),#5962);
#5958 = LINE('',#5959,#5960);
#5959 = CARTESIAN_POINT('',(-6.661338147751E-16,-20.5));
#5960 = VECTOR('',#5961,1.);
#5961 = DIRECTION('',(1.,0.));
#5962 = ( GEOMETRIC_REPRESENTATION_CONTEXT(2) 
PARAMETRIC_REPRESENTATION_CONTEXT() REPRESENTATION_CONTEXT('2D SPACE',''
  ) );
#5963 = ADVANCED_FACE('',(#5964),#1375,.F.);
#5964 = FACE_BOUND('',#5965,.T.);
#5965 = EDGE_LOOP('',(#5966,#5967,#5968,#5989));
#5966 = ORIENTED_EDGE('',*,*,#5865,.F.);
#5967 = ORIENTED_EDGE('',*,*,#1359,.T.);
#5968 = ORIENTED_EDGE('',*,*,#5969,.T.);
#5969 = EDGE_CURVE('',#1360,#5970,#5972,.T.);
#5970 = VERTEX_POINT('',#5971);
#5971 = CARTESIAN_POINT('',(-5.5,8.279057825915,-0.589238080192));
#5972 = SURFACE_CURVE('',#5973,(#5977,#5983),.PCURVE_S1.);
#5973 = LINE('',#5974,#5975);
#5974 = CARTESIAN_POINT('',(-5.75,8.528900079053,-0.598117750625));
#5975 = VECTOR('',#5976,1.);
#5976 = DIRECTION('',(0.707106781187,-0.706660605683,2.511550071253E-02)
  );
#5977 = PCURVE('',#1375,#5978);
#5978 = DEFINITIONAL_REPRESENTATION('',(#5979),#5982);
#5979 = B_SPLINE_CURVE_WITH_KNOTS('',1,(#5980,#5981),.UNSPECIFIED.,.F.,
  .F.,(2,2),(-0.353553390593,0.353553390593),.PIECEWISE_BEZIER_KNOTS.);
#5980 = CARTESIAN_POINT('',(-0.589610116775,-0.353553390593));
#5981 = CARTESIAN_POINT('',(-0.589610116775,0.353553390593));
#5982 = ( GEOMETRIC_REPRESENTATION_CONTEXT(2) 
PARAMETRIC_REPRESENTATION_CONTEXT() REPRESENTATION_CONTEXT('2D SPACE',''
  ) );
#5983 = PCURVE('',#1403,#5984);
#5984 = DEFINITIONAL_REPRESENTATION('',(#5985),#5988);
#5985 = B_SPLINE_CURVE_WITH_KNOTS('',1,(#5986,#5987),.UNSPECIFIED.,.F.,
  .F.,(2,2),(-0.353553390593,0.353553390593),.PIECEWISE_BEZIER_KNOTS.);
#5986 = CARTESIAN_POINT('',(1.609823385706E-15,-0.353553390593));
#5987 = CARTESIAN_POINT('',(1.609823385706E-15,0.353553390593));
#5988 = ( GEOMETRIC_REPRESENTATION_CONTEXT(2) 
PARAMETRIC_REPRESENTATION_CONTEXT() REPRESENTATION_CONTEXT('2D SPACE',''
  ) );
#5989 = ORIENTED_EDGE('',*,*,#5990,.F.);
#5990 = EDGE_CURVE('',#5866,#5970,#5991,.T.);
#5991 = SURFACE_CURVE('',#5992,(#5996,#6003),.PCURVE_S1.);
#5992 = LINE('',#5993,#5994);
#5993 = CARTESIAN_POINT('',(-5.5,8.3,-1.564402366506E-15));
#5994 = VECTOR('',#5995,1.);
#5995 = DIRECTION('',(0.,-3.551868173345E-02,-0.999369012551));
#5996 = PCURVE('',#1375,#5997);
#5997 = DEFINITIONAL_REPRESENTATION('',(#5998),#6002);
#5998 = LINE('',#5999,#6000);
#5999 = CARTESIAN_POINT('',(-5.551115123126E-17,0.353553390593));
#6000 = VECTOR('',#6001,1.);
#6001 = DIRECTION('',(-1.,0.));
#6002 = ( GEOMETRIC_REPRESENTATION_CONTEXT(2) 
PARAMETRIC_REPRESENTATION_CONTEXT() REPRESENTATION_CONTEXT('2D SPACE',''
  ) );
#6003 = PCURVE('',#6004,#6009);
#6004 = PLANE('',#6005);
#6005 = AXIS2_PLACEMENT_3D('',#6006,#6007,#6008);
#6006 = CARTESIAN_POINT('',(15.,8.3,0.));
#6007 = DIRECTION('',(0.,-0.999369012551,3.551868173345E-02));
#6008 = DIRECTION('',(0.,-3.551868173345E-02,-0.999369012551));
#6009 = DEFINITIONAL_REPRESENTATION('',(#6010),#6014);
#6010 = LINE('',#6011,#6012);
#6011 = CARTESIAN_POINT('',(1.554312234475E-15,-20.5));
#6012 = VECTOR('',#6013,1.);
#6013 = DIRECTION('',(1.,0.));
#6014 = ( GEOMETRIC_REPRESENTATION_CONTEXT(2) 
PARAMETRIC_REPRESENTATION_CONTEXT() REPRESENTATION_CONTEXT('2D SPACE',''
  ) );
#6015 = ADVANCED_FACE('',(#6016),#2075,.F.);
#6016 = FACE_BOUND('',#6017,.T.);
#6017 = EDGE_LOOP('',(#6018,#6039,#6040,#6041));
#6018 = ORIENTED_EDGE('',*,*,#6019,.F.);
#6019 = EDGE_CURVE('',#2032,#6020,#6022,.T.);
#6020 = VERTEX_POINT('',#6021);
#6021 = CARTESIAN_POINT('',(-5.5,-8.216336984302,-1.17550268413));
#6022 = SURFACE_CURVE('',#6023,(#6027,#6033),.PCURVE_S1.);
#6023 = LINE('',#6024,#6025);
#6024 = CARTESIAN_POINT('',(-5.75,-8.462403257587,-1.219677214704));
#6025 = VECTOR('',#6026,1.);
#6026 = DIRECTION('',(0.707106781187,0.695980521846,0.124944440498));
#6027 = PCURVE('',#2075,#6028);
#6028 = DEFINITIONAL_REPRESENTATION('',(#6029),#6032);
#6029 = B_SPLINE_CURVE_WITH_KNOTS('',1,(#6030,#6031),.UNSPECIFIED.,.F.,
  .F.,(2,2),(-0.353553390593,0.353553390593),.PIECEWISE_BEZIER_KNOTS.);
#6030 = CARTESIAN_POINT('',(-1.165734175856E-15,-0.353553390593));
#6031 = CARTESIAN_POINT('',(-1.165734175856E-15,0.353553390593));
#6032 = ( GEOMETRIC_REPRESENTATION_CONTEXT(2) 
PARAMETRIC_REPRESENTATION_CONTEXT() REPRESENTATION_CONTEXT('2D SPACE',''
  ) );
#6033 = PCURVE('',#2047,#6034);
#6034 = DEFINITIONAL_REPRESENTATION('',(#6035),#6038);
#6035 = B_SPLINE_CURVE_WITH_KNOTS('',1,(#6036,#6037),.UNSPECIFIED.,.F.,
  .F.,(2,2),(-0.353553390593,0.353553390593),.PIECEWISE_BEZIER_KNOTS.);
#6036 = CARTESIAN_POINT('',(-0.589610116775,-0.353553390593));
#6037 = CARTESIAN_POINT('',(-0.589610116775,0.353553390593));
#6038 = ( GEOMETRIC_REPRESENTATION_CONTEXT(2) 
PARAMETRIC_REPRESENTATION_CONTEXT() REPRESENTATION_CONTEXT('2D SPACE',''
  ) );
#6039 = ORIENTED_EDGE('',*,*,#2059,.T.);
#6040 = ORIENTED_EDGE('',*,*,#5915,.T.);
#6041 = ORIENTED_EDGE('',*,*,#6042,.F.);
#6042 = EDGE_CURVE('',#6020,#5916,#6043,.T.);
#6043 = SURFACE_CURVE('',#6044,(#6048,#6055),.PCURVE_S1.);
#6044 = LINE('',#6045,#6046);
#6045 = CARTESIAN_POINT('',(-5.5,-8.216336984302,-1.17550268413));
#6046 = VECTOR('',#6047,1.);
#6047 = DIRECTION('',(0.,-0.106376807028,0.994325889699));
#6048 = PCURVE('',#2075,#6049);
#6049 = DEFINITIONAL_REPRESENTATION('',(#6050),#6054);
#6050 = LINE('',#6051,#6052);
#6051 = CARTESIAN_POINT('',(5.551115123126E-17,0.353553390593));
#6052 = VECTOR('',#6053,1.);
#6053 = DIRECTION('',(-1.,0.));
#6054 = ( GEOMETRIC_REPRESENTATION_CONTEXT(2) 
PARAMETRIC_REPRESENTATION_CONTEXT() REPRESENTATION_CONTEXT('2D SPACE',''
  ) );
#6055 = PCURVE('',#6056,#6061);
#6056 = PLANE('',#6057);
#6057 = AXIS2_PLACEMENT_3D('',#6058,#6059,#6060);
#6058 = CARTESIAN_POINT('',(15.,-8.216336984302,-1.17550268413));
#6059 = DIRECTION('',(-0.,0.994325889699,0.106376807028));
#6060 = DIRECTION('',(0.,-0.106376807028,0.994325889699));
#6061 = DEFINITIONAL_REPRESENTATION('',(#6062),#6066);
#6062 = LINE('',#6063,#6064);
#6063 = CARTESIAN_POINT('',(-1.33226762955E-15,-20.5));
#6064 = VECTOR('',#6065,1.);
#6065 = DIRECTION('',(1.,0.));
#6066 = ( GEOMETRIC_REPRESENTATION_CONTEXT(2) 
PARAMETRIC_REPRESENTATION_CONTEXT() REPRESENTATION_CONTEXT('2D SPACE',''
  ) );
#6067 = ADVANCED_FACE('',(#6068),#1403,.F.);
#6068 = FACE_BOUND('',#6069,.T.);
#6069 = EDGE_LOOP('',(#6070,#6071,#6072,#6093));
#6070 = ORIENTED_EDGE('',*,*,#5969,.F.);
#6071 = ORIENTED_EDGE('',*,*,#1387,.T.);
#6072 = ORIENTED_EDGE('',*,*,#6073,.T.);
#6073 = EDGE_CURVE('',#1388,#6074,#6076,.T.);
#6074 = VERTEX_POINT('',#6075);
#6075 = CARTESIAN_POINT('',(-5.5,8.216336984302,-1.17550268413));
#6076 = SURFACE_CURVE('',#6077,(#6081,#6087),.PCURVE_S1.);
#6077 = LINE('',#6078,#6079);
#6078 = CARTESIAN_POINT('',(-5.75,8.464918456726,-1.202096885887));
#6079 = VECTOR('',#6080,1.);
#6080 = DIRECTION('',(0.707106781187,-0.703094579316,7.521976161033E-02)
  );
#6081 = PCURVE('',#1403,#6082);
#6082 = DEFINITIONAL_REPRESENTATION('',(#6083),#6086);
#6083 = B_SPLINE_CURVE_WITH_KNOTS('',1,(#6084,#6085),.UNSPECIFIED.,.F.,
  .F.,(2,2),(-0.353553390593,0.353553390593),.PIECEWISE_BEZIER_KNOTS.);
#6084 = CARTESIAN_POINT('',(-0.589610116775,-0.353553390593));
#6085 = CARTESIAN_POINT('',(-0.589610116775,0.353553390593));
#6086 = ( GEOMETRIC_REPRESENTATION_CONTEXT(2) 
PARAMETRIC_REPRESENTATION_CONTEXT() REPRESENTATION_CONTEXT('2D SPACE',''
  ) );
#6087 = PCURVE('',#1431,#6088);
#6088 = DEFINITIONAL_REPRESENTATION('',(#6089),#6092);
#6089 = B_SPLINE_CURVE_WITH_KNOTS('',1,(#6090,#6091),.UNSPECIFIED.,.F.,
  .F.,(2,2),(-0.353553390593,0.353553390593),.PIECEWISE_BEZIER_KNOTS.);
#6090 = CARTESIAN_POINT('',(-1.110223024625E-16,-0.353553390593));
#6091 = CARTESIAN_POINT('',(-1.110223024625E-16,0.353553390593));
#6092 = ( GEOMETRIC_REPRESENTATION_CONTEXT(2) 
PARAMETRIC_REPRESENTATION_CONTEXT() REPRESENTATION_CONTEXT('2D SPACE',''
  ) );
#6093 = ORIENTED_EDGE('',*,*,#6094,.F.);
#6094 = EDGE_CURVE('',#5970,#6074,#6095,.T.);
#6095 = SURFACE_CURVE('',#6096,(#6100,#6107),.PCURVE_S1.);
#6096 = LINE('',#6097,#6098);
#6097 = CARTESIAN_POINT('',(-5.5,8.279057825915,-0.589238080192));
#6098 = VECTOR('',#6099,1.);
#6099 = DIRECTION('',(0.,-0.106376807028,-0.994325889699));
#6100 = PCURVE('',#1403,#6101);
#6101 = DEFINITIONAL_REPRESENTATION('',(#6102),#6106);
#6102 = LINE('',#6103,#6104);
#6103 = CARTESIAN_POINT('',(-5.551115123126E-17,0.353553390593));
#6104 = VECTOR('',#6105,1.);
#6105 = DIRECTION('',(-1.,0.));
#6106 = ( GEOMETRIC_REPRESENTATION_CONTEXT(2) 
PARAMETRIC_REPRESENTATION_CONTEXT() REPRESENTATION_CONTEXT('2D SPACE',''
  ) );
#6107 = PCURVE('',#6108,#6113);
#6108 = PLANE('',#6109);
#6109 = AXIS2_PLACEMENT_3D('',#6110,#6111,#6112);
#6110 = CARTESIAN_POINT('',(15.,8.279057825915,-0.589238080192));
#6111 = DIRECTION('',(0.,-0.994325889699,0.106376807028));
#6112 = DIRECTION('',(0.,-0.106376807028,-0.994325889699));
#6113 = DEFINITIONAL_REPRESENTATION('',(#6114),#6118);
#6114 = LINE('',#6115,#6116);
#6115 = CARTESIAN_POINT('',(1.665334536938E-15,-20.5));
#6116 = VECTOR('',#6117,1.);
#6117 = DIRECTION('',(1.,0.));
#6118 = ( GEOMETRIC_REPRESENTATION_CONTEXT(2) 
PARAMETRIC_REPRESENTATION_CONTEXT() REPRESENTATION_CONTEXT('2D SPACE',''
  ) );
#6119 = ADVANCED_FACE('',(#6120),#2047,.F.);
#6120 = FACE_BOUND('',#6121,.T.);
#6121 = EDGE_LOOP('',(#6122,#6143,#6144,#6145));
#6122 = ORIENTED_EDGE('',*,*,#6123,.F.);
#6123 = EDGE_CURVE('',#2004,#6124,#6126,.T.);
#6124 = VERTEX_POINT('',#6125);
#6125 = CARTESIAN_POINT('',(-5.5,-8.112153983781,-1.755835340636));
#6126 = SURFACE_CURVE('',#6127,(#6131,#6137),.PCURVE_S1.);
#6127 = LINE('',#6128,#6129);
#6128 = CARTESIAN_POINT('',(-5.75,-8.354463331968,-1.817367281783));
#6129 = VECTOR('',#6130,1.);
#6130 = DIRECTION('',(0.707106781187,0.685354332991,0.17403861138));
#6131 = PCURVE('',#2047,#6132);
#6132 = DEFINITIONAL_REPRESENTATION('',(#6133),#6136);
#6133 = B_SPLINE_CURVE_WITH_KNOTS('',1,(#6134,#6135),.UNSPECIFIED.,.F.,
  .F.,(2,2),(-0.353553390593,0.353553390593),.PIECEWISE_BEZIER_KNOTS.);
#6134 = CARTESIAN_POINT('',(-9.436895709314E-16,-0.353553390593));
#6135 = CARTESIAN_POINT('',(-9.436895709314E-16,0.353553390593));
#6136 = ( GEOMETRIC_REPRESENTATION_CONTEXT(2) 
PARAMETRIC_REPRESENTATION_CONTEXT() REPRESENTATION_CONTEXT('2D SPACE',''
  ) );
#6137 = PCURVE('',#2019,#6138);
#6138 = DEFINITIONAL_REPRESENTATION('',(#6139),#6142);
#6139 = B_SPLINE_CURVE_WITH_KNOTS('',1,(#6140,#6141),.UNSPECIFIED.,.F.,
  .F.,(2,2),(-0.353553390593,0.353553390593),.PIECEWISE_BEZIER_KNOTS.);
#6140 = CARTESIAN_POINT('',(-0.589610116775,-0.353553390593));
#6141 = CARTESIAN_POINT('',(-0.589610116775,0.353553390593));
#6142 = ( GEOMETRIC_REPRESENTATION_CONTEXT(2) 
PARAMETRIC_REPRESENTATION_CONTEXT() REPRESENTATION_CONTEXT('2D SPACE',''
  ) );
#6143 = ORIENTED_EDGE('',*,*,#2031,.T.);
#6144 = ORIENTED_EDGE('',*,*,#6019,.T.);
#6145 = ORIENTED_EDGE('',*,*,#6146,.F.);
#6146 = EDGE_CURVE('',#6124,#6020,#6147,.T.);
#6147 = SURFACE_CURVE('',#6148,(#6152,#6159),.PCURVE_S1.);
#6148 = LINE('',#6149,#6150);
#6149 = CARTESIAN_POINT('',(-5.5,-8.112153983781,-1.755835340636));
#6150 = VECTOR('',#6151,1.);
#6151 = DIRECTION('',(0.,-0.176698122295,0.984265093142));
#6152 = PCURVE('',#2047,#6153);
#6153 = DEFINITIONAL_REPRESENTATION('',(#6154),#6158);
#6154 = LINE('',#6155,#6156);
#6155 = CARTESIAN_POINT('',(1.110223024625E-16,0.353553390593));
#6156 = VECTOR('',#6157,1.);
#6157 = DIRECTION('',(-1.,0.));
#6158 = ( GEOMETRIC_REPRESENTATION_CONTEXT(2) 
PARAMETRIC_REPRESENTATION_CONTEXT() REPRESENTATION_CONTEXT('2D SPACE',''
  ) );
#6159 = PCURVE('',#6160,#6165);
#6160 = PLANE('',#6161);
#6161 = AXIS2_PLACEMENT_3D('',#6162,#6163,#6164);
#6162 = CARTESIAN_POINT('',(15.,-8.112153983781,-1.755835340636));
#6163 = DIRECTION('',(-0.,0.984265093142,0.176698122295));
#6164 = DIRECTION('',(0.,-0.176698122295,0.984265093142));
#6165 = DEFINITIONAL_REPRESENTATION('',(#6166),#6170);
#6166 = LINE('',#6167,#6168);
#6167 = CARTESIAN_POINT('',(-1.276756478319E-15,-20.5));
#6168 = VECTOR('',#6169,1.);
#6169 = DIRECTION('',(1.,0.));
#6170 = ( GEOMETRIC_REPRESENTATION_CONTEXT(2) 
PARAMETRIC_REPRESENTATION_CONTEXT() REPRESENTATION_CONTEXT('2D SPACE',''
  ) );
#6171 = ADVANCED_FACE('',(#6172),#1431,.F.);
#6172 = FACE_BOUND('',#6173,.T.);
#6173 = EDGE_LOOP('',(#6174,#6175,#6176,#6197));
#6174 = ORIENTED_EDGE('',*,*,#6073,.F.);
#6175 = ORIENTED_EDGE('',*,*,#1415,.T.);
#6176 = ORIENTED_EDGE('',*,*,#6177,.T.);
#6177 = EDGE_CURVE('',#1416,#6178,#6180,.T.);
#6178 = VERTEX_POINT('',#6179);
#6179 = CARTESIAN_POINT('',(-5.5,8.112153983781,-1.755835340636));
#6180 = SURFACE_CURVE('',#6181,(#6185,#6191),.PCURVE_S1.);
#6181 = LINE('',#6182,#6183);
#6182 = CARTESIAN_POINT('',(-5.75,8.358220257066,-1.80000987121));
#6183 = VECTOR('',#6184,1.);
#6184 = DIRECTION('',(0.707106781187,-0.695980521846,0.124944440498));
#6185 = PCURVE('',#1431,#6186);
#6186 = DEFINITIONAL_REPRESENTATION('',(#6187),#6190);
#6187 = B_SPLINE_CURVE_WITH_KNOTS('',1,(#6188,#6189),.UNSPECIFIED.,.F.,
  .F.,(2,2),(-0.353553390593,0.353553390593),.PIECEWISE_BEZIER_KNOTS.);
#6188 = CARTESIAN_POINT('',(-0.589610116775,-0.353553390593));
#6189 = CARTESIAN_POINT('',(-0.589610116775,0.353553390593));
#6190 = ( GEOMETRIC_REPRESENTATION_CONTEXT(2) 
PARAMETRIC_REPRESENTATION_CONTEXT() REPRESENTATION_CONTEXT('2D SPACE',''
  ) );
#6191 = PCURVE('',#1459,#6192);
#6192 = DEFINITIONAL_REPRESENTATION('',(#6193),#6196);
#6193 = B_SPLINE_CURVE_WITH_KNOTS('',1,(#6194,#6195),.UNSPECIFIED.,.F.,
  .F.,(2,2),(-0.353553390593,0.353553390593),.PIECEWISE_BEZIER_KNOTS.);
#6194 = CARTESIAN_POINT('',(5.551115123126E-17,-0.353553390593));
#6195 = CARTESIAN_POINT('',(5.551115123126E-17,0.353553390593));
#6196 = ( GEOMETRIC_REPRESENTATION_CONTEXT(2) 
PARAMETRIC_REPRESENTATION_CONTEXT() REPRESENTATION_CONTEXT('2D SPACE',''
  ) );
#6197 = ORIENTED_EDGE('',*,*,#6198,.F.);
#6198 = EDGE_CURVE('',#6074,#6178,#6199,.T.);
#6199 = SURFACE_CURVE('',#6200,(#6204,#6211),.PCURVE_S1.);
#6200 = LINE('',#6201,#6202);
#6201 = CARTESIAN_POINT('',(-5.5,8.216336984302,-1.17550268413));
#6202 = VECTOR('',#6203,1.);
#6203 = DIRECTION('',(0.,-0.176698122295,-0.984265093142));
#6204 = PCURVE('',#1431,#6205);
#6205 = DEFINITIONAL_REPRESENTATION('',(#6206),#6210);
#6206 = LINE('',#6207,#6208);
#6207 = CARTESIAN_POINT('',(1.665334536938E-16,0.353553390593));
#6208 = VECTOR('',#6209,1.);
#6209 = DIRECTION('',(-1.,0.));
#6210 = ( GEOMETRIC_REPRESENTATION_CONTEXT(2) 
PARAMETRIC_REPRESENTATION_CONTEXT() REPRESENTATION_CONTEXT('2D SPACE',''
  ) );
#6211 = PCURVE('',#6212,#6217);
#6212 = PLANE('',#6213);
#6213 = AXIS2_PLACEMENT_3D('',#6214,#6215,#6216);
#6214 = CARTESIAN_POINT('',(15.,8.216336984302,-1.17550268413));
#6215 = DIRECTION('',(0.,-0.984265093142,0.176698122295));
#6216 = DIRECTION('',(0.,-0.176698122295,-0.984265093142));
#6217 = DEFINITIONAL_REPRESENTATION('',(#6218),#6222);
#6218 = LINE('',#6219,#6220);
#6219 = CARTESIAN_POINT('',(-2.22044604925E-16,-20.5));
#6220 = VECTOR('',#6221,1.);
#6221 = DIRECTION('',(1.,0.));
#6222 = ( GEOMETRIC_REPRESENTATION_CONTEXT(2) 
PARAMETRIC_REPRESENTATION_CONTEXT() REPRESENTATION_CONTEXT('2D SPACE',''
  ) );
#6223 = ADVANCED_FACE('',(#6224),#2019,.F.);
#6224 = FACE_BOUND('',#6225,.T.);
#6225 = EDGE_LOOP('',(#6226,#6247,#6248,#6249));
#6226 = ORIENTED_EDGE('',*,*,#6227,.F.);
#6227 = EDGE_CURVE('',#1976,#6228,#6230,.T.);
#6228 = VERTEX_POINT('',#6229);
#6229 = CARTESIAN_POINT('',(-5.5,-7.96703456376,-2.327307512956));
#6230 = SURFACE_CURVE('',#6231,(#6235,#6241),.PCURVE_S1.);
#6231 = LINE('',#6232,#6233);
#6232 = CARTESIAN_POINT('',(-5.75,-8.204364219485,-2.405886355611));
#6233 = VECTOR('',#6234,1.);
#6234 = DIRECTION('',(0.707106781187,0.671269635762,0.222254529997));
#6235 = PCURVE('',#2019,#6236);
#6236 = DEFINITIONAL_REPRESENTATION('',(#6237),#6240);
#6237 = B_SPLINE_CURVE_WITH_KNOTS('',1,(#6238,#6239),.UNSPECIFIED.,.F.,
  .F.,(2,2),(-0.353553390593,0.353553390593),.PIECEWISE_BEZIER_KNOTS.);
#6238 = CARTESIAN_POINT('',(-1.665334536938E-15,-0.353553390593));
#6239 = CARTESIAN_POINT('',(-1.665334536938E-15,0.353553390593));
#6240 = ( GEOMETRIC_REPRESENTATION_CONTEXT(2) 
PARAMETRIC_REPRESENTATION_CONTEXT() REPRESENTATION_CONTEXT('2D SPACE',''
  ) );
#6241 = PCURVE('',#1991,#6242);
#6242 = DEFINITIONAL_REPRESENTATION('',(#6243),#6246);
#6243 = B_SPLINE_CURVE_WITH_KNOTS('',1,(#6244,#6245),.UNSPECIFIED.,.F.,
  .F.,(2,2),(-0.353553390593,0.353553390593),.PIECEWISE_BEZIER_KNOTS.);
#6244 = CARTESIAN_POINT('',(-0.589610116775,-0.353553390593));
#6245 = CARTESIAN_POINT('',(-0.589610116775,0.353553390593));
#6246 = ( GEOMETRIC_REPRESENTATION_CONTEXT(2) 
PARAMETRIC_REPRESENTATION_CONTEXT() REPRESENTATION_CONTEXT('2D SPACE',''
  ) );
#6247 = ORIENTED_EDGE('',*,*,#2003,.T.);
#6248 = ORIENTED_EDGE('',*,*,#6123,.T.);
#6249 = ORIENTED_EDGE('',*,*,#6250,.F.);
#6250 = EDGE_CURVE('',#6228,#6124,#6251,.T.);
#6251 = SURFACE_CURVE('',#6252,(#6256,#6263),.PCURVE_S1.);
#6252 = LINE('',#6253,#6254);
#6253 = CARTESIAN_POINT('',(-5.5,-7.96703456376,-2.327307512956));
#6254 = VECTOR('',#6255,1.);
#6255 = DIRECTION('',(0.,-0.24612776459,0.969237392746));
#6256 = PCURVE('',#2019,#6257);
#6257 = DEFINITIONAL_REPRESENTATION('',(#6258),#6262);
#6258 = LINE('',#6259,#6260);
#6259 = CARTESIAN_POINT('',(-2.22044604925E-16,0.353553390593));
#6260 = VECTOR('',#6261,1.);
#6261 = DIRECTION('',(-1.,0.));
#6262 = ( GEOMETRIC_REPRESENTATION_CONTEXT(2) 
PARAMETRIC_REPRESENTATION_CONTEXT() REPRESENTATION_CONTEXT('2D SPACE',''
  ) );
#6263 = PCURVE('',#6264,#6269);
#6264 = PLANE('',#6265);
#6265 = AXIS2_PLACEMENT_3D('',#6266,#6267,#6268);
#6266 = CARTESIAN_POINT('',(15.,-7.96703456376,-2.327307512956));
#6267 = DIRECTION('',(-0.,0.969237392746,0.24612776459));
#6268 = DIRECTION('',(0.,-0.24612776459,0.969237392746));
#6269 = DEFINITIONAL_REPRESENTATION('',(#6270),#6274);
#6270 = LINE('',#6271,#6272);
#6271 = CARTESIAN_POINT('',(-1.498801083244E-15,-20.5));
#6272 = VECTOR('',#6273,1.);
#6273 = DIRECTION('',(1.,0.));
#6274 = ( GEOMETRIC_REPRESENTATION_CONTEXT(2) 
PARAMETRIC_REPRESENTATION_CONTEXT() REPRESENTATION_CONTEXT('2D SPACE',''
  ) );
#6275 = ADVANCED_FACE('',(#6276),#1459,.F.);
#6276 = FACE_BOUND('',#6277,.T.);
#6277 = EDGE_LOOP('',(#6278,#6279,#6280,#6301));
#6278 = ORIENTED_EDGE('',*,*,#6177,.F.);
#6279 = ORIENTED_EDGE('',*,*,#1443,.T.);
#6280 = ORIENTED_EDGE('',*,*,#6281,.T.);
#6281 = EDGE_CURVE('',#1444,#6282,#6284,.T.);
#6282 = VERTEX_POINT('',#6283);
#6283 = CARTESIAN_POINT('',(-5.5,7.96703456376,-2.327307512956));
#6284 = SURFACE_CURVE('',#6285,(#6289,#6295),.PCURVE_S1.);
#6285 = LINE('',#6286,#6287);
#6286 = CARTESIAN_POINT('',(-5.75,8.209343911946,-2.388839454103));
#6287 = VECTOR('',#6288,1.);
#6288 = DIRECTION('',(0.707106781187,-0.685354332991,0.17403861138));
#6289 = PCURVE('',#1459,#6290);
#6290 = DEFINITIONAL_REPRESENTATION('',(#6291),#6294);
#6291 = B_SPLINE_CURVE_WITH_KNOTS('',1,(#6292,#6293),.UNSPECIFIED.,.F.,
  .F.,(2,2),(-0.353553390593,0.353553390593),.PIECEWISE_BEZIER_KNOTS.);
#6292 = CARTESIAN_POINT('',(-0.589610116775,-0.353553390593));
#6293 = CARTESIAN_POINT('',(-0.589610116775,0.353553390593));
#6294 = ( GEOMETRIC_REPRESENTATION_CONTEXT(2) 
PARAMETRIC_REPRESENTATION_CONTEXT() REPRESENTATION_CONTEXT('2D SPACE',''
  ) );
#6295 = PCURVE('',#1487,#6296);
#6296 = DEFINITIONAL_REPRESENTATION('',(#6297),#6300);
#6297 = B_SPLINE_CURVE_WITH_KNOTS('',1,(#6298,#6299),.UNSPECIFIED.,.F.,
  .F.,(2,2),(-0.353553390593,0.353553390593),.PIECEWISE_BEZIER_KNOTS.);
#6298 = CARTESIAN_POINT('',(-5.551115123126E-16,-0.353553390593));
#6299 = CARTESIAN_POINT('',(-5.551115123126E-16,0.353553390593));
#6300 = ( GEOMETRIC_REPRESENTATION_CONTEXT(2) 
PARAMETRIC_REPRESENTATION_CONTEXT() REPRESENTATION_CONTEXT('2D SPACE',''
  ) );
#6301 = ORIENTED_EDGE('',*,*,#6302,.F.);
#6302 = EDGE_CURVE('',#6178,#6282,#6303,.T.);
#6303 = SURFACE_CURVE('',#6304,(#6308,#6315),.PCURVE_S1.);
#6304 = LINE('',#6305,#6306);
#6305 = CARTESIAN_POINT('',(-5.5,8.112153983781,-1.755835340636));
#6306 = VECTOR('',#6307,1.);
#6307 = DIRECTION('',(0.,-0.24612776459,-0.969237392746));
#6308 = PCURVE('',#1459,#6309);
#6309 = DEFINITIONAL_REPRESENTATION('',(#6310),#6314);
#6310 = LINE('',#6311,#6312);
#6311 = CARTESIAN_POINT('',(-2.775557561563E-16,0.353553390593));
#6312 = VECTOR('',#6313,1.);
#6313 = DIRECTION('',(-1.,0.));
#6314 = ( GEOMETRIC_REPRESENTATION_CONTEXT(2) 
PARAMETRIC_REPRESENTATION_CONTEXT() REPRESENTATION_CONTEXT('2D SPACE',''
  ) );
#6315 = PCURVE('',#6316,#6321);
#6316 = PLANE('',#6317);
#6317 = AXIS2_PLACEMENT_3D('',#6318,#6319,#6320);
#6318 = CARTESIAN_POINT('',(15.,8.112153983781,-1.755835340636));
#6319 = DIRECTION('',(0.,-0.969237392746,0.24612776459));
#6320 = DIRECTION('',(0.,-0.24612776459,-0.969237392746));
#6321 = DEFINITIONAL_REPRESENTATION('',(#6322),#6326);
#6322 = LINE('',#6323,#6324);
#6323 = CARTESIAN_POINT('',(3.885780586188E-16,-20.5));
#6324 = VECTOR('',#6325,1.);
#6325 = DIRECTION('',(1.,0.));
#6326 = ( GEOMETRIC_REPRESENTATION_CONTEXT(2) 
PARAMETRIC_REPRESENTATION_CONTEXT() REPRESENTATION_CONTEXT('2D SPACE',''
  ) );
#6327 = ADVANCED_FACE('',(#6328),#1991,.F.);
#6328 = FACE_BOUND('',#6329,.T.);
#6329 = EDGE_LOOP('',(#6330,#6351,#6352,#6353));
#6330 = ORIENTED_EDGE('',*,*,#6331,.F.);
#6331 = EDGE_CURVE('',#1948,#6332,#6334,.T.);
#6332 = VERTEX_POINT('',#6333);
#6333 = CARTESIAN_POINT('',(-5.5,-7.781711041383,-2.887035377063));
#6334 = SURFACE_CURVE('',#6335,(#6339,#6345),.PCURVE_S1.);
#6335 = LINE('',#6336,#6337);
#6336 = CARTESIAN_POINT('',(-5.75,-8.012863366343,-2.982264588262));
#6337 = VECTOR('',#6338,1.);
#6338 = DIRECTION('',(0.707106781187,0.653797505865,0.269348884023));
#6339 = PCURVE('',#1991,#6340);
#6340 = DEFINITIONAL_REPRESENTATION('',(#6341),#6344);
#6341 = B_SPLINE_CURVE_WITH_KNOTS('',1,(#6342,#6343),.UNSPECIFIED.,.F.,
  .F.,(2,2),(-0.353553390593,0.353553390593),.PIECEWISE_BEZIER_KNOTS.);
#6342 = CARTESIAN_POINT('',(-1.942890293094E-15,-0.353553390593));
#6343 = CARTESIAN_POINT('',(-1.942890293094E-15,0.353553390593));
#6344 = ( GEOMETRIC_REPRESENTATION_CONTEXT(2) 
PARAMETRIC_REPRESENTATION_CONTEXT() REPRESENTATION_CONTEXT('2D SPACE',''
  ) );
#6345 = PCURVE('',#1963,#6346);
#6346 = DEFINITIONAL_REPRESENTATION('',(#6347),#6350);
#6347 = B_SPLINE_CURVE_WITH_KNOTS('',1,(#6348,#6349),.UNSPECIFIED.,.F.,
  .F.,(2,2),(-0.353553390593,0.353553390593),.PIECEWISE_BEZIER_KNOTS.);
#6348 = CARTESIAN_POINT('',(-0.589610116775,-0.353553390593));
#6349 = CARTESIAN_POINT('',(-0.589610116775,0.353553390593));
#6350 = ( GEOMETRIC_REPRESENTATION_CONTEXT(2) 
PARAMETRIC_REPRESENTATION_CONTEXT() REPRESENTATION_CONTEXT('2D SPACE',''
  ) );
#6351 = ORIENTED_EDGE('',*,*,#1975,.T.);
#6352 = ORIENTED_EDGE('',*,*,#6227,.T.);
#6353 = ORIENTED_EDGE('',*,*,#6354,.F.);
#6354 = EDGE_CURVE('',#6332,#6228,#6355,.T.);
#6355 = SURFACE_CURVE('',#6356,(#6360,#6367),.PCURVE_S1.);
#6356 = LINE('',#6357,#6358);
#6357 = CARTESIAN_POINT('',(-5.5,-7.781711041383,-2.887035377063));
#6358 = VECTOR('',#6359,1.);
#6359 = DIRECTION('',(0.,-0.314315370621,0.949318622903));
#6360 = PCURVE('',#1991,#6361);
#6361 = DEFINITIONAL_REPRESENTATION('',(#6362),#6366);
#6362 = LINE('',#6363,#6364);
#6363 = CARTESIAN_POINT('',(3.330669073875E-16,0.353553390593));
#6364 = VECTOR('',#6365,1.);
#6365 = DIRECTION('',(-1.,0.));
#6366 = ( GEOMETRIC_REPRESENTATION_CONTEXT(2) 
PARAMETRIC_REPRESENTATION_CONTEXT() REPRESENTATION_CONTEXT('2D SPACE',''
  ) );
#6367 = PCURVE('',#6368,#6373);
#6368 = PLANE('',#6369);
#6369 = AXIS2_PLACEMENT_3D('',#6370,#6371,#6372);
#6370 = CARTESIAN_POINT('',(15.,-7.781711041383,-2.887035377063));
#6371 = DIRECTION('',(-0.,0.949318622903,0.314315370621));
#6372 = DIRECTION('',(0.,-0.314315370621,0.949318622903));
#6373 = DEFINITIONAL_REPRESENTATION('',(#6374),#6378);
#6374 = LINE('',#6375,#6376);
#6375 = CARTESIAN_POINT('',(-1.665334536938E-15,-20.5));
#6376 = VECTOR('',#6377,1.);
#6377 = DIRECTION('',(1.,0.));
#6378 = ( GEOMETRIC_REPRESENTATION_CONTEXT(2) 
PARAMETRIC_REPRESENTATION_CONTEXT() REPRESENTATION_CONTEXT('2D SPACE',''
  ) );
#6379 = ADVANCED_FACE('',(#6380),#1487,.F.);
#6380 = FACE_BOUND('',#6381,.T.);
#6381 = EDGE_LOOP('',(#6382,#6383,#6384,#6405));
#6382 = ORIENTED_EDGE('',*,*,#6281,.F.);
#6383 = ORIENTED_EDGE('',*,*,#1471,.T.);
#6384 = ORIENTED_EDGE('',*,*,#6385,.T.);
#6385 = EDGE_CURVE('',#1472,#6386,#6388,.T.);
#6386 = VERTEX_POINT('',#6387);
#6387 = CARTESIAN_POINT('',(-5.5,7.781711041383,-2.887035377063));
#6388 = SURFACE_CURVE('',#6389,(#6393,#6399),.PCURVE_S1.);
#6389 = LINE('',#6390,#6391);
#6390 = CARTESIAN_POINT('',(-5.75,8.019040697109,-2.965614219718));
#6391 = VECTOR('',#6392,1.);
#6392 = DIRECTION('',(0.707106781187,-0.671269635762,0.222254529997));
#6393 = PCURVE('',#1487,#6394);
#6394 = DEFINITIONAL_REPRESENTATION('',(#6395),#6398);
#6395 = B_SPLINE_CURVE_WITH_KNOTS('',1,(#6396,#6397),.UNSPECIFIED.,.F.,
  .F.,(2,2),(-0.353553390593,0.353553390593),.PIECEWISE_BEZIER_KNOTS.);
#6396 = CARTESIAN_POINT('',(-0.589610116775,-0.353553390593));
#6397 = CARTESIAN_POINT('',(-0.589610116775,0.353553390593));
#6398 = ( GEOMETRIC_REPRESENTATION_CONTEXT(2) 
PARAMETRIC_REPRESENTATION_CONTEXT() REPRESENTATION_CONTEXT('2D SPACE',''
  ) );
#6399 = PCURVE('',#1515,#6400);
#6400 = DEFINITIONAL_REPRESENTATION('',(#6401),#6404);
#6401 = B_SPLINE_CURVE_WITH_KNOTS('',1,(#6402,#6403),.UNSPECIFIED.,.F.,
  .F.,(2,2),(-0.353553390593,0.353553390593),.PIECEWISE_BEZIER_KNOTS.);
#6402 = CARTESIAN_POINT('',(1.276756478319E-15,-0.353553390593));
#6403 = CARTESIAN_POINT('',(1.276756478319E-15,0.353553390593));
#6404 = ( GEOMETRIC_REPRESENTATION_CONTEXT(2) 
PARAMETRIC_REPRESENTATION_CONTEXT() REPRESENTATION_CONTEXT('2D SPACE',''
  ) );
#6405 = ORIENTED_EDGE('',*,*,#6406,.F.);
#6406 = EDGE_CURVE('',#6282,#6386,#6407,.T.);
#6407 = SURFACE_CURVE('',#6408,(#6412,#6419),.PCURVE_S1.);
#6408 = LINE('',#6409,#6410);
#6409 = CARTESIAN_POINT('',(-5.5,7.96703456376,-2.327307512956));
#6410 = VECTOR('',#6411,1.);
#6411 = DIRECTION('',(0.,-0.314315370621,-0.949318622903));
#6412 = PCURVE('',#1487,#6413);
#6413 = DEFINITIONAL_REPRESENTATION('',(#6414),#6418);
#6414 = LINE('',#6415,#6416);
#6415 = CARTESIAN_POINT('',(-2.775557561563E-16,0.353553390593));
#6416 = VECTOR('',#6417,1.);
#6417 = DIRECTION('',(-1.,0.));
#6418 = ( GEOMETRIC_REPRESENTATION_CONTEXT(2) 
PARAMETRIC_REPRESENTATION_CONTEXT() REPRESENTATION_CONTEXT('2D SPACE',''
  ) );
#6419 = PCURVE('',#6420,#6425);
#6420 = PLANE('',#6421);
#6421 = AXIS2_PLACEMENT_3D('',#6422,#6423,#6424);
#6422 = CARTESIAN_POINT('',(15.,7.96703456376,-2.327307512956));
#6423 = DIRECTION('',(0.,-0.949318622903,0.314315370621));
#6424 = DIRECTION('',(0.,-0.314315370621,-0.949318622903));
#6425 = DEFINITIONAL_REPRESENTATION('',(#6426),#6430);
#6426 = LINE('',#6427,#6428);
#6427 = CARTESIAN_POINT('',(-3.885780586188E-16,-20.5));
#6428 = VECTOR('',#6429,1.);
#6429 = DIRECTION('',(1.,0.));
#6430 = ( GEOMETRIC_REPRESENTATION_CONTEXT(2) 
PARAMETRIC_REPRESENTATION_CONTEXT() REPRESENTATION_CONTEXT('2D SPACE',''
  ) );
#6431 = ADVANCED_FACE('',(#6432),#1963,.F.);
#6432 = FACE_BOUND('',#6433,.T.);
#6433 = EDGE_LOOP('',(#6434,#6455,#6456,#6457));
#6434 = ORIENTED_EDGE('',*,*,#6435,.F.);
#6435 = EDGE_CURVE('',#1920,#6436,#6438,.T.);
#6436 = VERTEX_POINT('',#6437);
#6437 = CARTESIAN_POINT('',(-5.5,-7.557118616042,-3.432194374314));
#6438 = SURFACE_CURVE('',#6439,(#6443,#6449),.PCURVE_S1.);
#6439 = LINE('',#6440,#6441);
#6440 = CARTESIAN_POINT('',(-5.75,-7.780927144639,-3.54359339822));
#6441 = VECTOR('',#6442,1.);
#6442 = DIRECTION('',(0.707106781187,0.633026113033,0.315084020887));
#6443 = PCURVE('',#1963,#6444);
#6444 = DEFINITIONAL_REPRESENTATION('',(#6445),#6448);
#6445 = B_SPLINE_CURVE_WITH_KNOTS('',1,(#6446,#6447),.UNSPECIFIED.,.F.,
  .F.,(2,2),(-0.353553390593,0.353553390593),.PIECEWISE_BEZIER_KNOTS.);
#6446 = CARTESIAN_POINT('',(-7.771561172376E-16,-0.353553390593));
#6447 = CARTESIAN_POINT('',(-7.771561172376E-16,0.353553390593));
#6448 = ( GEOMETRIC_REPRESENTATION_CONTEXT(2) 
PARAMETRIC_REPRESENTATION_CONTEXT() REPRESENTATION_CONTEXT('2D SPACE',''
  ) );
#6449 = PCURVE('',#1935,#6450);
#6450 = DEFINITIONAL_REPRESENTATION('',(#6451),#6454);
#6451 = B_SPLINE_CURVE_WITH_KNOTS('',1,(#6452,#6453),.UNSPECIFIED.,.F.,
  .F.,(2,2),(-0.353553390593,0.353553390593),.PIECEWISE_BEZIER_KNOTS.);
#6452 = CARTESIAN_POINT('',(-0.589610116775,-0.353553390593));
#6453 = CARTESIAN_POINT('',(-0.589610116775,0.353553390593));
#6454 = ( GEOMETRIC_REPRESENTATION_CONTEXT(2) 
PARAMETRIC_REPRESENTATION_CONTEXT() REPRESENTATION_CONTEXT('2D SPACE',''
  ) );
#6455 = ORIENTED_EDGE('',*,*,#1947,.T.);
#6456 = ORIENTED_EDGE('',*,*,#6331,.T.);
#6457 = ORIENTED_EDGE('',*,*,#6458,.F.);
#6458 = EDGE_CURVE('',#6436,#6332,#6459,.T.);
#6459 = SURFACE_CURVE('',#6460,(#6464,#6471),.PCURVE_S1.);
#6460 = LINE('',#6461,#6462);
#6461 = CARTESIAN_POINT('',(-5.5,-7.557118616042,-3.432194374314));
#6462 = VECTOR('',#6463,1.);
#6463 = DIRECTION('',(0.,-0.380916844795,0.924609299841));
#6464 = PCURVE('',#1963,#6465);
#6465 = DEFINITIONAL_REPRESENTATION('',(#6466),#6470);
#6466 = LINE('',#6467,#6468);
#6467 = CARTESIAN_POINT('',(5.551115123126E-17,0.353553390593));
#6468 = VECTOR('',#6469,1.);
#6469 = DIRECTION('',(-1.,0.));
#6470 = ( GEOMETRIC_REPRESENTATION_CONTEXT(2) 
PARAMETRIC_REPRESENTATION_CONTEXT() REPRESENTATION_CONTEXT('2D SPACE',''
  ) );
#6471 = PCURVE('',#6472,#6477);
#6472 = PLANE('',#6473);
#6473 = AXIS2_PLACEMENT_3D('',#6474,#6475,#6476);
#6474 = CARTESIAN_POINT('',(15.,-7.557118616042,-3.432194374314));
#6475 = DIRECTION('',(-0.,0.924609299841,0.380916844795));
#6476 = DIRECTION('',(0.,-0.380916844795,0.924609299841));
#6477 = DEFINITIONAL_REPRESENTATION('',(#6478),#6482);
#6478 = LINE('',#6479,#6480);
#6479 = CARTESIAN_POINT('',(-7.771561172376E-16,-20.5));
#6480 = VECTOR('',#6481,1.);
#6481 = DIRECTION('',(1.,0.));
#6482 = ( GEOMETRIC_REPRESENTATION_CONTEXT(2) 
PARAMETRIC_REPRESENTATION_CONTEXT() REPRESENTATION_CONTEXT('2D SPACE',''
  ) );
#6483 = ADVANCED_FACE('',(#6484),#1515,.F.);
#6484 = FACE_BOUND('',#6485,.T.);
#6485 = EDGE_LOOP('',(#6486,#6487,#6488,#6509));
#6486 = ORIENTED_EDGE('',*,*,#6385,.F.);
#6487 = ORIENTED_EDGE('',*,*,#1499,.T.);
#6488 = ORIENTED_EDGE('',*,*,#6489,.T.);
#6489 = EDGE_CURVE('',#1500,#6490,#6492,.T.);
#6490 = VERTEX_POINT('',#6491);
#6491 = CARTESIAN_POINT('',(-5.5,7.557118616042,-3.432194374314));
#6492 = SURFACE_CURVE('',#6493,(#6497,#6503),.PCURVE_S1.);
#6493 = LINE('',#6494,#6495);
#6494 = CARTESIAN_POINT('',(-5.75,7.788270941002,-3.527423585512));
#6495 = VECTOR('',#6496,1.);
#6496 = DIRECTION('',(0.707106781187,-0.653797505865,0.269348884023));
#6497 = PCURVE('',#1515,#6498);
#6498 = DEFINITIONAL_REPRESENTATION('',(#6499),#6502);
#6499 = B_SPLINE_CURVE_WITH_KNOTS('',1,(#6500,#6501),.UNSPECIFIED.,.F.,
  .F.,(2,2),(-0.353553390593,0.353553390593),.PIECEWISE_BEZIER_KNOTS.);
#6500 = CARTESIAN_POINT('',(-0.589610116775,-0.353553390593));
#6501 = CARTESIAN_POINT('',(-0.589610116775,0.353553390593));
#6502 = ( GEOMETRIC_REPRESENTATION_CONTEXT(2) 
PARAMETRIC_REPRESENTATION_CONTEXT() REPRESENTATION_CONTEXT('2D SPACE',''
  ) );
#6503 = PCURVE('',#1543,#6504);
#6504 = DEFINITIONAL_REPRESENTATION('',(#6505),#6508);
#6505 = B_SPLINE_CURVE_WITH_KNOTS('',1,(#6506,#6507),.UNSPECIFIED.,.F.,
  .F.,(2,2),(-0.353553390593,0.353553390593),.PIECEWISE_BEZIER_KNOTS.);
#6506 = CARTESIAN_POINT('',(1.665334536938E-16,-0.353553390593));
#6507 = CARTESIAN_POINT('',(1.665334536938E-16,0.353553390593));
#6508 = ( GEOMETRIC_REPRESENTATION_CONTEXT(2) 
PARAMETRIC_REPRESENTATION_CONTEXT() REPRESENTATION_CONTEXT('2D SPACE',''
  ) );
#6509 = ORIENTED_EDGE('',*,*,#6510,.F.);
#6510 = EDGE_CURVE('',#6386,#6490,#6511,.T.);
#6511 = SURFACE_CURVE('',#6512,(#6516,#6523),.PCURVE_S1.);
#6512 = LINE('',#6513,#6514);
#6513 = CARTESIAN_POINT('',(-5.5,7.781711041383,-2.887035377063));
#6514 = VECTOR('',#6515,1.);
#6515 = DIRECTION('',(0.,-0.380916844795,-0.924609299841));
#6516 = PCURVE('',#1515,#6517);
#6517 = DEFINITIONAL_REPRESENTATION('',(#6518),#6522);
#6518 = LINE('',#6519,#6520);
#6519 = CARTESIAN_POINT('',(-4.440892098501E-16,0.353553390593));
#6520 = VECTOR('',#6521,1.);
#6521 = DIRECTION('',(-1.,0.));
#6522 = ( GEOMETRIC_REPRESENTATION_CONTEXT(2) 
PARAMETRIC_REPRESENTATION_CONTEXT() REPRESENTATION_CONTEXT('2D SPACE',''
  ) );
#6523 = PCURVE('',#6524,#6529);
#6524 = PLANE('',#6525);
#6525 = AXIS2_PLACEMENT_3D('',#6526,#6527,#6528);
#6526 = CARTESIAN_POINT('',(15.,7.781711041383,-2.887035377063));
#6527 = DIRECTION('',(0.,-0.924609299841,0.380916844795));
#6528 = DIRECTION('',(0.,-0.380916844795,-0.924609299841));
#6529 = DEFINITIONAL_REPRESENTATION('',(#6530),#6534);
#6530 = LINE('',#6531,#6532);
#6531 = CARTESIAN_POINT('',(1.221245327088E-15,-20.5));
#6532 = VECTOR('',#6533,1.);
#6533 = DIRECTION('',(1.,0.));
#6534 = ( GEOMETRIC_REPRESENTATION_CONTEXT(2) 
PARAMETRIC_REPRESENTATION_CONTEXT() REPRESENTATION_CONTEXT('2D SPACE',''
  ) );
#6535 = ADVANCED_FACE('',(#6536),#1935,.F.);
#6536 = FACE_BOUND('',#6537,.T.);
#6537 = EDGE_LOOP('',(#6538,#6559,#6560,#6561));
#6538 = ORIENTED_EDGE('',*,*,#6539,.F.);
#6539 = EDGE_CURVE('',#1892,#6540,#6542,.T.);
#6540 = VERTEX_POINT('',#6541);
#6541 = CARTESIAN_POINT('',(-5.5,-7.294390650066,-3.960033465039));
#6542 = SURFACE_CURVE('',#6543,(#6547,#6553),.PCURVE_S1.);
#6543 = LINE('',#6544,#6545);
#6544 = CARTESIAN_POINT('',(-5.75,-7.509725975753,-4.087040147978));
#6545 = VECTOR('',#6546,1.);
#6546 = DIRECTION('',(0.707106781187,0.60906027609,0.359229147048));
#6547 = PCURVE('',#1935,#6548);
#6548 = DEFINITIONAL_REPRESENTATION('',(#6549),#6552);
#6549 = B_SPLINE_CURVE_WITH_KNOTS('',1,(#6550,#6551),.UNSPECIFIED.,.F.,
  .F.,(2,2),(-0.353553390593,0.353553390593),.PIECEWISE_BEZIER_KNOTS.);
#6550 = CARTESIAN_POINT('',(-1.276756478319E-15,-0.353553390593));
#6551 = CARTESIAN_POINT('',(-1.276756478319E-15,0.353553390593));
#6552 = ( GEOMETRIC_REPRESENTATION_CONTEXT(2) 
PARAMETRIC_REPRESENTATION_CONTEXT() REPRESENTATION_CONTEXT('2D SPACE',''
  ) );
#6553 = PCURVE('',#1907,#6554);
#6554 = DEFINITIONAL_REPRESENTATION('',(#6555),#6558);
#6555 = B_SPLINE_CURVE_WITH_KNOTS('',1,(#6556,#6557),.UNSPECIFIED.,.F.,
  .F.,(2,2),(-0.353553390593,0.353553390593),.PIECEWISE_BEZIER_KNOTS.);
#6556 = CARTESIAN_POINT('',(-0.589610116775,-0.353553390593));
#6557 = CARTESIAN_POINT('',(-0.589610116775,0.353553390593));
#6558 = ( GEOMETRIC_REPRESENTATION_CONTEXT(2) 
PARAMETRIC_REPRESENTATION_CONTEXT() REPRESENTATION_CONTEXT('2D SPACE',''
  ) );
#6559 = ORIENTED_EDGE('',*,*,#1919,.T.);
#6560 = ORIENTED_EDGE('',*,*,#6435,.T.);
#6561 = ORIENTED_EDGE('',*,*,#6562,.F.);
#6562 = EDGE_CURVE('',#6540,#6436,#6563,.T.);
#6563 = SURFACE_CURVE('',#6564,(#6568,#6575),.PCURVE_S1.);
#6564 = LINE('',#6565,#6566);
#6565 = CARTESIAN_POINT('',(-5.5,-7.294390650066,-3.960033465039));
#6566 = VECTOR('',#6567,1.);
#6567 = DIRECTION('',(0.,-0.445596095625,0.895234114388));
#6568 = PCURVE('',#1935,#6569);
#6569 = DEFINITIONAL_REPRESENTATION('',(#6570),#6574);
#6570 = LINE('',#6571,#6572);
#6571 = CARTESIAN_POINT('',(-4.440892098501E-16,0.353553390593));
#6572 = VECTOR('',#6573,1.);
#6573 = DIRECTION('',(-1.,0.));
#6574 = ( GEOMETRIC_REPRESENTATION_CONTEXT(2) 
PARAMETRIC_REPRESENTATION_CONTEXT() REPRESENTATION_CONTEXT('2D SPACE',''
  ) );
#6575 = PCURVE('',#6576,#6581);
#6576 = PLANE('',#6577);
#6577 = AXIS2_PLACEMENT_3D('',#6578,#6579,#6580);
#6578 = CARTESIAN_POINT('',(15.,-7.294390650066,-3.960033465039));
#6579 = DIRECTION('',(-0.,0.895234114388,0.445596095625));
#6580 = DIRECTION('',(0.,-0.445596095625,0.895234114388));
#6581 = DEFINITIONAL_REPRESENTATION('',(#6582),#6586);
#6582 = LINE('',#6583,#6584);
#6583 = CARTESIAN_POINT('',(-8.326672684689E-16,-20.5));
#6584 = VECTOR('',#6585,1.);
#6585 = DIRECTION('',(1.,0.));
#6586 = ( GEOMETRIC_REPRESENTATION_CONTEXT(2) 
PARAMETRIC_REPRESENTATION_CONTEXT() REPRESENTATION_CONTEXT('2D SPACE',''
  ) );
#6587 = ADVANCED_FACE('',(#6588),#1543,.F.);
#6588 = FACE_BOUND('',#6589,.T.);
#6589 = EDGE_LOOP('',(#6590,#6591,#6592,#6613));
#6590 = ORIENTED_EDGE('',*,*,#6489,.F.);
#6591 = ORIENTED_EDGE('',*,*,#1527,.T.);
#6592 = ORIENTED_EDGE('',*,*,#6593,.T.);
#6593 = EDGE_CURVE('',#1528,#6594,#6596,.T.);
#6594 = VERTEX_POINT('',#6595);
#6595 = CARTESIAN_POINT('',(-5.5,7.294390650066,-3.960033465039));
#6596 = SURFACE_CURVE('',#6597,(#6601,#6607),.PCURVE_S1.);
#6597 = LINE('',#6598,#6599);
#6598 = CARTESIAN_POINT('',(-5.75,7.518199178663,-4.071432488945));
#6599 = VECTOR('',#6600,1.);
#6600 = DIRECTION('',(0.707106781187,-0.633026113033,0.315084020887));
#6601 = PCURVE('',#1543,#6602);
#6602 = DEFINITIONAL_REPRESENTATION('',(#6603),#6606);
#6603 = B_SPLINE_CURVE_WITH_KNOTS('',1,(#6604,#6605),.UNSPECIFIED.,.F.,
  .F.,(2,2),(-0.353553390593,0.353553390593),.PIECEWISE_BEZIER_KNOTS.);
#6604 = CARTESIAN_POINT('',(-0.589610116775,-0.353553390593));
#6605 = CARTESIAN_POINT('',(-0.589610116775,0.353553390593));
#6606 = ( GEOMETRIC_REPRESENTATION_CONTEXT(2) 
PARAMETRIC_REPRESENTATION_CONTEXT() REPRESENTATION_CONTEXT('2D SPACE',''
  ) );
#6607 = PCURVE('',#1571,#6608);
#6608 = DEFINITIONAL_REPRESENTATION('',(#6609),#6612);
#6609 = B_SPLINE_CURVE_WITH_KNOTS('',1,(#6610,#6611),.UNSPECIFIED.,.F.,
  .F.,(2,2),(-0.353553390593,0.353553390593),.PIECEWISE_BEZIER_KNOTS.);
#6610 = CARTESIAN_POINT('',(1.110223024625E-15,-0.353553390593));
#6611 = CARTESIAN_POINT('',(1.110223024625E-15,0.353553390593));
#6612 = ( GEOMETRIC_REPRESENTATION_CONTEXT(2) 
PARAMETRIC_REPRESENTATION_CONTEXT() REPRESENTATION_CONTEXT('2D SPACE',''
  ) );
#6613 = ORIENTED_EDGE('',*,*,#6614,.F.);
#6614 = EDGE_CURVE('',#6490,#6594,#6615,.T.);
#6615 = SURFACE_CURVE('',#6616,(#6620,#6627),.PCURVE_S1.);
#6616 = LINE('',#6617,#6618);
#6617 = CARTESIAN_POINT('',(-5.5,7.557118616042,-3.432194374314));
#6618 = VECTOR('',#6619,1.);
#6619 = DIRECTION('',(0.,-0.445596095625,-0.895234114388));
#6620 = PCURVE('',#1543,#6621);
#6621 = DEFINITIONAL_REPRESENTATION('',(#6622),#6626);
#6622 = LINE('',#6623,#6624);
#6623 = CARTESIAN_POINT('',(3.330669073875E-16,0.353553390593));
#6624 = VECTOR('',#6625,1.);
#6625 = DIRECTION('',(-1.,0.));
#6626 = ( GEOMETRIC_REPRESENTATION_CONTEXT(2) 
PARAMETRIC_REPRESENTATION_CONTEXT() REPRESENTATION_CONTEXT('2D SPACE',''
  ) );
#6627 = PCURVE('',#6628,#6633);
#6628 = PLANE('',#6629);
#6629 = AXIS2_PLACEMENT_3D('',#6630,#6631,#6632);
#6630 = CARTESIAN_POINT('',(15.,7.557118616042,-3.432194374314));
#6631 = DIRECTION('',(0.,-0.895234114388,0.445596095625));
#6632 = DIRECTION('',(0.,-0.445596095625,-0.895234114388));
#6633 = DEFINITIONAL_REPRESENTATION('',(#6634),#6638);
#6634 = LINE('',#6635,#6636);
#6635 = CARTESIAN_POINT('',(5.551115123126E-17,-20.5));
#6636 = VECTOR('',#6637,1.);
#6637 = DIRECTION('',(1.,0.));
#6638 = ( GEOMETRIC_REPRESENTATION_CONTEXT(2) 
PARAMETRIC_REPRESENTATION_CONTEXT() REPRESENTATION_CONTEXT('2D SPACE',''
  ) );
#6639 = ADVANCED_FACE('',(#6640),#1907,.F.);
#6640 = FACE_BOUND('',#6641,.T.);
#6641 = EDGE_LOOP('',(#6642,#6663,#6664,#6665));
#6642 = ORIENTED_EDGE('',*,*,#6643,.F.);
#6643 = EDGE_CURVE('',#1864,#6644,#6646,.T.);
#6644 = VERTEX_POINT('',#6645);
#6645 = CARTESIAN_POINT('',(-5.5,-6.994852949431,-4.467889011137));
#6646 = SURFACE_CURVE('',#6647,(#6651,#6657),.PCURVE_S1.);
#6647 = LINE('',#6648,#6649);
#6648 = CARTESIAN_POINT('',(-5.75,-7.200628424046,-4.609862438394));
#6649 = VECTOR('',#6650,1.);
#6650 = DIRECTION('',(0.707106781187,0.582020934008,0.401561492647));
#6651 = PCURVE('',#1907,#6652);
#6652 = DEFINITIONAL_REPRESENTATION('',(#6653),#6656);
#6653 = B_SPLINE_CURVE_WITH_KNOTS('',1,(#6654,#6655),.UNSPECIFIED.,.F.,
  .F.,(2,2),(-0.353553390593,0.353553390593),.PIECEWISE_BEZIER_KNOTS.);
#6654 = CARTESIAN_POINT('',(5.551115123126E-16,-0.353553390593));
#6655 = CARTESIAN_POINT('',(5.551115123126E-16,0.353553390593));
#6656 = ( GEOMETRIC_REPRESENTATION_CONTEXT(2) 
PARAMETRIC_REPRESENTATION_CONTEXT() REPRESENTATION_CONTEXT('2D SPACE',''
  ) );
#6657 = PCURVE('',#1879,#6658);
#6658 = DEFINITIONAL_REPRESENTATION('',(#6659),#6662);
#6659 = B_SPLINE_CURVE_WITH_KNOTS('',1,(#6660,#6661),.UNSPECIFIED.,.F.,
  .F.,(2,2),(-0.353553390593,0.353553390593),.PIECEWISE_BEZIER_KNOTS.);
#6660 = CARTESIAN_POINT('',(-0.589610116775,-0.353553390593));
#6661 = CARTESIAN_POINT('',(-0.589610116775,0.353553390593));
#6662 = ( GEOMETRIC_REPRESENTATION_CONTEXT(2) 
PARAMETRIC_REPRESENTATION_CONTEXT() REPRESENTATION_CONTEXT('2D SPACE',''
  ) );
#6663 = ORIENTED_EDGE('',*,*,#1891,.T.);
#6664 = ORIENTED_EDGE('',*,*,#6539,.T.);
#6665 = ORIENTED_EDGE('',*,*,#6666,.F.);
#6666 = EDGE_CURVE('',#6644,#6540,#6667,.T.);
#6667 = SURFACE_CURVE('',#6668,(#6672,#6679),.PCURVE_S1.);
#6668 = LINE('',#6669,#6670);
#6669 = CARTESIAN_POINT('',(-5.5,-6.994852949431,-4.467889011137));
#6670 = VECTOR('',#6671,1.);
#6671 = DIRECTION('',(0.,-0.508026731755,0.86134130275));
#6672 = PCURVE('',#1907,#6673);
#6673 = DEFINITIONAL_REPRESENTATION('',(#6674),#6678);
#6674 = LINE('',#6675,#6676);
#6675 = CARTESIAN_POINT('',(3.330669073875E-16,0.353553390593));
#6676 = VECTOR('',#6677,1.);
#6677 = DIRECTION('',(-1.,0.));
#6678 = ( GEOMETRIC_REPRESENTATION_CONTEXT(2) 
PARAMETRIC_REPRESENTATION_CONTEXT() REPRESENTATION_CONTEXT('2D SPACE',''
  ) );
#6679 = PCURVE('',#6680,#6685);
#6680 = PLANE('',#6681);
#6681 = AXIS2_PLACEMENT_3D('',#6682,#6683,#6684);
#6682 = CARTESIAN_POINT('',(15.,-6.994852949431,-4.467889011137));
#6683 = DIRECTION('',(-0.,0.86134130275,0.508026731755));
#6684 = DIRECTION('',(0.,-0.508026731755,0.86134130275));
#6685 = DEFINITIONAL_REPRESENTATION('',(#6686),#6690);
#6686 = LINE('',#6687,#6688);
#6687 = CARTESIAN_POINT('',(-3.330669073875E-16,-20.5));
#6688 = VECTOR('',#6689,1.);
#6689 = DIRECTION('',(1.,0.));
#6690 = ( GEOMETRIC_REPRESENTATION_CONTEXT(2) 
PARAMETRIC_REPRESENTATION_CONTEXT() REPRESENTATION_CONTEXT('2D SPACE',''
  ) );
#6691 = ADVANCED_FACE('',(#6692),#1571,.F.);
#6692 = FACE_BOUND('',#6693,.T.);
#6693 = EDGE_LOOP('',(#6694,#6695,#6696,#6717));
#6694 = ORIENTED_EDGE('',*,*,#6593,.F.);
#6695 = ORIENTED_EDGE('',*,*,#1555,.T.);
#6696 = ORIENTED_EDGE('',*,*,#6697,.T.);
#6697 = EDGE_CURVE('',#1556,#6698,#6700,.T.);
#6698 = VERTEX_POINT('',#6699);
#6699 = CARTESIAN_POINT('',(-5.5,6.994852949431,-4.467889011137));
#6700 = SURFACE_CURVE('',#6701,(#6705,#6711),.PCURVE_S1.);
#6701 = LINE('',#6702,#6703);
#6702 = CARTESIAN_POINT('',(-5.75,7.210188275118,-4.594895694075));
#6703 = VECTOR('',#6704,1.);
#6704 = DIRECTION('',(0.707106781187,-0.60906027609,0.359229147048));
#6705 = PCURVE('',#1571,#6706);
#6706 = DEFINITIONAL_REPRESENTATION('',(#6707),#6710);
#6707 = B_SPLINE_CURVE_WITH_KNOTS('',1,(#6708,#6709),.UNSPECIFIED.,.F.,
  .F.,(2,2),(-0.353553390593,0.353553390593),.PIECEWISE_BEZIER_KNOTS.);
#6708 = CARTESIAN_POINT('',(-0.589610116775,-0.353553390593));
#6709 = CARTESIAN_POINT('',(-0.589610116775,0.353553390593));
#6710 = ( GEOMETRIC_REPRESENTATION_CONTEXT(2) 
PARAMETRIC_REPRESENTATION_CONTEXT() REPRESENTATION_CONTEXT('2D SPACE',''
  ) );
#6711 = PCURVE('',#1599,#6712);
#6712 = DEFINITIONAL_REPRESENTATION('',(#6713),#6716);
#6713 = B_SPLINE_CURVE_WITH_KNOTS('',1,(#6714,#6715),.UNSPECIFIED.,.F.,
  .F.,(2,2),(-0.353553390593,0.353553390593),.PIECEWISE_BEZIER_KNOTS.);
#6714 = CARTESIAN_POINT('',(-5.551115123126E-16,-0.353553390593));
#6715 = CARTESIAN_POINT('',(-5.551115123126E-16,0.353553390593));
#6716 = ( GEOMETRIC_REPRESENTATION_CONTEXT(2) 
PARAMETRIC_REPRESENTATION_CONTEXT() REPRESENTATION_CONTEXT('2D SPACE',''
  ) );
#6717 = ORIENTED_EDGE('',*,*,#6718,.F.);
#6718 = EDGE_CURVE('',#6594,#6698,#6719,.T.);
#6719 = SURFACE_CURVE('',#6720,(#6724,#6731),.PCURVE_S1.);
#6720 = LINE('',#6721,#6722);
#6721 = CARTESIAN_POINT('',(-5.5,7.294390650066,-3.960033465039));
#6722 = VECTOR('',#6723,1.);
#6723 = DIRECTION('',(0.,-0.508026731755,-0.86134130275));
#6724 = PCURVE('',#1571,#6725);
#6725 = DEFINITIONAL_REPRESENTATION('',(#6726),#6730);
#6726 = LINE('',#6727,#6728);
#6727 = CARTESIAN_POINT('',(5.551115123126E-17,0.353553390593));
#6728 = VECTOR('',#6729,1.);
#6729 = DIRECTION('',(-1.,0.));
#6730 = ( GEOMETRIC_REPRESENTATION_CONTEXT(2) 
PARAMETRIC_REPRESENTATION_CONTEXT() REPRESENTATION_CONTEXT('2D SPACE',''
  ) );
#6731 = PCURVE('',#6732,#6737);
#6732 = PLANE('',#6733);
#6733 = AXIS2_PLACEMENT_3D('',#6734,#6735,#6736);
#6734 = CARTESIAN_POINT('',(15.,7.294390650066,-3.960033465039));
#6735 = DIRECTION('',(0.,-0.86134130275,0.508026731755));
#6736 = DIRECTION('',(0.,-0.508026731755,-0.86134130275));
#6737 = DEFINITIONAL_REPRESENTATION('',(#6738),#6742);
#6738 = LINE('',#6739,#6740);
#6739 = CARTESIAN_POINT('',(7.771561172376E-16,-20.5));
#6740 = VECTOR('',#6741,1.);
#6741 = DIRECTION('',(1.,0.));
#6742 = ( GEOMETRIC_REPRESENTATION_CONTEXT(2) 
PARAMETRIC_REPRESENTATION_CONTEXT() REPRESENTATION_CONTEXT('2D SPACE',''
  ) );
#6743 = ADVANCED_FACE('',(#6744),#1879,.F.);
#6744 = FACE_BOUND('',#6745,.T.);
#6745 = EDGE_LOOP('',(#6746,#6767,#6768,#6769));
#6746 = ORIENTED_EDGE('',*,*,#6747,.F.);
#6747 = EDGE_CURVE('',#1836,#6748,#6750,.T.);
#6748 = VERTEX_POINT('',#6749);
#6749 = CARTESIAN_POINT('',(-5.5,-6.660017073335,-4.953198217605));
#6750 = SURFACE_CURVE('',#6751,(#6755,#6761),.PCURVE_S1.);
#6751 = LINE('',#6752,#6753);
#6752 = CARTESIAN_POINT('',(-5.75,-6.855194290657,-5.109421947679));
#6753 = VECTOR('',#6754,1.);
#6754 = DIRECTION('',(0.707106781187,0.552044535607,0.441867435671));
#6755 = PCURVE('',#1879,#6756);
#6756 = DEFINITIONAL_REPRESENTATION('',(#6757),#6760);
#6757 = B_SPLINE_CURVE_WITH_KNOTS('',1,(#6758,#6759),.UNSPECIFIED.,.F.,
  .F.,(2,2),(-0.353553390593,0.353553390593),.PIECEWISE_BEZIER_KNOTS.);
#6758 = CARTESIAN_POINT('',(4.440892098501E-16,-0.353553390593));
#6759 = CARTESIAN_POINT('',(4.440892098501E-16,0.353553390593));
#6760 = ( GEOMETRIC_REPRESENTATION_CONTEXT(2) 
PARAMETRIC_REPRESENTATION_CONTEXT() REPRESENTATION_CONTEXT('2D SPACE',''
  ) );
#6761 = PCURVE('',#1851,#6762);
#6762 = DEFINITIONAL_REPRESENTATION('',(#6763),#6766);
#6763 = B_SPLINE_CURVE_WITH_KNOTS('',1,(#6764,#6765),.UNSPECIFIED.,.F.,
  .F.,(2,2),(-0.353553390593,0.353553390593),.PIECEWISE_BEZIER_KNOTS.);
#6764 = CARTESIAN_POINT('',(-0.589610116775,-0.353553390593));
#6765 = CARTESIAN_POINT('',(-0.589610116775,0.353553390593));
#6766 = ( GEOMETRIC_REPRESENTATION_CONTEXT(2) 
PARAMETRIC_REPRESENTATION_CONTEXT() REPRESENTATION_CONTEXT('2D SPACE',''
  ) );
#6767 = ORIENTED_EDGE('',*,*,#1863,.T.);
#6768 = ORIENTED_EDGE('',*,*,#6643,.T.);
#6769 = ORIENTED_EDGE('',*,*,#6770,.F.);
#6770 = EDGE_CURVE('',#6748,#6644,#6771,.T.);
#6771 = SURFACE_CURVE('',#6772,(#6776,#6783),.PCURVE_S1.);
#6772 = LINE('',#6773,#6774);
#6773 = CARTESIAN_POINT('',(-5.5,-6.660017073335,-4.953198217605));
#6774 = VECTOR('',#6775,1.);
#6775 = DIRECTION('',(0.,-0.567893709028,0.823101898459));
#6776 = PCURVE('',#1879,#6777);
#6777 = DEFINITIONAL_REPRESENTATION('',(#6778),#6782);
#6778 = LINE('',#6779,#6780);
#6779 = CARTESIAN_POINT('',(-5.551115123126E-17,0.353553390593));
#6780 = VECTOR('',#6781,1.);
#6781 = DIRECTION('',(-1.,0.));
#6782 = ( GEOMETRIC_REPRESENTATION_CONTEXT(2) 
PARAMETRIC_REPRESENTATION_CONTEXT() REPRESENTATION_CONTEXT('2D SPACE',''
  ) );
#6783 = PCURVE('',#6784,#6789);
#6784 = PLANE('',#6785);
#6785 = AXIS2_PLACEMENT_3D('',#6786,#6787,#6788);
#6786 = CARTESIAN_POINT('',(15.,-6.660017073335,-4.953198217605));
#6787 = DIRECTION('',(-0.,0.823101898459,0.567893709028));
#6788 = DIRECTION('',(0.,-0.567893709028,0.823101898459));
#6789 = DEFINITIONAL_REPRESENTATION('',(#6790),#6794);
#6790 = LINE('',#6791,#6792);
#6791 = CARTESIAN_POINT('',(0.,-20.5));
#6792 = VECTOR('',#6793,1.);
#6793 = DIRECTION('',(1.,0.));
#6794 = ( GEOMETRIC_REPRESENTATION_CONTEXT(2) 
PARAMETRIC_REPRESENTATION_CONTEXT() REPRESENTATION_CONTEXT('2D SPACE',''
  ) );
#6795 = ADVANCED_FACE('',(#6796),#1599,.F.);
#6796 = FACE_BOUND('',#6797,.T.);
#6797 = EDGE_LOOP('',(#6798,#6799,#6800,#6821));
#6798 = ORIENTED_EDGE('',*,*,#6697,.F.);
#6799 = ORIENTED_EDGE('',*,*,#1583,.T.);
#6800 = ORIENTED_EDGE('',*,*,#6801,.T.);
#6801 = EDGE_CURVE('',#1584,#6802,#6804,.T.);
#6802 = VERTEX_POINT('',#6803);
#6803 = CARTESIAN_POINT('',(-5.5,6.660017073335,-4.953198217605));
#6804 = SURFACE_CURVE('',#6805,(#6809,#6815),.PCURVE_S1.);
#6805 = LINE('',#6806,#6807);
#6806 = CARTESIAN_POINT('',(-5.75,6.86579254795,-5.095171644862));
#6807 = VECTOR('',#6808,1.);
#6808 = DIRECTION('',(0.707106781187,-0.582020934008,0.401561492647));
#6809 = PCURVE('',#1599,#6810);
#6810 = DEFINITIONAL_REPRESENTATION('',(#6811),#6814);
#6811 = B_SPLINE_CURVE_WITH_KNOTS('',1,(#6812,#6813),.UNSPECIFIED.,.F.,
  .F.,(2,2),(-0.353553390593,0.353553390593),.PIECEWISE_BEZIER_KNOTS.);
#6812 = CARTESIAN_POINT('',(-0.589610116775,-0.353553390593));
#6813 = CARTESIAN_POINT('',(-0.589610116775,0.353553390593));
#6814 = ( GEOMETRIC_REPRESENTATION_CONTEXT(2) 
PARAMETRIC_REPRESENTATION_CONTEXT() REPRESENTATION_CONTEXT('2D SPACE',''
  ) );
#6815 = PCURVE('',#1627,#6816);
#6816 = DEFINITIONAL_REPRESENTATION('',(#6817),#6820);
#6817 = B_SPLINE_CURVE_WITH_KNOTS('',1,(#6818,#6819),.UNSPECIFIED.,.F.,
  .F.,(2,2),(-0.353553390593,0.353553390593),.PIECEWISE_BEZIER_KNOTS.);
#6818 = CARTESIAN_POINT('',(2.775557561563E-16,-0.353553390593));
#6819 = CARTESIAN_POINT('',(2.775557561563E-16,0.353553390593));
#6820 = ( GEOMETRIC_REPRESENTATION_CONTEXT(2) 
PARAMETRIC_REPRESENTATION_CONTEXT() REPRESENTATION_CONTEXT('2D SPACE',''
  ) );
#6821 = ORIENTED_EDGE('',*,*,#6822,.F.);
#6822 = EDGE_CURVE('',#6698,#6802,#6823,.T.);
#6823 = SURFACE_CURVE('',#6824,(#6828,#6835),.PCURVE_S1.);
#6824 = LINE('',#6825,#6826);
#6825 = CARTESIAN_POINT('',(-5.5,6.994852949431,-4.467889011137));
#6826 = VECTOR('',#6827,1.);
#6827 = DIRECTION('',(0.,-0.567893709028,-0.823101898459));
#6828 = PCURVE('',#1599,#6829);
#6829 = DEFINITIONAL_REPRESENTATION('',(#6830),#6834);
#6830 = LINE('',#6831,#6832);
#6831 = CARTESIAN_POINT('',(5.551115123126E-17,0.353553390593));
#6832 = VECTOR('',#6833,1.);
#6833 = DIRECTION('',(-1.,0.));
#6834 = ( GEOMETRIC_REPRESENTATION_CONTEXT(2) 
PARAMETRIC_REPRESENTATION_CONTEXT() REPRESENTATION_CONTEXT('2D SPACE',''
  ) );
#6835 = PCURVE('',#6836,#6841);
#6836 = PLANE('',#6837);
#6837 = AXIS2_PLACEMENT_3D('',#6838,#6839,#6840);
#6838 = CARTESIAN_POINT('',(15.,6.994852949431,-4.467889011137));
#6839 = DIRECTION('',(0.,-0.823101898459,0.567893709028));
#6840 = DIRECTION('',(0.,-0.567893709028,-0.823101898459));
#6841 = DEFINITIONAL_REPRESENTATION('',(#6842),#6846);
#6842 = LINE('',#6843,#6844);
#6843 = CARTESIAN_POINT('',(-4.440892098501E-16,-20.5));
#6844 = VECTOR('',#6845,1.);
#6845 = DIRECTION('',(1.,0.));
#6846 = ( GEOMETRIC_REPRESENTATION_CONTEXT(2) 
PARAMETRIC_REPRESENTATION_CONTEXT() REPRESENTATION_CONTEXT('2D SPACE',''
  ) );
#6847 = ADVANCED_FACE('',(#6848),#1851,.F.);
#6848 = FACE_BOUND('',#6849,.T.);
#6849 = EDGE_LOOP('',(#6850,#6871,#6872,#6873));
#6850 = ORIENTED_EDGE('',*,*,#6851,.F.);
#6851 = EDGE_CURVE('',#1808,#6852,#6854,.T.);
#6852 = VERTEX_POINT('',#6853);
#6853 = CARTESIAN_POINT('',(-5.5,-6.291572706406,-5.413512065194));
#6854 = SURFACE_CURVE('',#6855,(#6859,#6865),.PCURVE_S1.);
#6855 = LINE('',#6856,#6857);
#6856 = CARTESIAN_POINT('',(-5.75,-6.475166742277,-5.583197745182));
#6857 = VECTOR('',#6858,1.);
#6858 = DIRECTION('',(0.707106781187,0.519282350997,0.479943579958));
#6859 = PCURVE('',#1851,#6860);
#6860 = DEFINITIONAL_REPRESENTATION('',(#6861),#6864);
#6861 = B_SPLINE_CURVE_WITH_KNOTS('',1,(#6862,#6863),.UNSPECIFIED.,.F.,
  .F.,(2,2),(-0.353553390593,0.353553390593),.PIECEWISE_BEZIER_KNOTS.);
#6862 = CARTESIAN_POINT('',(5.551115123126E-17,-0.353553390593));
#6863 = CARTESIAN_POINT('',(5.551115123126E-17,0.353553390593));
#6864 = ( GEOMETRIC_REPRESENTATION_CONTEXT(2) 
PARAMETRIC_REPRESENTATION_CONTEXT() REPRESENTATION_CONTEXT('2D SPACE',''
  ) );
#6865 = PCURVE('',#1823,#6866);
#6866 = DEFINITIONAL_REPRESENTATION('',(#6867),#6870);
#6867 = B_SPLINE_CURVE_WITH_KNOTS('',1,(#6868,#6869),.UNSPECIFIED.,.F.,
  .F.,(2,2),(-0.353553390593,0.353553390593),.PIECEWISE_BEZIER_KNOTS.);
#6868 = CARTESIAN_POINT('',(-0.589610116775,-0.353553390593));
#6869 = CARTESIAN_POINT('',(-0.589610116775,0.353553390593));
#6870 = ( GEOMETRIC_REPRESENTATION_CONTEXT(2) 
PARAMETRIC_REPRESENTATION_CONTEXT() REPRESENTATION_CONTEXT('2D SPACE',''
  ) );
#6871 = ORIENTED_EDGE('',*,*,#1835,.T.);
#6872 = ORIENTED_EDGE('',*,*,#6747,.T.);
#6873 = ORIENTED_EDGE('',*,*,#6874,.F.);
#6874 = EDGE_CURVE('',#6852,#6748,#6875,.T.);
#6875 = SURFACE_CURVE('',#6876,(#6880,#6887),.PCURVE_S1.);
#6876 = LINE('',#6877,#6878);
#6877 = CARTESIAN_POINT('',(-5.5,-6.291572706406,-5.413512065194));
#6878 = VECTOR('',#6879,1.);
#6879 = DIRECTION('',(0.,-0.624894920297,0.780708869289));
#6880 = PCURVE('',#1851,#6881);
#6881 = DEFINITIONAL_REPRESENTATION('',(#6882),#6886);
#6882 = LINE('',#6883,#6884);
#6883 = CARTESIAN_POINT('',(6.661338147751E-16,0.353553390593));
#6884 = VECTOR('',#6885,1.);
#6885 = DIRECTION('',(-1.,0.));
#6886 = ( GEOMETRIC_REPRESENTATION_CONTEXT(2) 
PARAMETRIC_REPRESENTATION_CONTEXT() REPRESENTATION_CONTEXT('2D SPACE',''
  ) );
#6887 = PCURVE('',#6888,#6893);
#6888 = PLANE('',#6889);
#6889 = AXIS2_PLACEMENT_3D('',#6890,#6891,#6892);
#6890 = CARTESIAN_POINT('',(15.,-6.291572706406,-5.413512065194));
#6891 = DIRECTION('',(-0.,0.780708869289,0.624894920297));
#6892 = DIRECTION('',(0.,-0.624894920297,0.780708869289));
#6893 = DEFINITIONAL_REPRESENTATION('',(#6894),#6898);
#6894 = LINE('',#6895,#6896);
#6895 = CARTESIAN_POINT('',(-2.22044604925E-16,-20.5));
#6896 = VECTOR('',#6897,1.);
#6897 = DIRECTION('',(1.,0.));
#6898 = ( GEOMETRIC_REPRESENTATION_CONTEXT(2) 
PARAMETRIC_REPRESENTATION_CONTEXT() REPRESENTATION_CONTEXT('2D SPACE',''
  ) );
#6899 = ADVANCED_FACE('',(#6900),#1627,.F.);
#6900 = FACE_BOUND('',#6901,.T.);
#6901 = EDGE_LOOP('',(#6902,#6903,#6904,#6925));
#6902 = ORIENTED_EDGE('',*,*,#6801,.F.);
#6903 = ORIENTED_EDGE('',*,*,#1611,.T.);
#6904 = ORIENTED_EDGE('',*,*,#6905,.T.);
#6905 = EDGE_CURVE('',#1612,#6906,#6908,.T.);
#6906 = VERTEX_POINT('',#6907);
#6907 = CARTESIAN_POINT('',(-5.5,6.291572706406,-5.413512065194));
#6908 = SURFACE_CURVE('',#6909,(#6913,#6919),.PCURVE_S1.);
#6909 = LINE('',#6910,#6911);
#6910 = CARTESIAN_POINT('',(-5.75,6.486749923729,-5.569735795268));
#6911 = VECTOR('',#6912,1.);
#6912 = DIRECTION('',(0.707106781187,-0.552044535607,0.441867435671));
#6913 = PCURVE('',#1627,#6914);
#6914 = DEFINITIONAL_REPRESENTATION('',(#6915),#6918);
#6915 = B_SPLINE_CURVE_WITH_KNOTS('',1,(#6916,#6917),.UNSPECIFIED.,.F.,
  .F.,(2,2),(-0.353553390593,0.353553390593),.PIECEWISE_BEZIER_KNOTS.);
#6916 = CARTESIAN_POINT('',(-0.589610116775,-0.353553390593));
#6917 = CARTESIAN_POINT('',(-0.589610116775,0.353553390593));
#6918 = ( GEOMETRIC_REPRESENTATION_CONTEXT(2) 
PARAMETRIC_REPRESENTATION_CONTEXT() REPRESENTATION_CONTEXT('2D SPACE',''
  ) );
#6919 = PCURVE('',#1655,#6920);
#6920 = DEFINITIONAL_REPRESENTATION('',(#6921),#6924);
#6921 = B_SPLINE_CURVE_WITH_KNOTS('',1,(#6922,#6923),.UNSPECIFIED.,.F.,
  .F.,(2,2),(-0.353553390593,0.353553390593),.PIECEWISE_BEZIER_KNOTS.);
#6922 = CARTESIAN_POINT('',(6.106226635438E-16,-0.353553390593));
#6923 = CARTESIAN_POINT('',(6.106226635438E-16,0.353553390593));
#6924 = ( GEOMETRIC_REPRESENTATION_CONTEXT(2) 
PARAMETRIC_REPRESENTATION_CONTEXT() REPRESENTATION_CONTEXT('2D SPACE',''
  ) );
#6925 = ORIENTED_EDGE('',*,*,#6926,.F.);
#6926 = EDGE_CURVE('',#6802,#6906,#6927,.T.);
#6927 = SURFACE_CURVE('',#6928,(#6932,#6939),.PCURVE_S1.);
#6928 = LINE('',#6929,#6930);
#6929 = CARTESIAN_POINT('',(-5.5,6.660017073335,-4.953198217605));
#6930 = VECTOR('',#6931,1.);
#6931 = DIRECTION('',(0.,-0.624894920297,-0.780708869289));
#6932 = PCURVE('',#1627,#6933);
#6933 = DEFINITIONAL_REPRESENTATION('',(#6934),#6938);
#6934 = LINE('',#6935,#6936);
#6935 = CARTESIAN_POINT('',(-4.996003610813E-16,0.353553390593));
#6936 = VECTOR('',#6937,1.);
#6937 = DIRECTION('',(-1.,0.));
#6938 = ( GEOMETRIC_REPRESENTATION_CONTEXT(2) 
PARAMETRIC_REPRESENTATION_CONTEXT() REPRESENTATION_CONTEXT('2D SPACE',''
  ) );
#6939 = PCURVE('',#6940,#6945);
#6940 = PLANE('',#6941);
#6941 = AXIS2_PLACEMENT_3D('',#6942,#6943,#6944);
#6942 = CARTESIAN_POINT('',(15.,6.660017073335,-4.953198217605));
#6943 = DIRECTION('',(0.,-0.780708869289,0.624894920297));
#6944 = DIRECTION('',(0.,-0.624894920297,-0.780708869289));
#6945 = DEFINITIONAL_REPRESENTATION('',(#6946),#6950);
#6946 = LINE('',#6947,#6948);
#6947 = CARTESIAN_POINT('',(6.661338147751E-16,-20.5));
#6948 = VECTOR('',#6949,1.);
#6949 = DIRECTION('',(1.,0.));
#6950 = ( GEOMETRIC_REPRESENTATION_CONTEXT(2) 
PARAMETRIC_REPRESENTATION_CONTEXT() REPRESENTATION_CONTEXT('2D SPACE',''
  ) );
#6951 = ADVANCED_FACE('',(#6952),#1823,.F.);
#6952 = FACE_BOUND('',#6953,.T.);
#6953 = EDGE_LOOP('',(#6954,#6975,#6976,#6977));
#6954 = ORIENTED_EDGE('',*,*,#6955,.F.);
#6955 = EDGE_CURVE('',#1780,#6956,#6958,.T.);
#6956 = VERTEX_POINT('',#6957);
#6957 = CARTESIAN_POINT('',(-5.5,-5.891379132036,-5.846507668909));
#6958 = SURFACE_CURVE('',#6959,(#6963,#6969),.PCURVE_S1.);
#6959 = LINE('',#6960,#6961);
#6960 = CARTESIAN_POINT('',(-5.75,-6.062463514584,-6.028799012774));
#6961 = VECTOR('',#6962,1.);
#6962 = DIRECTION('',(0.707106781187,0.48389970822,0.515597781594));
#6963 = PCURVE('',#1823,#6964);
#6964 = DEFINITIONAL_REPRESENTATION('',(#6965),#6968);
#6965 = B_SPLINE_CURVE_WITH_KNOTS('',1,(#6966,#6967),.UNSPECIFIED.,.F.,
  .F.,(2,2),(-0.353553390593,0.353553390593),.PIECEWISE_BEZIER_KNOTS.);
#6966 = CARTESIAN_POINT('',(-1.720845688169E-15,-0.353553390593));
#6967 = CARTESIAN_POINT('',(-1.720845688169E-15,0.353553390593));
#6968 = ( GEOMETRIC_REPRESENTATION_CONTEXT(2) 
PARAMETRIC_REPRESENTATION_CONTEXT() REPRESENTATION_CONTEXT('2D SPACE',''
  ) );
#6969 = PCURVE('',#1795,#6970);
#6970 = DEFINITIONAL_REPRESENTATION('',(#6971),#6974);
#6971 = B_SPLINE_CURVE_WITH_KNOTS('',1,(#6972,#6973),.UNSPECIFIED.,.F.,
  .F.,(2,2),(-0.353553390593,0.353553390593),.PIECEWISE_BEZIER_KNOTS.);
#6972 = CARTESIAN_POINT('',(-0.589610116775,-0.353553390593));
#6973 = CARTESIAN_POINT('',(-0.589610116775,0.353553390593));
#6974 = ( GEOMETRIC_REPRESENTATION_CONTEXT(2) 
PARAMETRIC_REPRESENTATION_CONTEXT() REPRESENTATION_CONTEXT('2D SPACE',''
  ) );
#6975 = ORIENTED_EDGE('',*,*,#1807,.T.);
#6976 = ORIENTED_EDGE('',*,*,#6851,.T.);
#6977 = ORIENTED_EDGE('',*,*,#6978,.F.);
#6978 = EDGE_CURVE('',#6956,#6852,#6979,.T.);
#6979 = SURFACE_CURVE('',#6980,(#6984,#6991),.PCURVE_S1.);
#6980 = LINE('',#6981,#6982);
#6981 = CARTESIAN_POINT('',(-5.5,-5.891379132036,-5.846507668909));
#6982 = VECTOR('',#6983,1.);
#6983 = DIRECTION('',(0.,-0.678742719951,0.734376143481));
#6984 = PCURVE('',#1823,#6985);
#6985 = DEFINITIONAL_REPRESENTATION('',(#6986),#6990);
#6986 = LINE('',#6987,#6988);
#6987 = CARTESIAN_POINT('',(-4.996003610813E-16,0.353553390593));
#6988 = VECTOR('',#6989,1.);
#6989 = DIRECTION('',(-1.,0.));
#6990 = ( GEOMETRIC_REPRESENTATION_CONTEXT(2) 
PARAMETRIC_REPRESENTATION_CONTEXT() REPRESENTATION_CONTEXT('2D SPACE',''
  ) );
#6991 = PCURVE('',#6992,#6997);
#6992 = PLANE('',#6993);
#6993 = AXIS2_PLACEMENT_3D('',#6994,#6995,#6996);
#6994 = CARTESIAN_POINT('',(15.,-5.891379132036,-5.846507668909));
#6995 = DIRECTION('',(-0.,0.734376143481,0.678742719951));
#6996 = DIRECTION('',(0.,-0.678742719951,0.734376143481));
#6997 = DEFINITIONAL_REPRESENTATION('',(#6998),#7002);
#6998 = LINE('',#6999,#7000);
#6999 = CARTESIAN_POINT('',(-1.054711873394E-15,-20.5));
#7000 = VECTOR('',#7001,1.);
#7001 = DIRECTION('',(1.,0.));
#7002 = ( GEOMETRIC_REPRESENTATION_CONTEXT(2) 
PARAMETRIC_REPRESENTATION_CONTEXT() REPRESENTATION_CONTEXT('2D SPACE',''
  ) );
#7003 = ADVANCED_FACE('',(#7004),#1655,.F.);
#7004 = FACE_BOUND('',#7005,.T.);
#7005 = EDGE_LOOP('',(#7006,#7007,#7008,#7029));
#7006 = ORIENTED_EDGE('',*,*,#6905,.F.);
#7007 = ORIENTED_EDGE('',*,*,#1639,.T.);
#7008 = ORIENTED_EDGE('',*,*,#7009,.T.);
#7009 = EDGE_CURVE('',#1640,#7010,#7012,.T.);
#7010 = VERTEX_POINT('',#7011);
#7011 = CARTESIAN_POINT('',(-5.5,5.891379132036,-5.846507668909));
#7012 = SURFACE_CURVE('',#7013,(#7017,#7023),.PCURVE_S1.);
#7013 = LINE('',#7014,#7015);
#7014 = CARTESIAN_POINT('',(-5.75,6.074973167906,-6.016193348897));
#7015 = VECTOR('',#7016,1.);
#7016 = DIRECTION('',(0.707106781187,-0.519282350997,0.479943579958));
#7017 = PCURVE('',#1655,#7018);
#7018 = DEFINITIONAL_REPRESENTATION('',(#7019),#7022);
#7019 = B_SPLINE_CURVE_WITH_KNOTS('',1,(#7020,#7021),.UNSPECIFIED.,.F.,
  .F.,(2,2),(-0.353553390593,0.353553390593),.PIECEWISE_BEZIER_KNOTS.);
#7020 = CARTESIAN_POINT('',(-0.589610116775,-0.353553390593));
#7021 = CARTESIAN_POINT('',(-0.589610116775,0.353553390593));
#7022 = ( GEOMETRIC_REPRESENTATION_CONTEXT(2) 
PARAMETRIC_REPRESENTATION_CONTEXT() REPRESENTATION_CONTEXT('2D SPACE',''
  ) );
#7023 = PCURVE('',#1683,#7024);
#7024 = DEFINITIONAL_REPRESENTATION('',(#7025),#7028);
#7025 = B_SPLINE_CURVE_WITH_KNOTS('',1,(#7026,#7027),.UNSPECIFIED.,.F.,
  .F.,(2,2),(-0.353553390593,0.353553390593),.PIECEWISE_BEZIER_KNOTS.);
#7026 = CARTESIAN_POINT('',(5.551115123126E-17,-0.353553390593));
#7027 = CARTESIAN_POINT('',(5.551115123126E-17,0.353553390593));
#7028 = ( GEOMETRIC_REPRESENTATION_CONTEXT(2) 
PARAMETRIC_REPRESENTATION_CONTEXT() REPRESENTATION_CONTEXT('2D SPACE',''
  ) );
#7029 = ORIENTED_EDGE('',*,*,#7030,.F.);
#7030 = EDGE_CURVE('',#6906,#7010,#7031,.T.);
#7031 = SURFACE_CURVE('',#7032,(#7036,#7043),.PCURVE_S1.);
#7032 = LINE('',#7033,#7034);
#7033 = CARTESIAN_POINT('',(-5.5,6.291572706406,-5.413512065194));
#7034 = VECTOR('',#7035,1.);
#7035 = DIRECTION('',(0.,-0.678742719951,-0.734376143481));
#7036 = PCURVE('',#1655,#7037);
#7037 = DEFINITIONAL_REPRESENTATION('',(#7038),#7042);
#7038 = LINE('',#7039,#7040);
#7039 = CARTESIAN_POINT('',(-2.22044604925E-16,0.353553390593));
#7040 = VECTOR('',#7041,1.);
#7041 = DIRECTION('',(-1.,0.));
#7042 = ( GEOMETRIC_REPRESENTATION_CONTEXT(2) 
PARAMETRIC_REPRESENTATION_CONTEXT() REPRESENTATION_CONTEXT('2D SPACE',''
  ) );
#7043 = PCURVE('',#7044,#7049);
#7044 = PLANE('',#7045);
#7045 = AXIS2_PLACEMENT_3D('',#7046,#7047,#7048);
#7046 = CARTESIAN_POINT('',(15.,6.291572706406,-5.413512065194));
#7047 = DIRECTION('',(0.,-0.734376143481,0.678742719951));
#7048 = DIRECTION('',(0.,-0.678742719951,-0.734376143481));
#7049 = DEFINITIONAL_REPRESENTATION('',(#7050),#7054);
#7050 = LINE('',#7051,#7052);
#7051 = CARTESIAN_POINT('',(1.276756478319E-15,-20.5));
#7052 = VECTOR('',#7053,1.);
#7053 = DIRECTION('',(1.,0.));
#7054 = ( GEOMETRIC_REPRESENTATION_CONTEXT(2) 
PARAMETRIC_REPRESENTATION_CONTEXT() REPRESENTATION_CONTEXT('2D SPACE',''
  ) );
#7055 = ADVANCED_FACE('',(#7056),#1795,.F.);
#7056 = FACE_BOUND('',#7057,.T.);
#7057 = EDGE_LOOP('',(#7058,#7081,#7082,#7083));
#7058 = ORIENTED_EDGE('',*,*,#7059,.F.);
#7059 = EDGE_CURVE('',#1752,#7060,#7062,.T.);
#7060 = VERTEX_POINT('',#7061);
#7061 = CARTESIAN_POINT('',(-5.5,-5.826038537592,-5.907831234903));
#7062 = SURFACE_CURVE('',#7063,(#7067,#7074),.PCURVE_S1.);
#7063 = LINE('',#7064,#7065);
#7064 = CARTESIAN_POINT('',(-5.875,-6.082665111415,-6.181268250701));
#7065 = VECTOR('',#7066,1.);
#7066 = DIRECTION('',(0.707106781187,0.48389970822,0.515597781594));
#7067 = PCURVE('',#1795,#7068);
#7068 = DEFINITIONAL_REPRESENTATION('',(#7069),#7073);
#7069 = LINE('',#7070,#7071);
#7070 = CARTESIAN_POINT('',(-0.5,-0.176776695297));
#7071 = VECTOR('',#7072,1.);
#7072 = DIRECTION('',(-3.679713230327E-15,1.));
#7073 = ( GEOMETRIC_REPRESENTATION_CONTEXT(2) 
PARAMETRIC_REPRESENTATION_CONTEXT() REPRESENTATION_CONTEXT('2D SPACE',''
  ) );
#7074 = PCURVE('',#1767,#7075);
#7075 = DEFINITIONAL_REPRESENTATION('',(#7076),#7080);
#7076 = LINE('',#7077,#7078);
#7077 = CARTESIAN_POINT('',(4.599886416232E-02,0.170687153869));
#7078 = VECTOR('',#7079,1.);
#7079 = DIRECTION('',(0.260208870208,0.965552351696));
#7080 = ( GEOMETRIC_REPRESENTATION_CONTEXT(2) 
PARAMETRIC_REPRESENTATION_CONTEXT() REPRESENTATION_CONTEXT('2D SPACE',''
  ) );
#7081 = ORIENTED_EDGE('',*,*,#1779,.T.);
#7082 = ORIENTED_EDGE('',*,*,#6955,.T.);
#7083 = ORIENTED_EDGE('',*,*,#7084,.F.);
#7084 = EDGE_CURVE('',#7060,#6956,#7085,.T.);
#7085 = SURFACE_CURVE('',#7086,(#7090,#7097),.PCURVE_S1.);
#7086 = LINE('',#7087,#7088);
#7087 = CARTESIAN_POINT('',(-5.5,-5.461455849863,-6.25));
#7088 = VECTOR('',#7089,1.);
#7089 = DIRECTION('',(0.,-0.729165375459,0.684337530193));
#7090 = PCURVE('',#1795,#7091);
#7091 = DEFINITIONAL_REPRESENTATION('',(#7092),#7096);
#7092 = LINE('',#7093,#7094);
#7093 = CARTESIAN_POINT('',(-6.106226635438E-16,0.353553390593));
#7094 = VECTOR('',#7095,1.);
#7095 = DIRECTION('',(-1.,0.));
#7096 = ( GEOMETRIC_REPRESENTATION_CONTEXT(2) 
PARAMETRIC_REPRESENTATION_CONTEXT() REPRESENTATION_CONTEXT('2D SPACE',''
  ) );
#7097 = PCURVE('',#7098,#7103);
#7098 = PLANE('',#7099);
#7099 = AXIS2_PLACEMENT_3D('',#7100,#7101,#7102);
#7100 = CARTESIAN_POINT('',(15.,-5.461455849863,-6.25));
#7101 = DIRECTION('',(-0.,0.684337530193,0.729165375459));
#7102 = DIRECTION('',(0.,-0.729165375459,0.684337530193));
#7103 = DEFINITIONAL_REPRESENTATION('',(#7104),#7108);
#7104 = LINE('',#7105,#7106);
#7105 = CARTESIAN_POINT('',(-5.551115123126E-16,-20.5));
#7106 = VECTOR('',#7107,1.);
#7107 = DIRECTION('',(1.,0.));
#7108 = ( GEOMETRIC_REPRESENTATION_CONTEXT(2) 
PARAMETRIC_REPRESENTATION_CONTEXT() REPRESENTATION_CONTEXT('2D SPACE',''
  ) );
#7109 = ADVANCED_FACE('',(#7110),#1683,.F.);
#7110 = FACE_BOUND('',#7111,.T.);
#7111 = EDGE_LOOP('',(#7112,#7113,#7114,#7137));
#7112 = ORIENTED_EDGE('',*,*,#7009,.F.);
#7113 = ORIENTED_EDGE('',*,*,#1667,.T.);
#7114 = ORIENTED_EDGE('',*,*,#7115,.T.);
#7115 = EDGE_CURVE('',#1668,#7116,#7118,.T.);
#7116 = VERTEX_POINT('',#7117);
#7117 = CARTESIAN_POINT('',(-5.5,5.826038537592,-5.907831234903));
#7118 = SURFACE_CURVE('',#7119,(#7123,#7130),.PCURVE_S1.);
#7119 = LINE('',#7120,#7121);
#7120 = CARTESIAN_POINT('',(-5.875,6.082665111415,-6.181268250701));
#7121 = VECTOR('',#7122,1.);
#7122 = DIRECTION('',(0.707106781187,-0.48389970822,0.515597781594));
#7123 = PCURVE('',#1683,#7124);
#7124 = DEFINITIONAL_REPRESENTATION('',(#7125),#7129);
#7125 = LINE('',#7126,#7127);
#7126 = CARTESIAN_POINT('',(-8.961011677533E-02,-0.176776695297));
#7127 = VECTOR('',#7128,1.);
#7128 = DIRECTION('',(-1.378609582395E-15,1.));
#7129 = ( GEOMETRIC_REPRESENTATION_CONTEXT(2) 
PARAMETRIC_REPRESENTATION_CONTEXT() REPRESENTATION_CONTEXT('2D SPACE',''
  ) );
#7130 = PCURVE('',#1711,#7131);
#7131 = DEFINITIONAL_REPRESENTATION('',(#7132),#7136);
#7132 = LINE('',#7133,#7134);
#7133 = CARTESIAN_POINT('',(4.599886416231E-02,0.170687153869));
#7134 = VECTOR('',#7135,1.);
#7135 = DIRECTION('',(0.260208870208,0.965552351696));
#7136 = ( GEOMETRIC_REPRESENTATION_CONTEXT(2) 
PARAMETRIC_REPRESENTATION_CONTEXT() REPRESENTATION_CONTEXT('2D SPACE',''
  ) );
#7137 = ORIENTED_EDGE('',*,*,#7138,.F.);
#7138 = EDGE_CURVE('',#7010,#7116,#7139,.T.);
#7139 = SURFACE_CURVE('',#7140,(#7144,#7151),.PCURVE_S1.);
#7140 = LINE('',#7141,#7142);
#7141 = CARTESIAN_POINT('',(-5.5,5.891379132036,-5.846507668909));
#7142 = VECTOR('',#7143,1.);
#7143 = DIRECTION('',(0.,-0.729165375459,-0.684337530193));
#7144 = PCURVE('',#1683,#7145);
#7145 = DEFINITIONAL_REPRESENTATION('',(#7146),#7150);
#7146 = LINE('',#7147,#7148);
#7147 = CARTESIAN_POINT('',(-2.775557561563E-16,0.353553390593));
#7148 = VECTOR('',#7149,1.);
#7149 = DIRECTION('',(-1.,0.));
#7150 = ( GEOMETRIC_REPRESENTATION_CONTEXT(2) 
PARAMETRIC_REPRESENTATION_CONTEXT() REPRESENTATION_CONTEXT('2D SPACE',''
  ) );
#7151 = PCURVE('',#7152,#7157);
#7152 = PLANE('',#7153);
#7153 = AXIS2_PLACEMENT_3D('',#7154,#7155,#7156);
#7154 = CARTESIAN_POINT('',(15.,5.891379132036,-5.846507668909));
#7155 = DIRECTION('',(0.,-0.684337530193,0.729165375459));
#7156 = DIRECTION('',(0.,-0.729165375459,-0.684337530193));
#7157 = DEFINITIONAL_REPRESENTATION('',(#7158),#7162);
#7158 = LINE('',#7159,#7160);
#7159 = CARTESIAN_POINT('',(0.,-20.5));
#7160 = VECTOR('',#7161,1.);
#7161 = DIRECTION('',(1.,0.));
#7162 = ( GEOMETRIC_REPRESENTATION_CONTEXT(2) 
PARAMETRIC_REPRESENTATION_CONTEXT() REPRESENTATION_CONTEXT('2D SPACE',''
  ) );
#7163 = ADVANCED_FACE('',(#7164),#1767,.F.);
#7164 = FACE_BOUND('',#7165,.F.);
#7165 = EDGE_LOOP('',(#7166,#7167,#7168,#7191));
#7166 = ORIENTED_EDGE('',*,*,#7059,.F.);
#7167 = ORIENTED_EDGE('',*,*,#1751,.T.);
#7168 = ORIENTED_EDGE('',*,*,#7169,.T.);
#7169 = EDGE_CURVE('',#1724,#7170,#7172,.T.);
#7170 = VERTEX_POINT('',#7171);
#7171 = CARTESIAN_POINT('',(-5.5,-4.961455849863,-6.25));
#7172 = SURFACE_CURVE('',#7173,(#7177,#7184),.PCURVE_S1.);
#7173 = LINE('',#7174,#7175);
#7174 = CARTESIAN_POINT('',(-5.755603480658,-4.961455849863,
    -6.505603480658));
#7175 = VECTOR('',#7176,1.);
#7176 = DIRECTION('',(0.707106781187,4.962273976396E-15,0.707106781187)
  );
#7177 = PCURVE('',#1767,#7178);
#7178 = DEFINITIONAL_REPRESENTATION('',(#7179),#7183);
#7179 = LINE('',#7180,#7181);
#7180 = CARTESIAN_POINT('',(1.207884601294,0.333722770415));
#7181 = VECTOR('',#7182,1.);
#7182 = DIRECTION('',(-0.260208870208,0.965552351696));
#7183 = ( GEOMETRIC_REPRESENTATION_CONTEXT(2) 
PARAMETRIC_REPRESENTATION_CONTEXT() REPRESENTATION_CONTEXT('2D SPACE',''
  ) );
#7184 = PCURVE('',#1739,#7185);
#7185 = DEFINITIONAL_REPRESENTATION('',(#7186),#7190);
#7186 = LINE('',#7187,#7188);
#7187 = CARTESIAN_POINT('',(-10.42291169972,-7.924518343398E-03));
#7188 = VECTOR('',#7189,1.);
#7189 = DIRECTION('',(4.962273976396E-15,1.));
#7190 = ( GEOMETRIC_REPRESENTATION_CONTEXT(2) 
PARAMETRIC_REPRESENTATION_CONTEXT() REPRESENTATION_CONTEXT('2D SPACE',''
  ) );
#7191 = ORIENTED_EDGE('',*,*,#7192,.F.);
#7192 = EDGE_CURVE('',#7060,#7170,#7193,.T.);
#7193 = SURFACE_CURVE('',#7194,(#7198,#7205),.PCURVE_S1.);
#7194 = LINE('',#7195,#7196);
#7195 = CARTESIAN_POINT('',(-5.5,-5.695435056934,-5.95951909811));
#7196 = VECTOR('',#7197,1.);
#7197 = DIRECTION('',(9.788016719738E-16,0.929829386355,-0.367990913299)
  );
#7198 = PCURVE('',#1767,#7199);
#7199 = DEFINITIONAL_REPRESENTATION('',(#7200),#7204);
#7200 = LINE('',#7201,#7202);
#7201 = CARTESIAN_POINT('',(0.324455074913,0.682748615475));
#7202 = VECTOR('',#7203,1.);
#7203 = DIRECTION('',(1.,-2.641606816126E-17));
#7204 = ( GEOMETRIC_REPRESENTATION_CONTEXT(2) 
PARAMETRIC_REPRESENTATION_CONTEXT() REPRESENTATION_CONTEXT('2D SPACE',''
  ) );
#7205 = PCURVE('',#7206,#7211);
#7206 = PLANE('',#7207);
#7207 = AXIS2_PLACEMENT_3D('',#7208,#7209,#7210);
#7208 = CARTESIAN_POINT('',(30.,-5.393747193728,-6.078915617452));
#7209 = DIRECTION('',(2.294206614778E-19,-0.367990913299,-0.929829386355
    ));
#7210 = DIRECTION('',(-1.,-8.442471874676E-20,-2.133220728791E-19));
#7211 = DEFINITIONAL_REPRESENTATION('',(#7212),#7216);
#7212 = LINE('',#7213,#7214);
#7213 = CARTESIAN_POINT('',(35.5,-0.324455074913));
#7214 = VECTOR('',#7215,1.);
#7215 = DIRECTION('',(-9.788016719738E-16,1.));
#7216 = ( GEOMETRIC_REPRESENTATION_CONTEXT(2) 
PARAMETRIC_REPRESENTATION_CONTEXT() REPRESENTATION_CONTEXT('2D SPACE',''
  ) );
#7217 = ADVANCED_FACE('',(#7218),#1711,.T.);
#7218 = FACE_BOUND('',#7219,.T.);
#7219 = EDGE_LOOP('',(#7220,#7221,#7222,#7245));
#7220 = ORIENTED_EDGE('',*,*,#7115,.F.);
#7221 = ORIENTED_EDGE('',*,*,#1695,.T.);
#7222 = ORIENTED_EDGE('',*,*,#7223,.T.);
#7223 = EDGE_CURVE('',#1696,#7224,#7226,.T.);
#7224 = VERTEX_POINT('',#7225);
#7225 = CARTESIAN_POINT('',(-5.5,4.961455849863,-6.25));
#7226 = SURFACE_CURVE('',#7227,(#7231,#7238),.PCURVE_S1.);
#7227 = LINE('',#7228,#7229);
#7228 = CARTESIAN_POINT('',(-5.755603480658,4.961455849863,
    -6.505603480658));
#7229 = VECTOR('',#7230,1.);
#7230 = DIRECTION('',(0.707106781187,1.452514712696E-15,0.707106781187)
  );
#7231 = PCURVE('',#1711,#7232);
#7232 = DEFINITIONAL_REPRESENTATION('',(#7233),#7237);
#7233 = LINE('',#7234,#7235);
#7234 = CARTESIAN_POINT('',(1.207884601294,0.333722770415));
#7235 = VECTOR('',#7236,1.);
#7236 = DIRECTION('',(-0.260208870208,0.965552351696));
#7237 = ( GEOMETRIC_REPRESENTATION_CONTEXT(2) 
PARAMETRIC_REPRESENTATION_CONTEXT() REPRESENTATION_CONTEXT('2D SPACE',''
  ) );
#7238 = PCURVE('',#1739,#7239);
#7239 = DEFINITIONAL_REPRESENTATION('',(#7240),#7244);
#7240 = LINE('',#7241,#7242);
#7241 = CARTESIAN_POINT('',(-0.5,-7.92451834342E-03));
#7242 = VECTOR('',#7243,1.);
#7243 = DIRECTION('',(1.452514712696E-15,1.));
#7244 = ( GEOMETRIC_REPRESENTATION_CONTEXT(2) 
PARAMETRIC_REPRESENTATION_CONTEXT() REPRESENTATION_CONTEXT('2D SPACE',''
  ) );
#7245 = ORIENTED_EDGE('',*,*,#7246,.F.);
#7246 = EDGE_CURVE('',#7116,#7224,#7247,.T.);
#7247 = SURFACE_CURVE('',#7248,(#7252,#7259),.PCURVE_S1.);
#7248 = LINE('',#7249,#7250);
#7249 = CARTESIAN_POINT('',(-5.5,5.695435056934,-5.95951909811));
#7250 = VECTOR('',#7251,1.);
#7251 = DIRECTION('',(-3.118159460413E-16,-0.929829386355,
    -0.367990913299));
#7252 = PCURVE('',#1711,#7253);
#7253 = DEFINITIONAL_REPRESENTATION('',(#7254),#7258);
#7254 = LINE('',#7255,#7256);
#7255 = CARTESIAN_POINT('',(0.324455074913,0.682748615475));
#7256 = VECTOR('',#7257,1.);
#7257 = DIRECTION('',(1.,-4.577952583359E-16));
#7258 = ( GEOMETRIC_REPRESENTATION_CONTEXT(2) 
PARAMETRIC_REPRESENTATION_CONTEXT() REPRESENTATION_CONTEXT('2D SPACE',''
  ) );
#7259 = PCURVE('',#7260,#7265);
#7260 = PLANE('',#7261);
#7261 = AXIS2_PLACEMENT_3D('',#7262,#7263,#7264);
#7262 = CARTESIAN_POINT('',(30.,5.393747193728,-6.078915617452));
#7263 = DIRECTION('',(-2.294206614778E-19,0.367990913299,-0.929829386355
    ));
#7264 = DIRECTION('',(1.,8.442471874676E-20,-2.133220728791E-19));
#7265 = DEFINITIONAL_REPRESENTATION('',(#7266),#7270);
#7266 = LINE('',#7267,#7268);
#7267 = CARTESIAN_POINT('',(-35.5,-0.324455074913));
#7268 = VECTOR('',#7269,1.);
#7269 = DIRECTION('',(-3.118159460413E-16,1.));
#7270 = ( GEOMETRIC_REPRESENTATION_CONTEXT(2) 
PARAMETRIC_REPRESENTATION_CONTEXT() REPRESENTATION_CONTEXT('2D SPACE',''
  ) );
#7271 = ADVANCED_FACE('',(#7272),#1739,.F.);
#7272 = FACE_BOUND('',#7273,.T.);
#7273 = EDGE_LOOP('',(#7274,#7275,#7276,#7277));
#7274 = ORIENTED_EDGE('',*,*,#7223,.F.);
#7275 = ORIENTED_EDGE('',*,*,#1723,.T.);
#7276 = ORIENTED_EDGE('',*,*,#7169,.T.);
#7277 = ORIENTED_EDGE('',*,*,#7278,.F.);
#7278 = EDGE_CURVE('',#7224,#7170,#7279,.T.);
#7279 = SURFACE_CURVE('',#7280,(#7284,#7291),.PCURVE_S1.);
#7280 = LINE('',#7281,#7282);
#7281 = CARTESIAN_POINT('',(-5.5,5.461455849863,-6.25));
#7282 = VECTOR('',#7283,1.);
#7283 = DIRECTION('',(0.,-1.,0.));
#7284 = PCURVE('',#1739,#7285);
#7285 = DEFINITIONAL_REPRESENTATION('',(#7286),#7290);
#7286 = LINE('',#7287,#7288);
#7287 = CARTESIAN_POINT('',(-0.,0.353553390593));
#7288 = VECTOR('',#7289,1.);
#7289 = DIRECTION('',(-1.,0.));
#7290 = ( GEOMETRIC_REPRESENTATION_CONTEXT(2) 
PARAMETRIC_REPRESENTATION_CONTEXT() REPRESENTATION_CONTEXT('2D SPACE',''
  ) );
#7291 = PCURVE('',#7292,#7297);
#7292 = PLANE('',#7293);
#7293 = AXIS2_PLACEMENT_3D('',#7294,#7295,#7296);
#7294 = CARTESIAN_POINT('',(15.,5.461455849863,-6.25));
#7295 = DIRECTION('',(-0.,0.,1.));
#7296 = DIRECTION('',(0.,-1.,0.));
#7297 = DEFINITIONAL_REPRESENTATION('',(#7298),#7302);
#7298 = LINE('',#7299,#7300);
#7299 = CARTESIAN_POINT('',(0.,-20.5));
#7300 = VECTOR('',#7301,1.);
#7301 = DIRECTION('',(1.,0.));
#7302 = ( GEOMETRIC_REPRESENTATION_CONTEXT(2) 
PARAMETRIC_REPRESENTATION_CONTEXT() REPRESENTATION_CONTEXT('2D SPACE',''
  ) );
#7303 = ADVANCED_FACE('',(#7304),#2496,.F.);
#7304 = FACE_BOUND('',#7305,.F.);
#7305 = EDGE_LOOP('',(#7306,#7327,#7328,#7329));
#7306 = ORIENTED_EDGE('',*,*,#7307,.F.);
#7307 = EDGE_CURVE('',#2480,#7308,#7310,.T.);
#7308 = VERTEX_POINT('',#7309);
#7309 = CARTESIAN_POINT('',(-5.5,-52.,44.5));
#7310 = SEAM_CURVE('',#7311,(#7315,#7321),.PCURVE_S1.);
#7311 = LINE('',#7312,#7313);
#7312 = CARTESIAN_POINT('',(-5.5,-52.,44.5));
#7313 = VECTOR('',#7314,1.);
#7314 = DIRECTION('',(0.707106781187,0.,0.707106781187));
#7315 = PCURVE('',#2496,#7316);
#7316 = DEFINITIONAL_REPRESENTATION('',(#7317),#7320);
#7317 = B_SPLINE_CURVE_WITH_KNOTS('',1,(#7318,#7319),.UNSPECIFIED.,.F.,
  .F.,(2,2),(-0.707106781187,0.),.PIECEWISE_BEZIER_KNOTS.);
#7318 = CARTESIAN_POINT('',(0.,0.5));
#7319 = CARTESIAN_POINT('',(0.,0.));
#7320 = ( GEOMETRIC_REPRESENTATION_CONTEXT(2) 
PARAMETRIC_REPRESENTATION_CONTEXT() REPRESENTATION_CONTEXT('2D SPACE',''
  ) );
#7321 = PCURVE('',#2496,#7322);
#7322 = DEFINITIONAL_REPRESENTATION('',(#7323),#7326);
#7323 = B_SPLINE_CURVE_WITH_KNOTS('',1,(#7324,#7325),.UNSPECIFIED.,.F.,
  .F.,(2,2),(-0.707106781187,0.),.PIECEWISE_BEZIER_KNOTS.);
#7324 = CARTESIAN_POINT('',(-6.28318530718,0.5));
#7325 = CARTESIAN_POINT('',(-6.28318530718,0.));
#7326 = ( GEOMETRIC_REPRESENTATION_CONTEXT(2) 
PARAMETRIC_REPRESENTATION_CONTEXT() REPRESENTATION_CONTEXT('2D SPACE',''
  ) );
#7327 = ORIENTED_EDGE('',*,*,#2479,.T.);
#7328 = ORIENTED_EDGE('',*,*,#7307,.T.);
#7329 = ORIENTED_EDGE('',*,*,#7330,.F.);
#7330 = EDGE_CURVE('',#7308,#7308,#7331,.T.);
#7331 = SURFACE_CURVE('',#7332,(#7337,#7344),.PCURVE_S1.);
#7332 = CIRCLE('',#7333,5.5);
#7333 = AXIS2_PLACEMENT_3D('',#7334,#7335,#7336);
#7334 = CARTESIAN_POINT('',(-5.5,-52.,50.));
#7335 = DIRECTION('',(1.,0.,0.));
#7336 = DIRECTION('',(0.,0.,-1.));
#7337 = PCURVE('',#2496,#7338);
#7338 = DEFINITIONAL_REPRESENTATION('',(#7339),#7343);
#7339 = LINE('',#7340,#7341);
#7340 = CARTESIAN_POINT('',(-0.,-0.));
#7341 = VECTOR('',#7342,1.);
#7342 = DIRECTION('',(-1.,-0.));
#7343 = ( GEOMETRIC_REPRESENTATION_CONTEXT(2) 
PARAMETRIC_REPRESENTATION_CONTEXT() REPRESENTATION_CONTEXT('2D SPACE',''
  ) );
#7344 = PCURVE('',#7345,#7350);
#7345 = CYLINDRICAL_SURFACE('',#7346,5.5);
#7346 = AXIS2_PLACEMENT_3D('',#7347,#7348,#7349);
#7347 = CARTESIAN_POINT('',(-6.,-52.,50.));
#7348 = DIRECTION('',(1.,0.,2.22044604925E-16));
#7349 = DIRECTION('',(2.22044604925E-16,0.,-1.));
#7350 = DEFINITIONAL_REPRESENTATION('',(#7351),#7355);
#7351 = LINE('',#7352,#7353);
#7352 = CARTESIAN_POINT('',(0.,0.5));
#7353 = VECTOR('',#7354,1.);
#7354 = DIRECTION('',(1.,0.));
#7355 = ( GEOMETRIC_REPRESENTATION_CONTEXT(2) 
PARAMETRIC_REPRESENTATION_CONTEXT() REPRESENTATION_CONTEXT('2D SPACE',''
  ) );
#7356 = ADVANCED_FACE('',(#7357),#2527,.F.);
#7357 = FACE_BOUND('',#7358,.F.);
#7358 = EDGE_LOOP('',(#7359,#7380,#7381,#7382));
#7359 = ORIENTED_EDGE('',*,*,#7360,.F.);
#7360 = EDGE_CURVE('',#2511,#7361,#7363,.T.);
#7361 = VERTEX_POINT('',#7362);
#7362 = CARTESIAN_POINT('',(-5.5,52.,44.5));
#7363 = SEAM_CURVE('',#7364,(#7368,#7374),.PCURVE_S1.);
#7364 = LINE('',#7365,#7366);
#7365 = CARTESIAN_POINT('',(-5.5,52.,44.5));
#7366 = VECTOR('',#7367,1.);
#7367 = DIRECTION('',(0.707106781187,0.,0.707106781187));
#7368 = PCURVE('',#2527,#7369);
#7369 = DEFINITIONAL_REPRESENTATION('',(#7370),#7373);
#7370 = B_SPLINE_CURVE_WITH_KNOTS('',1,(#7371,#7372),.UNSPECIFIED.,.F.,
  .F.,(2,2),(-0.707106781187,0.),.PIECEWISE_BEZIER_KNOTS.);
#7371 = CARTESIAN_POINT('',(0.,0.5));
#7372 = CARTESIAN_POINT('',(0.,0.));
#7373 = ( GEOMETRIC_REPRESENTATION_CONTEXT(2) 
PARAMETRIC_REPRESENTATION_CONTEXT() REPRESENTATION_CONTEXT('2D SPACE',''
  ) );
#7374 = PCURVE('',#2527,#7375);
#7375 = DEFINITIONAL_REPRESENTATION('',(#7376),#7379);
#7376 = B_SPLINE_CURVE_WITH_KNOTS('',1,(#7377,#7378),.UNSPECIFIED.,.F.,
  .F.,(2,2),(-0.707106781187,0.),.PIECEWISE_BEZIER_KNOTS.);
#7377 = CARTESIAN_POINT('',(-6.28318530718,0.5));
#7378 = CARTESIAN_POINT('',(-6.28318530718,0.));
#7379 = ( GEOMETRIC_REPRESENTATION_CONTEXT(2) 
PARAMETRIC_REPRESENTATION_CONTEXT() REPRESENTATION_CONTEXT('2D SPACE',''
  ) );
#7380 = ORIENTED_EDGE('',*,*,#2510,.T.);
#7381 = ORIENTED_EDGE('',*,*,#7360,.T.);
#7382 = ORIENTED_EDGE('',*,*,#7383,.F.);
#7383 = EDGE_CURVE('',#7361,#7361,#7384,.T.);
#7384 = SURFACE_CURVE('',#7385,(#7390,#7397),.PCURVE_S1.);
#7385 = CIRCLE('',#7386,5.5);
#7386 = AXIS2_PLACEMENT_3D('',#7387,#7388,#7389);
#7387 = CARTESIAN_POINT('',(-5.5,52.,50.));
#7388 = DIRECTION('',(1.,0.,0.));
#7389 = DIRECTION('',(0.,0.,-1.));
#7390 = PCURVE('',#2527,#7391);
#7391 = DEFINITIONAL_REPRESENTATION('',(#7392),#7396);
#7392 = LINE('',#7393,#7394);
#7393 = CARTESIAN_POINT('',(-0.,-0.));
#7394 = VECTOR('',#7395,1.);
#7395 = DIRECTION('',(-1.,-0.));
#7396 = ( GEOMETRIC_REPRESENTATION_CONTEXT(2) 
PARAMETRIC_REPRESENTATION_CONTEXT() REPRESENTATION_CONTEXT('2D SPACE',''
  ) );
#7397 = PCURVE('',#7398,#7403);
#7398 = CYLINDRICAL_SURFACE('',#7399,5.5);
#7399 = AXIS2_PLACEMENT_3D('',#7400,#7401,#7402);
#7400 = CARTESIAN_POINT('',(-6.,52.,50.));
#7401 = DIRECTION('',(1.,0.,2.22044604925E-16));
#7402 = DIRECTION('',(2.22044604925E-16,0.,-1.));
#7403 = DEFINITIONAL_REPRESENTATION('',(#7404),#7408);
#7404 = LINE('',#7405,#7406);
#7405 = CARTESIAN_POINT('',(0.,0.5));
#7406 = VECTOR('',#7407,1.);
#7407 = DIRECTION('',(1.,0.));
#7408 = ( GEOMETRIC_REPRESENTATION_CONTEXT(2) 
PARAMETRIC_REPRESENTATION_CONTEXT() REPRESENTATION_CONTEXT('2D SPACE',''
  ) );
#7409 = ADVANCED_FACE('',(#7410),#2585,.T.);
#7410 = FACE_BOUND('',#7411,.F.);
#7411 = EDGE_LOOP('',(#7412,#7433,#7434,#7435));
#7412 = ORIENTED_EDGE('',*,*,#7413,.F.);
#7413 = EDGE_CURVE('',#3135,#2625,#7414,.T.);
#7414 = SURFACE_CURVE('',#7415,(#7419,#7426),.PCURVE_S1.);
#7415 = LINE('',#7416,#7417);
#7416 = CARTESIAN_POINT('',(-0.125,-69.38128156646,-40.08838834764));
#7417 = VECTOR('',#7418,1.);
#7418 = DIRECTION('',(-0.707106781187,-0.5,-0.5));
#7419 = PCURVE('',#2585,#7420);
#7420 = DEFINITIONAL_REPRESENTATION('',(#7421),#7425);
#7421 = LINE('',#7422,#7423);
#7422 = CARTESIAN_POINT('',(-0.5,-0.176776695297));
#7423 = VECTOR('',#7424,1.);
#7424 = DIRECTION('',(2.490768733007E-14,1.));
#7425 = ( GEOMETRIC_REPRESENTATION_CONTEXT(2) 
PARAMETRIC_REPRESENTATION_CONTEXT() REPRESENTATION_CONTEXT('2D SPACE',''
  ) );
#7426 = PCURVE('',#3150,#7427);
#7427 = DEFINITIONAL_REPRESENTATION('',(#7428),#7432);
#7428 = LINE('',#7429,#7430);
#7429 = CARTESIAN_POINT('',(-4.783542904561E-02,0.170181584574));
#7430 = VECTOR('',#7431,1.);
#7431 = DIRECTION('',(-0.270598050073,0.962692419881));
#7432 = ( GEOMETRIC_REPRESENTATION_CONTEXT(2) 
PARAMETRIC_REPRESENTATION_CONTEXT() REPRESENTATION_CONTEXT('2D SPACE',''
  ) );
#7433 = ORIENTED_EDGE('',*,*,#3162,.T.);
#7434 = ORIENTED_EDGE('',*,*,#2569,.T.);
#7435 = ORIENTED_EDGE('',*,*,#2624,.F.);
#7436 = ADVANCED_FACE('',(#7437),#2663,.T.);
#7437 = FACE_BOUND('',#7438,.F.);
#7438 = EDGE_LOOP('',(#7439,#7440,#7441,#7464));
#7439 = ORIENTED_EDGE('',*,*,#2647,.T.);
#7440 = ORIENTED_EDGE('',*,*,#3840,.T.);
#7441 = ORIENTED_EDGE('',*,*,#7442,.F.);
#7442 = EDGE_CURVE('',#7443,#3818,#7445,.T.);
#7443 = VERTEX_POINT('',#7444);
#7444 = CARTESIAN_POINT('',(-0.5,-70.,-39.5));
#7445 = SURFACE_CURVE('',#7446,(#7450,#7457),.PCURVE_S1.);
#7446 = LINE('',#7447,#7448);
#7447 = CARTESIAN_POINT('',(0.,-70.,-39.5));
#7448 = VECTOR('',#7449,1.);
#7449 = DIRECTION('',(-1.,0.,0.));
#7450 = PCURVE('',#2663,#7451);
#7451 = DEFINITIONAL_REPRESENTATION('',(#7452),#7456);
#7452 = LINE('',#7453,#7454);
#7453 = CARTESIAN_POINT('',(-0.,0.461939766256));
#7454 = VECTOR('',#7455,1.);
#7455 = DIRECTION('',(-1.,0.));
#7456 = ( GEOMETRIC_REPRESENTATION_CONTEXT(2) 
PARAMETRIC_REPRESENTATION_CONTEXT() REPRESENTATION_CONTEXT('2D SPACE',''
  ) );
#7457 = PCURVE('',#3952,#7458);
#7458 = DEFINITIONAL_REPRESENTATION('',(#7459),#7463);
#7459 = LINE('',#7460,#7461);
#7460 = CARTESIAN_POINT('',(95.5,3.));
#7461 = VECTOR('',#7462,1.);
#7462 = DIRECTION('',(0.,-1.));
#7463 = ( GEOMETRIC_REPRESENTATION_CONTEXT(2) 
PARAMETRIC_REPRESENTATION_CONTEXT() REPRESENTATION_CONTEXT('2D SPACE',''
  ) );
#7464 = ORIENTED_EDGE('',*,*,#7465,.F.);
#7465 = EDGE_CURVE('',#2625,#7443,#7466,.T.);
#7466 = SURFACE_CURVE('',#7467,(#7471,#7478),.PCURVE_S1.);
#7467 = LINE('',#7468,#7469);
#7468 = CARTESIAN_POINT('',(-0.5,-69.7714466094,-40.05177669529));
#7469 = VECTOR('',#7470,1.);
#7470 = DIRECTION('',(-6.730387865104E-15,-0.382683432365,0.923879532511
    ));
#7471 = PCURVE('',#2663,#7472);
#7472 = DEFINITIONAL_REPRESENTATION('',(#7473),#7477);
#7473 = LINE('',#7474,#7475);
#7474 = CARTESIAN_POINT('',(-0.5,-0.135299025037));
#7475 = VECTOR('',#7476,1.);
#7476 = DIRECTION('',(-6.730387865104E-15,1.));
#7477 = ( GEOMETRIC_REPRESENTATION_CONTEXT(2) 
PARAMETRIC_REPRESENTATION_CONTEXT() REPRESENTATION_CONTEXT('2D SPACE',''
  ) );
#7478 = PCURVE('',#3150,#7479);
#7479 = DEFINITIONAL_REPRESENTATION('',(#7480),#7484);
#7480 = LINE('',#7481,#7482);
#7481 = CARTESIAN_POINT('',(0.135299025037,0.680726338295));
#7482 = VECTOR('',#7483,1.);
#7483 = DIRECTION('',(1.,7.599828957145E-17));
#7484 = ( GEOMETRIC_REPRESENTATION_CONTEXT(2) 
PARAMETRIC_REPRESENTATION_CONTEXT() REPRESENTATION_CONTEXT('2D SPACE',''
  ) );
#7485 = ADVANCED_FACE('',(#7486),#2737,.T.);
#7486 = FACE_BOUND('',#7487,.T.);
#7487 = EDGE_LOOP('',(#7488,#7489,#7490,#7511));
#7488 = ORIENTED_EDGE('',*,*,#2723,.T.);
#7489 = ORIENTED_EDGE('',*,*,#2805,.T.);
#7490 = ORIENTED_EDGE('',*,*,#7491,.F.);
#7491 = EDGE_CURVE('',#2832,#2778,#7492,.T.);
#7492 = SURFACE_CURVE('',#7493,(#7497,#7504),.PCURVE_S1.);
#7493 = LINE('',#7494,#7495);
#7494 = CARTESIAN_POINT('',(-0.125,69.381281566462,-40.08838834764));
#7495 = VECTOR('',#7496,1.);
#7496 = DIRECTION('',(-0.707106781187,0.5,-0.5));
#7497 = PCURVE('',#2737,#7498);
#7498 = DEFINITIONAL_REPRESENTATION('',(#7499),#7503);
#7499 = LINE('',#7500,#7501);
#7500 = CARTESIAN_POINT('',(13.642135623731,0.176776695297));
#7501 = VECTOR('',#7502,1.);
#7502 = DIRECTION('',(-2.525617197772E-15,-1.));
#7503 = ( GEOMETRIC_REPRESENTATION_CONTEXT(2) 
PARAMETRIC_REPRESENTATION_CONTEXT() REPRESENTATION_CONTEXT('2D SPACE',''
  ) );
#7504 = PCURVE('',#2870,#7505);
#7505 = DEFINITIONAL_REPRESENTATION('',(#7506),#7510);
#7506 = LINE('',#7507,#7508);
#7507 = CARTESIAN_POINT('',(-4.78354290456E-02,0.170181584574));
#7508 = VECTOR('',#7509,1.);
#7509 = DIRECTION('',(-0.270598050073,0.962692419881));
#7510 = ( GEOMETRIC_REPRESENTATION_CONTEXT(2) 
PARAMETRIC_REPRESENTATION_CONTEXT() REPRESENTATION_CONTEXT('2D SPACE',''
  ) );
#7511 = ORIENTED_EDGE('',*,*,#2831,.F.);
#7512 = ADVANCED_FACE('',(#7513),#2793,.T.);
#7513 = FACE_BOUND('',#7514,.F.);
#7514 = EDGE_LOOP('',(#7515,#7516,#7539,#7560));
#7515 = ORIENTED_EDGE('',*,*,#2777,.T.);
#7516 = ORIENTED_EDGE('',*,*,#7517,.T.);
#7517 = EDGE_CURVE('',#2778,#7518,#7520,.T.);
#7518 = VERTEX_POINT('',#7519);
#7519 = CARTESIAN_POINT('',(-0.5,70.,-39.5));
#7520 = SURFACE_CURVE('',#7521,(#7525,#7532),.PCURVE_S1.);
#7521 = LINE('',#7522,#7523);
#7522 = CARTESIAN_POINT('',(-0.5,69.771446609407,-40.05177669529));
#7523 = VECTOR('',#7524,1.);
#7524 = DIRECTION('',(-1.19296645313E-15,0.382683432365,0.923879532511)
  );
#7525 = PCURVE('',#2793,#7526);
#7526 = DEFINITIONAL_REPRESENTATION('',(#7527),#7531);
#7527 = LINE('',#7528,#7529);
#7528 = CARTESIAN_POINT('',(-5.5,-0.135299025037));
#7529 = VECTOR('',#7530,1.);
#7530 = DIRECTION('',(1.19296645313E-15,1.));
#7531 = ( GEOMETRIC_REPRESENTATION_CONTEXT(2) 
PARAMETRIC_REPRESENTATION_CONTEXT() REPRESENTATION_CONTEXT('2D SPACE',''
  ) );
#7532 = PCURVE('',#2870,#7533);
#7533 = DEFINITIONAL_REPRESENTATION('',(#7534),#7538);
#7534 = LINE('',#7535,#7536);
#7535 = CARTESIAN_POINT('',(0.135299025037,0.680726338295));
#7536 = VECTOR('',#7537,1.);
#7537 = DIRECTION('',(1.,1.319167209533E-17));
#7538 = ( GEOMETRIC_REPRESENTATION_CONTEXT(2) 
PARAMETRIC_REPRESENTATION_CONTEXT() REPRESENTATION_CONTEXT('2D SPACE',''
  ) );
#7539 = ORIENTED_EDGE('',*,*,#7540,.F.);
#7540 = EDGE_CURVE('',#3867,#7518,#7541,.T.);
#7541 = SURFACE_CURVE('',#7542,(#7546,#7553),.PCURVE_S1.);
#7542 = LINE('',#7543,#7544);
#7543 = CARTESIAN_POINT('',(-6.,70.,-39.5));
#7544 = VECTOR('',#7545,1.);
#7545 = DIRECTION('',(1.,0.,0.));
#7546 = PCURVE('',#2793,#7547);
#7547 = DEFINITIONAL_REPRESENTATION('',(#7548),#7552);
#7548 = LINE('',#7549,#7550);
#7549 = CARTESIAN_POINT('',(-0.,0.461939766256));
#7550 = VECTOR('',#7551,1.);
#7551 = DIRECTION('',(-1.,0.));
#7552 = ( GEOMETRIC_REPRESENTATION_CONTEXT(2) 
PARAMETRIC_REPRESENTATION_CONTEXT() REPRESENTATION_CONTEXT('2D SPACE',''
  ) );
#7553 = PCURVE('',#4006,#7554);
#7554 = DEFINITIONAL_REPRESENTATION('',(#7555),#7559);
#7555 = LINE('',#7556,#7557);
#7556 = CARTESIAN_POINT('',(0.5,-3.));
#7557 = VECTOR('',#7558,1.);
#7558 = DIRECTION('',(0.,1.));
#7559 = ( GEOMETRIC_REPRESENTATION_CONTEXT(2) 
PARAMETRIC_REPRESENTATION_CONTEXT() REPRESENTATION_CONTEXT('2D SPACE',''
  ) );
#7560 = ORIENTED_EDGE('',*,*,#3889,.F.);
#7561 = ADVANCED_FACE('',(#7562),#3150,.T.);
#7562 = FACE_BOUND('',#7563,.T.);
#7563 = EDGE_LOOP('',(#7564,#7565,#7566,#7587));
#7564 = ORIENTED_EDGE('',*,*,#7413,.F.);
#7565 = ORIENTED_EDGE('',*,*,#3134,.T.);
#7566 = ORIENTED_EDGE('',*,*,#7567,.T.);
#7567 = EDGE_CURVE('',#3107,#7443,#7568,.T.);
#7568 = SURFACE_CURVE('',#7569,(#7573,#7580),.PCURVE_S1.);
#7569 = LINE('',#7570,#7571);
#7570 = CARTESIAN_POINT('',(-7.322330470229E-02,-69.5732233047,-39.5));
#7571 = VECTOR('',#7572,1.);
#7572 = DIRECTION('',(-0.707106781187,-0.707106781187,
    -3.211863576957E-14));
#7573 = PCURVE('',#3150,#7574);
#7574 = DEFINITIONAL_REPRESENTATION('',(#7575),#7579);
#7575 = LINE('',#7576,#7577);
#7576 = CARTESIAN_POINT('',(0.569217445719,9.969006417558E-02));
#7577 = VECTOR('',#7578,1.);
#7578 = DIRECTION('',(0.270598050073,0.962692419881));
#7579 = ( GEOMETRIC_REPRESENTATION_CONTEXT(2) 
PARAMETRIC_REPRESENTATION_CONTEXT() REPRESENTATION_CONTEXT('2D SPACE',''
  ) );
#7580 = PCURVE('',#3122,#7581);
#7581 = DEFINITIONAL_REPRESENTATION('',(#7582),#7586);
#7582 = LINE('',#7583,#7584);
#7583 = CARTESIAN_POINT('',(-95.5,-0.250000000002));
#7584 = VECTOR('',#7585,1.);
#7585 = DIRECTION('',(-3.211863576957E-14,1.));
#7586 = ( GEOMETRIC_REPRESENTATION_CONTEXT(2) 
PARAMETRIC_REPRESENTATION_CONTEXT() REPRESENTATION_CONTEXT('2D SPACE',''
  ) );
#7587 = ORIENTED_EDGE('',*,*,#7465,.F.);
#7588 = ADVANCED_FACE('',(#7589),#2870,.F.);
#7589 = FACE_BOUND('',#7590,.F.);
#7590 = EDGE_LOOP('',(#7591,#7592,#7593,#7614));
#7591 = ORIENTED_EDGE('',*,*,#7491,.F.);
#7592 = ORIENTED_EDGE('',*,*,#2854,.T.);
#7593 = ORIENTED_EDGE('',*,*,#7594,.T.);
#7594 = EDGE_CURVE('',#2855,#7518,#7595,.T.);
#7595 = SURFACE_CURVE('',#7596,(#7600,#7607),.PCURVE_S1.);
#7596 = LINE('',#7597,#7598);
#7597 = CARTESIAN_POINT('',(-7.322330470337E-02,69.573223304703,-39.5));
#7598 = VECTOR('',#7599,1.);
#7599 = DIRECTION('',(-0.707106781187,0.707106781187,-1.193845607658E-14
    ));
#7600 = PCURVE('',#2870,#7601);
#7601 = DEFINITIONAL_REPRESENTATION('',(#7602),#7606);
#7602 = LINE('',#7603,#7604);
#7603 = CARTESIAN_POINT('',(0.569217445719,9.969006417714E-02));
#7604 = VECTOR('',#7605,1.);
#7605 = DIRECTION('',(0.270598050073,0.962692419881));
#7606 = ( GEOMETRIC_REPRESENTATION_CONTEXT(2) 
PARAMETRIC_REPRESENTATION_CONTEXT() REPRESENTATION_CONTEXT('2D SPACE',''
  ) );
#7607 = PCURVE('',#2898,#7608);
#7608 = DEFINITIONAL_REPRESENTATION('',(#7609),#7613);
#7609 = LINE('',#7610,#7611);
#7610 = CARTESIAN_POINT('',(-0.5,-0.25));
#7611 = VECTOR('',#7612,1.);
#7612 = DIRECTION('',(1.193845607658E-14,1.));
#7613 = ( GEOMETRIC_REPRESENTATION_CONTEXT(2) 
PARAMETRIC_REPRESENTATION_CONTEXT() REPRESENTATION_CONTEXT('2D SPACE',''
  ) );
#7614 = ORIENTED_EDGE('',*,*,#7517,.F.);
#7615 = ADVANCED_FACE('',(#7616),#3122,.T.);
#7616 = FACE_BOUND('',#7617,.F.);
#7617 = EDGE_LOOP('',(#7618,#7641,#7642,#7643));
#7618 = ORIENTED_EDGE('',*,*,#7619,.F.);
#7619 = EDGE_CURVE('',#3079,#7620,#7622,.T.);
#7620 = VERTEX_POINT('',#7621);
#7621 = CARTESIAN_POINT('',(-0.5,-70.,55.5));
#7622 = SURFACE_CURVE('',#7623,(#7627,#7634),.PCURVE_S1.);
#7623 = LINE('',#7624,#7625);
#7624 = CARTESIAN_POINT('',(-0.125,-69.625,55.5));
#7625 = VECTOR('',#7626,1.);
#7626 = DIRECTION('',(-0.707106781187,-0.707106781187,
    -6.989021491168E-15));
#7627 = PCURVE('',#3122,#7628);
#7628 = DEFINITIONAL_REPRESENTATION('',(#7629),#7633);
#7629 = LINE('',#7630,#7631);
#7630 = CARTESIAN_POINT('',(-0.5,-0.176776695297));
#7631 = VECTOR('',#7632,1.);
#7632 = DIRECTION('',(-6.989021491168E-15,1.));
#7633 = ( GEOMETRIC_REPRESENTATION_CONTEXT(2) 
PARAMETRIC_REPRESENTATION_CONTEXT() REPRESENTATION_CONTEXT('2D SPACE',''
  ) );
#7634 = PCURVE('',#3094,#7635);
#7635 = DEFINITIONAL_REPRESENTATION('',(#7636),#7640);
#7636 = LINE('',#7637,#7638);
#7637 = CARTESIAN_POINT('',(-4.783542904563E-02,0.170181584574));
#7638 = VECTOR('',#7639,1.);
#7639 = DIRECTION('',(-0.270598050073,0.962692419881));
#7640 = ( GEOMETRIC_REPRESENTATION_CONTEXT(2) 
PARAMETRIC_REPRESENTATION_CONTEXT() REPRESENTATION_CONTEXT('2D SPACE',''
  ) );
#7641 = ORIENTED_EDGE('',*,*,#3106,.T.);
#7642 = ORIENTED_EDGE('',*,*,#7567,.T.);
#7643 = ORIENTED_EDGE('',*,*,#7644,.F.);
#7644 = EDGE_CURVE('',#7620,#7443,#7645,.T.);
#7645 = SURFACE_CURVE('',#7646,(#7650,#7657),.PCURVE_S1.);
#7646 = LINE('',#7647,#7648);
#7647 = CARTESIAN_POINT('',(-0.5,-70.,56.));
#7648 = VECTOR('',#7649,1.);
#7649 = DIRECTION('',(0.,0.,-1.));
#7650 = PCURVE('',#3122,#7651);
#7651 = DEFINITIONAL_REPRESENTATION('',(#7652),#7656);
#7652 = LINE('',#7653,#7654);
#7653 = CARTESIAN_POINT('',(-0.,0.353553390593));
#7654 = VECTOR('',#7655,1.);
#7655 = DIRECTION('',(-1.,0.));
#7656 = ( GEOMETRIC_REPRESENTATION_CONTEXT(2) 
PARAMETRIC_REPRESENTATION_CONTEXT() REPRESENTATION_CONTEXT('2D SPACE',''
  ) );
#7657 = PCURVE('',#3952,#7658);
#7658 = DEFINITIONAL_REPRESENTATION('',(#7659),#7663);
#7659 = LINE('',#7660,#7661);
#7660 = CARTESIAN_POINT('',(0.,2.5));
#7661 = VECTOR('',#7662,1.);
#7662 = DIRECTION('',(1.,0.));
#7663 = ( GEOMETRIC_REPRESENTATION_CONTEXT(2) 
PARAMETRIC_REPRESENTATION_CONTEXT() REPRESENTATION_CONTEXT('2D SPACE',''
  ) );
#7664 = ADVANCED_FACE('',(#7665),#2898,.T.);
#7665 = FACE_BOUND('',#7666,.F.);
#7666 = EDGE_LOOP('',(#7667,#7668,#7669,#7692));
#7667 = ORIENTED_EDGE('',*,*,#7594,.F.);
#7668 = ORIENTED_EDGE('',*,*,#2882,.T.);
#7669 = ORIENTED_EDGE('',*,*,#7670,.T.);
#7670 = EDGE_CURVE('',#2883,#7671,#7673,.T.);
#7671 = VERTEX_POINT('',#7672);
#7672 = CARTESIAN_POINT('',(-0.5,70.,55.5));
#7673 = SURFACE_CURVE('',#7674,(#7678,#7685),.PCURVE_S1.);
#7674 = LINE('',#7675,#7676);
#7675 = CARTESIAN_POINT('',(-0.125,69.625,55.5));
#7676 = VECTOR('',#7677,1.);
#7677 = DIRECTION('',(-0.707106781187,0.707106781187,-5.818122028248E-15
    ));
#7678 = PCURVE('',#2898,#7679);
#7679 = DEFINITIONAL_REPRESENTATION('',(#7680),#7684);
#7680 = LINE('',#7681,#7682);
#7681 = CARTESIAN_POINT('',(-95.5,-0.176776695296));
#7682 = VECTOR('',#7683,1.);
#7683 = DIRECTION('',(5.818122028248E-15,1.));
#7684 = ( GEOMETRIC_REPRESENTATION_CONTEXT(2) 
PARAMETRIC_REPRESENTATION_CONTEXT() REPRESENTATION_CONTEXT('2D SPACE',''
  ) );
#7685 = PCURVE('',#2926,#7686);
#7686 = DEFINITIONAL_REPRESENTATION('',(#7687),#7691);
#7687 = LINE('',#7688,#7689);
#7688 = CARTESIAN_POINT('',(-4.783542904593E-02,0.170181584574));
#7689 = VECTOR('',#7690,1.);
#7690 = DIRECTION('',(-0.270598050073,0.962692419881));
#7691 = ( GEOMETRIC_REPRESENTATION_CONTEXT(2) 
PARAMETRIC_REPRESENTATION_CONTEXT() REPRESENTATION_CONTEXT('2D SPACE',''
  ) );
#7692 = ORIENTED_EDGE('',*,*,#7693,.F.);
#7693 = EDGE_CURVE('',#7518,#7671,#7694,.T.);
#7694 = SURFACE_CURVE('',#7695,(#7699,#7706),.PCURVE_S1.);
#7695 = LINE('',#7696,#7697);
#7696 = CARTESIAN_POINT('',(-0.5,70.,-40.));
#7697 = VECTOR('',#7698,1.);
#7698 = DIRECTION('',(0.,0.,1.));
#7699 = PCURVE('',#2898,#7700);
#7700 = DEFINITIONAL_REPRESENTATION('',(#7701),#7705);
#7701 = LINE('',#7702,#7703);
#7702 = CARTESIAN_POINT('',(-0.,0.353553390593));
#7703 = VECTOR('',#7704,1.);
#7704 = DIRECTION('',(-1.,0.));
#7705 = ( GEOMETRIC_REPRESENTATION_CONTEXT(2) 
PARAMETRIC_REPRESENTATION_CONTEXT() REPRESENTATION_CONTEXT('2D SPACE',''
  ) );
#7706 = PCURVE('',#4006,#7707);
#7707 = DEFINITIONAL_REPRESENTATION('',(#7708),#7712);
#7708 = LINE('',#7709,#7710);
#7709 = CARTESIAN_POINT('',(0.,2.5));
#7710 = VECTOR('',#7711,1.);
#7711 = DIRECTION('',(1.,0.));
#7712 = ( GEOMETRIC_REPRESENTATION_CONTEXT(2) 
PARAMETRIC_REPRESENTATION_CONTEXT() REPRESENTATION_CONTEXT('2D SPACE',''
  ) );
#7713 = ADVANCED_FACE('',(#7714),#3094,.T.);
#7714 = FACE_BOUND('',#7715,.T.);
#7715 = EDGE_LOOP('',(#7716,#7717,#7718,#7741));
#7716 = ORIENTED_EDGE('',*,*,#7619,.F.);
#7717 = ORIENTED_EDGE('',*,*,#3078,.T.);
#7718 = ORIENTED_EDGE('',*,*,#7719,.T.);
#7719 = EDGE_CURVE('',#3051,#7720,#7722,.T.);
#7720 = VERTEX_POINT('',#7721);
#7721 = CARTESIAN_POINT('',(-0.5,-69.6464466094,56.353553390593));
#7722 = SURFACE_CURVE('',#7723,(#7727,#7734),.PCURVE_S1.);
#7723 = LINE('',#7724,#7725);
#7724 = CARTESIAN_POINT('',(-7.322330470346E-02,-69.34466991411,
    56.051776695297));
#7725 = VECTOR('',#7726,1.);
#7726 = DIRECTION('',(-0.707106781187,-0.5,0.5));
#7727 = PCURVE('',#3094,#7728);
#7728 = DEFINITIONAL_REPRESENTATION('',(#7729),#7733);
#7729 = LINE('',#7730,#7731);
#7730 = CARTESIAN_POINT('',(0.569217445719,9.969006417728E-02));
#7731 = VECTOR('',#7732,1.);
#7732 = DIRECTION('',(0.270598050073,0.962692419881));
#7733 = ( GEOMETRIC_REPRESENTATION_CONTEXT(2) 
PARAMETRIC_REPRESENTATION_CONTEXT() REPRESENTATION_CONTEXT('2D SPACE',''
  ) );
#7734 = PCURVE('',#3066,#7735);
#7735 = DEFINITIONAL_REPRESENTATION('',(#7736),#7740);
#7736 = LINE('',#7737,#7738);
#7737 = CARTESIAN_POINT('',(-13.64213562373,-0.25));
#7738 = VECTOR('',#7739,1.);
#7739 = DIRECTION('',(2.117054726209E-14,1.));
#7740 = ( GEOMETRIC_REPRESENTATION_CONTEXT(2) 
PARAMETRIC_REPRESENTATION_CONTEXT() REPRESENTATION_CONTEXT('2D SPACE',''
  ) );
#7741 = ORIENTED_EDGE('',*,*,#7742,.F.);
#7742 = EDGE_CURVE('',#7620,#7720,#7743,.T.);
#7743 = SURFACE_CURVE('',#7744,(#7748,#7755),.PCURVE_S1.);
#7744 = LINE('',#7745,#7746);
#7745 = CARTESIAN_POINT('',(-0.5,-69.875,55.801776695297));
#7746 = VECTOR('',#7747,1.);
#7747 = DIRECTION('',(1.411759967203E-15,0.382683432365,0.923879532511)
  );
#7748 = PCURVE('',#3094,#7749);
#7749 = DEFINITIONAL_REPRESENTATION('',(#7750),#7754);
#7750 = LINE('',#7751,#7752);
#7751 = CARTESIAN_POINT('',(0.135299025037,0.680726338295));
#7752 = VECTOR('',#7753,1.);
#7753 = DIRECTION('',(1.,6.469112185304E-17));
#7754 = ( GEOMETRIC_REPRESENTATION_CONTEXT(2) 
PARAMETRIC_REPRESENTATION_CONTEXT() REPRESENTATION_CONTEXT('2D SPACE',''
  ) );
#7755 = PCURVE('',#4060,#7756);
#7756 = DEFINITIONAL_REPRESENTATION('',(#7757),#7761);
#7757 = LINE('',#7758,#7759);
#7758 = CARTESIAN_POINT('',(-0.5,-0.135299025037));
#7759 = VECTOR('',#7760,1.);
#7760 = DIRECTION('',(1.411759967203E-15,1.));
#7761 = ( GEOMETRIC_REPRESENTATION_CONTEXT(2) 
PARAMETRIC_REPRESENTATION_CONTEXT() REPRESENTATION_CONTEXT('2D SPACE',''
  ) );
#7762 = ADVANCED_FACE('',(#7763),#2926,.F.);
#7763 = FACE_BOUND('',#7764,.F.);
#7764 = EDGE_LOOP('',(#7765,#7766,#7767,#7790));
#7765 = ORIENTED_EDGE('',*,*,#7670,.F.);
#7766 = ORIENTED_EDGE('',*,*,#2910,.T.);
#7767 = ORIENTED_EDGE('',*,*,#7768,.T.);
#7768 = EDGE_CURVE('',#2911,#7769,#7771,.T.);
#7769 = VERTEX_POINT('',#7770);
#7770 = CARTESIAN_POINT('',(-0.5,69.646446609407,56.353553390593));
#7771 = SURFACE_CURVE('',#7772,(#7776,#7783),.PCURVE_S1.);
#7772 = LINE('',#7773,#7774);
#7773 = CARTESIAN_POINT('',(-7.322330470336E-02,69.34466991411,
    56.051776695297));
#7774 = VECTOR('',#7775,1.);
#7775 = DIRECTION('',(-0.707106781187,0.5,0.5));
#7776 = PCURVE('',#2926,#7777);
#7777 = DEFINITIONAL_REPRESENTATION('',(#7778),#7782);
#7778 = LINE('',#7779,#7780);
#7779 = CARTESIAN_POINT('',(0.569217445719,9.969006417714E-02));
#7780 = VECTOR('',#7781,1.);
#7781 = DIRECTION('',(0.270598050073,0.962692419881));
#7782 = ( GEOMETRIC_REPRESENTATION_CONTEXT(2) 
PARAMETRIC_REPRESENTATION_CONTEXT() REPRESENTATION_CONTEXT('2D SPACE',''
  ) );
#7783 = PCURVE('',#2954,#7784);
#7784 = DEFINITIONAL_REPRESENTATION('',(#7785),#7789);
#7785 = LINE('',#7786,#7787);
#7786 = CARTESIAN_POINT('',(-0.5,-0.25));
#7787 = VECTOR('',#7788,1.);
#7788 = DIRECTION('',(-1.317000860379E-14,1.));
#7789 = ( GEOMETRIC_REPRESENTATION_CONTEXT(2) 
PARAMETRIC_REPRESENTATION_CONTEXT() REPRESENTATION_CONTEXT('2D SPACE',''
  ) );
#7790 = ORIENTED_EDGE('',*,*,#7791,.F.);
#7791 = EDGE_CURVE('',#7671,#7769,#7792,.T.);
#7792 = SURFACE_CURVE('',#7793,(#7797,#7804),.PCURVE_S1.);
#7793 = LINE('',#7794,#7795);
#7794 = CARTESIAN_POINT('',(-0.5,69.875,55.801776695297));
#7795 = VECTOR('',#7796,1.);
#7796 = DIRECTION('',(6.7269737745E-15,-0.382683432365,0.923879532511));
#7797 = PCURVE('',#2926,#7798);
#7798 = DEFINITIONAL_REPRESENTATION('',(#7799),#7803);
#7799 = LINE('',#7800,#7801);
#7800 = CARTESIAN_POINT('',(0.135299025037,0.680726338295));
#7801 = VECTOR('',#7802,1.);
#7802 = DIRECTION('',(1.,-9.051708001127E-18));
#7803 = ( GEOMETRIC_REPRESENTATION_CONTEXT(2) 
PARAMETRIC_REPRESENTATION_CONTEXT() REPRESENTATION_CONTEXT('2D SPACE',''
  ) );
#7804 = PCURVE('',#4114,#7805);
#7805 = DEFINITIONAL_REPRESENTATION('',(#7806),#7810);
#7806 = LINE('',#7807,#7808);
#7807 = CARTESIAN_POINT('',(-5.5,-0.135299025037));
#7808 = VECTOR('',#7809,1.);
#7809 = DIRECTION('',(-6.7269737745E-15,1.));
#7810 = ( GEOMETRIC_REPRESENTATION_CONTEXT(2) 
PARAMETRIC_REPRESENTATION_CONTEXT() REPRESENTATION_CONTEXT('2D SPACE',''
  ) );
#7811 = ADVANCED_FACE('',(#7812),#3066,.T.);
#7812 = FACE_BOUND('',#7813,.F.);
#7813 = EDGE_LOOP('',(#7814,#7837,#7838,#7839));
#7814 = ORIENTED_EDGE('',*,*,#7815,.F.);
#7815 = EDGE_CURVE('',#3023,#7816,#7818,.T.);
#7816 = VERTEX_POINT('',#7817);
#7817 = CARTESIAN_POINT('',(-0.5,-60.35355339059,65.646446609407));
#7818 = SURFACE_CURVE('',#7819,(#7823,#7830),.PCURVE_S1.);
#7819 = LINE('',#7820,#7821);
#7820 = CARTESIAN_POINT('',(-0.125,-60.08838834764,65.381281566462));
#7821 = VECTOR('',#7822,1.);
#7822 = DIRECTION('',(-0.707106781187,-0.5,0.5));
#7823 = PCURVE('',#3066,#7824);
#7824 = DEFINITIONAL_REPRESENTATION('',(#7825),#7829);
#7825 = LINE('',#7826,#7827);
#7826 = CARTESIAN_POINT('',(-0.5,-0.176776695297));
#7827 = VECTOR('',#7828,1.);
#7828 = DIRECTION('',(7.21222423751E-15,1.));
#7829 = ( GEOMETRIC_REPRESENTATION_CONTEXT(2) 
PARAMETRIC_REPRESENTATION_CONTEXT() REPRESENTATION_CONTEXT('2D SPACE',''
  ) );
#7830 = PCURVE('',#3038,#7831);
#7831 = DEFINITIONAL_REPRESENTATION('',(#7832),#7836);
#7832 = LINE('',#7833,#7834);
#7833 = CARTESIAN_POINT('',(-4.783542904562E-02,0.170181584574));
#7834 = VECTOR('',#7835,1.);
#7835 = DIRECTION('',(-0.270598050073,0.962692419881));
#7836 = ( GEOMETRIC_REPRESENTATION_CONTEXT(2) 
PARAMETRIC_REPRESENTATION_CONTEXT() REPRESENTATION_CONTEXT('2D SPACE',''
  ) );
#7837 = ORIENTED_EDGE('',*,*,#3050,.T.);
#7838 = ORIENTED_EDGE('',*,*,#7719,.T.);
#7839 = ORIENTED_EDGE('',*,*,#7840,.F.);
#7840 = EDGE_CURVE('',#7816,#7720,#7841,.T.);
#7841 = SURFACE_CURVE('',#7842,(#7846,#7853),.PCURVE_S1.);
#7842 = LINE('',#7843,#7844);
#7843 = CARTESIAN_POINT('',(-0.5,-60.,66.));
#7844 = VECTOR('',#7845,1.);
#7845 = DIRECTION('',(0.,-0.707106781187,-0.707106781187));
#7846 = PCURVE('',#3066,#7847);
#7847 = DEFINITIONAL_REPRESENTATION('',(#7848),#7852);
#7848 = LINE('',#7849,#7850);
#7849 = CARTESIAN_POINT('',(8.881784197001E-16,0.353553390593));
#7850 = VECTOR('',#7851,1.);
#7851 = DIRECTION('',(-1.,0.));
#7852 = ( GEOMETRIC_REPRESENTATION_CONTEXT(2) 
PARAMETRIC_REPRESENTATION_CONTEXT() REPRESENTATION_CONTEXT('2D SPACE',''
  ) );
#7853 = PCURVE('',#4168,#7854);
#7854 = DEFINITIONAL_REPRESENTATION('',(#7855),#7859);
#7855 = LINE('',#7856,#7857);
#7856 = CARTESIAN_POINT('',(0.,2.5));
#7857 = VECTOR('',#7858,1.);
#7858 = DIRECTION('',(1.,0.));
#7859 = ( GEOMETRIC_REPRESENTATION_CONTEXT(2) 
PARAMETRIC_REPRESENTATION_CONTEXT() REPRESENTATION_CONTEXT('2D SPACE',''
  ) );
#7860 = ADVANCED_FACE('',(#7861),#2954,.T.);
#7861 = FACE_BOUND('',#7862,.F.);
#7862 = EDGE_LOOP('',(#7863,#7864,#7865,#7888));
#7863 = ORIENTED_EDGE('',*,*,#7768,.F.);
#7864 = ORIENTED_EDGE('',*,*,#2938,.T.);
#7865 = ORIENTED_EDGE('',*,*,#7866,.T.);
#7866 = EDGE_CURVE('',#2939,#7867,#7869,.T.);
#7867 = VERTEX_POINT('',#7868);
#7868 = CARTESIAN_POINT('',(-0.5,60.353553390593,65.646446609407));
#7869 = SURFACE_CURVE('',#7870,(#7874,#7881),.PCURVE_S1.);
#7870 = LINE('',#7871,#7872);
#7871 = CARTESIAN_POINT('',(-0.125,60.088388347648,65.381281566462));
#7872 = VECTOR('',#7873,1.);
#7873 = DIRECTION('',(-0.707106781187,0.5,0.5));
#7874 = PCURVE('',#2954,#7875);
#7875 = DEFINITIONAL_REPRESENTATION('',(#7876),#7880);
#7876 = LINE('',#7877,#7878);
#7877 = CARTESIAN_POINT('',(-13.64213562373,-0.176776695297));
#7878 = VECTOR('',#7879,1.);
#7879 = DIRECTION('',(-2.693880470298E-14,1.));
#7880 = ( GEOMETRIC_REPRESENTATION_CONTEXT(2) 
PARAMETRIC_REPRESENTATION_CONTEXT() REPRESENTATION_CONTEXT('2D SPACE',''
  ) );
#7881 = PCURVE('',#2982,#7882);
#7882 = DEFINITIONAL_REPRESENTATION('',(#7883),#7887);
#7883 = LINE('',#7884,#7885);
#7884 = CARTESIAN_POINT('',(-4.783542904561E-02,0.170181584574));
#7885 = VECTOR('',#7886,1.);
#7886 = DIRECTION('',(-0.270598050073,0.962692419881));
#7887 = ( GEOMETRIC_REPRESENTATION_CONTEXT(2) 
PARAMETRIC_REPRESENTATION_CONTEXT() REPRESENTATION_CONTEXT('2D SPACE',''
  ) );
#7888 = ORIENTED_EDGE('',*,*,#7889,.F.);
#7889 = EDGE_CURVE('',#7769,#7867,#7890,.T.);
#7890 = SURFACE_CURVE('',#7891,(#7895,#7902),.PCURVE_S1.);
#7891 = LINE('',#7892,#7893);
#7892 = CARTESIAN_POINT('',(-0.5,70.,56.));
#7893 = VECTOR('',#7894,1.);
#7894 = DIRECTION('',(0.,-0.707106781187,0.707106781187));
#7895 = PCURVE('',#2954,#7896);
#7896 = DEFINITIONAL_REPRESENTATION('',(#7897),#7901);
#7897 = LINE('',#7898,#7899);
#7898 = CARTESIAN_POINT('',(-1.7763568394E-15,0.353553390593));
#7899 = VECTOR('',#7900,1.);
#7900 = DIRECTION('',(-1.,0.));
#7901 = ( GEOMETRIC_REPRESENTATION_CONTEXT(2) 
PARAMETRIC_REPRESENTATION_CONTEXT() REPRESENTATION_CONTEXT('2D SPACE',''
  ) );
#7902 = PCURVE('',#4222,#7903);
#7903 = DEFINITIONAL_REPRESENTATION('',(#7904),#7908);
#7904 = LINE('',#7905,#7906);
#7905 = CARTESIAN_POINT('',(0.,2.5));
#7906 = VECTOR('',#7907,1.);
#7907 = DIRECTION('',(1.,0.));
#7908 = ( GEOMETRIC_REPRESENTATION_CONTEXT(2) 
PARAMETRIC_REPRESENTATION_CONTEXT() REPRESENTATION_CONTEXT('2D SPACE',''
  ) );
#7909 = ADVANCED_FACE('',(#7910),#3038,.T.);
#7910 = FACE_BOUND('',#7911,.T.);
#7911 = EDGE_LOOP('',(#7912,#7913,#7914,#7937));
#7912 = ORIENTED_EDGE('',*,*,#7815,.F.);
#7913 = ORIENTED_EDGE('',*,*,#3022,.T.);
#7914 = ORIENTED_EDGE('',*,*,#7915,.T.);
#7915 = EDGE_CURVE('',#2995,#7916,#7918,.T.);
#7916 = VERTEX_POINT('',#7917);
#7917 = CARTESIAN_POINT('',(-0.5,-59.5,66.));
#7918 = SURFACE_CURVE('',#7919,(#7923,#7930),.PCURVE_S1.);
#7919 = LINE('',#7920,#7921);
#7920 = CARTESIAN_POINT('',(-7.32233047028E-02,-59.5,65.573223304703));
#7921 = VECTOR('',#7922,1.);
#7922 = DIRECTION('',(-0.707106781187,-1.333092928903E-14,0.707106781187
    ));
#7923 = PCURVE('',#3038,#7924);
#7924 = DEFINITIONAL_REPRESENTATION('',(#7925),#7929);
#7925 = LINE('',#7926,#7927);
#7926 = CARTESIAN_POINT('',(0.569217445719,9.969006417632E-02));
#7927 = VECTOR('',#7928,1.);
#7928 = DIRECTION('',(0.270598050073,0.962692419881));
#7929 = ( GEOMETRIC_REPRESENTATION_CONTEXT(2) 
PARAMETRIC_REPRESENTATION_CONTEXT() REPRESENTATION_CONTEXT('2D SPACE',''
  ) );
#7930 = PCURVE('',#3010,#7931);
#7931 = DEFINITIONAL_REPRESENTATION('',(#7932),#7936);
#7932 = LINE('',#7933,#7934);
#7933 = CARTESIAN_POINT('',(-119.5,-0.250000000001));
#7934 = VECTOR('',#7935,1.);
#7935 = DIRECTION('',(-1.333092928903E-14,1.));
#7936 = ( GEOMETRIC_REPRESENTATION_CONTEXT(2) 
PARAMETRIC_REPRESENTATION_CONTEXT() REPRESENTATION_CONTEXT('2D SPACE',''
  ) );
#7937 = ORIENTED_EDGE('',*,*,#7938,.F.);
#7938 = EDGE_CURVE('',#7816,#7916,#7939,.T.);
#7939 = SURFACE_CURVE('',#7940,(#7944,#7951),.PCURVE_S1.);
#7940 = LINE('',#7941,#7942);
#7941 = CARTESIAN_POINT('',(-0.5,-60.05177669529,65.771446609407));
#7942 = VECTOR('',#7943,1.);
#7943 = DIRECTION('',(-7.569566298074E-15,0.923879532511,0.382683432365)
  );
#7944 = PCURVE('',#3038,#7945);
#7945 = DEFINITIONAL_REPRESENTATION('',(#7946),#7950);
#7946 = LINE('',#7947,#7948);
#7947 = CARTESIAN_POINT('',(0.135299025037,0.680726338295));
#7948 = VECTOR('',#7949,1.);
#7949 = DIRECTION('',(1.,8.618327438301E-15));
#7950 = ( GEOMETRIC_REPRESENTATION_CONTEXT(2) 
PARAMETRIC_REPRESENTATION_CONTEXT() REPRESENTATION_CONTEXT('2D SPACE',''
  ) );
#7951 = PCURVE('',#4276,#7952);
#7952 = DEFINITIONAL_REPRESENTATION('',(#7953),#7957);
#7953 = LINE('',#7954,#7955);
#7954 = CARTESIAN_POINT('',(5.5,-0.135299025037));
#7955 = VECTOR('',#7956,1.);
#7956 = DIRECTION('',(-7.569566298074E-15,1.));
#7957 = ( GEOMETRIC_REPRESENTATION_CONTEXT(2) 
PARAMETRIC_REPRESENTATION_CONTEXT() REPRESENTATION_CONTEXT('2D SPACE',''
  ) );
#7958 = ADVANCED_FACE('',(#7959),#2982,.F.);
#7959 = FACE_BOUND('',#7960,.F.);
#7960 = EDGE_LOOP('',(#7961,#7962,#7963,#7986));
#7961 = ORIENTED_EDGE('',*,*,#7866,.F.);
#7962 = ORIENTED_EDGE('',*,*,#2966,.T.);
#7963 = ORIENTED_EDGE('',*,*,#7964,.T.);
#7964 = EDGE_CURVE('',#2967,#7965,#7967,.T.);
#7965 = VERTEX_POINT('',#7966);
#7966 = CARTESIAN_POINT('',(-0.5,59.5,66.));
#7967 = SURFACE_CURVE('',#7968,(#7972,#7979),.PCURVE_S1.);
#7968 = LINE('',#7969,#7970);
#7969 = CARTESIAN_POINT('',(-7.322330470337E-02,59.5,65.573223304703));
#7970 = VECTOR('',#7971,1.);
#7971 = DIRECTION('',(-0.707106781187,2.514879937139E-14,0.707106781187)
  );
#7972 = PCURVE('',#2982,#7973);
#7973 = DEFINITIONAL_REPRESENTATION('',(#7974),#7978);
#7974 = LINE('',#7975,#7976);
#7975 = CARTESIAN_POINT('',(0.569217445719,9.969006417714E-02));
#7976 = VECTOR('',#7977,1.);
#7977 = DIRECTION('',(0.270598050073,0.962692419881));
#7978 = ( GEOMETRIC_REPRESENTATION_CONTEXT(2) 
PARAMETRIC_REPRESENTATION_CONTEXT() REPRESENTATION_CONTEXT('2D SPACE',''
  ) );
#7979 = PCURVE('',#3010,#7980);
#7980 = DEFINITIONAL_REPRESENTATION('',(#7981),#7985);
#7981 = LINE('',#7982,#7983);
#7982 = CARTESIAN_POINT('',(-0.5,-0.25));
#7983 = VECTOR('',#7984,1.);
#7984 = DIRECTION('',(2.514879937139E-14,1.));
#7985 = ( GEOMETRIC_REPRESENTATION_CONTEXT(2) 
PARAMETRIC_REPRESENTATION_CONTEXT() REPRESENTATION_CONTEXT('2D SPACE',''
  ) );
#7986 = ORIENTED_EDGE('',*,*,#7987,.F.);
#7987 = EDGE_CURVE('',#7867,#7965,#7988,.T.);
#7988 = SURFACE_CURVE('',#7989,(#7993,#8000),.PCURVE_S1.);
#7989 = LINE('',#7990,#7991);
#7990 = CARTESIAN_POINT('',(-0.5,60.051776695297,65.771446609407));
#7991 = VECTOR('',#7992,1.);
#7992 = DIRECTION('',(-1.375229041407E-14,-0.923879532511,0.382683432365
    ));
#7993 = PCURVE('',#2982,#7994);
#7994 = DEFINITIONAL_REPRESENTATION('',(#7995),#7999);
#7995 = LINE('',#7996,#7997);
#7996 = CARTESIAN_POINT('',(0.135299025037,0.680726338295));
#7997 = VECTOR('',#7998,1.);
#7998 = DIRECTION('',(1.,4.335215969985E-15));
#7999 = ( GEOMETRIC_REPRESENTATION_CONTEXT(2) 
PARAMETRIC_REPRESENTATION_CONTEXT() REPRESENTATION_CONTEXT('2D SPACE',''
  ) );
#8000 = PCURVE('',#4330,#8001);
#8001 = DEFINITIONAL_REPRESENTATION('',(#8002),#8006);
#8002 = LINE('',#8003,#8004);
#8003 = CARTESIAN_POINT('',(-5.5,-0.135299025037));
#8004 = VECTOR('',#8005,1.);
#8005 = DIRECTION('',(1.375229041407E-14,1.));
#8006 = ( GEOMETRIC_REPRESENTATION_CONTEXT(2) 
PARAMETRIC_REPRESENTATION_CONTEXT() REPRESENTATION_CONTEXT('2D SPACE',''
  ) );
#8007 = ADVANCED_FACE('',(#8008),#3010,.T.);
#8008 = FACE_BOUND('',#8009,.F.);
#8009 = EDGE_LOOP('',(#8010,#8011,#8012,#8013));
#8010 = ORIENTED_EDGE('',*,*,#7964,.F.);
#8011 = ORIENTED_EDGE('',*,*,#2994,.T.);
#8012 = ORIENTED_EDGE('',*,*,#7915,.T.);
#8013 = ORIENTED_EDGE('',*,*,#8014,.F.);
#8014 = EDGE_CURVE('',#7965,#7916,#8015,.T.);
#8015 = SURFACE_CURVE('',#8016,(#8020,#8027),.PCURVE_S1.);
#8016 = LINE('',#8017,#8018);
#8017 = CARTESIAN_POINT('',(-0.5,60.,66.));
#8018 = VECTOR('',#8019,1.);
#8019 = DIRECTION('',(0.,-1.,0.));
#8020 = PCURVE('',#3010,#8021);
#8021 = DEFINITIONAL_REPRESENTATION('',(#8022),#8026);
#8022 = LINE('',#8023,#8024);
#8023 = CARTESIAN_POINT('',(-0.,0.353553390593));
#8024 = VECTOR('',#8025,1.);
#8025 = DIRECTION('',(-1.,0.));
#8026 = ( GEOMETRIC_REPRESENTATION_CONTEXT(2) 
PARAMETRIC_REPRESENTATION_CONTEXT() REPRESENTATION_CONTEXT('2D SPACE',''
  ) );
#8027 = PCURVE('',#4362,#8028);
#8028 = DEFINITIONAL_REPRESENTATION('',(#8029),#8033);
#8029 = LINE('',#8030,#8031);
#8030 = CARTESIAN_POINT('',(0.,2.5));
#8031 = VECTOR('',#8032,1.);
#8032 = DIRECTION('',(1.,0.));
#8033 = ( GEOMETRIC_REPRESENTATION_CONTEXT(2) 
PARAMETRIC_REPRESENTATION_CONTEXT() REPRESENTATION_CONTEXT('2D SPACE',''
  ) );
#8034 = ADVANCED_FACE('',(#8035),#3203,.F.);
#8035 = FACE_BOUND('',#8036,.T.);
#8036 = EDGE_LOOP('',(#8037,#8058,#8059,#8060));
#8037 = ORIENTED_EDGE('',*,*,#8038,.F.);
#8038 = EDGE_CURVE('',#3187,#8039,#8041,.T.);
#8039 = VERTEX_POINT('',#8040);
#8040 = CARTESIAN_POINT('',(-0.5,-52.,-36.75));
#8041 = SEAM_CURVE('',#8042,(#8046,#8052),.PCURVE_S1.);
#8042 = LINE('',#8043,#8044);
#8043 = CARTESIAN_POINT('',(-0.5,-52.,-36.75));
#8044 = VECTOR('',#8045,1.);
#8045 = DIRECTION('',(-0.707106781187,-0.,0.707106781187));
#8046 = PCURVE('',#3203,#8047);
#8047 = DEFINITIONAL_REPRESENTATION('',(#8048),#8051);
#8048 = B_SPLINE_CURVE_WITH_KNOTS('',1,(#8049,#8050),.UNSPECIFIED.,.F.,
  .F.,(2,2),(-0.707106781187,0.),.PIECEWISE_BEZIER_KNOTS.);
#8049 = CARTESIAN_POINT('',(0.,0.5));
#8050 = CARTESIAN_POINT('',(0.,0.));
#8051 = ( GEOMETRIC_REPRESENTATION_CONTEXT(2) 
PARAMETRIC_REPRESENTATION_CONTEXT() REPRESENTATION_CONTEXT('2D SPACE',''
  ) );
#8052 = PCURVE('',#3203,#8053);
#8053 = DEFINITIONAL_REPRESENTATION('',(#8054),#8057);
#8054 = B_SPLINE_CURVE_WITH_KNOTS('',1,(#8055,#8056),.UNSPECIFIED.,.F.,
  .F.,(2,2),(-0.707106781187,0.),.PIECEWISE_BEZIER_KNOTS.);
#8055 = CARTESIAN_POINT('',(6.28318530718,0.5));
#8056 = CARTESIAN_POINT('',(6.28318530718,0.));
#8057 = ( GEOMETRIC_REPRESENTATION_CONTEXT(2) 
PARAMETRIC_REPRESENTATION_CONTEXT() REPRESENTATION_CONTEXT('2D SPACE',''
  ) );
#8058 = ORIENTED_EDGE('',*,*,#3186,.T.);
#8059 = ORIENTED_EDGE('',*,*,#8038,.T.);
#8060 = ORIENTED_EDGE('',*,*,#8061,.F.);
#8061 = EDGE_CURVE('',#8039,#8039,#8062,.T.);
#8062 = SURFACE_CURVE('',#8063,(#8068,#8075),.PCURVE_S1.);
#8063 = CIRCLE('',#8064,2.75);
#8064 = AXIS2_PLACEMENT_3D('',#8065,#8066,#8067);
#8065 = CARTESIAN_POINT('',(-0.5,-52.,-34.));
#8066 = DIRECTION('',(1.,0.,0.));
#8067 = DIRECTION('',(0.,0.,-1.));
#8068 = PCURVE('',#3203,#8069);
#8069 = DEFINITIONAL_REPRESENTATION('',(#8070),#8074);
#8070 = LINE('',#8071,#8072);
#8071 = CARTESIAN_POINT('',(0.,-0.));
#8072 = VECTOR('',#8073,1.);
#8073 = DIRECTION('',(1.,-0.));
#8074 = ( GEOMETRIC_REPRESENTATION_CONTEXT(2) 
PARAMETRIC_REPRESENTATION_CONTEXT() REPRESENTATION_CONTEXT('2D SPACE',''
  ) );
#8075 = PCURVE('',#8076,#8081);
#8076 = CYLINDRICAL_SURFACE('',#8077,2.75);
#8077 = AXIS2_PLACEMENT_3D('',#8078,#8079,#8080);
#8078 = CARTESIAN_POINT('',(-7.5,-52.,-34.));
#8079 = DIRECTION('',(1.,0.,2.22044604925E-16));
#8080 = DIRECTION('',(2.22044604925E-16,0.,-1.));
#8081 = DEFINITIONAL_REPRESENTATION('',(#8082),#8086);
#8082 = LINE('',#8083,#8084);
#8083 = CARTESIAN_POINT('',(0.,7.));
#8084 = VECTOR('',#8085,1.);
#8085 = DIRECTION('',(1.,0.));
#8086 = ( GEOMETRIC_REPRESENTATION_CONTEXT(2) 
PARAMETRIC_REPRESENTATION_CONTEXT() REPRESENTATION_CONTEXT('2D SPACE',''
  ) );
#8087 = ADVANCED_FACE('',(#8088),#3234,.F.);
#8088 = FACE_BOUND('',#8089,.T.);
#8089 = EDGE_LOOP('',(#8090,#8111,#8112,#8113));
#8090 = ORIENTED_EDGE('',*,*,#8091,.F.);
#8091 = EDGE_CURVE('',#3218,#8092,#8094,.T.);
#8092 = VERTEX_POINT('',#8093);
#8093 = CARTESIAN_POINT('',(-0.5,52.,-36.75));
#8094 = SEAM_CURVE('',#8095,(#8099,#8105),.PCURVE_S1.);
#8095 = LINE('',#8096,#8097);
#8096 = CARTESIAN_POINT('',(-0.5,52.,-36.75));
#8097 = VECTOR('',#8098,1.);
#8098 = DIRECTION('',(-0.707106781187,-0.,0.707106781187));
#8099 = PCURVE('',#3234,#8100);
#8100 = DEFINITIONAL_REPRESENTATION('',(#8101),#8104);
#8101 = B_SPLINE_CURVE_WITH_KNOTS('',1,(#8102,#8103),.UNSPECIFIED.,.F.,
  .F.,(2,2),(-0.707106781187,0.),.PIECEWISE_BEZIER_KNOTS.);
#8102 = CARTESIAN_POINT('',(0.,0.5));
#8103 = CARTESIAN_POINT('',(0.,0.));
#8104 = ( GEOMETRIC_REPRESENTATION_CONTEXT(2) 
PARAMETRIC_REPRESENTATION_CONTEXT() REPRESENTATION_CONTEXT('2D SPACE',''
  ) );
#8105 = PCURVE('',#3234,#8106);
#8106 = DEFINITIONAL_REPRESENTATION('',(#8107),#8110);
#8107 = B_SPLINE_CURVE_WITH_KNOTS('',1,(#8108,#8109),.UNSPECIFIED.,.F.,
  .F.,(2,2),(-0.707106781187,0.),.PIECEWISE_BEZIER_KNOTS.);
#8108 = CARTESIAN_POINT('',(6.28318530718,0.5));
#8109 = CARTESIAN_POINT('',(6.28318530718,0.));
#8110 = ( GEOMETRIC_REPRESENTATION_CONTEXT(2) 
PARAMETRIC_REPRESENTATION_CONTEXT() REPRESENTATION_CONTEXT('2D SPACE',''
  ) );
#8111 = ORIENTED_EDGE('',*,*,#3217,.T.);
#8112 = ORIENTED_EDGE('',*,*,#8091,.T.);
#8113 = ORIENTED_EDGE('',*,*,#8114,.F.);
#8114 = EDGE_CURVE('',#8092,#8092,#8115,.T.);
#8115 = SURFACE_CURVE('',#8116,(#8121,#8128),.PCURVE_S1.);
#8116 = CIRCLE('',#8117,2.75);
#8117 = AXIS2_PLACEMENT_3D('',#8118,#8119,#8120);
#8118 = CARTESIAN_POINT('',(-0.5,52.,-34.));
#8119 = DIRECTION('',(1.,0.,0.));
#8120 = DIRECTION('',(0.,0.,-1.));
#8121 = PCURVE('',#3234,#8122);
#8122 = DEFINITIONAL_REPRESENTATION('',(#8123),#8127);
#8123 = LINE('',#8124,#8125);
#8124 = CARTESIAN_POINT('',(0.,-0.));
#8125 = VECTOR('',#8126,1.);
#8126 = DIRECTION('',(1.,-0.));
#8127 = ( GEOMETRIC_REPRESENTATION_CONTEXT(2) 
PARAMETRIC_REPRESENTATION_CONTEXT() REPRESENTATION_CONTEXT('2D SPACE',''
  ) );
#8128 = PCURVE('',#8129,#8134);
#8129 = CYLINDRICAL_SURFACE('',#8130,2.75);
#8130 = AXIS2_PLACEMENT_3D('',#8131,#8132,#8133);
#8131 = CARTESIAN_POINT('',(-7.5,52.,-34.));
#8132 = DIRECTION('',(1.,0.,2.22044604925E-16));
#8133 = DIRECTION('',(2.22044604925E-16,0.,-1.));
#8134 = DEFINITIONAL_REPRESENTATION('',(#8135),#8139);
#8135 = LINE('',#8136,#8137);
#8136 = CARTESIAN_POINT('',(0.,7.));
#8137 = VECTOR('',#8138,1.);
#8138 = DIRECTION('',(1.,0.));
#8139 = ( GEOMETRIC_REPRESENTATION_CONTEXT(2) 
PARAMETRIC_REPRESENTATION_CONTEXT() REPRESENTATION_CONTEXT('2D SPACE',''
  ) );
#8140 = ADVANCED_FACE('',(#8141),#3266,.F.);
#8141 = FACE_BOUND('',#8142,.T.);
#8142 = EDGE_LOOP('',(#8143,#8166,#8167,#8190));
#8143 = ORIENTED_EDGE('',*,*,#8144,.F.);
#8144 = EDGE_CURVE('',#3249,#8145,#8147,.T.);
#8145 = VERTEX_POINT('',#8146);
#8146 = CARTESIAN_POINT('',(0.5,-30.5,-38.));
#8147 = SURFACE_CURVE('',#8148,(#8152,#8159),.PCURVE_S1.);
#8148 = LINE('',#8149,#8150);
#8149 = CARTESIAN_POINT('',(0.125,-30.5,-38.375));
#8150 = VECTOR('',#8151,1.);
#8151 = DIRECTION('',(0.707106781187,7.908703637539E-16,0.707106781187)
  );
#8152 = PCURVE('',#3266,#8153);
#8153 = DEFINITIONAL_REPRESENTATION('',(#8154),#8158);
#8154 = LINE('',#8155,#8156);
#8155 = CARTESIAN_POINT('',(-0.5,-0.176776695297));
#8156 = VECTOR('',#8157,1.);
#8157 = DIRECTION('',(-7.908703637539E-16,1.));
#8158 = ( GEOMETRIC_REPRESENTATION_CONTEXT(2) 
PARAMETRIC_REPRESENTATION_CONTEXT() REPRESENTATION_CONTEXT('2D SPACE',''
  ) );
#8159 = PCURVE('',#3294,#8160);
#8160 = DEFINITIONAL_REPRESENTATION('',(#8161),#8165);
#8161 = LINE('',#8162,#8163);
#8162 = CARTESIAN_POINT('',(4.783542904564E-02,0.170181584574));
#8163 = VECTOR('',#8164,1.);
#8164 = DIRECTION('',(0.270598050073,0.962692419881));
#8165 = ( GEOMETRIC_REPRESENTATION_CONTEXT(2) 
PARAMETRIC_REPRESENTATION_CONTEXT() REPRESENTATION_CONTEXT('2D SPACE',''
  ) );
#8166 = ORIENTED_EDGE('',*,*,#3248,.T.);
#8167 = ORIENTED_EDGE('',*,*,#8168,.T.);
#8168 = EDGE_CURVE('',#3251,#8169,#8171,.T.);
#8169 = VERTEX_POINT('',#8170);
#8170 = CARTESIAN_POINT('',(0.5,30.5,-38.));
#8171 = SURFACE_CURVE('',#8172,(#8176,#8183),.PCURVE_S1.);
#8172 = LINE('',#8173,#8174);
#8173 = CARTESIAN_POINT('',(0.125,30.5,-38.375));
#8174 = VECTOR('',#8175,1.);
#8175 = DIRECTION('',(0.707106781187,-1.301534991881E-15,0.707106781187)
  );
#8176 = PCURVE('',#3266,#8177);
#8177 = DEFINITIONAL_REPRESENTATION('',(#8178),#8182);
#8178 = LINE('',#8179,#8180);
#8179 = CARTESIAN_POINT('',(-61.5,-0.176776695297));
#8180 = VECTOR('',#8181,1.);
#8181 = DIRECTION('',(1.301534991881E-15,1.));
#8182 = ( GEOMETRIC_REPRESENTATION_CONTEXT(2) 
PARAMETRIC_REPRESENTATION_CONTEXT() REPRESENTATION_CONTEXT('2D SPACE',''
  ) );
#8183 = PCURVE('',#3684,#8184);
#8184 = DEFINITIONAL_REPRESENTATION('',(#8185),#8189);
#8185 = LINE('',#8186,#8187);
#8186 = CARTESIAN_POINT('',(4.783542904554E-02,0.170181584574));
#8187 = VECTOR('',#8188,1.);
#8188 = DIRECTION('',(0.270598050073,0.962692419881));
#8189 = ( GEOMETRIC_REPRESENTATION_CONTEXT(2) 
PARAMETRIC_REPRESENTATION_CONTEXT() REPRESENTATION_CONTEXT('2D SPACE',''
  ) );
#8190 = ORIENTED_EDGE('',*,*,#8191,.F.);
#8191 = EDGE_CURVE('',#8145,#8169,#8192,.T.);
#8192 = SURFACE_CURVE('',#8193,(#8197,#8204),.PCURVE_S1.);
#8193 = LINE('',#8194,#8195);
#8194 = CARTESIAN_POINT('',(0.5,-31.,-38.));
#8195 = VECTOR('',#8196,1.);
#8196 = DIRECTION('',(0.,1.,0.));
#8197 = PCURVE('',#3266,#8198);
#8198 = DEFINITIONAL_REPRESENTATION('',(#8199),#8203);
#8199 = LINE('',#8200,#8201);
#8200 = CARTESIAN_POINT('',(-0.,0.353553390593));
#8201 = VECTOR('',#8202,1.);
#8202 = DIRECTION('',(-1.,0.));
#8203 = ( GEOMETRIC_REPRESENTATION_CONTEXT(2) 
PARAMETRIC_REPRESENTATION_CONTEXT() REPRESENTATION_CONTEXT('2D SPACE',''
  ) );
#8204 = PCURVE('',#8205,#8210);
#8205 = PLANE('',#8206);
#8206 = AXIS2_PLACEMENT_3D('',#8207,#8208,#8209);
#8207 = CARTESIAN_POINT('',(15.,-31.,-38.));
#8208 = DIRECTION('',(0.,0.,-1.));
#8209 = DIRECTION('',(0.,1.,0.));
#8210 = DEFINITIONAL_REPRESENTATION('',(#8211),#8215);
#8211 = LINE('',#8212,#8213);
#8212 = CARTESIAN_POINT('',(0.,-14.5));
#8213 = VECTOR('',#8214,1.);
#8214 = DIRECTION('',(1.,0.));
#8215 = ( GEOMETRIC_REPRESENTATION_CONTEXT(2) 
PARAMETRIC_REPRESENTATION_CONTEXT() REPRESENTATION_CONTEXT('2D SPACE',''
  ) );
#8216 = ADVANCED_FACE('',(#8217),#3294,.F.);
#8217 = FACE_BOUND('',#8218,.F.);
#8218 = EDGE_LOOP('',(#8219,#8220,#8221,#8244));
#8219 = ORIENTED_EDGE('',*,*,#8144,.F.);
#8220 = ORIENTED_EDGE('',*,*,#3278,.T.);
#8221 = ORIENTED_EDGE('',*,*,#8222,.T.);
#8222 = EDGE_CURVE('',#3279,#8223,#8225,.T.);
#8223 = VERTEX_POINT('',#8224);
#8224 = CARTESIAN_POINT('',(0.5,-31.35355339059,-37.6464466094));
#8225 = SURFACE_CURVE('',#8226,(#8230,#8237),.PCURVE_S1.);
#8226 = LINE('',#8227,#8228);
#8227 = CARTESIAN_POINT('',(0.25,-31.53033008589,-37.8232233047));
#8228 = VECTOR('',#8229,1.);
#8229 = DIRECTION('',(0.707106781187,0.5,0.5));
#8230 = PCURVE('',#3294,#8231);
#8231 = DEFINITIONAL_REPRESENTATION('',(#8232),#8236);
#8232 = LINE('',#8233,#8234);
#8233 = CARTESIAN_POINT('',(1.210892106785,0.340363169147));
#8234 = VECTOR('',#8235,1.);
#8235 = DIRECTION('',(-0.270598050073,0.962692419881));
#8236 = ( GEOMETRIC_REPRESENTATION_CONTEXT(2) 
PARAMETRIC_REPRESENTATION_CONTEXT() REPRESENTATION_CONTEXT('2D SPACE',''
  ) );
#8237 = PCURVE('',#3322,#8238);
#8238 = DEFINITIONAL_REPRESENTATION('',(#8239),#8243);
#8239 = LINE('',#8240,#8241);
#8240 = CARTESIAN_POINT('',(-9.399494936612,-3.254858303717E-14));
#8241 = VECTOR('',#8242,1.);
#8242 = DIRECTION('',(-8.542180906729E-15,1.));
#8243 = ( GEOMETRIC_REPRESENTATION_CONTEXT(2) 
PARAMETRIC_REPRESENTATION_CONTEXT() REPRESENTATION_CONTEXT('2D SPACE',''
  ) );
#8244 = ORIENTED_EDGE('',*,*,#8245,.F.);
#8245 = EDGE_CURVE('',#8145,#8223,#8246,.T.);
#8246 = SURFACE_CURVE('',#8247,(#8251,#8258),.PCURVE_S1.);
#8247 = LINE('',#8248,#8249);
#8248 = CARTESIAN_POINT('',(0.5,-30.625,-37.9482233047));
#8249 = VECTOR('',#8250,1.);
#8250 = DIRECTION('',(2.024208947795E-16,-0.923879532511,0.382683432365)
  );
#8251 = PCURVE('',#3294,#8252);
#8252 = DEFINITIONAL_REPRESENTATION('',(#8253),#8257);
#8253 = LINE('',#8254,#8255);
#8254 = CARTESIAN_POINT('',(0.326640741219,0.680726338295));
#8255 = VECTOR('',#8256,1.);
#8256 = DIRECTION('',(1.,-7.208488767841E-17));
#8257 = ( GEOMETRIC_REPRESENTATION_CONTEXT(2) 
PARAMETRIC_REPRESENTATION_CONTEXT() REPRESENTATION_CONTEXT('2D SPACE',''
  ) );
#8258 = PCURVE('',#8259,#8264);
#8259 = PLANE('',#8260);
#8260 = AXIS2_PLACEMENT_3D('',#8261,#8262,#8263);
#8261 = CARTESIAN_POINT('',(30.,-30.92677669529,-37.8232233047));
#8262 = DIRECTION('',(-8.503541798748E-18,-0.382683432365,
    -0.923879532511));
#8263 = DIRECTION('',(1.,-3.254164562805E-18,-7.856248221717E-18));
#8264 = DEFINITIONAL_REPRESENTATION('',(#8265),#8269);
#8265 = LINE('',#8266,#8267);
#8266 = CARTESIAN_POINT('',(-29.5,-0.326640741219));
#8267 = VECTOR('',#8268,1.);
#8268 = DIRECTION('',(2.024208947795E-16,1.));
#8269 = ( GEOMETRIC_REPRESENTATION_CONTEXT(2) 
PARAMETRIC_REPRESENTATION_CONTEXT() REPRESENTATION_CONTEXT('2D SPACE',''
  ) );
#8270 = ADVANCED_FACE('',(#8271),#3684,.T.);
#8271 = FACE_BOUND('',#8272,.T.);
#8272 = EDGE_LOOP('',(#8273,#8274,#8275,#8298));
#8273 = ORIENTED_EDGE('',*,*,#8168,.F.);
#8274 = ORIENTED_EDGE('',*,*,#3670,.T.);
#8275 = ORIENTED_EDGE('',*,*,#8276,.T.);
#8276 = EDGE_CURVE('',#3643,#8277,#8279,.T.);
#8277 = VERTEX_POINT('',#8278);
#8278 = CARTESIAN_POINT('',(0.5,31.353553390593,-37.6464466094));
#8279 = SURFACE_CURVE('',#8280,(#8284,#8291),.PCURVE_S1.);
#8280 = LINE('',#8281,#8282);
#8281 = CARTESIAN_POINT('',(0.25,31.53033008589,-37.8232233047));
#8282 = VECTOR('',#8283,1.);
#8283 = DIRECTION('',(0.707106781187,-0.5,0.5));
#8284 = PCURVE('',#3684,#8285);
#8285 = DEFINITIONAL_REPRESENTATION('',(#8286),#8290);
#8286 = LINE('',#8287,#8288);
#8287 = CARTESIAN_POINT('',(1.210892106785,0.340363169147));
#8288 = VECTOR('',#8289,1.);
#8289 = DIRECTION('',(-0.270598050073,0.962692419881));
#8290 = ( GEOMETRIC_REPRESENTATION_CONTEXT(2) 
PARAMETRIC_REPRESENTATION_CONTEXT() REPRESENTATION_CONTEXT('2D SPACE',''
  ) );
#8291 = PCURVE('',#3658,#8292);
#8292 = DEFINITIONAL_REPRESENTATION('',(#8293),#8297);
#8293 = LINE('',#8294,#8295);
#8294 = CARTESIAN_POINT('',(-0.5,5.853636879011E-15));
#8295 = VECTOR('',#8296,1.);
#8296 = DIRECTION('',(9.970367479143E-15,1.));
#8297 = ( GEOMETRIC_REPRESENTATION_CONTEXT(2) 
PARAMETRIC_REPRESENTATION_CONTEXT() REPRESENTATION_CONTEXT('2D SPACE',''
  ) );
#8298 = ORIENTED_EDGE('',*,*,#8299,.F.);
#8299 = EDGE_CURVE('',#8169,#8277,#8300,.T.);
#8300 = SURFACE_CURVE('',#8301,(#8305,#8312),.PCURVE_S1.);
#8301 = LINE('',#8302,#8303);
#8302 = CARTESIAN_POINT('',(0.5,30.625,-37.9482233047));
#8303 = VECTOR('',#8304,1.);
#8304 = DIRECTION('',(-1.212446181617E-15,0.923879532511,0.382683432365)
  );
#8305 = PCURVE('',#3684,#8306);
#8306 = DEFINITIONAL_REPRESENTATION('',(#8307),#8311);
#8307 = LINE('',#8308,#8309);
#8308 = CARTESIAN_POINT('',(0.326640741219,0.680726338295));
#8309 = VECTOR('',#8310,1.);
#8310 = DIRECTION('',(1.,-2.171896008418E-15));
#8311 = ( GEOMETRIC_REPRESENTATION_CONTEXT(2) 
PARAMETRIC_REPRESENTATION_CONTEXT() REPRESENTATION_CONTEXT('2D SPACE',''
  ) );
#8312 = PCURVE('',#8313,#8318);
#8313 = PLANE('',#8314);
#8314 = AXIS2_PLACEMENT_3D('',#8315,#8316,#8317);
#8315 = CARTESIAN_POINT('',(0.,30.926776695297,-37.8232233047));
#8316 = DIRECTION('',(8.503541798748E-18,0.382683432365,-0.923879532511)
  );
#8317 = DIRECTION('',(-1.,3.254164562805E-18,-7.856248221717E-18));
#8318 = DEFINITIONAL_REPRESENTATION('',(#8319),#8323);
#8319 = LINE('',#8320,#8321);
#8320 = CARTESIAN_POINT('',(-0.5,-0.326640741219));
#8321 = VECTOR('',#8322,1.);
#8322 = DIRECTION('',(1.212446181617E-15,1.));
#8323 = ( GEOMETRIC_REPRESENTATION_CONTEXT(2) 
PARAMETRIC_REPRESENTATION_CONTEXT() REPRESENTATION_CONTEXT('2D SPACE',''
  ) );
#8324 = ADVANCED_FACE('',(#8325),#3322,.F.);
#8325 = FACE_BOUND('',#8326,.T.);
#8326 = EDGE_LOOP('',(#8327,#8350,#8351,#8352));
#8327 = ORIENTED_EDGE('',*,*,#8328,.F.);
#8328 = EDGE_CURVE('',#3307,#8329,#8331,.T.);
#8329 = VERTEX_POINT('',#8330);
#8330 = CARTESIAN_POINT('',(0.5,-37.6464466094,-31.35355339059));
#8331 = SURFACE_CURVE('',#8332,(#8336,#8343),.PCURVE_S1.);
#8332 = LINE('',#8333,#8334);
#8333 = CARTESIAN_POINT('',(0.125,-37.91161165235,-31.61871843353));
#8334 = VECTOR('',#8335,1.);
#8335 = DIRECTION('',(0.707106781187,0.5,0.5));
#8336 = PCURVE('',#3322,#8337);
#8337 = DEFINITIONAL_REPRESENTATION('',(#8338),#8342);
#8338 = LINE('',#8339,#8340);
#8339 = CARTESIAN_POINT('',(-0.5,-0.176776695297));
#8340 = VECTOR('',#8341,1.);
#8341 = DIRECTION('',(1.579616666509E-15,1.));
#8342 = ( GEOMETRIC_REPRESENTATION_CONTEXT(2) 
PARAMETRIC_REPRESENTATION_CONTEXT() REPRESENTATION_CONTEXT('2D SPACE',''
  ) );
#8343 = PCURVE('',#3350,#8344);
#8344 = DEFINITIONAL_REPRESENTATION('',(#8345),#8349);
#8345 = LINE('',#8346,#8347);
#8346 = CARTESIAN_POINT('',(4.783542904565E-02,0.170181584574));
#8347 = VECTOR('',#8348,1.);
#8348 = DIRECTION('',(0.270598050073,0.962692419881));
#8349 = ( GEOMETRIC_REPRESENTATION_CONTEXT(2) 
PARAMETRIC_REPRESENTATION_CONTEXT() REPRESENTATION_CONTEXT('2D SPACE',''
  ) );
#8350 = ORIENTED_EDGE('',*,*,#3306,.T.);
#8351 = ORIENTED_EDGE('',*,*,#8222,.T.);
#8352 = ORIENTED_EDGE('',*,*,#8353,.F.);
#8353 = EDGE_CURVE('',#8329,#8223,#8354,.T.);
#8354 = SURFACE_CURVE('',#8355,(#8359,#8366),.PCURVE_S1.);
#8355 = LINE('',#8356,#8357);
#8356 = CARTESIAN_POINT('',(0.5,-38.,-31.));
#8357 = VECTOR('',#8358,1.);
#8358 = DIRECTION('',(0.,0.707106781187,-0.707106781187));
#8359 = PCURVE('',#3322,#8360);
#8360 = DEFINITIONAL_REPRESENTATION('',(#8361),#8365);
#8361 = LINE('',#8362,#8363);
#8362 = CARTESIAN_POINT('',(-1.7763568394E-15,0.353553390593));
#8363 = VECTOR('',#8364,1.);
#8364 = DIRECTION('',(-1.,0.));
#8365 = ( GEOMETRIC_REPRESENTATION_CONTEXT(2) 
PARAMETRIC_REPRESENTATION_CONTEXT() REPRESENTATION_CONTEXT('2D SPACE',''
  ) );
#8366 = PCURVE('',#8367,#8372);
#8367 = PLANE('',#8368);
#8368 = AXIS2_PLACEMENT_3D('',#8369,#8370,#8371);
#8369 = CARTESIAN_POINT('',(15.,-38.,-31.));
#8370 = DIRECTION('',(0.,-0.707106781187,-0.707106781187));
#8371 = DIRECTION('',(0.,0.707106781187,-0.707106781187));
#8372 = DEFINITIONAL_REPRESENTATION('',(#8373),#8377);
#8373 = LINE('',#8374,#8375);
#8374 = CARTESIAN_POINT('',(0.,-14.5));
#8375 = VECTOR('',#8376,1.);
#8376 = DIRECTION('',(1.,0.));
#8377 = ( GEOMETRIC_REPRESENTATION_CONTEXT(2) 
PARAMETRIC_REPRESENTATION_CONTEXT() REPRESENTATION_CONTEXT('2D SPACE',''
  ) );
#8378 = ADVANCED_FACE('',(#8379),#3658,.F.);
#8379 = FACE_BOUND('',#8380,.T.);
#8380 = EDGE_LOOP('',(#8381,#8382,#8383,#8406));
#8381 = ORIENTED_EDGE('',*,*,#8276,.F.);
#8382 = ORIENTED_EDGE('',*,*,#3642,.T.);
#8383 = ORIENTED_EDGE('',*,*,#8384,.T.);
#8384 = EDGE_CURVE('',#3615,#8385,#8387,.T.);
#8385 = VERTEX_POINT('',#8386);
#8386 = CARTESIAN_POINT('',(0.5,37.646446609407,-31.35355339059));
#8387 = SURFACE_CURVE('',#8388,(#8392,#8399),.PCURVE_S1.);
#8388 = LINE('',#8389,#8390);
#8389 = CARTESIAN_POINT('',(0.125,37.911611652352,-31.61871843353));
#8390 = VECTOR('',#8391,1.);
#8391 = DIRECTION('',(0.707106781187,-0.5,0.5));
#8392 = PCURVE('',#3658,#8393);
#8393 = DEFINITIONAL_REPRESENTATION('',(#8394),#8398);
#8394 = LINE('',#8395,#8396);
#8395 = CARTESIAN_POINT('',(-9.399494936612,-0.176776695297));
#8396 = VECTOR('',#8397,1.);
#8397 = DIRECTION('',(1.330055793746E-14,1.));
#8398 = ( GEOMETRIC_REPRESENTATION_CONTEXT(2) 
PARAMETRIC_REPRESENTATION_CONTEXT() REPRESENTATION_CONTEXT('2D SPACE',''
  ) );
#8399 = PCURVE('',#3630,#8400);
#8400 = DEFINITIONAL_REPRESENTATION('',(#8401),#8405);
#8401 = LINE('',#8402,#8403);
#8402 = CARTESIAN_POINT('',(4.783542904566E-02,0.170181584574));
#8403 = VECTOR('',#8404,1.);
#8404 = DIRECTION('',(0.270598050073,0.962692419881));
#8405 = ( GEOMETRIC_REPRESENTATION_CONTEXT(2) 
PARAMETRIC_REPRESENTATION_CONTEXT() REPRESENTATION_CONTEXT('2D SPACE',''
  ) );
#8406 = ORIENTED_EDGE('',*,*,#8407,.F.);
#8407 = EDGE_CURVE('',#8277,#8385,#8408,.T.);
#8408 = SURFACE_CURVE('',#8409,(#8413,#8420),.PCURVE_S1.);
#8409 = LINE('',#8410,#8411);
#8410 = CARTESIAN_POINT('',(0.5,31.,-38.));
#8411 = VECTOR('',#8412,1.);
#8412 = DIRECTION('',(0.,0.707106781187,0.707106781187));
#8413 = PCURVE('',#3658,#8414);
#8414 = DEFINITIONAL_REPRESENTATION('',(#8415),#8419);
#8415 = LINE('',#8416,#8417);
#8416 = CARTESIAN_POINT('',(-8.881784197001E-16,0.353553390593));
#8417 = VECTOR('',#8418,1.);
#8418 = DIRECTION('',(-1.,0.));
#8419 = ( GEOMETRIC_REPRESENTATION_CONTEXT(2) 
PARAMETRIC_REPRESENTATION_CONTEXT() REPRESENTATION_CONTEXT('2D SPACE',''
  ) );
#8420 = PCURVE('',#8421,#8426);
#8421 = PLANE('',#8422);
#8422 = AXIS2_PLACEMENT_3D('',#8423,#8424,#8425);
#8423 = CARTESIAN_POINT('',(15.,31.,-38.));
#8424 = DIRECTION('',(0.,0.707106781187,-0.707106781187));
#8425 = DIRECTION('',(0.,0.707106781187,0.707106781187));
#8426 = DEFINITIONAL_REPRESENTATION('',(#8427),#8431);
#8427 = LINE('',#8428,#8429);
#8428 = CARTESIAN_POINT('',(0.,-14.5));
#8429 = VECTOR('',#8430,1.);
#8430 = DIRECTION('',(1.,0.));
#8431 = ( GEOMETRIC_REPRESENTATION_CONTEXT(2) 
PARAMETRIC_REPRESENTATION_CONTEXT() REPRESENTATION_CONTEXT('2D SPACE',''
  ) );
#8432 = ADVANCED_FACE('',(#8433),#3350,.F.);
#8433 = FACE_BOUND('',#8434,.F.);
#8434 = EDGE_LOOP('',(#8435,#8436,#8437,#8460));
#8435 = ORIENTED_EDGE('',*,*,#8328,.F.);
#8436 = ORIENTED_EDGE('',*,*,#3334,.T.);
#8437 = ORIENTED_EDGE('',*,*,#8438,.T.);
#8438 = EDGE_CURVE('',#3335,#8439,#8441,.T.);
#8439 = VERTEX_POINT('',#8440);
#8440 = CARTESIAN_POINT('',(0.5,-38.,-30.5));
#8441 = SURFACE_CURVE('',#8442,(#8446,#8453),.PCURVE_S1.);
#8442 = LINE('',#8443,#8444);
#8443 = CARTESIAN_POINT('',(0.25,-38.25,-30.5));
#8444 = VECTOR('',#8445,1.);
#8445 = DIRECTION('',(0.707106781187,0.707106781187,9.732192239426E-15)
  );
#8446 = PCURVE('',#3350,#8447);
#8447 = DEFINITIONAL_REPRESENTATION('',(#8448),#8452);
#8448 = LINE('',#8449,#8450);
#8449 = CARTESIAN_POINT('',(1.210892106785,0.340363169148));
#8450 = VECTOR('',#8451,1.);
#8451 = DIRECTION('',(-0.270598050073,0.962692419881));
#8452 = ( GEOMETRIC_REPRESENTATION_CONTEXT(2) 
PARAMETRIC_REPRESENTATION_CONTEXT() REPRESENTATION_CONTEXT('2D SPACE',''
  ) );
#8453 = PCURVE('',#3378,#8454);
#8454 = DEFINITIONAL_REPRESENTATION('',(#8455),#8459);
#8455 = LINE('',#8456,#8457);
#8456 = CARTESIAN_POINT('',(-61.5,2.979250440352E-13));
#8457 = VECTOR('',#8458,1.);
#8458 = DIRECTION('',(9.732192239426E-15,1.));
#8459 = ( GEOMETRIC_REPRESENTATION_CONTEXT(2) 
PARAMETRIC_REPRESENTATION_CONTEXT() REPRESENTATION_CONTEXT('2D SPACE',''
  ) );
#8460 = ORIENTED_EDGE('',*,*,#8461,.F.);
#8461 = EDGE_CURVE('',#8329,#8439,#8462,.T.);
#8462 = SURFACE_CURVE('',#8463,(#8467,#8474),.PCURVE_S1.);
#8463 = LINE('',#8464,#8465);
#8464 = CARTESIAN_POINT('',(0.5,-37.6982233047,-31.22855339059));
#8465 = VECTOR('',#8466,1.);
#8466 = DIRECTION('',(1.361803439398E-15,-0.382683432365,0.923879532511)
  );
#8467 = PCURVE('',#3350,#8468);
#8468 = DEFINITIONAL_REPRESENTATION('',(#8469),#8473);
#8469 = LINE('',#8470,#8471);
#8470 = CARTESIAN_POINT('',(0.326640741219,0.680726338295));
#8471 = VECTOR('',#8472,1.);
#8472 = DIRECTION('',(1.,2.224909883706E-15));
#8473 = ( GEOMETRIC_REPRESENTATION_CONTEXT(2) 
PARAMETRIC_REPRESENTATION_CONTEXT() REPRESENTATION_CONTEXT('2D SPACE',''
  ) );
#8474 = PCURVE('',#8475,#8480);
#8475 = PLANE('',#8476);
#8476 = AXIS2_PLACEMENT_3D('',#8477,#8478,#8479);
#8477 = CARTESIAN_POINT('',(30.,-37.8232233047,-30.92677669529));
#8478 = DIRECTION('',(6.433501365102E-18,-0.923879532511,-0.382683432365
    ));
#8479 = DIRECTION('',(1.,5.943780233601E-18,2.461994384523E-18));
#8480 = DEFINITIONAL_REPRESENTATION('',(#8481),#8485);
#8481 = LINE('',#8482,#8483);
#8482 = CARTESIAN_POINT('',(-29.5,-0.326640741219));
#8483 = VECTOR('',#8484,1.);
#8484 = DIRECTION('',(1.361803439398E-15,1.));
#8485 = ( GEOMETRIC_REPRESENTATION_CONTEXT(2) 
PARAMETRIC_REPRESENTATION_CONTEXT() REPRESENTATION_CONTEXT('2D SPACE',''
  ) );
#8486 = ADVANCED_FACE('',(#8487),#3630,.T.);
#8487 = FACE_BOUND('',#8488,.T.);
#8488 = EDGE_LOOP('',(#8489,#8490,#8491,#8514));
#8489 = ORIENTED_EDGE('',*,*,#8384,.F.);
#8490 = ORIENTED_EDGE('',*,*,#3614,.T.);
#8491 = ORIENTED_EDGE('',*,*,#8492,.T.);
#8492 = EDGE_CURVE('',#3587,#8493,#8495,.T.);
#8493 = VERTEX_POINT('',#8494);
#8494 = CARTESIAN_POINT('',(0.5,38.,-30.5));
#8495 = SURFACE_CURVE('',#8496,(#8500,#8507),.PCURVE_S1.);
#8496 = LINE('',#8497,#8498);
#8497 = CARTESIAN_POINT('',(0.25,38.25,-30.5));
#8498 = VECTOR('',#8499,1.);
#8499 = DIRECTION('',(0.707106781187,-0.707106781187,2.254332134208E-14)
  );
#8500 = PCURVE('',#3630,#8501);
#8501 = DEFINITIONAL_REPRESENTATION('',(#8502),#8506);
#8502 = LINE('',#8503,#8504);
#8503 = CARTESIAN_POINT('',(1.210892106785,0.340363169147));
#8504 = VECTOR('',#8505,1.);
#8505 = DIRECTION('',(-0.270598050073,0.962692419881));
#8506 = ( GEOMETRIC_REPRESENTATION_CONTEXT(2) 
PARAMETRIC_REPRESENTATION_CONTEXT() REPRESENTATION_CONTEXT('2D SPACE',''
  ) );
#8507 = PCURVE('',#3602,#8508);
#8508 = DEFINITIONAL_REPRESENTATION('',(#8509),#8513);
#8509 = LINE('',#8510,#8511);
#8510 = CARTESIAN_POINT('',(-0.5,-1.925325877461E-14));
#8511 = VECTOR('',#8512,1.);
#8512 = DIRECTION('',(-2.254332134208E-14,1.));
#8513 = ( GEOMETRIC_REPRESENTATION_CONTEXT(2) 
PARAMETRIC_REPRESENTATION_CONTEXT() REPRESENTATION_CONTEXT('2D SPACE',''
  ) );
#8514 = ORIENTED_EDGE('',*,*,#8515,.F.);
#8515 = EDGE_CURVE('',#8385,#8493,#8516,.T.);
#8516 = SURFACE_CURVE('',#8517,(#8521,#8528),.PCURVE_S1.);
#8517 = LINE('',#8518,#8519);
#8518 = CARTESIAN_POINT('',(0.5,37.698223304703,-31.22855339059));
#8519 = VECTOR('',#8520,1.);
#8520 = DIRECTION('',(-4.404156996422E-16,0.382683432365,0.923879532511)
  );
#8521 = PCURVE('',#3630,#8522);
#8522 = DEFINITIONAL_REPRESENTATION('',(#8523),#8527);
#8523 = LINE('',#8524,#8525);
#8524 = CARTESIAN_POINT('',(0.326640741219,0.680726338295));
#8525 = VECTOR('',#8526,1.);
#8526 = DIRECTION('',(1.,8.168185865796E-17));
#8527 = ( GEOMETRIC_REPRESENTATION_CONTEXT(2) 
PARAMETRIC_REPRESENTATION_CONTEXT() REPRESENTATION_CONTEXT('2D SPACE',''
  ) );
#8528 = PCURVE('',#8529,#8534);
#8529 = PLANE('',#8530);
#8530 = AXIS2_PLACEMENT_3D('',#8531,#8532,#8533);
#8531 = CARTESIAN_POINT('',(0.,37.823223304703,-30.92677669529));
#8532 = DIRECTION('',(-6.433501365102E-18,0.923879532511,-0.382683432365
    ));
#8533 = DIRECTION('',(-1.,-5.943780233601E-18,2.461994384523E-18));
#8534 = DEFINITIONAL_REPRESENTATION('',(#8535),#8539);
#8535 = LINE('',#8536,#8537);
#8536 = CARTESIAN_POINT('',(-0.5,-0.326640741219));
#8537 = VECTOR('',#8538,1.);
#8538 = DIRECTION('',(4.404156996422E-16,1.));
#8539 = ( GEOMETRIC_REPRESENTATION_CONTEXT(2) 
PARAMETRIC_REPRESENTATION_CONTEXT() REPRESENTATION_CONTEXT('2D SPACE',''
  ) );
#8540 = ADVANCED_FACE('',(#8541),#3378,.F.);
#8541 = FACE_BOUND('',#8542,.T.);
#8542 = EDGE_LOOP('',(#8543,#8566,#8567,#8568));
#8543 = ORIENTED_EDGE('',*,*,#8544,.F.);
#8544 = EDGE_CURVE('',#3363,#8545,#8547,.T.);
#8545 = VERTEX_POINT('',#8546);
#8546 = CARTESIAN_POINT('',(0.5,-38.,30.5));
#8547 = SURFACE_CURVE('',#8548,(#8552,#8559),.PCURVE_S1.);
#8548 = LINE('',#8549,#8550);
#8549 = CARTESIAN_POINT('',(0.125,-38.375,30.5));
#8550 = VECTOR('',#8551,1.);
#8551 = DIRECTION('',(0.707106781187,0.707106781187,-5.638653632648E-15)
  );
#8552 = PCURVE('',#3378,#8553);
#8553 = DEFINITIONAL_REPRESENTATION('',(#8554),#8558);
#8554 = LINE('',#8555,#8556);
#8555 = CARTESIAN_POINT('',(-0.5,-0.176776695297));
#8556 = VECTOR('',#8557,1.);
#8557 = DIRECTION('',(-5.638653632648E-15,1.));
#8558 = ( GEOMETRIC_REPRESENTATION_CONTEXT(2) 
PARAMETRIC_REPRESENTATION_CONTEXT() REPRESENTATION_CONTEXT('2D SPACE',''
  ) );
#8559 = PCURVE('',#3406,#8560);
#8560 = DEFINITIONAL_REPRESENTATION('',(#8561),#8565);
#8561 = LINE('',#8562,#8563);
#8562 = CARTESIAN_POINT('',(4.783542904563E-02,0.170181584574));
#8563 = VECTOR('',#8564,1.);
#8564 = DIRECTION('',(0.270598050073,0.962692419881));
#8565 = ( GEOMETRIC_REPRESENTATION_CONTEXT(2) 
PARAMETRIC_REPRESENTATION_CONTEXT() REPRESENTATION_CONTEXT('2D SPACE',''
  ) );
#8566 = ORIENTED_EDGE('',*,*,#3362,.T.);
#8567 = ORIENTED_EDGE('',*,*,#8438,.T.);
#8568 = ORIENTED_EDGE('',*,*,#8569,.F.);
#8569 = EDGE_CURVE('',#8545,#8439,#8570,.T.);
#8570 = SURFACE_CURVE('',#8571,(#8575,#8582),.PCURVE_S1.);
#8571 = LINE('',#8572,#8573);
#8572 = CARTESIAN_POINT('',(0.5,-38.,31.));
#8573 = VECTOR('',#8574,1.);
#8574 = DIRECTION('',(0.,0.,-1.));
#8575 = PCURVE('',#3378,#8576);
#8576 = DEFINITIONAL_REPRESENTATION('',(#8577),#8581);
#8577 = LINE('',#8578,#8579);
#8578 = CARTESIAN_POINT('',(-0.,0.353553390593));
#8579 = VECTOR('',#8580,1.);
#8580 = DIRECTION('',(-1.,0.));
#8581 = ( GEOMETRIC_REPRESENTATION_CONTEXT(2) 
PARAMETRIC_REPRESENTATION_CONTEXT() REPRESENTATION_CONTEXT('2D SPACE',''
  ) );
#8582 = PCURVE('',#8583,#8588);
#8583 = PLANE('',#8584);
#8584 = AXIS2_PLACEMENT_3D('',#8585,#8586,#8587);
#8585 = CARTESIAN_POINT('',(15.,-38.,31.));
#8586 = DIRECTION('',(0.,-1.,0.));
#8587 = DIRECTION('',(0.,0.,-1.));
#8588 = DEFINITIONAL_REPRESENTATION('',(#8589),#8593);
#8589 = LINE('',#8590,#8591);
#8590 = CARTESIAN_POINT('',(0.,-14.5));
#8591 = VECTOR('',#8592,1.);
#8592 = DIRECTION('',(1.,0.));
#8593 = ( GEOMETRIC_REPRESENTATION_CONTEXT(2) 
PARAMETRIC_REPRESENTATION_CONTEXT() REPRESENTATION_CONTEXT('2D SPACE',''
  ) );
#8594 = ADVANCED_FACE('',(#8595),#3602,.F.);
#8595 = FACE_BOUND('',#8596,.T.);
#8596 = EDGE_LOOP('',(#8597,#8598,#8599,#8622));
#8597 = ORIENTED_EDGE('',*,*,#8492,.F.);
#8598 = ORIENTED_EDGE('',*,*,#3586,.T.);
#8599 = ORIENTED_EDGE('',*,*,#8600,.T.);
#8600 = EDGE_CURVE('',#3559,#8601,#8603,.T.);
#8601 = VERTEX_POINT('',#8602);
#8602 = CARTESIAN_POINT('',(0.5,38.,30.5));
#8603 = SURFACE_CURVE('',#8604,(#8608,#8615),.PCURVE_S1.);
#8604 = LINE('',#8605,#8606);
#8605 = CARTESIAN_POINT('',(0.125,38.375,30.5));
#8606 = VECTOR('',#8607,1.);
#8607 = DIRECTION('',(0.707106781187,-0.707106781187,-6.953309766019E-15
    ));
#8608 = PCURVE('',#3602,#8609);
#8609 = DEFINITIONAL_REPRESENTATION('',(#8610),#8614);
#8610 = LINE('',#8611,#8612);
#8611 = CARTESIAN_POINT('',(-61.5,-0.176776695296));
#8612 = VECTOR('',#8613,1.);
#8613 = DIRECTION('',(6.953309766019E-15,1.));
#8614 = ( GEOMETRIC_REPRESENTATION_CONTEXT(2) 
PARAMETRIC_REPRESENTATION_CONTEXT() REPRESENTATION_CONTEXT('2D SPACE',''
  ) );
#8615 = PCURVE('',#3574,#8616);
#8616 = DEFINITIONAL_REPRESENTATION('',(#8617),#8621);
#8617 = LINE('',#8618,#8619);
#8618 = CARTESIAN_POINT('',(4.783542904564E-02,0.170181584574));
#8619 = VECTOR('',#8620,1.);
#8620 = DIRECTION('',(0.270598050073,0.962692419881));
#8621 = ( GEOMETRIC_REPRESENTATION_CONTEXT(2) 
PARAMETRIC_REPRESENTATION_CONTEXT() REPRESENTATION_CONTEXT('2D SPACE',''
  ) );
#8622 = ORIENTED_EDGE('',*,*,#8623,.F.);
#8623 = EDGE_CURVE('',#8493,#8601,#8624,.T.);
#8624 = SURFACE_CURVE('',#8625,(#8629,#8636),.PCURVE_S1.);
#8625 = LINE('',#8626,#8627);
#8626 = CARTESIAN_POINT('',(0.5,38.,-31.));
#8627 = VECTOR('',#8628,1.);
#8628 = DIRECTION('',(0.,0.,1.));
#8629 = PCURVE('',#3602,#8630);
#8630 = DEFINITIONAL_REPRESENTATION('',(#8631),#8635);
#8631 = LINE('',#8632,#8633);
#8632 = CARTESIAN_POINT('',(-0.,0.353553390593));
#8633 = VECTOR('',#8634,1.);
#8634 = DIRECTION('',(-1.,0.));
#8635 = ( GEOMETRIC_REPRESENTATION_CONTEXT(2) 
PARAMETRIC_REPRESENTATION_CONTEXT() REPRESENTATION_CONTEXT('2D SPACE',''
  ) );
#8636 = PCURVE('',#8637,#8642);
#8637 = PLANE('',#8638);
#8638 = AXIS2_PLACEMENT_3D('',#8639,#8640,#8641);
#8639 = CARTESIAN_POINT('',(15.,38.,-31.));
#8640 = DIRECTION('',(0.,1.,0.));
#8641 = DIRECTION('',(0.,-0.,1.));
#8642 = DEFINITIONAL_REPRESENTATION('',(#8643),#8647);
#8643 = LINE('',#8644,#8645);
#8644 = CARTESIAN_POINT('',(0.,-14.5));
#8645 = VECTOR('',#8646,1.);
#8646 = DIRECTION('',(1.,0.));
#8647 = ( GEOMETRIC_REPRESENTATION_CONTEXT(2) 
PARAMETRIC_REPRESENTATION_CONTEXT() REPRESENTATION_CONTEXT('2D SPACE',''
  ) );
#8648 = ADVANCED_FACE('',(#8649),#3406,.F.);
#8649 = FACE_BOUND('',#8650,.F.);
#8650 = EDGE_LOOP('',(#8651,#8652,#8653,#8676));
#8651 = ORIENTED_EDGE('',*,*,#8544,.F.);
#8652 = ORIENTED_EDGE('',*,*,#3390,.T.);
#8653 = ORIENTED_EDGE('',*,*,#8654,.T.);
#8654 = EDGE_CURVE('',#3391,#8655,#8657,.T.);
#8655 = VERTEX_POINT('',#8656);
#8656 = CARTESIAN_POINT('',(0.5,-37.6464466094,31.353553390593));
#8657 = SURFACE_CURVE('',#8658,(#8662,#8669),.PCURVE_S1.);
#8658 = LINE('',#8659,#8660);
#8659 = CARTESIAN_POINT('',(0.25,-37.8232233047,31.53033008589));
#8660 = VECTOR('',#8661,1.);
#8661 = DIRECTION('',(0.707106781187,0.5,-0.5));
#8662 = PCURVE('',#3406,#8663);
#8663 = DEFINITIONAL_REPRESENTATION('',(#8664),#8668);
#8664 = LINE('',#8665,#8666);
#8665 = CARTESIAN_POINT('',(1.210892106785,0.340363169147));
#8666 = VECTOR('',#8667,1.);
#8667 = DIRECTION('',(-0.270598050073,0.962692419881));
#8668 = ( GEOMETRIC_REPRESENTATION_CONTEXT(2) 
PARAMETRIC_REPRESENTATION_CONTEXT() REPRESENTATION_CONTEXT('2D SPACE',''
  ) );
#8669 = PCURVE('',#3434,#8670);
#8670 = DEFINITIONAL_REPRESENTATION('',(#8671),#8675);
#8671 = LINE('',#8672,#8673);
#8672 = CARTESIAN_POINT('',(-9.399494936612,-1.393050938316E-14));
#8673 = VECTOR('',#8674,1.);
#8674 = DIRECTION('',(-3.97843133761E-15,1.));
#8675 = ( GEOMETRIC_REPRESENTATION_CONTEXT(2) 
PARAMETRIC_REPRESENTATION_CONTEXT() REPRESENTATION_CONTEXT('2D SPACE',''
  ) );
#8676 = ORIENTED_EDGE('',*,*,#8677,.F.);
#8677 = EDGE_CURVE('',#8545,#8655,#8678,.T.);
#8678 = SURFACE_CURVE('',#8679,(#8683,#8690),.PCURVE_S1.);
#8679 = LINE('',#8680,#8681);
#8680 = CARTESIAN_POINT('',(0.5,-37.9482233047,30.625));
#8681 = VECTOR('',#8682,1.);
#8682 = DIRECTION('',(1.933006673738E-16,0.382683432365,0.923879532511)
  );
#8683 = PCURVE('',#3406,#8684);
#8684 = DEFINITIONAL_REPRESENTATION('',(#8685),#8689);
#8685 = LINE('',#8686,#8687);
#8686 = CARTESIAN_POINT('',(0.326640741219,0.680726338295));
#8687 = VECTOR('',#8688,1.);
#8688 = DIRECTION('',(1.,-9.427568711299E-17));
#8689 = ( GEOMETRIC_REPRESENTATION_CONTEXT(2) 
PARAMETRIC_REPRESENTATION_CONTEXT() REPRESENTATION_CONTEXT('2D SPACE',''
  ) );
#8690 = PCURVE('',#8691,#8696);
#8691 = PLANE('',#8692);
#8692 = AXIS2_PLACEMENT_3D('',#8693,#8694,#8695);
#8693 = CARTESIAN_POINT('',(30.,-37.8232233047,30.926776695297));
#8694 = DIRECTION('',(-6.433501365102E-18,-0.923879532511,0.382683432365
    ));
#8695 = DIRECTION('',(1.,-5.943780233601E-18,2.461994384523E-18));
#8696 = DEFINITIONAL_REPRESENTATION('',(#8697),#8701);
#8697 = LINE('',#8698,#8699);
#8698 = CARTESIAN_POINT('',(-29.5,-0.326640741219));
#8699 = VECTOR('',#8700,1.);
#8700 = DIRECTION('',(1.933006673738E-16,1.));
#8701 = ( GEOMETRIC_REPRESENTATION_CONTEXT(2) 
PARAMETRIC_REPRESENTATION_CONTEXT() REPRESENTATION_CONTEXT('2D SPACE',''
  ) );
#8702 = ADVANCED_FACE('',(#8703),#3574,.T.);
#8703 = FACE_BOUND('',#8704,.T.);
#8704 = EDGE_LOOP('',(#8705,#8706,#8707,#8730));
#8705 = ORIENTED_EDGE('',*,*,#8600,.F.);
#8706 = ORIENTED_EDGE('',*,*,#3558,.T.);
#8707 = ORIENTED_EDGE('',*,*,#8708,.T.);
#8708 = EDGE_CURVE('',#3531,#8709,#8711,.T.);
#8709 = VERTEX_POINT('',#8710);
#8710 = CARTESIAN_POINT('',(0.5,37.646446609407,31.353553390593));
#8711 = SURFACE_CURVE('',#8712,(#8716,#8723),.PCURVE_S1.);
#8712 = LINE('',#8713,#8714);
#8713 = CARTESIAN_POINT('',(0.25,37.823223304703,31.53033008589));
#8714 = VECTOR('',#8715,1.);
#8715 = DIRECTION('',(0.707106781187,-0.5,-0.5));
#8716 = PCURVE('',#3574,#8717);
#8717 = DEFINITIONAL_REPRESENTATION('',(#8718),#8722);
#8718 = LINE('',#8719,#8720);
#8719 = CARTESIAN_POINT('',(1.210892106785,0.340363169147));
#8720 = VECTOR('',#8721,1.);
#8721 = DIRECTION('',(-0.270598050073,0.962692419881));
#8722 = ( GEOMETRIC_REPRESENTATION_CONTEXT(2) 
PARAMETRIC_REPRESENTATION_CONTEXT() REPRESENTATION_CONTEXT('2D SPACE',''
  ) );
#8723 = PCURVE('',#3546,#8724);
#8724 = DEFINITIONAL_REPRESENTATION('',(#8725),#8729);
#8725 = LINE('',#8726,#8727);
#8726 = CARTESIAN_POINT('',(-0.5,3.127672884601E-15));
#8727 = VECTOR('',#8728,1.);
#8728 = DIRECTION('',(4.056935960544E-15,1.));
#8729 = ( GEOMETRIC_REPRESENTATION_CONTEXT(2) 
PARAMETRIC_REPRESENTATION_CONTEXT() REPRESENTATION_CONTEXT('2D SPACE',''
  ) );
#8730 = ORIENTED_EDGE('',*,*,#8731,.F.);
#8731 = EDGE_CURVE('',#8601,#8709,#8732,.T.);
#8732 = SURFACE_CURVE('',#8733,(#8737,#8744),.PCURVE_S1.);
#8733 = LINE('',#8734,#8735);
#8734 = CARTESIAN_POINT('',(0.5,37.948223304703,30.625));
#8735 = VECTOR('',#8736,1.);
#8736 = DIRECTION('',(-1.110168595534E-15,-0.382683432365,0.923879532511
    ));
#8737 = PCURVE('',#3574,#8738);
#8738 = DEFINITIONAL_REPRESENTATION('',(#8739),#8743);
#8739 = LINE('',#8740,#8741);
#8740 = CARTESIAN_POINT('',(0.326640741219,0.680726338295));
#8741 = VECTOR('',#8742,1.);
#8742 = DIRECTION('',(1.,-2.308176610553E-15));
#8743 = ( GEOMETRIC_REPRESENTATION_CONTEXT(2) 
PARAMETRIC_REPRESENTATION_CONTEXT() REPRESENTATION_CONTEXT('2D SPACE',''
  ) );
#8744 = PCURVE('',#8745,#8750);
#8745 = PLANE('',#8746);
#8746 = AXIS2_PLACEMENT_3D('',#8747,#8748,#8749);
#8747 = CARTESIAN_POINT('',(0.,37.823223304703,30.926776695297));
#8748 = DIRECTION('',(6.433501365102E-18,0.923879532511,0.382683432365)
  );
#8749 = DIRECTION('',(-1.,5.943780233601E-18,2.461994384523E-18));
#8750 = DEFINITIONAL_REPRESENTATION('',(#8751),#8755);
#8751 = LINE('',#8752,#8753);
#8752 = CARTESIAN_POINT('',(-0.5,-0.326640741219));
#8753 = VECTOR('',#8754,1.);
#8754 = DIRECTION('',(1.110168595534E-15,1.));
#8755 = ( GEOMETRIC_REPRESENTATION_CONTEXT(2) 
PARAMETRIC_REPRESENTATION_CONTEXT() REPRESENTATION_CONTEXT('2D SPACE',''
  ) );
#8756 = ADVANCED_FACE('',(#8757),#3434,.F.);
#8757 = FACE_BOUND('',#8758,.T.);
#8758 = EDGE_LOOP('',(#8759,#8782,#8783,#8784));
#8759 = ORIENTED_EDGE('',*,*,#8760,.F.);
#8760 = EDGE_CURVE('',#3419,#8761,#8763,.T.);
#8761 = VERTEX_POINT('',#8762);
#8762 = CARTESIAN_POINT('',(0.5,-31.35355339059,37.646446609407));
#8763 = SURFACE_CURVE('',#8764,(#8768,#8775),.PCURVE_S1.);
#8764 = LINE('',#8765,#8766);
#8765 = CARTESIAN_POINT('',(0.125,-31.61871843353,37.911611652352));
#8766 = VECTOR('',#8767,1.);
#8767 = DIRECTION('',(0.707106781187,0.5,-0.5));
#8768 = PCURVE('',#3434,#8769);
#8769 = DEFINITIONAL_REPRESENTATION('',(#8770),#8774);
#8770 = LINE('',#8771,#8772);
#8771 = CARTESIAN_POINT('',(-0.5,-0.176776695297));
#8772 = VECTOR('',#8773,1.);
#8773 = DIRECTION('',(1.773567263514E-15,1.));
#8774 = ( GEOMETRIC_REPRESENTATION_CONTEXT(2) 
PARAMETRIC_REPRESENTATION_CONTEXT() REPRESENTATION_CONTEXT('2D SPACE',''
  ) );
#8775 = PCURVE('',#3462,#8776);
#8776 = DEFINITIONAL_REPRESENTATION('',(#8777),#8781);
#8777 = LINE('',#8778,#8779);
#8778 = CARTESIAN_POINT('',(4.783542904564E-02,0.170181584574));
#8779 = VECTOR('',#8780,1.);
#8780 = DIRECTION('',(0.270598050073,0.962692419881));
#8781 = ( GEOMETRIC_REPRESENTATION_CONTEXT(2) 
PARAMETRIC_REPRESENTATION_CONTEXT() REPRESENTATION_CONTEXT('2D SPACE',''
  ) );
#8782 = ORIENTED_EDGE('',*,*,#3418,.T.);
#8783 = ORIENTED_EDGE('',*,*,#8654,.T.);
#8784 = ORIENTED_EDGE('',*,*,#8785,.F.);
#8785 = EDGE_CURVE('',#8761,#8655,#8786,.T.);
#8786 = SURFACE_CURVE('',#8787,(#8791,#8798),.PCURVE_S1.);
#8787 = LINE('',#8788,#8789);
#8788 = CARTESIAN_POINT('',(0.5,-31.,38.));
#8789 = VECTOR('',#8790,1.);
#8790 = DIRECTION('',(0.,-0.707106781187,-0.707106781187));
#8791 = PCURVE('',#3434,#8792);
#8792 = DEFINITIONAL_REPRESENTATION('',(#8793),#8797);
#8793 = LINE('',#8794,#8795);
#8794 = CARTESIAN_POINT('',(-8.881784197001E-16,0.353553390593));
#8795 = VECTOR('',#8796,1.);
#8796 = DIRECTION('',(-1.,0.));
#8797 = ( GEOMETRIC_REPRESENTATION_CONTEXT(2) 
PARAMETRIC_REPRESENTATION_CONTEXT() REPRESENTATION_CONTEXT('2D SPACE',''
  ) );
#8798 = PCURVE('',#8799,#8804);
#8799 = PLANE('',#8800);
#8800 = AXIS2_PLACEMENT_3D('',#8801,#8802,#8803);
#8801 = CARTESIAN_POINT('',(15.,-31.,38.));
#8802 = DIRECTION('',(0.,-0.707106781187,0.707106781187));
#8803 = DIRECTION('',(0.,-0.707106781187,-0.707106781187));
#8804 = DEFINITIONAL_REPRESENTATION('',(#8805),#8809);
#8805 = LINE('',#8806,#8807);
#8806 = CARTESIAN_POINT('',(0.,-14.5));
#8807 = VECTOR('',#8808,1.);
#8808 = DIRECTION('',(1.,0.));
#8809 = ( GEOMETRIC_REPRESENTATION_CONTEXT(2) 
PARAMETRIC_REPRESENTATION_CONTEXT() REPRESENTATION_CONTEXT('2D SPACE',''
  ) );
#8810 = ADVANCED_FACE('',(#8811),#3546,.F.);
#8811 = FACE_BOUND('',#8812,.T.);
#8812 = EDGE_LOOP('',(#8813,#8814,#8815,#8838));
#8813 = ORIENTED_EDGE('',*,*,#8708,.F.);
#8814 = ORIENTED_EDGE('',*,*,#3530,.T.);
#8815 = ORIENTED_EDGE('',*,*,#8816,.T.);
#8816 = EDGE_CURVE('',#3503,#8817,#8819,.T.);
#8817 = VERTEX_POINT('',#8818);
#8818 = CARTESIAN_POINT('',(0.5,31.353553390593,37.646446609407));
#8819 = SURFACE_CURVE('',#8820,(#8824,#8831),.PCURVE_S1.);
#8820 = LINE('',#8821,#8822);
#8821 = CARTESIAN_POINT('',(0.125,31.618718433538,37.911611652352));
#8822 = VECTOR('',#8823,1.);
#8823 = DIRECTION('',(0.707106781187,-0.5,-0.5));
#8824 = PCURVE('',#3546,#8825);
#8825 = DEFINITIONAL_REPRESENTATION('',(#8826),#8830);
#8826 = LINE('',#8827,#8828);
#8827 = CARTESIAN_POINT('',(-9.399494936612,-0.176776695297));
#8828 = VECTOR('',#8829,1.);
#8829 = DIRECTION('',(8.262991054852E-15,1.));
#8830 = ( GEOMETRIC_REPRESENTATION_CONTEXT(2) 
PARAMETRIC_REPRESENTATION_CONTEXT() REPRESENTATION_CONTEXT('2D SPACE',''
  ) );
#8831 = PCURVE('',#3518,#8832);
#8832 = DEFINITIONAL_REPRESENTATION('',(#8833),#8837);
#8833 = LINE('',#8834,#8835);
#8834 = CARTESIAN_POINT('',(4.783542904564E-02,0.170181584574));
#8835 = VECTOR('',#8836,1.);
#8836 = DIRECTION('',(0.270598050073,0.962692419881));
#8837 = ( GEOMETRIC_REPRESENTATION_CONTEXT(2) 
PARAMETRIC_REPRESENTATION_CONTEXT() REPRESENTATION_CONTEXT('2D SPACE',''
  ) );
#8838 = ORIENTED_EDGE('',*,*,#8839,.F.);
#8839 = EDGE_CURVE('',#8709,#8817,#8840,.T.);
#8840 = SURFACE_CURVE('',#8841,(#8845,#8852),.PCURVE_S1.);
#8841 = LINE('',#8842,#8843);
#8842 = CARTESIAN_POINT('',(0.5,38.,31.));
#8843 = VECTOR('',#8844,1.);
#8844 = DIRECTION('',(0.,-0.707106781187,0.707106781187));
#8845 = PCURVE('',#3546,#8846);
#8846 = DEFINITIONAL_REPRESENTATION('',(#8847),#8851);
#8847 = LINE('',#8848,#8849);
#8848 = CARTESIAN_POINT('',(-1.7763568394E-15,0.353553390593));
#8849 = VECTOR('',#8850,1.);
#8850 = DIRECTION('',(-1.,0.));
#8851 = ( GEOMETRIC_REPRESENTATION_CONTEXT(2) 
PARAMETRIC_REPRESENTATION_CONTEXT() REPRESENTATION_CONTEXT('2D SPACE',''
  ) );
#8852 = PCURVE('',#8853,#8858);
#8853 = PLANE('',#8854);
#8854 = AXIS2_PLACEMENT_3D('',#8855,#8856,#8857);
#8855 = CARTESIAN_POINT('',(15.,38.,31.));
#8856 = DIRECTION('',(-0.,0.707106781187,0.707106781187));
#8857 = DIRECTION('',(0.,-0.707106781187,0.707106781187));
#8858 = DEFINITIONAL_REPRESENTATION('',(#8859),#8863);
#8859 = LINE('',#8860,#8861);
#8860 = CARTESIAN_POINT('',(0.,-14.5));
#8861 = VECTOR('',#8862,1.);
#8862 = DIRECTION('',(1.,0.));
#8863 = ( GEOMETRIC_REPRESENTATION_CONTEXT(2) 
PARAMETRIC_REPRESENTATION_CONTEXT() REPRESENTATION_CONTEXT('2D SPACE',''
  ) );
#8864 = ADVANCED_FACE('',(#8865),#3462,.F.);
#8865 = FACE_BOUND('',#8866,.F.);
#8866 = EDGE_LOOP('',(#8867,#8868,#8869,#8892));
#8867 = ORIENTED_EDGE('',*,*,#8760,.F.);
#8868 = ORIENTED_EDGE('',*,*,#3446,.T.);
#8869 = ORIENTED_EDGE('',*,*,#8870,.T.);
#8870 = EDGE_CURVE('',#3447,#8871,#8873,.T.);
#8871 = VERTEX_POINT('',#8872);
#8872 = CARTESIAN_POINT('',(0.5,-30.5,38.));
#8873 = SURFACE_CURVE('',#8874,(#8878,#8885),.PCURVE_S1.);
#8874 = LINE('',#8875,#8876);
#8875 = CARTESIAN_POINT('',(0.25,-30.5,38.25));
#8876 = VECTOR('',#8877,1.);
#8877 = DIRECTION('',(0.707106781187,9.719985074425E-15,-0.707106781187)
  );
#8878 = PCURVE('',#3462,#8879);
#8879 = DEFINITIONAL_REPRESENTATION('',(#8880),#8884);
#8880 = LINE('',#8881,#8882);
#8881 = CARTESIAN_POINT('',(1.210892106785,0.340363169148));
#8882 = VECTOR('',#8883,1.);
#8883 = DIRECTION('',(-0.270598050073,0.962692419881));
#8884 = ( GEOMETRIC_REPRESENTATION_CONTEXT(2) 
PARAMETRIC_REPRESENTATION_CONTEXT() REPRESENTATION_CONTEXT('2D SPACE',''
  ) );
#8885 = PCURVE('',#3490,#8886);
#8886 = DEFINITIONAL_REPRESENTATION('',(#8887),#8891);
#8887 = LINE('',#8888,#8889);
#8888 = CARTESIAN_POINT('',(-61.5,2.91605421889E-13));
#8889 = VECTOR('',#8890,1.);
#8890 = DIRECTION('',(9.719985074425E-15,1.));
#8891 = ( GEOMETRIC_REPRESENTATION_CONTEXT(2) 
PARAMETRIC_REPRESENTATION_CONTEXT() REPRESENTATION_CONTEXT('2D SPACE',''
  ) );
#8892 = ORIENTED_EDGE('',*,*,#8893,.F.);
#8893 = EDGE_CURVE('',#8761,#8871,#8894,.T.);
#8894 = SURFACE_CURVE('',#8895,(#8899,#8906),.PCURVE_S1.);
#8895 = LINE('',#8896,#8897);
#8896 = CARTESIAN_POINT('',(0.5,-31.22855339059,37.698223304703));
#8897 = VECTOR('',#8898,1.);
#8898 = DIRECTION('',(1.270946219029E-15,0.923879532511,0.382683432365)
  );
#8899 = PCURVE('',#3462,#8900);
#8900 = DEFINITIONAL_REPRESENTATION('',(#8901),#8905);
#8901 = LINE('',#8902,#8903);
#8902 = CARTESIAN_POINT('',(0.326640741219,0.680726338295));
#8903 = VECTOR('',#8904,1.);
#8904 = DIRECTION('',(1.,2.221442703372E-15));
#8905 = ( GEOMETRIC_REPRESENTATION_CONTEXT(2) 
PARAMETRIC_REPRESENTATION_CONTEXT() REPRESENTATION_CONTEXT('2D SPACE',''
  ) );
#8906 = PCURVE('',#8907,#8912);
#8907 = PLANE('',#8908);
#8908 = AXIS2_PLACEMENT_3D('',#8909,#8910,#8911);
#8909 = CARTESIAN_POINT('',(0.,-30.92677669529,37.823223304703));
#8910 = DIRECTION('',(8.503541798748E-18,-0.382683432365,0.923879532511)
  );
#8911 = DIRECTION('',(1.,3.254164562805E-18,-7.856248221717E-18));
#8912 = DEFINITIONAL_REPRESENTATION('',(#8913),#8917);
#8913 = LINE('',#8914,#8915);
#8914 = CARTESIAN_POINT('',(0.5,-0.326640741219));
#8915 = VECTOR('',#8916,1.);
#8916 = DIRECTION('',(1.270946219029E-15,1.));
#8917 = ( GEOMETRIC_REPRESENTATION_CONTEXT(2) 
PARAMETRIC_REPRESENTATION_CONTEXT() REPRESENTATION_CONTEXT('2D SPACE',''
  ) );
#8918 = ADVANCED_FACE('',(#8919),#3518,.T.);
#8919 = FACE_BOUND('',#8920,.T.);
#8920 = EDGE_LOOP('',(#8921,#8922,#8923,#8946));
#8921 = ORIENTED_EDGE('',*,*,#8816,.F.);
#8922 = ORIENTED_EDGE('',*,*,#3502,.T.);
#8923 = ORIENTED_EDGE('',*,*,#8924,.T.);
#8924 = EDGE_CURVE('',#3475,#8925,#8927,.T.);
#8925 = VERTEX_POINT('',#8926);
#8926 = CARTESIAN_POINT('',(0.5,30.5,38.));
#8927 = SURFACE_CURVE('',#8928,(#8932,#8939),.PCURVE_S1.);
#8928 = LINE('',#8929,#8930);
#8929 = CARTESIAN_POINT('',(0.25,30.5,38.25));
#8930 = VECTOR('',#8931,1.);
#8931 = DIRECTION('',(0.707106781187,-1.723279233521E-14,-0.707106781187
    ));
#8932 = PCURVE('',#3518,#8933);
#8933 = DEFINITIONAL_REPRESENTATION('',(#8934),#8938);
#8934 = LINE('',#8935,#8936);
#8935 = CARTESIAN_POINT('',(1.210892106785,0.340363169147));
#8936 = VECTOR('',#8937,1.);
#8937 = DIRECTION('',(-0.270598050073,0.962692419881));
#8938 = ( GEOMETRIC_REPRESENTATION_CONTEXT(2) 
PARAMETRIC_REPRESENTATION_CONTEXT() REPRESENTATION_CONTEXT('2D SPACE',''
  ) );
#8939 = PCURVE('',#3490,#8940);
#8940 = DEFINITIONAL_REPRESENTATION('',(#8941),#8945);
#8941 = LINE('',#8942,#8943);
#8942 = CARTESIAN_POINT('',(-0.5,-1.785980171753E-14));
#8943 = VECTOR('',#8944,1.);
#8944 = DIRECTION('',(-1.723279233521E-14,1.));
#8945 = ( GEOMETRIC_REPRESENTATION_CONTEXT(2) 
PARAMETRIC_REPRESENTATION_CONTEXT() REPRESENTATION_CONTEXT('2D SPACE',''
  ) );
#8946 = ORIENTED_EDGE('',*,*,#8947,.F.);
#8947 = EDGE_CURVE('',#8817,#8925,#8948,.T.);
#8948 = SURFACE_CURVE('',#8949,(#8953,#8960),.PCURVE_S1.);
#8949 = LINE('',#8950,#8951);
#8950 = CARTESIAN_POINT('',(0.5,31.228553390593,37.698223304703));
#8951 = VECTOR('',#8952,1.);
#8952 = DIRECTION('',(-4.752405164328E-16,-0.923879532511,0.382683432365
    ));
#8953 = PCURVE('',#3518,#8954);
#8954 = DEFINITIONAL_REPRESENTATION('',(#8955),#8959);
#8955 = LINE('',#8956,#8957);
#8956 = CARTESIAN_POINT('',(0.326640741219,0.680726338295));
#8957 = VECTOR('',#8958,1.);
#8958 = DIRECTION('',(1.,-1.33317275814E-18));
#8959 = ( GEOMETRIC_REPRESENTATION_CONTEXT(2) 
PARAMETRIC_REPRESENTATION_CONTEXT() REPRESENTATION_CONTEXT('2D SPACE',''
  ) );
#8960 = PCURVE('',#8961,#8966);
#8961 = PLANE('',#8962);
#8962 = AXIS2_PLACEMENT_3D('',#8963,#8964,#8965);
#8963 = CARTESIAN_POINT('',(0.,30.926776695297,37.823223304703));
#8964 = DIRECTION('',(-8.503541798748E-18,0.382683432365,0.923879532511)
  );
#8965 = DIRECTION('',(-1.,-3.254164562805E-18,-7.856248221717E-18));
#8966 = DEFINITIONAL_REPRESENTATION('',(#8967),#8971);
#8967 = LINE('',#8968,#8969);
#8968 = CARTESIAN_POINT('',(-0.5,-0.326640741219));
#8969 = VECTOR('',#8970,1.);
#8970 = DIRECTION('',(4.752405164328E-16,1.));
#8971 = ( GEOMETRIC_REPRESENTATION_CONTEXT(2) 
PARAMETRIC_REPRESENTATION_CONTEXT() REPRESENTATION_CONTEXT('2D SPACE',''
  ) );
#8972 = ADVANCED_FACE('',(#8973),#3490,.F.);
#8973 = FACE_BOUND('',#8974,.T.);
#8974 = EDGE_LOOP('',(#8975,#8976,#8977,#8978));
#8975 = ORIENTED_EDGE('',*,*,#8924,.F.);
#8976 = ORIENTED_EDGE('',*,*,#3474,.T.);
#8977 = ORIENTED_EDGE('',*,*,#8870,.T.);
#8978 = ORIENTED_EDGE('',*,*,#8979,.F.);
#8979 = EDGE_CURVE('',#8925,#8871,#8980,.T.);
#8980 = SURFACE_CURVE('',#8981,(#8985,#8992),.PCURVE_S1.);
#8981 = LINE('',#8982,#8983);
#8982 = CARTESIAN_POINT('',(0.5,31.,38.));
#8983 = VECTOR('',#8984,1.);
#8984 = DIRECTION('',(0.,-1.,0.));
#8985 = PCURVE('',#3490,#8986);
#8986 = DEFINITIONAL_REPRESENTATION('',(#8987),#8991);
#8987 = LINE('',#8988,#8989);
#8988 = CARTESIAN_POINT('',(-0.,0.353553390593));
#8989 = VECTOR('',#8990,1.);
#8990 = DIRECTION('',(-1.,0.));
#8991 = ( GEOMETRIC_REPRESENTATION_CONTEXT(2) 
PARAMETRIC_REPRESENTATION_CONTEXT() REPRESENTATION_CONTEXT('2D SPACE',''
  ) );
#8992 = PCURVE('',#8993,#8998);
#8993 = PLANE('',#8994);
#8994 = AXIS2_PLACEMENT_3D('',#8995,#8996,#8997);
#8995 = CARTESIAN_POINT('',(15.,31.,38.));
#8996 = DIRECTION('',(-0.,0.,1.));
#8997 = DIRECTION('',(0.,-1.,0.));
#8998 = DEFINITIONAL_REPRESENTATION('',(#8999),#9003);
#8999 = LINE('',#9000,#9001);
#9000 = CARTESIAN_POINT('',(0.,-14.5));
#9001 = VECTOR('',#9002,1.);
#9002 = DIRECTION('',(1.,0.));
#9003 = ( GEOMETRIC_REPRESENTATION_CONTEXT(2) 
PARAMETRIC_REPRESENTATION_CONTEXT() REPRESENTATION_CONTEXT('2D SPACE',''
  ) );
#9004 = ADVANCED_FACE('',(#9005),#3715,.F.);
#9005 = FACE_BOUND('',#9006,.T.);
#9006 = EDGE_LOOP('',(#9007,#9028,#9029,#9030));
#9007 = ORIENTED_EDGE('',*,*,#9008,.F.);
#9008 = EDGE_CURVE('',#3699,#9009,#9011,.T.);
#9009 = VERTEX_POINT('',#9010);
#9010 = CARTESIAN_POINT('',(-0.5,-52.,47.25));
#9011 = SEAM_CURVE('',#9012,(#9016,#9022),.PCURVE_S1.);
#9012 = LINE('',#9013,#9014);
#9013 = CARTESIAN_POINT('',(-0.5,-52.,47.25));
#9014 = VECTOR('',#9015,1.);
#9015 = DIRECTION('',(-0.707106781187,-0.,0.707106781187));
#9016 = PCURVE('',#3715,#9017);
#9017 = DEFINITIONAL_REPRESENTATION('',(#9018),#9021);
#9018 = B_SPLINE_CURVE_WITH_KNOTS('',1,(#9019,#9020),.UNSPECIFIED.,.F.,
  .F.,(2,2),(-0.707106781187,0.),.PIECEWISE_BEZIER_KNOTS.);
#9019 = CARTESIAN_POINT('',(0.,0.5));
#9020 = CARTESIAN_POINT('',(0.,0.));
#9021 = ( GEOMETRIC_REPRESENTATION_CONTEXT(2) 
PARAMETRIC_REPRESENTATION_CONTEXT() REPRESENTATION_CONTEXT('2D SPACE',''
  ) );
#9022 = PCURVE('',#3715,#9023);
#9023 = DEFINITIONAL_REPRESENTATION('',(#9024),#9027);
#9024 = B_SPLINE_CURVE_WITH_KNOTS('',1,(#9025,#9026),.UNSPECIFIED.,.F.,
  .F.,(2,2),(-0.707106781187,0.),.PIECEWISE_BEZIER_KNOTS.);
#9025 = CARTESIAN_POINT('',(6.28318530718,0.5));
#9026 = CARTESIAN_POINT('',(6.28318530718,0.));
#9027 = ( GEOMETRIC_REPRESENTATION_CONTEXT(2) 
PARAMETRIC_REPRESENTATION_CONTEXT() REPRESENTATION_CONTEXT('2D SPACE',''
  ) );
#9028 = ORIENTED_EDGE('',*,*,#3698,.T.);
#9029 = ORIENTED_EDGE('',*,*,#9008,.T.);
#9030 = ORIENTED_EDGE('',*,*,#9031,.F.);
#9031 = EDGE_CURVE('',#9009,#9009,#9032,.T.);
#9032 = SURFACE_CURVE('',#9033,(#9038,#9045),.PCURVE_S1.);
#9033 = CIRCLE('',#9034,2.75);
#9034 = AXIS2_PLACEMENT_3D('',#9035,#9036,#9037);
#9035 = CARTESIAN_POINT('',(-0.5,-52.,50.));
#9036 = DIRECTION('',(1.,0.,0.));
#9037 = DIRECTION('',(0.,0.,-1.));
#9038 = PCURVE('',#3715,#9039);
#9039 = DEFINITIONAL_REPRESENTATION('',(#9040),#9044);
#9040 = LINE('',#9041,#9042);
#9041 = CARTESIAN_POINT('',(0.,-0.));
#9042 = VECTOR('',#9043,1.);
#9043 = DIRECTION('',(1.,-0.));
#9044 = ( GEOMETRIC_REPRESENTATION_CONTEXT(2) 
PARAMETRIC_REPRESENTATION_CONTEXT() REPRESENTATION_CONTEXT('2D SPACE',''
  ) );
#9045 = PCURVE('',#9046,#9051);
#9046 = CYLINDRICAL_SURFACE('',#9047,2.75);
#9047 = AXIS2_PLACEMENT_3D('',#9048,#9049,#9050);
#9048 = CARTESIAN_POINT('',(-7.5,-52.,50.));
#9049 = DIRECTION('',(1.,0.,2.22044604925E-16));
#9050 = DIRECTION('',(2.22044604925E-16,0.,-1.));
#9051 = DEFINITIONAL_REPRESENTATION('',(#9052),#9056);
#9052 = LINE('',#9053,#9054);
#9053 = CARTESIAN_POINT('',(0.,7.));
#9054 = VECTOR('',#9055,1.);
#9055 = DIRECTION('',(1.,0.));
#9056 = ( GEOMETRIC_REPRESENTATION_CONTEXT(2) 
PARAMETRIC_REPRESENTATION_CONTEXT() REPRESENTATION_CONTEXT('2D SPACE',''
  ) );
#9057 = ADVANCED_FACE('',(#9058),#3746,.F.);
#9058 = FACE_BOUND('',#9059,.T.);
#9059 = EDGE_LOOP('',(#9060,#9081,#9082,#9083));
#9060 = ORIENTED_EDGE('',*,*,#9061,.F.);
#9061 = EDGE_CURVE('',#3730,#9062,#9064,.T.);
#9062 = VERTEX_POINT('',#9063);
#9063 = CARTESIAN_POINT('',(-0.5,52.,47.25));
#9064 = SEAM_CURVE('',#9065,(#9069,#9075),.PCURVE_S1.);
#9065 = LINE('',#9066,#9067);
#9066 = CARTESIAN_POINT('',(-0.5,52.,47.25));
#9067 = VECTOR('',#9068,1.);
#9068 = DIRECTION('',(-0.707106781187,-0.,0.707106781187));
#9069 = PCURVE('',#3746,#9070);
#9070 = DEFINITIONAL_REPRESENTATION('',(#9071),#9074);
#9071 = B_SPLINE_CURVE_WITH_KNOTS('',1,(#9072,#9073),.UNSPECIFIED.,.F.,
  .F.,(2,2),(-0.707106781187,0.),.PIECEWISE_BEZIER_KNOTS.);
#9072 = CARTESIAN_POINT('',(0.,0.5));
#9073 = CARTESIAN_POINT('',(0.,0.));
#9074 = ( GEOMETRIC_REPRESENTATION_CONTEXT(2) 
PARAMETRIC_REPRESENTATION_CONTEXT() REPRESENTATION_CONTEXT('2D SPACE',''
  ) );
#9075 = PCURVE('',#3746,#9076);
#9076 = DEFINITIONAL_REPRESENTATION('',(#9077),#9080);
#9077 = B_SPLINE_CURVE_WITH_KNOTS('',1,(#9078,#9079),.UNSPECIFIED.,.F.,
  .F.,(2,2),(-0.707106781187,0.),.PIECEWISE_BEZIER_KNOTS.);
#9078 = CARTESIAN_POINT('',(6.28318530718,0.5));
#9079 = CARTESIAN_POINT('',(6.28318530718,0.));
#9080 = ( GEOMETRIC_REPRESENTATION_CONTEXT(2) 
PARAMETRIC_REPRESENTATION_CONTEXT() REPRESENTATION_CONTEXT('2D SPACE',''
  ) );
#9081 = ORIENTED_EDGE('',*,*,#3729,.T.);
#9082 = ORIENTED_EDGE('',*,*,#9061,.T.);
#9083 = ORIENTED_EDGE('',*,*,#9084,.F.);
#9084 = EDGE_CURVE('',#9062,#9062,#9085,.T.);
#9085 = SURFACE_CURVE('',#9086,(#9091,#9098),.PCURVE_S1.);
#9086 = CIRCLE('',#9087,2.75);
#9087 = AXIS2_PLACEMENT_3D('',#9088,#9089,#9090);
#9088 = CARTESIAN_POINT('',(-0.5,52.,50.));
#9089 = DIRECTION('',(1.,0.,0.));
#9090 = DIRECTION('',(0.,0.,-1.));
#9091 = PCURVE('',#3746,#9092);
#9092 = DEFINITIONAL_REPRESENTATION('',(#9093),#9097);
#9093 = LINE('',#9094,#9095);
#9094 = CARTESIAN_POINT('',(0.,-0.));
#9095 = VECTOR('',#9096,1.);
#9096 = DIRECTION('',(1.,-0.));
#9097 = ( GEOMETRIC_REPRESENTATION_CONTEXT(2) 
PARAMETRIC_REPRESENTATION_CONTEXT() REPRESENTATION_CONTEXT('2D SPACE',''
  ) );
#9098 = PCURVE('',#9099,#9104);
#9099 = CYLINDRICAL_SURFACE('',#9100,2.75);
#9100 = AXIS2_PLACEMENT_3D('',#9101,#9102,#9103);
#9101 = CARTESIAN_POINT('',(-7.5,52.,50.));
#9102 = DIRECTION('',(1.,0.,2.22044604925E-16));
#9103 = DIRECTION('',(2.22044604925E-16,0.,-1.));
#9104 = DEFINITIONAL_REPRESENTATION('',(#9105),#9109);
#9105 = LINE('',#9106,#9107);
#9106 = CARTESIAN_POINT('',(0.,7.));
#9107 = VECTOR('',#9108,1.);
#9108 = DIRECTION('',(1.,0.));
#9109 = ( GEOMETRIC_REPRESENTATION_CONTEXT(2) 
PARAMETRIC_REPRESENTATION_CONTEXT() REPRESENTATION_CONTEXT('2D SPACE',''
  ) );
#9110 = ADVANCED_FACE('',(#9111),#3952,.T.);
#9111 = FACE_BOUND('',#9112,.T.);
#9112 = EDGE_LOOP('',(#9113,#9114,#9115,#9116));
#9113 = ORIENTED_EDGE('',*,*,#3938,.T.);
#9114 = ORIENTED_EDGE('',*,*,#7442,.F.);
#9115 = ORIENTED_EDGE('',*,*,#7644,.F.);
#9116 = ORIENTED_EDGE('',*,*,#9117,.T.);
#9117 = EDGE_CURVE('',#7620,#3914,#9118,.T.);
#9118 = SURFACE_CURVE('',#9119,(#9123,#9130),.PCURVE_S1.);
#9119 = LINE('',#9120,#9121);
#9120 = CARTESIAN_POINT('',(0.,-70.,55.5));
#9121 = VECTOR('',#9122,1.);
#9122 = DIRECTION('',(-1.,0.,0.));
#9123 = PCURVE('',#3952,#9124);
#9124 = DEFINITIONAL_REPRESENTATION('',(#9125),#9129);
#9125 = LINE('',#9126,#9127);
#9126 = CARTESIAN_POINT('',(0.5,3.));
#9127 = VECTOR('',#9128,1.);
#9128 = DIRECTION('',(0.,-1.));
#9129 = ( GEOMETRIC_REPRESENTATION_CONTEXT(2) 
PARAMETRIC_REPRESENTATION_CONTEXT() REPRESENTATION_CONTEXT('2D SPACE',''
  ) );
#9130 = PCURVE('',#4060,#9131);
#9131 = DEFINITIONAL_REPRESENTATION('',(#9132),#9136);
#9132 = LINE('',#9133,#9134);
#9133 = CARTESIAN_POINT('',(-0.,-0.461939766256));
#9134 = VECTOR('',#9135,1.);
#9135 = DIRECTION('',(-1.,0.));
#9136 = ( GEOMETRIC_REPRESENTATION_CONTEXT(2) 
PARAMETRIC_REPRESENTATION_CONTEXT() REPRESENTATION_CONTEXT('2D SPACE',''
  ) );
#9137 = ADVANCED_FACE('',(#9138),#4006,.T.);
#9138 = FACE_BOUND('',#9139,.T.);
#9139 = EDGE_LOOP('',(#9140,#9141,#9162,#9163));
#9140 = ORIENTED_EDGE('',*,*,#3992,.T.);
#9141 = ORIENTED_EDGE('',*,*,#9142,.T.);
#9142 = EDGE_CURVE('',#3970,#7671,#9143,.T.);
#9143 = SURFACE_CURVE('',#9144,(#9148,#9155),.PCURVE_S1.);
#9144 = LINE('',#9145,#9146);
#9145 = CARTESIAN_POINT('',(-6.,70.,55.5));
#9146 = VECTOR('',#9147,1.);
#9147 = DIRECTION('',(1.,0.,0.));
#9148 = PCURVE('',#4006,#9149);
#9149 = DEFINITIONAL_REPRESENTATION('',(#9150),#9154);
#9150 = LINE('',#9151,#9152);
#9151 = CARTESIAN_POINT('',(95.5,-3.));
#9152 = VECTOR('',#9153,1.);
#9153 = DIRECTION('',(0.,1.));
#9154 = ( GEOMETRIC_REPRESENTATION_CONTEXT(2) 
PARAMETRIC_REPRESENTATION_CONTEXT() REPRESENTATION_CONTEXT('2D SPACE',''
  ) );
#9155 = PCURVE('',#4114,#9156);
#9156 = DEFINITIONAL_REPRESENTATION('',(#9157),#9161);
#9157 = LINE('',#9158,#9159);
#9158 = CARTESIAN_POINT('',(-0.,-0.461939766256));
#9159 = VECTOR('',#9160,1.);
#9160 = DIRECTION('',(-1.,0.));
#9161 = ( GEOMETRIC_REPRESENTATION_CONTEXT(2) 
PARAMETRIC_REPRESENTATION_CONTEXT() REPRESENTATION_CONTEXT('2D SPACE',''
  ) );
#9162 = ORIENTED_EDGE('',*,*,#7693,.F.);
#9163 = ORIENTED_EDGE('',*,*,#7540,.F.);
#9164 = ADVANCED_FACE('',(#9165),#4060,.T.);
#9165 = FACE_BOUND('',#9166,.F.);
#9166 = EDGE_LOOP('',(#9167,#9168,#9169,#9190));
#9167 = ORIENTED_EDGE('',*,*,#9117,.T.);
#9168 = ORIENTED_EDGE('',*,*,#4046,.T.);
#9169 = ORIENTED_EDGE('',*,*,#9170,.F.);
#9170 = EDGE_CURVE('',#7720,#4024,#9171,.T.);
#9171 = SURFACE_CURVE('',#9172,(#9176,#9183),.PCURVE_S1.);
#9172 = LINE('',#9173,#9174);
#9173 = CARTESIAN_POINT('',(0.,-69.6464466094,56.353553390593));
#9174 = VECTOR('',#9175,1.);
#9175 = DIRECTION('',(-1.,0.,0.));
#9176 = PCURVE('',#4060,#9177);
#9177 = DEFINITIONAL_REPRESENTATION('',(#9178),#9182);
#9178 = LINE('',#9179,#9180);
#9179 = CARTESIAN_POINT('',(-1.54074395551E-33,0.461939766256));
#9180 = VECTOR('',#9181,1.);
#9181 = DIRECTION('',(-1.,0.));
#9182 = ( GEOMETRIC_REPRESENTATION_CONTEXT(2) 
PARAMETRIC_REPRESENTATION_CONTEXT() REPRESENTATION_CONTEXT('2D SPACE',''
  ) );
#9183 = PCURVE('',#4168,#9184);
#9184 = DEFINITIONAL_REPRESENTATION('',(#9185),#9189);
#9185 = LINE('',#9186,#9187);
#9186 = CARTESIAN_POINT('',(13.642135623731,3.));
#9187 = VECTOR('',#9188,1.);
#9188 = DIRECTION('',(-0.,-1.));
#9189 = ( GEOMETRIC_REPRESENTATION_CONTEXT(2) 
PARAMETRIC_REPRESENTATION_CONTEXT() REPRESENTATION_CONTEXT('2D SPACE',''
  ) );
#9190 = ORIENTED_EDGE('',*,*,#7742,.F.);
#9191 = ADVANCED_FACE('',(#9192),#4114,.T.);
#9192 = FACE_BOUND('',#9193,.F.);
#9193 = EDGE_LOOP('',(#9194,#9195,#9196,#9217));
#9194 = ORIENTED_EDGE('',*,*,#9142,.T.);
#9195 = ORIENTED_EDGE('',*,*,#7791,.T.);
#9196 = ORIENTED_EDGE('',*,*,#9197,.F.);
#9197 = EDGE_CURVE('',#4078,#7769,#9198,.T.);
#9198 = SURFACE_CURVE('',#9199,(#9203,#9210),.PCURVE_S1.);
#9199 = LINE('',#9200,#9201);
#9200 = CARTESIAN_POINT('',(-6.,69.646446609407,56.353553390593));
#9201 = VECTOR('',#9202,1.);
#9202 = DIRECTION('',(1.,0.,0.));
#9203 = PCURVE('',#4114,#9204);
#9204 = DEFINITIONAL_REPRESENTATION('',(#9205),#9209);
#9205 = LINE('',#9206,#9207);
#9206 = CARTESIAN_POINT('',(-0.,0.461939766256));
#9207 = VECTOR('',#9208,1.);
#9208 = DIRECTION('',(-1.,0.));
#9209 = ( GEOMETRIC_REPRESENTATION_CONTEXT(2) 
PARAMETRIC_REPRESENTATION_CONTEXT() REPRESENTATION_CONTEXT('2D SPACE',''
  ) );
#9210 = PCURVE('',#4222,#9211);
#9211 = DEFINITIONAL_REPRESENTATION('',(#9212),#9216);
#9212 = LINE('',#9213,#9214);
#9213 = CARTESIAN_POINT('',(0.5,-3.));
#9214 = VECTOR('',#9215,1.);
#9215 = DIRECTION('',(0.,1.));
#9216 = ( GEOMETRIC_REPRESENTATION_CONTEXT(2) 
PARAMETRIC_REPRESENTATION_CONTEXT() REPRESENTATION_CONTEXT('2D SPACE',''
  ) );
#9217 = ORIENTED_EDGE('',*,*,#4100,.F.);
#9218 = ADVANCED_FACE('',(#9219),#4168,.T.);
#9219 = FACE_BOUND('',#9220,.T.);
#9220 = EDGE_LOOP('',(#9221,#9222,#9223,#9224));
#9221 = ORIENTED_EDGE('',*,*,#4154,.T.);
#9222 = ORIENTED_EDGE('',*,*,#9170,.F.);
#9223 = ORIENTED_EDGE('',*,*,#7840,.F.);
#9224 = ORIENTED_EDGE('',*,*,#9225,.F.);
#9225 = EDGE_CURVE('',#4130,#7816,#9226,.T.);
#9226 = SURFACE_CURVE('',#9227,(#9231,#9238),.PCURVE_S1.);
#9227 = LINE('',#9228,#9229);
#9228 = CARTESIAN_POINT('',(-6.,-60.35355339059,65.646446609407));
#9229 = VECTOR('',#9230,1.);
#9230 = DIRECTION('',(1.,0.,0.));
#9231 = PCURVE('',#4168,#9232);
#9232 = DEFINITIONAL_REPRESENTATION('',(#9233),#9237);
#9233 = LINE('',#9234,#9235);
#9234 = CARTESIAN_POINT('',(0.5,-3.));
#9235 = VECTOR('',#9236,1.);
#9236 = DIRECTION('',(0.,1.));
#9237 = ( GEOMETRIC_REPRESENTATION_CONTEXT(2) 
PARAMETRIC_REPRESENTATION_CONTEXT() REPRESENTATION_CONTEXT('2D SPACE',''
  ) );
#9238 = PCURVE('',#4276,#9239);
#9239 = DEFINITIONAL_REPRESENTATION('',(#9240),#9244);
#9240 = LINE('',#9241,#9242);
#9241 = CARTESIAN_POINT('',(0.,-0.461939766256));
#9242 = VECTOR('',#9243,1.);
#9243 = DIRECTION('',(1.,0.));
#9244 = ( GEOMETRIC_REPRESENTATION_CONTEXT(2) 
PARAMETRIC_REPRESENTATION_CONTEXT() REPRESENTATION_CONTEXT('2D SPACE',''
  ) );
#9245 = ADVANCED_FACE('',(#9246),#4222,.T.);
#9246 = FACE_BOUND('',#9247,.T.);
#9247 = EDGE_LOOP('',(#9248,#9249,#9270,#9271));
#9248 = ORIENTED_EDGE('',*,*,#4208,.T.);
#9249 = ORIENTED_EDGE('',*,*,#9250,.T.);
#9250 = EDGE_CURVE('',#4186,#7867,#9251,.T.);
#9251 = SURFACE_CURVE('',#9252,(#9256,#9263),.PCURVE_S1.);
#9252 = LINE('',#9253,#9254);
#9253 = CARTESIAN_POINT('',(-6.,60.353553390593,65.646446609407));
#9254 = VECTOR('',#9255,1.);
#9255 = DIRECTION('',(1.,0.,0.));
#9256 = PCURVE('',#4222,#9257);
#9257 = DEFINITIONAL_REPRESENTATION('',(#9258),#9262);
#9258 = LINE('',#9259,#9260);
#9259 = CARTESIAN_POINT('',(13.642135623731,-3.));
#9260 = VECTOR('',#9261,1.);
#9261 = DIRECTION('',(0.,1.));
#9262 = ( GEOMETRIC_REPRESENTATION_CONTEXT(2) 
PARAMETRIC_REPRESENTATION_CONTEXT() REPRESENTATION_CONTEXT('2D SPACE',''
  ) );
#9263 = PCURVE('',#4330,#9264);
#9264 = DEFINITIONAL_REPRESENTATION('',(#9265),#9269);
#9265 = LINE('',#9266,#9267);
#9266 = CARTESIAN_POINT('',(-0.,-0.461939766256));
#9267 = VECTOR('',#9268,1.);
#9268 = DIRECTION('',(-1.,0.));
#9269 = ( GEOMETRIC_REPRESENTATION_CONTEXT(2) 
PARAMETRIC_REPRESENTATION_CONTEXT() REPRESENTATION_CONTEXT('2D SPACE',''
  ) );
#9270 = ORIENTED_EDGE('',*,*,#7889,.F.);
#9271 = ORIENTED_EDGE('',*,*,#9197,.F.);
#9272 = ADVANCED_FACE('',(#9273),#4276,.T.);
#9273 = FACE_BOUND('',#9274,.T.);
#9274 = EDGE_LOOP('',(#9275,#9276,#9277,#9298));
#9275 = ORIENTED_EDGE('',*,*,#9225,.T.);
#9276 = ORIENTED_EDGE('',*,*,#7938,.T.);
#9277 = ORIENTED_EDGE('',*,*,#9278,.F.);
#9278 = EDGE_CURVE('',#4240,#7916,#9279,.T.);
#9279 = SURFACE_CURVE('',#9280,(#9284,#9291),.PCURVE_S1.);
#9280 = LINE('',#9281,#9282);
#9281 = CARTESIAN_POINT('',(-6.,-59.5,66.));
#9282 = VECTOR('',#9283,1.);
#9283 = DIRECTION('',(1.,0.,0.));
#9284 = PCURVE('',#4276,#9285);
#9285 = DEFINITIONAL_REPRESENTATION('',(#9286),#9290);
#9286 = LINE('',#9287,#9288);
#9287 = CARTESIAN_POINT('',(0.,0.461939766256));
#9288 = VECTOR('',#9289,1.);
#9289 = DIRECTION('',(1.,0.));
#9290 = ( GEOMETRIC_REPRESENTATION_CONTEXT(2) 
PARAMETRIC_REPRESENTATION_CONTEXT() REPRESENTATION_CONTEXT('2D SPACE',''
  ) );
#9291 = PCURVE('',#4362,#9292);
#9292 = DEFINITIONAL_REPRESENTATION('',(#9293),#9297);
#9293 = LINE('',#9294,#9295);
#9294 = CARTESIAN_POINT('',(119.5,-3.));
#9295 = VECTOR('',#9296,1.);
#9296 = DIRECTION('',(0.,1.));
#9297 = ( GEOMETRIC_REPRESENTATION_CONTEXT(2) 
PARAMETRIC_REPRESENTATION_CONTEXT() REPRESENTATION_CONTEXT('2D SPACE',''
  ) );
#9298 = ORIENTED_EDGE('',*,*,#4262,.F.);
#9299 = ADVANCED_FACE('',(#9300),#4330,.T.);
#9300 = FACE_BOUND('',#9301,.F.);
#9301 = EDGE_LOOP('',(#9302,#9303,#9304,#9325));
#9302 = ORIENTED_EDGE('',*,*,#9250,.T.);
#9303 = ORIENTED_EDGE('',*,*,#7987,.T.);
#9304 = ORIENTED_EDGE('',*,*,#9305,.F.);
#9305 = EDGE_CURVE('',#4294,#7965,#9306,.T.);
#9306 = SURFACE_CURVE('',#9307,(#9311,#9318),.PCURVE_S1.);
#9307 = LINE('',#9308,#9309);
#9308 = CARTESIAN_POINT('',(-6.,59.5,66.));
#9309 = VECTOR('',#9310,1.);
#9310 = DIRECTION('',(1.,0.,0.));
#9311 = PCURVE('',#4330,#9312);
#9312 = DEFINITIONAL_REPRESENTATION('',(#9313),#9317);
#9313 = LINE('',#9314,#9315);
#9314 = CARTESIAN_POINT('',(-0.,0.461939766256));
#9315 = VECTOR('',#9316,1.);
#9316 = DIRECTION('',(-1.,0.));
#9317 = ( GEOMETRIC_REPRESENTATION_CONTEXT(2) 
PARAMETRIC_REPRESENTATION_CONTEXT() REPRESENTATION_CONTEXT('2D SPACE',''
  ) );
#9318 = PCURVE('',#4362,#9319);
#9319 = DEFINITIONAL_REPRESENTATION('',(#9320),#9324);
#9320 = LINE('',#9321,#9322);
#9321 = CARTESIAN_POINT('',(0.5,-3.));
#9322 = VECTOR('',#9323,1.);
#9323 = DIRECTION('',(0.,1.));
#9324 = ( GEOMETRIC_REPRESENTATION_CONTEXT(2) 
PARAMETRIC_REPRESENTATION_CONTEXT() REPRESENTATION_CONTEXT('2D SPACE',''
  ) );
#9325 = ORIENTED_EDGE('',*,*,#4316,.F.);
#9326 = ADVANCED_FACE('',(#9327),#4362,.T.);
#9327 = FACE_BOUND('',#9328,.T.);
#9328 = EDGE_LOOP('',(#9329,#9330,#9331,#9332));
#9329 = ORIENTED_EDGE('',*,*,#4348,.T.);
#9330 = ORIENTED_EDGE('',*,*,#9278,.T.);
#9331 = ORIENTED_EDGE('',*,*,#8014,.F.);
#9332 = ORIENTED_EDGE('',*,*,#9305,.F.);
#9333 = ADVANCED_FACE('',(#9334),#4415,.F.);
#9334 = FACE_BOUND('',#9335,.F.);
#9335 = EDGE_LOOP('',(#9336,#9359,#9386,#9387));
#9336 = ORIENTED_EDGE('',*,*,#9337,.T.);
#9337 = EDGE_CURVE('',#4378,#9338,#9340,.T.);
#9338 = VERTEX_POINT('',#9339);
#9339 = CARTESIAN_POINT('',(-3.3,-52.,-39.5));
#9340 = SEAM_CURVE('',#9341,(#9345,#9352),.PCURVE_S1.);
#9341 = LINE('',#9342,#9343);
#9342 = CARTESIAN_POINT('',(-6.,-52.,-39.5));
#9343 = VECTOR('',#9344,1.);
#9344 = DIRECTION('',(1.,0.,2.22044604925E-16));
#9345 = PCURVE('',#4415,#9346);
#9346 = DEFINITIONAL_REPRESENTATION('',(#9347),#9351);
#9347 = LINE('',#9348,#9349);
#9348 = CARTESIAN_POINT('',(6.28318530718,-0.));
#9349 = VECTOR('',#9350,1.);
#9350 = DIRECTION('',(0.,1.));
#9351 = ( GEOMETRIC_REPRESENTATION_CONTEXT(2) 
PARAMETRIC_REPRESENTATION_CONTEXT() REPRESENTATION_CONTEXT('2D SPACE',''
  ) );
#9352 = PCURVE('',#4415,#9353);
#9353 = DEFINITIONAL_REPRESENTATION('',(#9354),#9358);
#9354 = LINE('',#9355,#9356);
#9355 = CARTESIAN_POINT('',(0.,-0.));
#9356 = VECTOR('',#9357,1.);
#9357 = DIRECTION('',(0.,1.));
#9358 = ( GEOMETRIC_REPRESENTATION_CONTEXT(2) 
PARAMETRIC_REPRESENTATION_CONTEXT() REPRESENTATION_CONTEXT('2D SPACE',''
  ) );
#9359 = ORIENTED_EDGE('',*,*,#9360,.F.);
#9360 = EDGE_CURVE('',#9338,#9338,#9361,.T.);
#9361 = SURFACE_CURVE('',#9362,(#9367,#9374),.PCURVE_S1.);
#9362 = CIRCLE('',#9363,5.5);
#9363 = AXIS2_PLACEMENT_3D('',#9364,#9365,#9366);
#9364 = CARTESIAN_POINT('',(-3.3,-52.,-34.));
#9365 = DIRECTION('',(1.,-0.,2.22044604925E-16));
#9366 = DIRECTION('',(2.22044604925E-16,0.,-1.));
#9367 = PCURVE('',#4415,#9368);
#9368 = DEFINITIONAL_REPRESENTATION('',(#9369),#9373);
#9369 = LINE('',#9370,#9371);
#9370 = CARTESIAN_POINT('',(0.,2.7));
#9371 = VECTOR('',#9372,1.);
#9372 = DIRECTION('',(1.,0.));
#9373 = ( GEOMETRIC_REPRESENTATION_CONTEXT(2) 
PARAMETRIC_REPRESENTATION_CONTEXT() REPRESENTATION_CONTEXT('2D SPACE',''
  ) );
#9374 = PCURVE('',#9375,#9380);
#9375 = CONICAL_SURFACE('',#9376,5.5,0.785398163397);
#9376 = AXIS2_PLACEMENT_3D('',#9377,#9378,#9379);
#9377 = CARTESIAN_POINT('',(-3.3,-52.,-34.));
#9378 = DIRECTION('',(-1.,0.,-2.22044604925E-16));
#9379 = DIRECTION('',(2.22044604925E-16,0.,-1.));
#9380 = DEFINITIONAL_REPRESENTATION('',(#9381),#9385);
#9381 = LINE('',#9382,#9383);
#9382 = CARTESIAN_POINT('',(-0.,-0.));
#9383 = VECTOR('',#9384,1.);
#9384 = DIRECTION('',(-1.,-0.));
#9385 = ( GEOMETRIC_REPRESENTATION_CONTEXT(2) 
PARAMETRIC_REPRESENTATION_CONTEXT() REPRESENTATION_CONTEXT('2D SPACE',''
  ) );
#9386 = ORIENTED_EDGE('',*,*,#9337,.F.);
#9387 = ORIENTED_EDGE('',*,*,#4400,.T.);
#9388 = ADVANCED_FACE('',(#9389),#4468,.F.);
#9389 = FACE_BOUND('',#9390,.F.);
#9390 = EDGE_LOOP('',(#9391,#9414,#9441,#9442));
#9391 = ORIENTED_EDGE('',*,*,#9392,.T.);
#9392 = EDGE_CURVE('',#4431,#9393,#9395,.T.);
#9393 = VERTEX_POINT('',#9394);
#9394 = CARTESIAN_POINT('',(-3.3,52.,-39.5));
#9395 = SEAM_CURVE('',#9396,(#9400,#9407),.PCURVE_S1.);
#9396 = LINE('',#9397,#9398);
#9397 = CARTESIAN_POINT('',(-6.,52.,-39.5));
#9398 = VECTOR('',#9399,1.);
#9399 = DIRECTION('',(1.,0.,2.22044604925E-16));
#9400 = PCURVE('',#4468,#9401);
#9401 = DEFINITIONAL_REPRESENTATION('',(#9402),#9406);
#9402 = LINE('',#9403,#9404);
#9403 = CARTESIAN_POINT('',(6.28318530718,-0.));
#9404 = VECTOR('',#9405,1.);
#9405 = DIRECTION('',(0.,1.));
#9406 = ( GEOMETRIC_REPRESENTATION_CONTEXT(2) 
PARAMETRIC_REPRESENTATION_CONTEXT() REPRESENTATION_CONTEXT('2D SPACE',''
  ) );
#9407 = PCURVE('',#4468,#9408);
#9408 = DEFINITIONAL_REPRESENTATION('',(#9409),#9413);
#9409 = LINE('',#9410,#9411);
#9410 = CARTESIAN_POINT('',(0.,-0.));
#9411 = VECTOR('',#9412,1.);
#9412 = DIRECTION('',(0.,1.));
#9413 = ( GEOMETRIC_REPRESENTATION_CONTEXT(2) 
PARAMETRIC_REPRESENTATION_CONTEXT() REPRESENTATION_CONTEXT('2D SPACE',''
  ) );
#9414 = ORIENTED_EDGE('',*,*,#9415,.F.);
#9415 = EDGE_CURVE('',#9393,#9393,#9416,.T.);
#9416 = SURFACE_CURVE('',#9417,(#9422,#9429),.PCURVE_S1.);
#9417 = CIRCLE('',#9418,5.5);
#9418 = AXIS2_PLACEMENT_3D('',#9419,#9420,#9421);
#9419 = CARTESIAN_POINT('',(-3.3,52.,-34.));
#9420 = DIRECTION('',(1.,-0.,2.22044604925E-16));
#9421 = DIRECTION('',(2.22044604925E-16,0.,-1.));
#9422 = PCURVE('',#4468,#9423);
#9423 = DEFINITIONAL_REPRESENTATION('',(#9424),#9428);
#9424 = LINE('',#9425,#9426);
#9425 = CARTESIAN_POINT('',(0.,2.7));
#9426 = VECTOR('',#9427,1.);
#9427 = DIRECTION('',(1.,0.));
#9428 = ( GEOMETRIC_REPRESENTATION_CONTEXT(2) 
PARAMETRIC_REPRESENTATION_CONTEXT() REPRESENTATION_CONTEXT('2D SPACE',''
  ) );
#9429 = PCURVE('',#9430,#9435);
#9430 = CONICAL_SURFACE('',#9431,5.5,0.785398163397);
#9431 = AXIS2_PLACEMENT_3D('',#9432,#9433,#9434);
#9432 = CARTESIAN_POINT('',(-3.3,52.,-34.));
#9433 = DIRECTION('',(-1.,0.,-2.22044604925E-16));
#9434 = DIRECTION('',(2.22044604925E-16,0.,-1.));
#9435 = DEFINITIONAL_REPRESENTATION('',(#9436),#9440);
#9436 = LINE('',#9437,#9438);
#9437 = CARTESIAN_POINT('',(-0.,-0.));
#9438 = VECTOR('',#9439,1.);
#9439 = DIRECTION('',(-1.,-0.));
#9440 = ( GEOMETRIC_REPRESENTATION_CONTEXT(2) 
PARAMETRIC_REPRESENTATION_CONTEXT() REPRESENTATION_CONTEXT('2D SPACE',''
  ) );
#9441 = ORIENTED_EDGE('',*,*,#9392,.F.);
#9442 = ORIENTED_EDGE('',*,*,#4453,.T.);
#9443 = ADVANCED_FACE('',(#9444),#4544,.T.);
#9444 = FACE_BOUND('',#9445,.T.);
#9445 = EDGE_LOOP('',(#9446,#9447,#9470,#9498));
#9446 = ORIENTED_EDGE('',*,*,#4530,.T.);
#9447 = ORIENTED_EDGE('',*,*,#9448,.T.);
#9448 = EDGE_CURVE('',#4508,#9449,#9451,.T.);
#9449 = VERTEX_POINT('',#9450);
#9450 = CARTESIAN_POINT('',(29.5,4.961455849863,6.25));
#9451 = SURFACE_CURVE('',#9452,(#9456,#9463),.PCURVE_S1.);
#9452 = LINE('',#9453,#9454);
#9453 = CARTESIAN_POINT('',(-6.,4.961455849863,6.25));
#9454 = VECTOR('',#9455,1.);
#9455 = DIRECTION('',(1.,0.,0.));
#9456 = PCURVE('',#4544,#9457);
#9457 = DEFINITIONAL_REPRESENTATION('',(#9458),#9462);
#9458 = LINE('',#9459,#9460);
#9459 = CARTESIAN_POINT('',(10.422911699725,-21.));
#9460 = VECTOR('',#9461,1.);
#9461 = DIRECTION('',(0.,1.));
#9462 = ( GEOMETRIC_REPRESENTATION_CONTEXT(2) 
PARAMETRIC_REPRESENTATION_CONTEXT() REPRESENTATION_CONTEXT('2D SPACE',''
  ) );
#9463 = PCURVE('',#4652,#9464);
#9464 = DEFINITIONAL_REPRESENTATION('',(#9465),#9469);
#9465 = LINE('',#9466,#9467);
#9466 = CARTESIAN_POINT('',(0.,-0.464914693178));
#9467 = VECTOR('',#9468,1.);
#9468 = DIRECTION('',(1.,0.));
#9469 = ( GEOMETRIC_REPRESENTATION_CONTEXT(2) 
PARAMETRIC_REPRESENTATION_CONTEXT() REPRESENTATION_CONTEXT('2D SPACE',''
  ) );
#9470 = ORIENTED_EDGE('',*,*,#9471,.F.);
#9471 = EDGE_CURVE('',#9472,#9449,#9474,.T.);
#9472 = VERTEX_POINT('',#9473);
#9473 = CARTESIAN_POINT('',(29.5,-4.961455849863,6.25));
#9474 = SURFACE_CURVE('',#9475,(#9479,#9486),.PCURVE_S1.);
#9475 = LINE('',#9476,#9477);
#9476 = CARTESIAN_POINT('',(29.5,-5.461455849863,6.25));
#9477 = VECTOR('',#9478,1.);
#9478 = DIRECTION('',(0.,1.,-1.626266775959E-16));
#9479 = PCURVE('',#4544,#9480);
#9480 = DEFINITIONAL_REPRESENTATION('',(#9481),#9485);
#9481 = LINE('',#9482,#9483);
#9482 = CARTESIAN_POINT('',(0.,14.5));
#9483 = VECTOR('',#9484,1.);
#9484 = DIRECTION('',(1.,0.));
#9485 = ( GEOMETRIC_REPRESENTATION_CONTEXT(2) 
PARAMETRIC_REPRESENTATION_CONTEXT() REPRESENTATION_CONTEXT('2D SPACE',''
  ) );
#9486 = PCURVE('',#9487,#9492);
#9487 = PLANE('',#9488);
#9488 = AXIS2_PLACEMENT_3D('',#9489,#9490,#9491);
#9489 = CARTESIAN_POINT('',(29.75,-5.461455849863,6.5));
#9490 = DIRECTION('',(0.707106781187,-1.233224373354E-16,-0.707106781187
    ));
#9491 = DIRECTION('',(5.888792914373E-18,1.,-1.685154705103E-16));
#9492 = DEFINITIONAL_REPRESENTATION('',(#9493),#9497);
#9493 = LINE('',#9494,#9495);
#9494 = CARTESIAN_POINT('',(0.,-0.353553390593));
#9495 = VECTOR('',#9496,1.);
#9496 = DIRECTION('',(1.,0.));
#9497 = ( GEOMETRIC_REPRESENTATION_CONTEXT(2) 
PARAMETRIC_REPRESENTATION_CONTEXT() REPRESENTATION_CONTEXT('2D SPACE',''
  ) );
#9498 = ORIENTED_EDGE('',*,*,#9499,.F.);
#9499 = EDGE_CURVE('',#4484,#9472,#9500,.T.);
#9500 = SURFACE_CURVE('',#9501,(#9505,#9512),.PCURVE_S1.);
#9501 = LINE('',#9502,#9503);
#9502 = CARTESIAN_POINT('',(-6.,-4.961455849863,6.25));
#9503 = VECTOR('',#9504,1.);
#9504 = DIRECTION('',(1.,0.,0.));
#9505 = PCURVE('',#4544,#9506);
#9506 = DEFINITIONAL_REPRESENTATION('',(#9507),#9511);
#9507 = LINE('',#9508,#9509);
#9508 = CARTESIAN_POINT('',(0.5,-21.));
#9509 = VECTOR('',#9510,1.);
#9510 = DIRECTION('',(0.,1.));
#9511 = ( GEOMETRIC_REPRESENTATION_CONTEXT(2) 
PARAMETRIC_REPRESENTATION_CONTEXT() REPRESENTATION_CONTEXT('2D SPACE',''
  ) );
#9512 = PCURVE('',#4598,#9513);
#9513 = DEFINITIONAL_REPRESENTATION('',(#9514),#9518);
#9514 = LINE('',#9515,#9516);
#9515 = CARTESIAN_POINT('',(-0.,-0.464914693178));
#9516 = VECTOR('',#9517,1.);
#9517 = DIRECTION('',(-1.,0.));
#9518 = ( GEOMETRIC_REPRESENTATION_CONTEXT(2) 
PARAMETRIC_REPRESENTATION_CONTEXT() REPRESENTATION_CONTEXT('2D SPACE',''
  ) );
#9519 = ADVANCED_FACE('',(#9520),#4598,.F.);
#9520 = FACE_BOUND('',#9521,.T.);
#9521 = EDGE_LOOP('',(#9522,#9523,#9551,#9572));
#9522 = ORIENTED_EDGE('',*,*,#9499,.T.);
#9523 = ORIENTED_EDGE('',*,*,#9524,.T.);
#9524 = EDGE_CURVE('',#9472,#9525,#9527,.T.);
#9525 = VERTEX_POINT('',#9526);
#9526 = CARTESIAN_POINT('',(29.5,-5.826038537592,5.907831234903));
#9527 = SURFACE_CURVE('',#9528,(#9532,#9539),.PCURVE_S1.);
#9528 = LINE('',#9529,#9530);
#9529 = CARTESIAN_POINT('',(29.5,-5.092059330521,6.198312136793));
#9530 = VECTOR('',#9531,1.);
#9531 = DIRECTION('',(-4.334445826106E-18,-0.929829386355,
    -0.367990913299));
#9532 = PCURVE('',#4598,#9533);
#9533 = DEFINITIONAL_REPRESENTATION('',(#9534),#9538);
#9534 = LINE('',#9535,#9536);
#9535 = CARTESIAN_POINT('',(-35.5,-0.324455074913));
#9536 = VECTOR('',#9537,1.);
#9537 = DIRECTION('',(4.334445826106E-18,1.));
#9538 = ( GEOMETRIC_REPRESENTATION_CONTEXT(2) 
PARAMETRIC_REPRESENTATION_CONTEXT() REPRESENTATION_CONTEXT('2D SPACE',''
  ) );
#9539 = PCURVE('',#9540,#9545);
#9540 = PLANE('',#9541);
#9541 = AXIS2_PLACEMENT_3D('',#9542,#9543,#9544);
#9542 = CARTESIAN_POINT('',(30.,-4.961455849863,6.75));
#9543 = DIRECTION('',(0.680945640372,0.269492244259,-0.680945640372));
#9544 = DIRECTION('',(-5.381561887441E-18,-0.929829386355,
    -0.367990913299));
#9545 = DEFINITIONAL_REPRESENTATION('',(#9546),#9550);
#9546 = LINE('',#9547,#9548);
#9547 = CARTESIAN_POINT('',(0.324455074913,0.682748615475));
#9548 = VECTOR('',#9549,1.);
#9549 = DIRECTION('',(1.,-6.292918555718E-17));
#9550 = ( GEOMETRIC_REPRESENTATION_CONTEXT(2) 
PARAMETRIC_REPRESENTATION_CONTEXT() REPRESENTATION_CONTEXT('2D SPACE',''
  ) );
#9551 = ORIENTED_EDGE('',*,*,#9552,.F.);
#9552 = EDGE_CURVE('',#4562,#9525,#9553,.T.);
#9553 = SURFACE_CURVE('',#9554,(#9558,#9565),.PCURVE_S1.);
#9554 = LINE('',#9555,#9556);
#9555 = CARTESIAN_POINT('',(-6.,-5.826038537592,5.907831234903));
#9556 = VECTOR('',#9557,1.);
#9557 = DIRECTION('',(1.,0.,0.));
#9558 = PCURVE('',#4598,#9559);
#9559 = DEFINITIONAL_REPRESENTATION('',(#9560),#9564);
#9560 = LINE('',#9561,#9562);
#9561 = CARTESIAN_POINT('',(-0.,0.464914693178));
#9562 = VECTOR('',#9563,1.);
#9563 = DIRECTION('',(-1.,0.));
#9564 = ( GEOMETRIC_REPRESENTATION_CONTEXT(2) 
PARAMETRIC_REPRESENTATION_CONTEXT() REPRESENTATION_CONTEXT('2D SPACE',''
  ) );
#9565 = PCURVE('',#4704,#9566);
#9566 = DEFINITIONAL_REPRESENTATION('',(#9567),#9571);
#9567 = LINE('',#9568,#9569);
#9568 = CARTESIAN_POINT('',(8.961011677533E-02,-21.));
#9569 = VECTOR('',#9570,1.);
#9570 = DIRECTION('',(0.,1.));
#9571 = ( GEOMETRIC_REPRESENTATION_CONTEXT(2) 
PARAMETRIC_REPRESENTATION_CONTEXT() REPRESENTATION_CONTEXT('2D SPACE',''
  ) );
#9572 = ORIENTED_EDGE('',*,*,#4584,.F.);
#9573 = ADVANCED_FACE('',(#9574),#4652,.F.);
#9574 = FACE_BOUND('',#9575,.F.);
#9575 = EDGE_LOOP('',(#9576,#9577,#9605,#9626));
#9576 = ORIENTED_EDGE('',*,*,#9448,.T.);
#9577 = ORIENTED_EDGE('',*,*,#9578,.F.);
#9578 = EDGE_CURVE('',#9579,#9449,#9581,.T.);
#9579 = VERTEX_POINT('',#9580);
#9580 = CARTESIAN_POINT('',(29.5,5.826038537592,5.907831234903));
#9581 = SURFACE_CURVE('',#9582,(#9586,#9593),.PCURVE_S1.);
#9582 = LINE('',#9583,#9584);
#9583 = CARTESIAN_POINT('',(29.5,5.695435056934,5.95951909811));
#9584 = VECTOR('',#9585,1.);
#9585 = DIRECTION('',(-6.572900384896E-16,-0.929829386355,0.367990913299
    ));
#9586 = PCURVE('',#4652,#9587);
#9587 = DEFINITIONAL_REPRESENTATION('',(#9588),#9592);
#9588 = LINE('',#9589,#9590);
#9589 = CARTESIAN_POINT('',(35.5,0.324455074913));
#9590 = VECTOR('',#9591,1.);
#9591 = DIRECTION('',(-6.572900384896E-16,-1.));
#9592 = ( GEOMETRIC_REPRESENTATION_CONTEXT(2) 
PARAMETRIC_REPRESENTATION_CONTEXT() REPRESENTATION_CONTEXT('2D SPACE',''
  ) );
#9593 = PCURVE('',#9594,#9599);
#9594 = PLANE('',#9595);
#9595 = AXIS2_PLACEMENT_3D('',#9596,#9597,#9598);
#9596 = CARTESIAN_POINT('',(30.,6.168207302689,6.272413922633));
#9597 = DIRECTION('',(0.680945640372,-0.269492244259,-0.680945640372));
#9598 = DIRECTION('',(-3.666503303958E-17,-0.929829386355,0.367990913299
    ));
#9599 = DEFINITIONAL_REPRESENTATION('',(#9600),#9604);
#9600 = LINE('',#9601,#9602);
#9601 = CARTESIAN_POINT('',(0.324455074913,0.682748615475));
#9602 = VECTOR('',#9603,1.);
#9603 = DIRECTION('',(1.,7.869262578935E-16));
#9604 = ( GEOMETRIC_REPRESENTATION_CONTEXT(2) 
PARAMETRIC_REPRESENTATION_CONTEXT() REPRESENTATION_CONTEXT('2D SPACE',''
  ) );
#9605 = ORIENTED_EDGE('',*,*,#9606,.F.);
#9606 = EDGE_CURVE('',#4616,#9579,#9607,.T.);
#9607 = SURFACE_CURVE('',#9608,(#9612,#9619),.PCURVE_S1.);
#9608 = LINE('',#9609,#9610);
#9609 = CARTESIAN_POINT('',(-6.,5.826038537592,5.907831234903));
#9610 = VECTOR('',#9611,1.);
#9611 = DIRECTION('',(1.,0.,0.));
#9612 = PCURVE('',#4652,#9613);
#9613 = DEFINITIONAL_REPRESENTATION('',(#9614),#9618);
#9614 = LINE('',#9615,#9616);
#9615 = CARTESIAN_POINT('',(0.,0.464914693178));
#9616 = VECTOR('',#9617,1.);
#9617 = DIRECTION('',(1.,0.));
#9618 = ( GEOMETRIC_REPRESENTATION_CONTEXT(2) 
PARAMETRIC_REPRESENTATION_CONTEXT() REPRESENTATION_CONTEXT('2D SPACE',''
  ) );
#9619 = PCURVE('',#4756,#9620);
#9620 = DEFINITIONAL_REPRESENTATION('',(#9621),#9625);
#9621 = LINE('',#9622,#9623);
#9622 = CARTESIAN_POINT('',(0.5,-21.));
#9623 = VECTOR('',#9624,1.);
#9624 = DIRECTION('',(0.,1.));
#9625 = ( GEOMETRIC_REPRESENTATION_CONTEXT(2) 
PARAMETRIC_REPRESENTATION_CONTEXT() REPRESENTATION_CONTEXT('2D SPACE',''
  ) );
#9626 = ORIENTED_EDGE('',*,*,#4638,.F.);
#9627 = ADVANCED_FACE('',(#9628),#4704,.T.);
#9628 = FACE_BOUND('',#9629,.T.);
#9629 = EDGE_LOOP('',(#9630,#9653,#9654,#9655));
#9630 = ORIENTED_EDGE('',*,*,#9631,.F.);
#9631 = EDGE_CURVE('',#4668,#9632,#9634,.T.);
#9632 = VERTEX_POINT('',#9633);
#9633 = CARTESIAN_POINT('',(29.5,-5.891379132036,5.846507668909));
#9634 = SURFACE_CURVE('',#9635,(#9639,#9646),.PCURVE_S1.);
#9635 = LINE('',#9636,#9637);
#9636 = CARTESIAN_POINT('',(-29.,-5.891379132036,5.846507668909));
#9637 = VECTOR('',#9638,1.);
#9638 = DIRECTION('',(1.,0.,0.));
#9639 = PCURVE('',#4704,#9640);
#9640 = DEFINITIONAL_REPRESENTATION('',(#9641),#9645);
#9641 = LINE('',#9642,#9643);
#9642 = CARTESIAN_POINT('',(0.,-44.));
#9643 = VECTOR('',#9644,1.);
#9644 = DIRECTION('',(0.,1.));
#9645 = ( GEOMETRIC_REPRESENTATION_CONTEXT(2) 
PARAMETRIC_REPRESENTATION_CONTEXT() REPRESENTATION_CONTEXT('2D SPACE',''
  ) );
#9646 = PCURVE('',#4808,#9647);
#9647 = DEFINITIONAL_REPRESENTATION('',(#9648),#9652);
#9648 = LINE('',#9649,#9650);
#9649 = CARTESIAN_POINT('',(0.589610116775,-44.));
#9650 = VECTOR('',#9651,1.);
#9651 = DIRECTION('',(0.,1.));
#9652 = ( GEOMETRIC_REPRESENTATION_CONTEXT(2) 
PARAMETRIC_REPRESENTATION_CONTEXT() REPRESENTATION_CONTEXT('2D SPACE',''
  ) );
#9653 = ORIENTED_EDGE('',*,*,#4690,.T.);
#9654 = ORIENTED_EDGE('',*,*,#9552,.T.);
#9655 = ORIENTED_EDGE('',*,*,#9656,.F.);
#9656 = EDGE_CURVE('',#9632,#9525,#9657,.T.);
#9657 = SURFACE_CURVE('',#9658,(#9662,#9669),.PCURVE_S1.);
#9658 = LINE('',#9659,#9660);
#9659 = CARTESIAN_POINT('',(29.5,-5.891379132036,5.846507668909));
#9660 = VECTOR('',#9661,1.);
#9661 = DIRECTION('',(-0.,0.729165375459,0.684337530193));
#9662 = PCURVE('',#4704,#9663);
#9663 = DEFINITIONAL_REPRESENTATION('',(#9664),#9668);
#9664 = LINE('',#9665,#9666);
#9665 = CARTESIAN_POINT('',(-2.775557561563E-16,14.5));
#9666 = VECTOR('',#9667,1.);
#9667 = DIRECTION('',(1.,0.));
#9668 = ( GEOMETRIC_REPRESENTATION_CONTEXT(2) 
PARAMETRIC_REPRESENTATION_CONTEXT() REPRESENTATION_CONTEXT('2D SPACE',''
  ) );
#9669 = PCURVE('',#9670,#9675);
#9670 = PLANE('',#9671);
#9671 = AXIS2_PLACEMENT_3D('',#9672,#9673,#9674);
#9672 = CARTESIAN_POINT('',(29.75,-6.062463514584,6.028799012774));
#9673 = DIRECTION('',(0.707106781187,0.48389970822,-0.515597781594));
#9674 = DIRECTION('',(7.044814004605E-18,0.729165375459,0.684337530193)
  );
#9675 = DEFINITIONAL_REPRESENTATION('',(#9676),#9680);
#9676 = LINE('',#9677,#9678);
#9677 = CARTESIAN_POINT('',(-4.996003610813E-16,-0.353553390593));
#9678 = VECTOR('',#9679,1.);
#9679 = DIRECTION('',(1.,0.));
#9680 = ( GEOMETRIC_REPRESENTATION_CONTEXT(2) 
PARAMETRIC_REPRESENTATION_CONTEXT() REPRESENTATION_CONTEXT('2D SPACE',''
  ) );
#9681 = ADVANCED_FACE('',(#9682),#4756,.T.);
#9682 = FACE_BOUND('',#9683,.T.);
#9683 = EDGE_LOOP('',(#9684,#9707,#9733,#9734));
#9684 = ORIENTED_EDGE('',*,*,#9685,.F.);
#9685 = EDGE_CURVE('',#9686,#4722,#9688,.T.);
#9686 = VERTEX_POINT('',#9687);
#9687 = CARTESIAN_POINT('',(29.5,5.891379132036,5.846507668909));
#9688 = SURFACE_CURVE('',#9689,(#9693,#9700),.PCURVE_S1.);
#9689 = LINE('',#9690,#9691);
#9690 = CARTESIAN_POINT('',(59.,5.891379132036,5.846507668909));
#9691 = VECTOR('',#9692,1.);
#9692 = DIRECTION('',(-1.,0.,0.));
#9693 = PCURVE('',#4756,#9694);
#9694 = DEFINITIONAL_REPRESENTATION('',(#9695),#9699);
#9695 = LINE('',#9696,#9697);
#9696 = CARTESIAN_POINT('',(0.589610116775,44.));
#9697 = VECTOR('',#9698,1.);
#9698 = DIRECTION('',(0.,-1.));
#9699 = ( GEOMETRIC_REPRESENTATION_CONTEXT(2) 
PARAMETRIC_REPRESENTATION_CONTEXT() REPRESENTATION_CONTEXT('2D SPACE',''
  ) );
#9700 = PCURVE('',#4860,#9701);
#9701 = DEFINITIONAL_REPRESENTATION('',(#9702),#9706);
#9702 = LINE('',#9703,#9704);
#9703 = CARTESIAN_POINT('',(0.,44.));
#9704 = VECTOR('',#9705,1.);
#9705 = DIRECTION('',(0.,-1.));
#9706 = ( GEOMETRIC_REPRESENTATION_CONTEXT(2) 
PARAMETRIC_REPRESENTATION_CONTEXT() REPRESENTATION_CONTEXT('2D SPACE',''
  ) );
#9707 = ORIENTED_EDGE('',*,*,#9708,.F.);
#9708 = EDGE_CURVE('',#9579,#9686,#9709,.T.);
#9709 = SURFACE_CURVE('',#9710,(#9714,#9721),.PCURVE_S1.);
#9710 = LINE('',#9711,#9712);
#9711 = CARTESIAN_POINT('',(29.5,5.461455849863,6.25));
#9712 = VECTOR('',#9713,1.);
#9713 = DIRECTION('',(0.,0.729165375459,-0.684337530193));
#9714 = PCURVE('',#4756,#9715);
#9715 = DEFINITIONAL_REPRESENTATION('',(#9716),#9720);
#9716 = LINE('',#9717,#9718);
#9717 = CARTESIAN_POINT('',(0.,14.5));
#9718 = VECTOR('',#9719,1.);
#9719 = DIRECTION('',(1.,0.));
#9720 = ( GEOMETRIC_REPRESENTATION_CONTEXT(2) 
PARAMETRIC_REPRESENTATION_CONTEXT() REPRESENTATION_CONTEXT('2D SPACE',''
  ) );
#9721 = PCURVE('',#9722,#9727);
#9722 = PLANE('',#9723);
#9723 = AXIS2_PLACEMENT_3D('',#9724,#9725,#9726);
#9724 = CARTESIAN_POINT('',(29.75,5.632540232411,6.432291343865));
#9725 = DIRECTION('',(0.707106781187,-0.48389970822,-0.515597781594));
#9726 = DIRECTION('',(6.865985511329E-17,0.729165375459,-0.684337530193)
  );
#9727 = DEFINITIONAL_REPRESENTATION('',(#9728),#9732);
#9728 = LINE('',#9729,#9730);
#9729 = CARTESIAN_POINT('',(4.440892098501E-16,-0.353553390593));
#9730 = VECTOR('',#9731,1.);
#9731 = DIRECTION('',(1.,0.));
#9732 = ( GEOMETRIC_REPRESENTATION_CONTEXT(2) 
PARAMETRIC_REPRESENTATION_CONTEXT() REPRESENTATION_CONTEXT('2D SPACE',''
  ) );
#9733 = ORIENTED_EDGE('',*,*,#9606,.F.);
#9734 = ORIENTED_EDGE('',*,*,#4742,.T.);
#9735 = ADVANCED_FACE('',(#9736),#4808,.T.);
#9736 = FACE_BOUND('',#9737,.T.);
#9737 = EDGE_LOOP('',(#9738,#9761,#9762,#9763));
#9738 = ORIENTED_EDGE('',*,*,#9739,.T.);
#9739 = EDGE_CURVE('',#9740,#4772,#9742,.T.);
#9740 = VERTEX_POINT('',#9741);
#9741 = CARTESIAN_POINT('',(29.5,-6.291572706406,5.413512065194));
#9742 = SURFACE_CURVE('',#9743,(#9747,#9754),.PCURVE_S1.);
#9743 = LINE('',#9744,#9745);
#9744 = CARTESIAN_POINT('',(59.,-6.291572706406,5.413512065194));
#9745 = VECTOR('',#9746,1.);
#9746 = DIRECTION('',(-1.,0.,0.));
#9747 = PCURVE('',#4808,#9748);
#9748 = DEFINITIONAL_REPRESENTATION('',(#9749),#9753);
#9749 = LINE('',#9750,#9751);
#9750 = CARTESIAN_POINT('',(0.,44.));
#9751 = VECTOR('',#9752,1.);
#9752 = DIRECTION('',(0.,-1.));
#9753 = ( GEOMETRIC_REPRESENTATION_CONTEXT(2) 
PARAMETRIC_REPRESENTATION_CONTEXT() REPRESENTATION_CONTEXT('2D SPACE',''
  ) );
#9754 = PCURVE('',#4912,#9755);
#9755 = DEFINITIONAL_REPRESENTATION('',(#9756),#9760);
#9756 = LINE('',#9757,#9758);
#9757 = CARTESIAN_POINT('',(0.589610116775,44.));
#9758 = VECTOR('',#9759,1.);
#9759 = DIRECTION('',(0.,-1.));
#9760 = ( GEOMETRIC_REPRESENTATION_CONTEXT(2) 
PARAMETRIC_REPRESENTATION_CONTEXT() REPRESENTATION_CONTEXT('2D SPACE',''
  ) );
#9761 = ORIENTED_EDGE('',*,*,#4794,.T.);
#9762 = ORIENTED_EDGE('',*,*,#9631,.T.);
#9763 = ORIENTED_EDGE('',*,*,#9764,.F.);
#9764 = EDGE_CURVE('',#9740,#9632,#9765,.T.);
#9765 = SURFACE_CURVE('',#9766,(#9770,#9777),.PCURVE_S1.);
#9766 = LINE('',#9767,#9768);
#9767 = CARTESIAN_POINT('',(29.5,-6.291572706406,5.413512065194));
#9768 = VECTOR('',#9769,1.);
#9769 = DIRECTION('',(-0.,0.678742719951,0.734376143481));
#9770 = PCURVE('',#4808,#9771);
#9771 = DEFINITIONAL_REPRESENTATION('',(#9772),#9776);
#9772 = LINE('',#9773,#9774);
#9773 = CARTESIAN_POINT('',(0.,14.5));
#9774 = VECTOR('',#9775,1.);
#9775 = DIRECTION('',(1.,0.));
#9776 = ( GEOMETRIC_REPRESENTATION_CONTEXT(2) 
PARAMETRIC_REPRESENTATION_CONTEXT() REPRESENTATION_CONTEXT('2D SPACE',''
  ) );
#9777 = PCURVE('',#9778,#9783);
#9778 = PLANE('',#9779);
#9779 = AXIS2_PLACEMENT_3D('',#9780,#9781,#9782);
#9780 = CARTESIAN_POINT('',(29.75,-6.475166742277,5.583197745182));
#9781 = DIRECTION('',(0.707106781187,0.519282350997,-0.479943579958));
#9782 = DIRECTION('',(-1.005188495198E-16,0.678742719951,0.734376143481)
  );
#9783 = DEFINITIONAL_REPRESENTATION('',(#9784),#9788);
#9784 = LINE('',#9785,#9786);
#9785 = CARTESIAN_POINT('',(-2.775557561563E-16,-0.353553390593));
#9786 = VECTOR('',#9787,1.);
#9787 = DIRECTION('',(1.,0.));
#9788 = ( GEOMETRIC_REPRESENTATION_CONTEXT(2) 
PARAMETRIC_REPRESENTATION_CONTEXT() REPRESENTATION_CONTEXT('2D SPACE',''
  ) );
#9789 = ADVANCED_FACE('',(#9790),#4860,.T.);
#9790 = FACE_BOUND('',#9791,.T.);
#9791 = EDGE_LOOP('',(#9792,#9793,#9794,#9817));
#9792 = ORIENTED_EDGE('',*,*,#9685,.T.);
#9793 = ORIENTED_EDGE('',*,*,#4846,.T.);
#9794 = ORIENTED_EDGE('',*,*,#9795,.F.);
#9795 = EDGE_CURVE('',#9796,#4826,#9798,.T.);
#9796 = VERTEX_POINT('',#9797);
#9797 = CARTESIAN_POINT('',(29.5,6.291572706406,5.413512065194));
#9798 = SURFACE_CURVE('',#9799,(#9803,#9810),.PCURVE_S1.);
#9799 = LINE('',#9800,#9801);
#9800 = CARTESIAN_POINT('',(59.,6.291572706406,5.413512065194));
#9801 = VECTOR('',#9802,1.);
#9802 = DIRECTION('',(-1.,0.,0.));
#9803 = PCURVE('',#4860,#9804);
#9804 = DEFINITIONAL_REPRESENTATION('',(#9805),#9809);
#9805 = LINE('',#9806,#9807);
#9806 = CARTESIAN_POINT('',(0.589610116775,44.));
#9807 = VECTOR('',#9808,1.);
#9808 = DIRECTION('',(0.,-1.));
#9809 = ( GEOMETRIC_REPRESENTATION_CONTEXT(2) 
PARAMETRIC_REPRESENTATION_CONTEXT() REPRESENTATION_CONTEXT('2D SPACE',''
  ) );
#9810 = PCURVE('',#4964,#9811);
#9811 = DEFINITIONAL_REPRESENTATION('',(#9812),#9816);
#9812 = LINE('',#9813,#9814);
#9813 = CARTESIAN_POINT('',(0.,44.));
#9814 = VECTOR('',#9815,1.);
#9815 = DIRECTION('',(0.,-1.));
#9816 = ( GEOMETRIC_REPRESENTATION_CONTEXT(2) 
PARAMETRIC_REPRESENTATION_CONTEXT() REPRESENTATION_CONTEXT('2D SPACE',''
  ) );
#9817 = ORIENTED_EDGE('',*,*,#9818,.F.);
#9818 = EDGE_CURVE('',#9686,#9796,#9819,.T.);
#9819 = SURFACE_CURVE('',#9820,(#9824,#9831),.PCURVE_S1.);
#9820 = LINE('',#9821,#9822);
#9821 = CARTESIAN_POINT('',(29.5,5.891379132036,5.846507668909));
#9822 = VECTOR('',#9823,1.);
#9823 = DIRECTION('',(0.,0.678742719951,-0.734376143481));
#9824 = PCURVE('',#4860,#9825);
#9825 = DEFINITIONAL_REPRESENTATION('',(#9826),#9830);
#9826 = LINE('',#9827,#9828);
#9827 = CARTESIAN_POINT('',(0.,14.5));
#9828 = VECTOR('',#9829,1.);
#9829 = DIRECTION('',(1.,0.));
#9830 = ( GEOMETRIC_REPRESENTATION_CONTEXT(2) 
PARAMETRIC_REPRESENTATION_CONTEXT() REPRESENTATION_CONTEXT('2D SPACE',''
  ) );
#9831 = PCURVE('',#9832,#9837);
#9832 = PLANE('',#9833);
#9833 = AXIS2_PLACEMENT_3D('',#9834,#9835,#9836);
#9834 = CARTESIAN_POINT('',(29.75,6.074973167906,6.016193348897));
#9835 = DIRECTION('',(0.707106781187,-0.519282350997,-0.479943579958));
#9836 = DIRECTION('',(6.140723653344E-17,0.678742719951,-0.734376143481)
  );
#9837 = DEFINITIONAL_REPRESENTATION('',(#9838),#9842);
#9838 = LINE('',#9839,#9840);
#9839 = CARTESIAN_POINT('',(3.330669073875E-16,-0.353553390593));
#9840 = VECTOR('',#9841,1.);
#9841 = DIRECTION('',(1.,0.));
#9842 = ( GEOMETRIC_REPRESENTATION_CONTEXT(2) 
PARAMETRIC_REPRESENTATION_CONTEXT() REPRESENTATION_CONTEXT('2D SPACE',''
  ) );
#9843 = ADVANCED_FACE('',(#9844),#4912,.T.);
#9844 = FACE_BOUND('',#9845,.T.);
#9845 = EDGE_LOOP('',(#9846,#9869,#9870,#9871));
#9846 = ORIENTED_EDGE('',*,*,#9847,.T.);
#9847 = EDGE_CURVE('',#9848,#4876,#9850,.T.);
#9848 = VERTEX_POINT('',#9849);
#9849 = CARTESIAN_POINT('',(29.5,-6.660017073335,4.953198217605));
#9850 = SURFACE_CURVE('',#9851,(#9855,#9862),.PCURVE_S1.);
#9851 = LINE('',#9852,#9853);
#9852 = CARTESIAN_POINT('',(59.,-6.660017073335,4.953198217605));
#9853 = VECTOR('',#9854,1.);
#9854 = DIRECTION('',(-1.,0.,0.));
#9855 = PCURVE('',#4912,#9856);
#9856 = DEFINITIONAL_REPRESENTATION('',(#9857),#9861);
#9857 = LINE('',#9858,#9859);
#9858 = CARTESIAN_POINT('',(0.,44.));
#9859 = VECTOR('',#9860,1.);
#9860 = DIRECTION('',(0.,-1.));
#9861 = ( GEOMETRIC_REPRESENTATION_CONTEXT(2) 
PARAMETRIC_REPRESENTATION_CONTEXT() REPRESENTATION_CONTEXT('2D SPACE',''
  ) );
#9862 = PCURVE('',#5016,#9863);
#9863 = DEFINITIONAL_REPRESENTATION('',(#9864),#9868);
#9864 = LINE('',#9865,#9866);
#9865 = CARTESIAN_POINT('',(0.589610116775,44.));
#9866 = VECTOR('',#9867,1.);
#9867 = DIRECTION('',(0.,-1.));
#9868 = ( GEOMETRIC_REPRESENTATION_CONTEXT(2) 
PARAMETRIC_REPRESENTATION_CONTEXT() REPRESENTATION_CONTEXT('2D SPACE',''
  ) );
#9869 = ORIENTED_EDGE('',*,*,#4898,.T.);
#9870 = ORIENTED_EDGE('',*,*,#9739,.F.);
#9871 = ORIENTED_EDGE('',*,*,#9872,.F.);
#9872 = EDGE_CURVE('',#9848,#9740,#9873,.T.);
#9873 = SURFACE_CURVE('',#9874,(#9878,#9885),.PCURVE_S1.);
#9874 = LINE('',#9875,#9876);
#9875 = CARTESIAN_POINT('',(29.5,-6.660017073335,4.953198217605));
#9876 = VECTOR('',#9877,1.);
#9877 = DIRECTION('',(-0.,0.624894920297,0.780708869289));
#9878 = PCURVE('',#4912,#9879);
#9879 = DEFINITIONAL_REPRESENTATION('',(#9880),#9884);
#9880 = LINE('',#9881,#9882);
#9881 = CARTESIAN_POINT('',(-1.665334536938E-16,14.5));
#9882 = VECTOR('',#9883,1.);
#9883 = DIRECTION('',(1.,0.));
#9884 = ( GEOMETRIC_REPRESENTATION_CONTEXT(2) 
PARAMETRIC_REPRESENTATION_CONTEXT() REPRESENTATION_CONTEXT('2D SPACE',''
  ) );
#9885 = PCURVE('',#9886,#9891);
#9886 = PLANE('',#9887);
#9887 = AXIS2_PLACEMENT_3D('',#9888,#9889,#9890);
#9888 = CARTESIAN_POINT('',(29.75,-6.855194290657,5.109421947679));
#9889 = DIRECTION('',(0.707106781187,0.552044535607,-0.441867435671));
#9890 = DIRECTION('',(1.029202003406E-16,0.624894920297,0.780708869289)
  );
#9891 = DEFINITIONAL_REPRESENTATION('',(#9892),#9896);
#9892 = LINE('',#9893,#9894);
#9893 = CARTESIAN_POINT('',(-2.22044604925E-16,-0.353553390593));
#9894 = VECTOR('',#9895,1.);
#9895 = DIRECTION('',(1.,0.));
#9896 = ( GEOMETRIC_REPRESENTATION_CONTEXT(2) 
PARAMETRIC_REPRESENTATION_CONTEXT() REPRESENTATION_CONTEXT('2D SPACE',''
  ) );
#9897 = ADVANCED_FACE('',(#9898),#4964,.T.);
#9898 = FACE_BOUND('',#9899,.T.);
#9899 = EDGE_LOOP('',(#9900,#9901,#9902,#9925));
#9900 = ORIENTED_EDGE('',*,*,#9795,.T.);
#9901 = ORIENTED_EDGE('',*,*,#4950,.T.);
#9902 = ORIENTED_EDGE('',*,*,#9903,.F.);
#9903 = EDGE_CURVE('',#9904,#4930,#9906,.T.);
#9904 = VERTEX_POINT('',#9905);
#9905 = CARTESIAN_POINT('',(29.5,6.660017073335,4.953198217605));
#9906 = SURFACE_CURVE('',#9907,(#9911,#9918),.PCURVE_S1.);
#9907 = LINE('',#9908,#9909);
#9908 = CARTESIAN_POINT('',(59.,6.660017073335,4.953198217605));
#9909 = VECTOR('',#9910,1.);
#9910 = DIRECTION('',(-1.,0.,0.));
#9911 = PCURVE('',#4964,#9912);
#9912 = DEFINITIONAL_REPRESENTATION('',(#9913),#9917);
#9913 = LINE('',#9914,#9915);
#9914 = CARTESIAN_POINT('',(0.589610116775,44.));
#9915 = VECTOR('',#9916,1.);
#9916 = DIRECTION('',(0.,-1.));
#9917 = ( GEOMETRIC_REPRESENTATION_CONTEXT(2) 
PARAMETRIC_REPRESENTATION_CONTEXT() REPRESENTATION_CONTEXT('2D SPACE',''
  ) );
#9918 = PCURVE('',#5068,#9919);
#9919 = DEFINITIONAL_REPRESENTATION('',(#9920),#9924);
#9920 = LINE('',#9921,#9922);
#9921 = CARTESIAN_POINT('',(0.,44.));
#9922 = VECTOR('',#9923,1.);
#9923 = DIRECTION('',(0.,-1.));
#9924 = ( GEOMETRIC_REPRESENTATION_CONTEXT(2) 
PARAMETRIC_REPRESENTATION_CONTEXT() REPRESENTATION_CONTEXT('2D SPACE',''
  ) );
#9925 = ORIENTED_EDGE('',*,*,#9926,.F.);
#9926 = EDGE_CURVE('',#9796,#9904,#9927,.T.);
#9927 = SURFACE_CURVE('',#9928,(#9932,#9939),.PCURVE_S1.);
#9928 = LINE('',#9929,#9930);
#9929 = CARTESIAN_POINT('',(29.5,6.291572706406,5.413512065194));
#9930 = VECTOR('',#9931,1.);
#9931 = DIRECTION('',(0.,0.624894920297,-0.780708869289));
#9932 = PCURVE('',#4964,#9933);
#9933 = DEFINITIONAL_REPRESENTATION('',(#9934),#9938);
#9934 = LINE('',#9935,#9936);
#9935 = CARTESIAN_POINT('',(-2.22044604925E-16,14.5));
#9936 = VECTOR('',#9937,1.);
#9937 = DIRECTION('',(1.,0.));
#9938 = ( GEOMETRIC_REPRESENTATION_CONTEXT(2) 
PARAMETRIC_REPRESENTATION_CONTEXT() REPRESENTATION_CONTEXT('2D SPACE',''
  ) );
#9939 = PCURVE('',#9940,#9945);
#9940 = PLANE('',#9941);
#9941 = AXIS2_PLACEMENT_3D('',#9942,#9943,#9944);
#9942 = CARTESIAN_POINT('',(29.75,6.486749923729,5.569735795268));
#9943 = DIRECTION('',(0.707106781187,-0.552044535607,-0.441867435671));
#9944 = DIRECTION('',(-2.61074846336E-17,0.624894920297,-0.780708869289)
  );
#9945 = DEFINITIONAL_REPRESENTATION('',(#9946),#9950);
#9946 = LINE('',#9947,#9948);
#9947 = CARTESIAN_POINT('',(-2.22044604925E-16,-0.353553390593));
#9948 = VECTOR('',#9949,1.);
#9949 = DIRECTION('',(1.,0.));
#9950 = ( GEOMETRIC_REPRESENTATION_CONTEXT(2) 
PARAMETRIC_REPRESENTATION_CONTEXT() REPRESENTATION_CONTEXT('2D SPACE',''
  ) );
#9951 = ADVANCED_FACE('',(#9952),#5016,.T.);
#9952 = FACE_BOUND('',#9953,.T.);
#9953 = EDGE_LOOP('',(#9954,#9977,#9978,#9979));
#9954 = ORIENTED_EDGE('',*,*,#9955,.T.);
#9955 = EDGE_CURVE('',#9956,#4980,#9958,.T.);
#9956 = VERTEX_POINT('',#9957);
#9957 = CARTESIAN_POINT('',(29.5,-6.994852949431,4.467889011137));
#9958 = SURFACE_CURVE('',#9959,(#9963,#9970),.PCURVE_S1.);
#9959 = LINE('',#9960,#9961);
#9960 = CARTESIAN_POINT('',(59.,-6.994852949431,4.467889011137));
#9961 = VECTOR('',#9962,1.);
#9962 = DIRECTION('',(-1.,0.,0.));
#9963 = PCURVE('',#5016,#9964);
#9964 = DEFINITIONAL_REPRESENTATION('',(#9965),#9969);
#9965 = LINE('',#9966,#9967);
#9966 = CARTESIAN_POINT('',(0.,44.));
#9967 = VECTOR('',#9968,1.);
#9968 = DIRECTION('',(0.,-1.));
#9969 = ( GEOMETRIC_REPRESENTATION_CONTEXT(2) 
PARAMETRIC_REPRESENTATION_CONTEXT() REPRESENTATION_CONTEXT('2D SPACE',''
  ) );
#9970 = PCURVE('',#5120,#9971);
#9971 = DEFINITIONAL_REPRESENTATION('',(#9972),#9976);
#9972 = LINE('',#9973,#9974);
#9973 = CARTESIAN_POINT('',(0.589610116775,44.));
#9974 = VECTOR('',#9975,1.);
#9975 = DIRECTION('',(0.,-1.));
#9976 = ( GEOMETRIC_REPRESENTATION_CONTEXT(2) 
PARAMETRIC_REPRESENTATION_CONTEXT() REPRESENTATION_CONTEXT('2D SPACE',''
  ) );
#9977 = ORIENTED_EDGE('',*,*,#5002,.T.);
#9978 = ORIENTED_EDGE('',*,*,#9847,.F.);
#9979 = ORIENTED_EDGE('',*,*,#9980,.F.);
#9980 = EDGE_CURVE('',#9956,#9848,#9981,.T.);
#9981 = SURFACE_CURVE('',#9982,(#9986,#9993),.PCURVE_S1.);
#9982 = LINE('',#9983,#9984);
#9983 = CARTESIAN_POINT('',(29.5,-6.994852949431,4.467889011137));
#9984 = VECTOR('',#9985,1.);
#9985 = DIRECTION('',(-0.,0.567893709028,0.823101898459));
#9986 = PCURVE('',#5016,#9987);
#9987 = DEFINITIONAL_REPRESENTATION('',(#9988),#9992);
#9988 = LINE('',#9989,#9990);
#9989 = CARTESIAN_POINT('',(0.,14.5));
#9990 = VECTOR('',#9991,1.);
#9991 = DIRECTION('',(1.,0.));
#9992 = ( GEOMETRIC_REPRESENTATION_CONTEXT(2) 
PARAMETRIC_REPRESENTATION_CONTEXT() REPRESENTATION_CONTEXT('2D SPACE',''
  ) );
#9993 = PCURVE('',#9994,#9999);
#9994 = PLANE('',#9995);
#9995 = AXIS2_PLACEMENT_3D('',#9996,#9997,#9998);
#9996 = CARTESIAN_POINT('',(29.75,-7.200628424046,4.609862438394));
#9997 = DIRECTION('',(0.707106781187,0.582020934008,-0.401561492647));
#9998 = DIRECTION('',(7.725866314172E-17,0.567893709028,0.823101898459)
  );
#9999 = DEFINITIONAL_REPRESENTATION('',(#10000),#10004);
#10000 = LINE('',#10001,#10002);
#10001 = CARTESIAN_POINT('',(1.110223024625E-16,-0.353553390593));
#10002 = VECTOR('',#10003,1.);
#10003 = DIRECTION('',(1.,0.));
#10004 = ( GEOMETRIC_REPRESENTATION_CONTEXT(2) 
PARAMETRIC_REPRESENTATION_CONTEXT() REPRESENTATION_CONTEXT('2D SPACE',''
  ) );
#10005 = ADVANCED_FACE('',(#10006),#5068,.T.);
#10006 = FACE_BOUND('',#10007,.T.);
#10007 = EDGE_LOOP('',(#10008,#10009,#10010,#10033));
#10008 = ORIENTED_EDGE('',*,*,#9903,.T.);
#10009 = ORIENTED_EDGE('',*,*,#5054,.T.);
#10010 = ORIENTED_EDGE('',*,*,#10011,.F.);
#10011 = EDGE_CURVE('',#10012,#5034,#10014,.T.);
#10012 = VERTEX_POINT('',#10013);
#10013 = CARTESIAN_POINT('',(29.5,6.994852949431,4.467889011137));
#10014 = SURFACE_CURVE('',#10015,(#10019,#10026),.PCURVE_S1.);
#10015 = LINE('',#10016,#10017);
#10016 = CARTESIAN_POINT('',(59.,6.994852949431,4.467889011137));
#10017 = VECTOR('',#10018,1.);
#10018 = DIRECTION('',(-1.,0.,0.));
#10019 = PCURVE('',#5068,#10020);
#10020 = DEFINITIONAL_REPRESENTATION('',(#10021),#10025);
#10021 = LINE('',#10022,#10023);
#10022 = CARTESIAN_POINT('',(0.589610116775,44.));
#10023 = VECTOR('',#10024,1.);
#10024 = DIRECTION('',(0.,-1.));
#10025 = ( GEOMETRIC_REPRESENTATION_CONTEXT(2) 
PARAMETRIC_REPRESENTATION_CONTEXT() REPRESENTATION_CONTEXT('2D SPACE',''
  ) );
#10026 = PCURVE('',#5172,#10027);
#10027 = DEFINITIONAL_REPRESENTATION('',(#10028),#10032);
#10028 = LINE('',#10029,#10030);
#10029 = CARTESIAN_POINT('',(0.,44.));
#10030 = VECTOR('',#10031,1.);
#10031 = DIRECTION('',(0.,-1.));
#10032 = ( GEOMETRIC_REPRESENTATION_CONTEXT(2) 
PARAMETRIC_REPRESENTATION_CONTEXT() REPRESENTATION_CONTEXT('2D SPACE',''
  ) );
#10033 = ORIENTED_EDGE('',*,*,#10034,.F.);
#10034 = EDGE_CURVE('',#9904,#10012,#10035,.T.);
#10035 = SURFACE_CURVE('',#10036,(#10040,#10047),.PCURVE_S1.);
#10036 = LINE('',#10037,#10038);
#10037 = CARTESIAN_POINT('',(29.5,6.660017073335,4.953198217605));
#10038 = VECTOR('',#10039,1.);
#10039 = DIRECTION('',(0.,0.567893709028,-0.823101898459));
#10040 = PCURVE('',#5068,#10041);
#10041 = DEFINITIONAL_REPRESENTATION('',(#10042),#10046);
#10042 = LINE('',#10043,#10044);
#10043 = CARTESIAN_POINT('',(0.,14.5));
#10044 = VECTOR('',#10045,1.);
#10045 = DIRECTION('',(1.,0.));
#10046 = ( GEOMETRIC_REPRESENTATION_CONTEXT(2) 
PARAMETRIC_REPRESENTATION_CONTEXT() REPRESENTATION_CONTEXT('2D SPACE',''
  ) );
#10047 = PCURVE('',#10048,#10053);
#10048 = PLANE('',#10049);
#10049 = AXIS2_PLACEMENT_3D('',#10050,#10051,#10052);
#10050 = CARTESIAN_POINT('',(29.75,6.86579254795,5.095171644862));
#10051 = DIRECTION('',(0.707106781187,-0.582020934008,-0.401561492647));
#10052 = DIRECTION('',(-2.742653133606E-18,0.567893709028,
    -0.823101898459));
#10053 = DEFINITIONAL_REPRESENTATION('',(#10054),#10058);
#10054 = LINE('',#10055,#10056);
#10055 = CARTESIAN_POINT('',(-3.330669073875E-16,-0.353553390593));
#10056 = VECTOR('',#10057,1.);
#10057 = DIRECTION('',(1.,0.));
#10058 = ( GEOMETRIC_REPRESENTATION_CONTEXT(2) 
PARAMETRIC_REPRESENTATION_CONTEXT() REPRESENTATION_CONTEXT('2D SPACE',''
  ) );
#10059 = ADVANCED_FACE('',(#10060),#5120,.T.);
#10060 = FACE_BOUND('',#10061,.T.);
#10061 = EDGE_LOOP('',(#10062,#10085,#10086,#10087));
#10062 = ORIENTED_EDGE('',*,*,#10063,.T.);
#10063 = EDGE_CURVE('',#10064,#5084,#10066,.T.);
#10064 = VERTEX_POINT('',#10065);
#10065 = CARTESIAN_POINT('',(29.5,-7.294390650066,3.960033465039));
#10066 = SURFACE_CURVE('',#10067,(#10071,#10078),.PCURVE_S1.);
#10067 = LINE('',#10068,#10069);
#10068 = CARTESIAN_POINT('',(59.,-7.294390650066,3.960033465039));
#10069 = VECTOR('',#10070,1.);
#10070 = DIRECTION('',(-1.,0.,0.));
#10071 = PCURVE('',#5120,#10072);
#10072 = DEFINITIONAL_REPRESENTATION('',(#10073),#10077);
#10073 = LINE('',#10074,#10075);
#10074 = CARTESIAN_POINT('',(0.,44.));
#10075 = VECTOR('',#10076,1.);
#10076 = DIRECTION('',(0.,-1.));
#10077 = ( GEOMETRIC_REPRESENTATION_CONTEXT(2) 
PARAMETRIC_REPRESENTATION_CONTEXT() REPRESENTATION_CONTEXT('2D SPACE',''
  ) );
#10078 = PCURVE('',#5224,#10079);
#10079 = DEFINITIONAL_REPRESENTATION('',(#10080),#10084);
#10080 = LINE('',#10081,#10082);
#10081 = CARTESIAN_POINT('',(0.589610116775,44.));
#10082 = VECTOR('',#10083,1.);
#10083 = DIRECTION('',(0.,-1.));
#10084 = ( GEOMETRIC_REPRESENTATION_CONTEXT(2) 
PARAMETRIC_REPRESENTATION_CONTEXT() REPRESENTATION_CONTEXT('2D SPACE',''
  ) );
#10085 = ORIENTED_EDGE('',*,*,#5106,.T.);
#10086 = ORIENTED_EDGE('',*,*,#9955,.F.);
#10087 = ORIENTED_EDGE('',*,*,#10088,.F.);
#10088 = EDGE_CURVE('',#10064,#9956,#10089,.T.);
#10089 = SURFACE_CURVE('',#10090,(#10094,#10101),.PCURVE_S1.);
#10090 = LINE('',#10091,#10092);
#10091 = CARTESIAN_POINT('',(29.5,-7.294390650066,3.960033465039));
#10092 = VECTOR('',#10093,1.);
#10093 = DIRECTION('',(-0.,0.508026731755,0.86134130275));
#10094 = PCURVE('',#5120,#10095);
#10095 = DEFINITIONAL_REPRESENTATION('',(#10096),#10100);
#10096 = LINE('',#10097,#10098);
#10097 = CARTESIAN_POINT('',(0.,14.5));
#10098 = VECTOR('',#10099,1.);
#10099 = DIRECTION('',(1.,0.));
#10100 = ( GEOMETRIC_REPRESENTATION_CONTEXT(2) 
PARAMETRIC_REPRESENTATION_CONTEXT() REPRESENTATION_CONTEXT('2D SPACE',''
  ) );
#10101 = PCURVE('',#10102,#10107);
#10102 = PLANE('',#10103);
#10103 = AXIS2_PLACEMENT_3D('',#10104,#10105,#10106);
#10104 = CARTESIAN_POINT('',(29.75,-7.509725975753,4.087040147978));
#10105 = DIRECTION('',(0.707106781187,0.60906027609,-0.359229147048));
#10106 = DIRECTION('',(-1.319875511924E-17,0.508026731755,0.86134130275)
  );
#10107 = DEFINITIONAL_REPRESENTATION('',(#10108),#10112);
#10108 = LINE('',#10109,#10110);
#10109 = CARTESIAN_POINT('',(4.440892098501E-16,-0.353553390593));
#10110 = VECTOR('',#10111,1.);
#10111 = DIRECTION('',(1.,0.));
#10112 = ( GEOMETRIC_REPRESENTATION_CONTEXT(2) 
PARAMETRIC_REPRESENTATION_CONTEXT() REPRESENTATION_CONTEXT('2D SPACE',''
  ) );
#10113 = ADVANCED_FACE('',(#10114),#5172,.T.);
#10114 = FACE_BOUND('',#10115,.T.);
#10115 = EDGE_LOOP('',(#10116,#10117,#10118,#10141));
#10116 = ORIENTED_EDGE('',*,*,#10011,.T.);
#10117 = ORIENTED_EDGE('',*,*,#5158,.T.);
#10118 = ORIENTED_EDGE('',*,*,#10119,.F.);
#10119 = EDGE_CURVE('',#10120,#5138,#10122,.T.);
#10120 = VERTEX_POINT('',#10121);
#10121 = CARTESIAN_POINT('',(29.5,7.294390650066,3.960033465039));
#10122 = SURFACE_CURVE('',#10123,(#10127,#10134),.PCURVE_S1.);
#10123 = LINE('',#10124,#10125);
#10124 = CARTESIAN_POINT('',(59.,7.294390650066,3.960033465039));
#10125 = VECTOR('',#10126,1.);
#10126 = DIRECTION('',(-1.,0.,0.));
#10127 = PCURVE('',#5172,#10128);
#10128 = DEFINITIONAL_REPRESENTATION('',(#10129),#10133);
#10129 = LINE('',#10130,#10131);
#10130 = CARTESIAN_POINT('',(0.589610116775,44.));
#10131 = VECTOR('',#10132,1.);
#10132 = DIRECTION('',(0.,-1.));
#10133 = ( GEOMETRIC_REPRESENTATION_CONTEXT(2) 
PARAMETRIC_REPRESENTATION_CONTEXT() REPRESENTATION_CONTEXT('2D SPACE',''
  ) );
#10134 = PCURVE('',#5276,#10135);
#10135 = DEFINITIONAL_REPRESENTATION('',(#10136),#10140);
#10136 = LINE('',#10137,#10138);
#10137 = CARTESIAN_POINT('',(0.,44.));
#10138 = VECTOR('',#10139,1.);
#10139 = DIRECTION('',(0.,-1.));
#10140 = ( GEOMETRIC_REPRESENTATION_CONTEXT(2) 
PARAMETRIC_REPRESENTATION_CONTEXT() REPRESENTATION_CONTEXT('2D SPACE',''
  ) );
#10141 = ORIENTED_EDGE('',*,*,#10142,.F.);
#10142 = EDGE_CURVE('',#10012,#10120,#10143,.T.);
#10143 = SURFACE_CURVE('',#10144,(#10148,#10155),.PCURVE_S1.);
#10144 = LINE('',#10145,#10146);
#10145 = CARTESIAN_POINT('',(29.5,6.994852949431,4.467889011137));
#10146 = VECTOR('',#10147,1.);
#10147 = DIRECTION('',(0.,0.508026731755,-0.86134130275));
#10148 = PCURVE('',#5172,#10149);
#10149 = DEFINITIONAL_REPRESENTATION('',(#10150),#10154);
#10150 = LINE('',#10151,#10152);
#10151 = CARTESIAN_POINT('',(0.,14.5));
#10152 = VECTOR('',#10153,1.);
#10153 = DIRECTION('',(1.,0.));
#10154 = ( GEOMETRIC_REPRESENTATION_CONTEXT(2) 
PARAMETRIC_REPRESENTATION_CONTEXT() REPRESENTATION_CONTEXT('2D SPACE',''
  ) );
#10155 = PCURVE('',#10156,#10161);
#10156 = PLANE('',#10157);
#10157 = AXIS2_PLACEMENT_3D('',#10158,#10159,#10160);
#10158 = CARTESIAN_POINT('',(29.75,7.210188275118,4.594895694075));
#10159 = DIRECTION('',(0.707106781187,-0.60906027609,-0.359229147048));
#10160 = DIRECTION('',(-7.610328476449E-17,0.508026731755,-0.86134130275
    ));
#10161 = DEFINITIONAL_REPRESENTATION('',(#10162),#10166);
#10162 = LINE('',#10163,#10164);
#10163 = CARTESIAN_POINT('',(3.885780586188E-16,-0.353553390593));
#10164 = VECTOR('',#10165,1.);
#10165 = DIRECTION('',(1.,0.));
#10166 = ( GEOMETRIC_REPRESENTATION_CONTEXT(2) 
PARAMETRIC_REPRESENTATION_CONTEXT() REPRESENTATION_CONTEXT('2D SPACE',''
  ) );
#10167 = ADVANCED_FACE('',(#10168),#5224,.T.);
#10168 = FACE_BOUND('',#10169,.T.);
#10169 = EDGE_LOOP('',(#10170,#10193,#10194,#10195));
#10170 = ORIENTED_EDGE('',*,*,#10171,.T.);
#10171 = EDGE_CURVE('',#10172,#5188,#10174,.T.);
#10172 = VERTEX_POINT('',#10173);
#10173 = CARTESIAN_POINT('',(29.5,-7.557118616042,3.432194374314));
#10174 = SURFACE_CURVE('',#10175,(#10179,#10186),.PCURVE_S1.);
#10175 = LINE('',#10176,#10177);
#10176 = CARTESIAN_POINT('',(59.,-7.557118616042,3.432194374314));
#10177 = VECTOR('',#10178,1.);
#10178 = DIRECTION('',(-1.,0.,0.));
#10179 = PCURVE('',#5224,#10180);
#10180 = DEFINITIONAL_REPRESENTATION('',(#10181),#10185);
#10181 = LINE('',#10182,#10183);
#10182 = CARTESIAN_POINT('',(0.,44.));
#10183 = VECTOR('',#10184,1.);
#10184 = DIRECTION('',(0.,-1.));
#10185 = ( GEOMETRIC_REPRESENTATION_CONTEXT(2) 
PARAMETRIC_REPRESENTATION_CONTEXT() REPRESENTATION_CONTEXT('2D SPACE',''
  ) );
#10186 = PCURVE('',#5328,#10187);
#10187 = DEFINITIONAL_REPRESENTATION('',(#10188),#10192);
#10188 = LINE('',#10189,#10190);
#10189 = CARTESIAN_POINT('',(0.589610116775,44.));
#10190 = VECTOR('',#10191,1.);
#10191 = DIRECTION('',(0.,-1.));
#10192 = ( GEOMETRIC_REPRESENTATION_CONTEXT(2) 
PARAMETRIC_REPRESENTATION_CONTEXT() REPRESENTATION_CONTEXT('2D SPACE',''
  ) );
#10193 = ORIENTED_EDGE('',*,*,#5210,.T.);
#10194 = ORIENTED_EDGE('',*,*,#10063,.F.);
#10195 = ORIENTED_EDGE('',*,*,#10196,.F.);
#10196 = EDGE_CURVE('',#10172,#10064,#10197,.T.);
#10197 = SURFACE_CURVE('',#10198,(#10202,#10209),.PCURVE_S1.);
#10198 = LINE('',#10199,#10200);
#10199 = CARTESIAN_POINT('',(29.5,-7.557118616042,3.432194374314));
#10200 = VECTOR('',#10201,1.);
#10201 = DIRECTION('',(-0.,0.445596095625,0.895234114388));
#10202 = PCURVE('',#5224,#10203);
#10203 = DEFINITIONAL_REPRESENTATION('',(#10204),#10208);
#10204 = LINE('',#10205,#10206);
#10205 = CARTESIAN_POINT('',(0.,14.5));
#10206 = VECTOR('',#10207,1.);
#10207 = DIRECTION('',(1.,0.));
#10208 = ( GEOMETRIC_REPRESENTATION_CONTEXT(2) 
PARAMETRIC_REPRESENTATION_CONTEXT() REPRESENTATION_CONTEXT('2D SPACE',''
  ) );
#10209 = PCURVE('',#10210,#10215);
#10210 = PLANE('',#10211);
#10211 = AXIS2_PLACEMENT_3D('',#10212,#10213,#10214);
#10212 = CARTESIAN_POINT('',(29.75,-7.780927144639,3.54359339822));
#10213 = DIRECTION('',(0.707106781187,0.633026113033,-0.315084020887));
#10214 = DIRECTION('',(2.603096422129E-17,0.445596095625,0.895234114388)
  );
#10215 = DEFINITIONAL_REPRESENTATION('',(#10216),#10220);
#10216 = LINE('',#10217,#10218);
#10217 = CARTESIAN_POINT('',(-5.551115123126E-16,-0.353553390593));
#10218 = VECTOR('',#10219,1.);
#10219 = DIRECTION('',(1.,0.));
#10220 = ( GEOMETRIC_REPRESENTATION_CONTEXT(2) 
PARAMETRIC_REPRESENTATION_CONTEXT() REPRESENTATION_CONTEXT('2D SPACE',''
  ) );
#10221 = ADVANCED_FACE('',(#10222),#5276,.T.);
#10222 = FACE_BOUND('',#10223,.T.);
#10223 = EDGE_LOOP('',(#10224,#10225,#10226,#10249));
#10224 = ORIENTED_EDGE('',*,*,#10119,.T.);
#10225 = ORIENTED_EDGE('',*,*,#5262,.T.);
#10226 = ORIENTED_EDGE('',*,*,#10227,.F.);
#10227 = EDGE_CURVE('',#10228,#5242,#10230,.T.);
#10228 = VERTEX_POINT('',#10229);
#10229 = CARTESIAN_POINT('',(29.5,7.557118616042,3.432194374314));
#10230 = SURFACE_CURVE('',#10231,(#10235,#10242),.PCURVE_S1.);
#10231 = LINE('',#10232,#10233);
#10232 = CARTESIAN_POINT('',(59.,7.557118616042,3.432194374314));
#10233 = VECTOR('',#10234,1.);
#10234 = DIRECTION('',(-1.,0.,0.));
#10235 = PCURVE('',#5276,#10236);
#10236 = DEFINITIONAL_REPRESENTATION('',(#10237),#10241);
#10237 = LINE('',#10238,#10239);
#10238 = CARTESIAN_POINT('',(0.589610116775,44.));
#10239 = VECTOR('',#10240,1.);
#10240 = DIRECTION('',(0.,-1.));
#10241 = ( GEOMETRIC_REPRESENTATION_CONTEXT(2) 
PARAMETRIC_REPRESENTATION_CONTEXT() REPRESENTATION_CONTEXT('2D SPACE',''
  ) );
#10242 = PCURVE('',#5380,#10243);
#10243 = DEFINITIONAL_REPRESENTATION('',(#10244),#10248);
#10244 = LINE('',#10245,#10246);
#10245 = CARTESIAN_POINT('',(0.,44.));
#10246 = VECTOR('',#10247,1.);
#10247 = DIRECTION('',(0.,-1.));
#10248 = ( GEOMETRIC_REPRESENTATION_CONTEXT(2) 
PARAMETRIC_REPRESENTATION_CONTEXT() REPRESENTATION_CONTEXT('2D SPACE',''
  ) );
#10249 = ORIENTED_EDGE('',*,*,#10250,.F.);
#10250 = EDGE_CURVE('',#10120,#10228,#10251,.T.);
#10251 = SURFACE_CURVE('',#10252,(#10256,#10263),.PCURVE_S1.);
#10252 = LINE('',#10253,#10254);
#10253 = CARTESIAN_POINT('',(29.5,7.294390650066,3.960033465039));
#10254 = VECTOR('',#10255,1.);
#10255 = DIRECTION('',(0.,0.445596095625,-0.895234114388));
#10256 = PCURVE('',#5276,#10257);
#10257 = DEFINITIONAL_REPRESENTATION('',(#10258),#10262);
#10258 = LINE('',#10259,#10260);
#10259 = CARTESIAN_POINT('',(-5.551115123126E-17,14.5));
#10260 = VECTOR('',#10261,1.);
#10261 = DIRECTION('',(1.,0.));
#10262 = ( GEOMETRIC_REPRESENTATION_CONTEXT(2) 
PARAMETRIC_REPRESENTATION_CONTEXT() REPRESENTATION_CONTEXT('2D SPACE',''
  ) );
#10263 = PCURVE('',#10264,#10269);
#10264 = PLANE('',#10265);
#10265 = AXIS2_PLACEMENT_3D('',#10266,#10267,#10268);
#10266 = CARTESIAN_POINT('',(29.75,7.518199178663,4.071432488945));
#10267 = DIRECTION('',(0.707106781187,-0.633026113033,-0.315084020887));
#10268 = DIRECTION('',(3.017630367743E-17,0.445596095625,-0.895234114388
    ));
#10269 = DEFINITIONAL_REPRESENTATION('',(#10270),#10274);
#10270 = LINE('',#10271,#10272);
#10271 = CARTESIAN_POINT('',(3.885780586188E-16,-0.353553390593));
#10272 = VECTOR('',#10273,1.);
#10273 = DIRECTION('',(1.,0.));
#10274 = ( GEOMETRIC_REPRESENTATION_CONTEXT(2) 
PARAMETRIC_REPRESENTATION_CONTEXT() REPRESENTATION_CONTEXT('2D SPACE',''
  ) );
#10275 = ADVANCED_FACE('',(#10276),#5328,.T.);
#10276 = FACE_BOUND('',#10277,.T.);
#10277 = EDGE_LOOP('',(#10278,#10301,#10302,#10303));
#10278 = ORIENTED_EDGE('',*,*,#10279,.T.);
#10279 = EDGE_CURVE('',#10280,#5292,#10282,.T.);
#10280 = VERTEX_POINT('',#10281);
#10281 = CARTESIAN_POINT('',(29.5,-7.781711041383,2.887035377063));
#10282 = SURFACE_CURVE('',#10283,(#10287,#10294),.PCURVE_S1.);
#10283 = LINE('',#10284,#10285);
#10284 = CARTESIAN_POINT('',(59.,-7.781711041383,2.887035377063));
#10285 = VECTOR('',#10286,1.);
#10286 = DIRECTION('',(-1.,0.,0.));
#10287 = PCURVE('',#5328,#10288);
#10288 = DEFINITIONAL_REPRESENTATION('',(#10289),#10293);
#10289 = LINE('',#10290,#10291);
#10290 = CARTESIAN_POINT('',(0.,44.));
#10291 = VECTOR('',#10292,1.);
#10292 = DIRECTION('',(0.,-1.));
#10293 = ( GEOMETRIC_REPRESENTATION_CONTEXT(2) 
PARAMETRIC_REPRESENTATION_CONTEXT() REPRESENTATION_CONTEXT('2D SPACE',''
  ) );
#10294 = PCURVE('',#5432,#10295);
#10295 = DEFINITIONAL_REPRESENTATION('',(#10296),#10300);
#10296 = LINE('',#10297,#10298);
#10297 = CARTESIAN_POINT('',(0.589610116775,44.));
#10298 = VECTOR('',#10299,1.);
#10299 = DIRECTION('',(0.,-1.));
#10300 = ( GEOMETRIC_REPRESENTATION_CONTEXT(2) 
PARAMETRIC_REPRESENTATION_CONTEXT() REPRESENTATION_CONTEXT('2D SPACE',''
  ) );
#10301 = ORIENTED_EDGE('',*,*,#5314,.T.);
#10302 = ORIENTED_EDGE('',*,*,#10171,.F.);
#10303 = ORIENTED_EDGE('',*,*,#10304,.F.);
#10304 = EDGE_CURVE('',#10280,#10172,#10305,.T.);
#10305 = SURFACE_CURVE('',#10306,(#10310,#10317),.PCURVE_S1.);
#10306 = LINE('',#10307,#10308);
#10307 = CARTESIAN_POINT('',(29.5,-7.781711041383,2.887035377063));
#10308 = VECTOR('',#10309,1.);
#10309 = DIRECTION('',(-0.,0.380916844795,0.924609299841));
#10310 = PCURVE('',#5328,#10311);
#10311 = DEFINITIONAL_REPRESENTATION('',(#10312),#10316);
#10312 = LINE('',#10313,#10314);
#10313 = CARTESIAN_POINT('',(0.,14.5));
#10314 = VECTOR('',#10315,1.);
#10315 = DIRECTION('',(1.,0.));
#10316 = ( GEOMETRIC_REPRESENTATION_CONTEXT(2) 
PARAMETRIC_REPRESENTATION_CONTEXT() REPRESENTATION_CONTEXT('2D SPACE',''
  ) );
#10317 = PCURVE('',#10318,#10323);
#10318 = PLANE('',#10319);
#10319 = AXIS2_PLACEMENT_3D('',#10320,#10321,#10322);
#10320 = CARTESIAN_POINT('',(29.75,-8.012863366343,2.982264588262));
#10321 = DIRECTION('',(0.707106781187,0.653797505865,-0.269348884023));
#10322 = DIRECTION('',(1.388432906216E-17,0.380916844795,0.924609299841)
  );
#10323 = DEFINITIONAL_REPRESENTATION('',(#10324),#10328);
#10324 = LINE('',#10325,#10326);
#10325 = CARTESIAN_POINT('',(1.665334536938E-16,-0.353553390593));
#10326 = VECTOR('',#10327,1.);
#10327 = DIRECTION('',(1.,0.));
#10328 = ( GEOMETRIC_REPRESENTATION_CONTEXT(2) 
PARAMETRIC_REPRESENTATION_CONTEXT() REPRESENTATION_CONTEXT('2D SPACE',''
  ) );
#10329 = ADVANCED_FACE('',(#10330),#5380,.T.);
#10330 = FACE_BOUND('',#10331,.T.);
#10331 = EDGE_LOOP('',(#10332,#10333,#10334,#10357));
#10332 = ORIENTED_EDGE('',*,*,#10227,.T.);
#10333 = ORIENTED_EDGE('',*,*,#5366,.T.);
#10334 = ORIENTED_EDGE('',*,*,#10335,.F.);
#10335 = EDGE_CURVE('',#10336,#5346,#10338,.T.);
#10336 = VERTEX_POINT('',#10337);
#10337 = CARTESIAN_POINT('',(29.5,7.781711041383,2.887035377063));
#10338 = SURFACE_CURVE('',#10339,(#10343,#10350),.PCURVE_S1.);
#10339 = LINE('',#10340,#10341);
#10340 = CARTESIAN_POINT('',(59.,7.781711041383,2.887035377063));
#10341 = VECTOR('',#10342,1.);
#10342 = DIRECTION('',(-1.,0.,0.));
#10343 = PCURVE('',#5380,#10344);
#10344 = DEFINITIONAL_REPRESENTATION('',(#10345),#10349);
#10345 = LINE('',#10346,#10347);
#10346 = CARTESIAN_POINT('',(0.589610116775,44.));
#10347 = VECTOR('',#10348,1.);
#10348 = DIRECTION('',(0.,-1.));
#10349 = ( GEOMETRIC_REPRESENTATION_CONTEXT(2) 
PARAMETRIC_REPRESENTATION_CONTEXT() REPRESENTATION_CONTEXT('2D SPACE',''
  ) );
#10350 = PCURVE('',#5484,#10351);
#10351 = DEFINITIONAL_REPRESENTATION('',(#10352),#10356);
#10352 = LINE('',#10353,#10354);
#10353 = CARTESIAN_POINT('',(0.,44.));
#10354 = VECTOR('',#10355,1.);
#10355 = DIRECTION('',(0.,-1.));
#10356 = ( GEOMETRIC_REPRESENTATION_CONTEXT(2) 
PARAMETRIC_REPRESENTATION_CONTEXT() REPRESENTATION_CONTEXT('2D SPACE',''
  ) );
#10357 = ORIENTED_EDGE('',*,*,#10358,.F.);
#10358 = EDGE_CURVE('',#10228,#10336,#10359,.T.);
#10359 = SURFACE_CURVE('',#10360,(#10364,#10371),.PCURVE_S1.);
#10360 = LINE('',#10361,#10362);
#10361 = CARTESIAN_POINT('',(29.5,7.557118616042,3.432194374314));
#10362 = VECTOR('',#10363,1.);
#10363 = DIRECTION('',(0.,0.380916844795,-0.924609299841));
#10364 = PCURVE('',#5380,#10365);
#10365 = DEFINITIONAL_REPRESENTATION('',(#10366),#10370);
#10366 = LINE('',#10367,#10368);
#10367 = CARTESIAN_POINT('',(0.,14.5));
#10368 = VECTOR('',#10369,1.);
#10369 = DIRECTION('',(1.,0.));
#10370 = ( GEOMETRIC_REPRESENTATION_CONTEXT(2) 
PARAMETRIC_REPRESENTATION_CONTEXT() REPRESENTATION_CONTEXT('2D SPACE',''
  ) );
#10371 = PCURVE('',#10372,#10377);
#10372 = PLANE('',#10373);
#10373 = AXIS2_PLACEMENT_3D('',#10374,#10375,#10376);
#10374 = CARTESIAN_POINT('',(29.75,7.788270941002,3.527423585512));
#10375 = DIRECTION('',(0.707106781187,-0.653797505865,-0.269348884023));
#10376 = DIRECTION('',(3.537289408693E-17,0.380916844795,-0.924609299841
    ));
#10377 = DEFINITIONAL_REPRESENTATION('',(#10378),#10382);
#10378 = LINE('',#10379,#10380);
#10379 = CARTESIAN_POINT('',(-5.551115123126E-16,-0.353553390593));
#10380 = VECTOR('',#10381,1.);
#10381 = DIRECTION('',(1.,0.));
#10382 = ( GEOMETRIC_REPRESENTATION_CONTEXT(2) 
PARAMETRIC_REPRESENTATION_CONTEXT() REPRESENTATION_CONTEXT('2D SPACE',''
  ) );
#10383 = ADVANCED_FACE('',(#10384),#5432,.T.);
#10384 = FACE_BOUND('',#10385,.T.);
#10385 = EDGE_LOOP('',(#10386,#10409,#10410,#10411));
#10386 = ORIENTED_EDGE('',*,*,#10387,.T.);
#10387 = EDGE_CURVE('',#10388,#5396,#10390,.T.);
#10388 = VERTEX_POINT('',#10389);
#10389 = CARTESIAN_POINT('',(29.5,-7.96703456376,2.327307512956));
#10390 = SURFACE_CURVE('',#10391,(#10395,#10402),.PCURVE_S1.);
#10391 = LINE('',#10392,#10393);
#10392 = CARTESIAN_POINT('',(59.,-7.96703456376,2.327307512956));
#10393 = VECTOR('',#10394,1.);
#10394 = DIRECTION('',(-1.,0.,0.));
#10395 = PCURVE('',#5432,#10396);
#10396 = DEFINITIONAL_REPRESENTATION('',(#10397),#10401);
#10397 = LINE('',#10398,#10399);
#10398 = CARTESIAN_POINT('',(0.,44.));
#10399 = VECTOR('',#10400,1.);
#10400 = DIRECTION('',(0.,-1.));
#10401 = ( GEOMETRIC_REPRESENTATION_CONTEXT(2) 
PARAMETRIC_REPRESENTATION_CONTEXT() REPRESENTATION_CONTEXT('2D SPACE',''
  ) );
#10402 = PCURVE('',#5536,#10403);
#10403 = DEFINITIONAL_REPRESENTATION('',(#10404),#10408);
#10404 = LINE('',#10405,#10406);
#10405 = CARTESIAN_POINT('',(0.589610116775,44.));
#10406 = VECTOR('',#10407,1.);
#10407 = DIRECTION('',(0.,-1.));
#10408 = ( GEOMETRIC_REPRESENTATION_CONTEXT(2) 
PARAMETRIC_REPRESENTATION_CONTEXT() REPRESENTATION_CONTEXT('2D SPACE',''
  ) );
#10409 = ORIENTED_EDGE('',*,*,#5418,.T.);
#10410 = ORIENTED_EDGE('',*,*,#10279,.F.);
#10411 = ORIENTED_EDGE('',*,*,#10412,.F.);
#10412 = EDGE_CURVE('',#10388,#10280,#10413,.T.);
#10413 = SURFACE_CURVE('',#10414,(#10418,#10425),.PCURVE_S1.);
#10414 = LINE('',#10415,#10416);
#10415 = CARTESIAN_POINT('',(29.5,-7.96703456376,2.327307512956));
#10416 = VECTOR('',#10417,1.);
#10417 = DIRECTION('',(-0.,0.314315370621,0.949318622903));
#10418 = PCURVE('',#5432,#10419);
#10419 = DEFINITIONAL_REPRESENTATION('',(#10420),#10424);
#10420 = LINE('',#10421,#10422);
#10421 = CARTESIAN_POINT('',(0.,14.5));
#10422 = VECTOR('',#10423,1.);
#10423 = DIRECTION('',(1.,0.));
#10424 = ( GEOMETRIC_REPRESENTATION_CONTEXT(2) 
PARAMETRIC_REPRESENTATION_CONTEXT() REPRESENTATION_CONTEXT('2D SPACE',''
  ) );
#10425 = PCURVE('',#10426,#10431);
#10426 = PLANE('',#10427);
#10427 = AXIS2_PLACEMENT_3D('',#10428,#10429,#10430);
#10428 = CARTESIAN_POINT('',(29.75,-8.204364219485,2.405886355611));
#10429 = DIRECTION('',(0.707106781187,0.671269635762,-0.222254529997));
#10430 = DIRECTION('',(2.115036254363E-17,0.314315370621,0.949318622903)
  );
#10431 = DEFINITIONAL_REPRESENTATION('',(#10432),#10436);
#10432 = LINE('',#10433,#10434);
#10433 = CARTESIAN_POINT('',(2.775557561563E-16,-0.353553390593));
#10434 = VECTOR('',#10435,1.);
#10435 = DIRECTION('',(1.,0.));
#10436 = ( GEOMETRIC_REPRESENTATION_CONTEXT(2) 
PARAMETRIC_REPRESENTATION_CONTEXT() REPRESENTATION_CONTEXT('2D SPACE',''
  ) );
#10437 = ADVANCED_FACE('',(#10438),#5484,.T.);
#10438 = FACE_BOUND('',#10439,.T.);
#10439 = EDGE_LOOP('',(#10440,#10441,#10442,#10465));
#10440 = ORIENTED_EDGE('',*,*,#10335,.T.);
#10441 = ORIENTED_EDGE('',*,*,#5470,.T.);
#10442 = ORIENTED_EDGE('',*,*,#10443,.F.);
#10443 = EDGE_CURVE('',#10444,#5450,#10446,.T.);
#10444 = VERTEX_POINT('',#10445);
#10445 = CARTESIAN_POINT('',(29.5,7.96703456376,2.327307512956));
#10446 = SURFACE_CURVE('',#10447,(#10451,#10458),.PCURVE_S1.);
#10447 = LINE('',#10448,#10449);
#10448 = CARTESIAN_POINT('',(59.,7.96703456376,2.327307512956));
#10449 = VECTOR('',#10450,1.);
#10450 = DIRECTION('',(-1.,0.,0.));
#10451 = PCURVE('',#5484,#10452);
#10452 = DEFINITIONAL_REPRESENTATION('',(#10453),#10457);
#10453 = LINE('',#10454,#10455);
#10454 = CARTESIAN_POINT('',(0.589610116775,44.));
#10455 = VECTOR('',#10456,1.);
#10456 = DIRECTION('',(0.,-1.));
#10457 = ( GEOMETRIC_REPRESENTATION_CONTEXT(2) 
PARAMETRIC_REPRESENTATION_CONTEXT() REPRESENTATION_CONTEXT('2D SPACE',''
  ) );
#10458 = PCURVE('',#5588,#10459);
#10459 = DEFINITIONAL_REPRESENTATION('',(#10460),#10464);
#10460 = LINE('',#10461,#10462);
#10461 = CARTESIAN_POINT('',(0.,44.));
#10462 = VECTOR('',#10463,1.);
#10463 = DIRECTION('',(0.,-1.));
#10464 = ( GEOMETRIC_REPRESENTATION_CONTEXT(2) 
PARAMETRIC_REPRESENTATION_CONTEXT() REPRESENTATION_CONTEXT('2D SPACE',''
  ) );
#10465 = ORIENTED_EDGE('',*,*,#10466,.F.);
#10466 = EDGE_CURVE('',#10336,#10444,#10467,.T.);
#10467 = SURFACE_CURVE('',#10468,(#10472,#10479),.PCURVE_S1.);
#10468 = LINE('',#10469,#10470);
#10469 = CARTESIAN_POINT('',(29.5,7.781711041383,2.887035377063));
#10470 = VECTOR('',#10471,1.);
#10471 = DIRECTION('',(0.,0.314315370621,-0.949318622903));
#10472 = PCURVE('',#5484,#10473);
#10473 = DEFINITIONAL_REPRESENTATION('',(#10474),#10478);
#10474 = LINE('',#10475,#10476);
#10475 = CARTESIAN_POINT('',(0.,14.5));
#10476 = VECTOR('',#10477,1.);
#10477 = DIRECTION('',(1.,0.));
#10478 = ( GEOMETRIC_REPRESENTATION_CONTEXT(2) 
PARAMETRIC_REPRESENTATION_CONTEXT() REPRESENTATION_CONTEXT('2D SPACE',''
  ) );
#10479 = PCURVE('',#10480,#10485);
#10480 = PLANE('',#10481);
#10481 = AXIS2_PLACEMENT_3D('',#10482,#10483,#10484);
#10482 = CARTESIAN_POINT('',(29.75,8.019040697109,2.965614219718));
#10483 = DIRECTION('',(0.707106781187,-0.671269635762,-0.222254529997));
#10484 = DIRECTION('',(-9.286217388078E-17,0.314315370621,
    -0.949318622903));
#10485 = DEFINITIONAL_REPRESENTATION('',(#10486),#10490);
#10486 = LINE('',#10487,#10488);
#10487 = CARTESIAN_POINT('',(-2.22044604925E-16,-0.353553390593));
#10488 = VECTOR('',#10489,1.);
#10489 = DIRECTION('',(1.,0.));
#10490 = ( GEOMETRIC_REPRESENTATION_CONTEXT(2) 
PARAMETRIC_REPRESENTATION_CONTEXT() REPRESENTATION_CONTEXT('2D SPACE',''
  ) );
#10491 = ADVANCED_FACE('',(#10492),#5536,.T.);
#10492 = FACE_BOUND('',#10493,.T.);
#10493 = EDGE_LOOP('',(#10494,#10517,#10518,#10519));
#10494 = ORIENTED_EDGE('',*,*,#10495,.T.);
#10495 = EDGE_CURVE('',#10496,#5500,#10498,.T.);
#10496 = VERTEX_POINT('',#10497);
#10497 = CARTESIAN_POINT('',(29.5,-8.112153983781,1.755835340636));
#10498 = SURFACE_CURVE('',#10499,(#10503,#10510),.PCURVE_S1.);
#10499 = LINE('',#10500,#10501);
#10500 = CARTESIAN_POINT('',(59.,-8.112153983781,1.755835340636));
#10501 = VECTOR('',#10502,1.);
#10502 = DIRECTION('',(-1.,0.,0.));
#10503 = PCURVE('',#5536,#10504);
#10504 = DEFINITIONAL_REPRESENTATION('',(#10505),#10509);
#10505 = LINE('',#10506,#10507);
#10506 = CARTESIAN_POINT('',(0.,44.));
#10507 = VECTOR('',#10508,1.);
#10508 = DIRECTION('',(0.,-1.));
#10509 = ( GEOMETRIC_REPRESENTATION_CONTEXT(2) 
PARAMETRIC_REPRESENTATION_CONTEXT() REPRESENTATION_CONTEXT('2D SPACE',''
  ) );
#10510 = PCURVE('',#5640,#10511);
#10511 = DEFINITIONAL_REPRESENTATION('',(#10512),#10516);
#10512 = LINE('',#10513,#10514);
#10513 = CARTESIAN_POINT('',(0.589610116775,44.));
#10514 = VECTOR('',#10515,1.);
#10515 = DIRECTION('',(0.,-1.));
#10516 = ( GEOMETRIC_REPRESENTATION_CONTEXT(2) 
PARAMETRIC_REPRESENTATION_CONTEXT() REPRESENTATION_CONTEXT('2D SPACE',''
  ) );
#10517 = ORIENTED_EDGE('',*,*,#5522,.T.);
#10518 = ORIENTED_EDGE('',*,*,#10387,.F.);
#10519 = ORIENTED_EDGE('',*,*,#10520,.F.);
#10520 = EDGE_CURVE('',#10496,#10388,#10521,.T.);
#10521 = SURFACE_CURVE('',#10522,(#10526,#10533),.PCURVE_S1.);
#10522 = LINE('',#10523,#10524);
#10523 = CARTESIAN_POINT('',(29.5,-8.112153983781,1.755835340636));
#10524 = VECTOR('',#10525,1.);
#10525 = DIRECTION('',(-0.,0.24612776459,0.969237392746));
#10526 = PCURVE('',#5536,#10527);
#10527 = DEFINITIONAL_REPRESENTATION('',(#10528),#10532);
#10528 = LINE('',#10529,#10530);
#10529 = CARTESIAN_POINT('',(0.,14.5));
#10530 = VECTOR('',#10531,1.);
#10531 = DIRECTION('',(1.,0.));
#10532 = ( GEOMETRIC_REPRESENTATION_CONTEXT(2) 
PARAMETRIC_REPRESENTATION_CONTEXT() REPRESENTATION_CONTEXT('2D SPACE',''
  ) );
#10533 = PCURVE('',#10534,#10539);
#10534 = PLANE('',#10535);
#10535 = AXIS2_PLACEMENT_3D('',#10536,#10537,#10538);
#10536 = CARTESIAN_POINT('',(29.75,-8.354463331968,1.817367281783));
#10537 = DIRECTION('',(0.707106781187,0.685354332991,-0.17403861138));
#10538 = DIRECTION('',(1.835594820101E-17,0.24612776459,0.969237392746)
  );
#10539 = DEFINITIONAL_REPRESENTATION('',(#10540),#10544);
#10540 = LINE('',#10541,#10542);
#10541 = CARTESIAN_POINT('',(7.216449660064E-16,-0.353553390593));
#10542 = VECTOR('',#10543,1.);
#10543 = DIRECTION('',(1.,0.));
#10544 = ( GEOMETRIC_REPRESENTATION_CONTEXT(2) 
PARAMETRIC_REPRESENTATION_CONTEXT() REPRESENTATION_CONTEXT('2D SPACE',''
  ) );
#10545 = ADVANCED_FACE('',(#10546),#5588,.T.);
#10546 = FACE_BOUND('',#10547,.T.);
#10547 = EDGE_LOOP('',(#10548,#10549,#10550,#10573));
#10548 = ORIENTED_EDGE('',*,*,#10443,.T.);
#10549 = ORIENTED_EDGE('',*,*,#5574,.T.);
#10550 = ORIENTED_EDGE('',*,*,#10551,.F.);
#10551 = EDGE_CURVE('',#10552,#5554,#10554,.T.);
#10552 = VERTEX_POINT('',#10553);
#10553 = CARTESIAN_POINT('',(29.5,8.112153983781,1.755835340636));
#10554 = SURFACE_CURVE('',#10555,(#10559,#10566),.PCURVE_S1.);
#10555 = LINE('',#10556,#10557);
#10556 = CARTESIAN_POINT('',(59.,8.112153983781,1.755835340636));
#10557 = VECTOR('',#10558,1.);
#10558 = DIRECTION('',(-1.,0.,0.));
#10559 = PCURVE('',#5588,#10560);
#10560 = DEFINITIONAL_REPRESENTATION('',(#10561),#10565);
#10561 = LINE('',#10562,#10563);
#10562 = CARTESIAN_POINT('',(0.589610116775,44.));
#10563 = VECTOR('',#10564,1.);
#10564 = DIRECTION('',(0.,-1.));
#10565 = ( GEOMETRIC_REPRESENTATION_CONTEXT(2) 
PARAMETRIC_REPRESENTATION_CONTEXT() REPRESENTATION_CONTEXT('2D SPACE',''
  ) );
#10566 = PCURVE('',#5692,#10567);
#10567 = DEFINITIONAL_REPRESENTATION('',(#10568),#10572);
#10568 = LINE('',#10569,#10570);
#10569 = CARTESIAN_POINT('',(0.,44.));
#10570 = VECTOR('',#10571,1.);
#10571 = DIRECTION('',(0.,-1.));
#10572 = ( GEOMETRIC_REPRESENTATION_CONTEXT(2) 
PARAMETRIC_REPRESENTATION_CONTEXT() REPRESENTATION_CONTEXT('2D SPACE',''
  ) );
#10573 = ORIENTED_EDGE('',*,*,#10574,.F.);
#10574 = EDGE_CURVE('',#10444,#10552,#10575,.T.);
#10575 = SURFACE_CURVE('',#10576,(#10580,#10587),.PCURVE_S1.);
#10576 = LINE('',#10577,#10578);
#10577 = CARTESIAN_POINT('',(29.5,7.96703456376,2.327307512956));
#10578 = VECTOR('',#10579,1.);
#10579 = DIRECTION('',(0.,0.24612776459,-0.969237392746));
#10580 = PCURVE('',#5588,#10581);
#10581 = DEFINITIONAL_REPRESENTATION('',(#10582),#10586);
#10582 = LINE('',#10583,#10584);
#10583 = CARTESIAN_POINT('',(0.,14.5));
#10584 = VECTOR('',#10585,1.);
#10585 = DIRECTION('',(1.,0.));
#10586 = ( GEOMETRIC_REPRESENTATION_CONTEXT(2) 
PARAMETRIC_REPRESENTATION_CONTEXT() REPRESENTATION_CONTEXT('2D SPACE',''
  ) );
#10587 = PCURVE('',#10588,#10593);
#10588 = PLANE('',#10589);
#10589 = AXIS2_PLACEMENT_3D('',#10590,#10591,#10592);
#10590 = CARTESIAN_POINT('',(29.75,8.209343911946,2.388839454103));
#10591 = DIRECTION('',(0.707106781187,-0.685354332991,-0.17403861138));
#10592 = DIRECTION('',(-6.124194253121E-17,0.24612776459,-0.969237392746
    ));
#10593 = DEFINITIONAL_REPRESENTATION('',(#10594),#10598);
#10594 = LINE('',#10595,#10596);
#10595 = CARTESIAN_POINT('',(3.885780586188E-16,-0.353553390593));
#10596 = VECTOR('',#10597,1.);
#10597 = DIRECTION('',(1.,0.));
#10598 = ( GEOMETRIC_REPRESENTATION_CONTEXT(2) 
PARAMETRIC_REPRESENTATION_CONTEXT() REPRESENTATION_CONTEXT('2D SPACE',''
  ) );
#10599 = ADVANCED_FACE('',(#10600),#5640,.T.);
#10600 = FACE_BOUND('',#10601,.T.);
#10601 = EDGE_LOOP('',(#10602,#10625,#10626,#10627));
#10602 = ORIENTED_EDGE('',*,*,#10603,.T.);
#10603 = EDGE_CURVE('',#10604,#5604,#10606,.T.);
#10604 = VERTEX_POINT('',#10605);
#10605 = CARTESIAN_POINT('',(29.5,-8.216336984302,1.17550268413));
#10606 = SURFACE_CURVE('',#10607,(#10611,#10618),.PCURVE_S1.);
#10607 = LINE('',#10608,#10609);
#10608 = CARTESIAN_POINT('',(59.,-8.216336984302,1.17550268413));
#10609 = VECTOR('',#10610,1.);
#10610 = DIRECTION('',(-1.,0.,0.));
#10611 = PCURVE('',#5640,#10612);
#10612 = DEFINITIONAL_REPRESENTATION('',(#10613),#10617);
#10613 = LINE('',#10614,#10615);
#10614 = CARTESIAN_POINT('',(0.,44.));
#10615 = VECTOR('',#10616,1.);
#10616 = DIRECTION('',(0.,-1.));
#10617 = ( GEOMETRIC_REPRESENTATION_CONTEXT(2) 
PARAMETRIC_REPRESENTATION_CONTEXT() REPRESENTATION_CONTEXT('2D SPACE',''
  ) );
#10618 = PCURVE('',#5744,#10619);
#10619 = DEFINITIONAL_REPRESENTATION('',(#10620),#10624);
#10620 = LINE('',#10621,#10622);
#10621 = CARTESIAN_POINT('',(0.589610116775,44.));
#10622 = VECTOR('',#10623,1.);
#10623 = DIRECTION('',(0.,-1.));
#10624 = ( GEOMETRIC_REPRESENTATION_CONTEXT(2) 
PARAMETRIC_REPRESENTATION_CONTEXT() REPRESENTATION_CONTEXT('2D SPACE',''
  ) );
#10625 = ORIENTED_EDGE('',*,*,#5626,.T.);
#10626 = ORIENTED_EDGE('',*,*,#10495,.F.);
#10627 = ORIENTED_EDGE('',*,*,#10628,.F.);
#10628 = EDGE_CURVE('',#10604,#10496,#10629,.T.);
#10629 = SURFACE_CURVE('',#10630,(#10634,#10641),.PCURVE_S1.);
#10630 = LINE('',#10631,#10632);
#10631 = CARTESIAN_POINT('',(29.5,-8.216336984302,1.17550268413));
#10632 = VECTOR('',#10633,1.);
#10633 = DIRECTION('',(-0.,0.176698122295,0.984265093142));
#10634 = PCURVE('',#5640,#10635);
#10635 = DEFINITIONAL_REPRESENTATION('',(#10636),#10640);
#10636 = LINE('',#10637,#10638);
#10637 = CARTESIAN_POINT('',(0.,14.5));
#10638 = VECTOR('',#10639,1.);
#10639 = DIRECTION('',(1.,0.));
#10640 = ( GEOMETRIC_REPRESENTATION_CONTEXT(2) 
PARAMETRIC_REPRESENTATION_CONTEXT() REPRESENTATION_CONTEXT('2D SPACE',''
  ) );
#10641 = PCURVE('',#10642,#10647);
#10642 = PLANE('',#10643);
#10643 = AXIS2_PLACEMENT_3D('',#10644,#10645,#10646);
#10644 = CARTESIAN_POINT('',(29.75,-8.462403257587,1.219677214704));
#10645 = DIRECTION('',(0.707106781187,0.695980521846,-0.124944440498));
#10646 = DIRECTION('',(-1.11857863788E-18,0.176698122295,0.984265093142)
  );
#10647 = DEFINITIONAL_REPRESENTATION('',(#10648),#10652);
#10648 = LINE('',#10649,#10650);
#10649 = CARTESIAN_POINT('',(1.110223024625E-16,-0.353553390593));
#10650 = VECTOR('',#10651,1.);
#10651 = DIRECTION('',(1.,0.));
#10652 = ( GEOMETRIC_REPRESENTATION_CONTEXT(2) 
PARAMETRIC_REPRESENTATION_CONTEXT() REPRESENTATION_CONTEXT('2D SPACE',''
  ) );
#10653 = ADVANCED_FACE('',(#10654),#5692,.T.);
#10654 = FACE_BOUND('',#10655,.T.);
#10655 = EDGE_LOOP('',(#10656,#10657,#10658,#10681));
#10656 = ORIENTED_EDGE('',*,*,#10551,.T.);
#10657 = ORIENTED_EDGE('',*,*,#5678,.T.);
#10658 = ORIENTED_EDGE('',*,*,#10659,.F.);
#10659 = EDGE_CURVE('',#10660,#5658,#10662,.T.);
#10660 = VERTEX_POINT('',#10661);
#10661 = CARTESIAN_POINT('',(29.5,8.216336984302,1.17550268413));
#10662 = SURFACE_CURVE('',#10663,(#10667,#10674),.PCURVE_S1.);
#10663 = LINE('',#10664,#10665);
#10664 = CARTESIAN_POINT('',(59.,8.216336984302,1.17550268413));
#10665 = VECTOR('',#10666,1.);
#10666 = DIRECTION('',(-1.,0.,0.));
#10667 = PCURVE('',#5692,#10668);
#10668 = DEFINITIONAL_REPRESENTATION('',(#10669),#10673);
#10669 = LINE('',#10670,#10671);
#10670 = CARTESIAN_POINT('',(0.589610116775,44.));
#10671 = VECTOR('',#10672,1.);
#10672 = DIRECTION('',(0.,-1.));
#10673 = ( GEOMETRIC_REPRESENTATION_CONTEXT(2) 
PARAMETRIC_REPRESENTATION_CONTEXT() REPRESENTATION_CONTEXT('2D SPACE',''
  ) );
#10674 = PCURVE('',#5796,#10675);
#10675 = DEFINITIONAL_REPRESENTATION('',(#10676),#10680);
#10676 = LINE('',#10677,#10678);
#10677 = CARTESIAN_POINT('',(0.,44.));
#10678 = VECTOR('',#10679,1.);
#10679 = DIRECTION('',(0.,-1.));
#10680 = ( GEOMETRIC_REPRESENTATION_CONTEXT(2) 
PARAMETRIC_REPRESENTATION_CONTEXT() REPRESENTATION_CONTEXT('2D SPACE',''
  ) );
#10681 = ORIENTED_EDGE('',*,*,#10682,.F.);
#10682 = EDGE_CURVE('',#10552,#10660,#10683,.T.);
#10683 = SURFACE_CURVE('',#10684,(#10688,#10695),.PCURVE_S1.);
#10684 = LINE('',#10685,#10686);
#10685 = CARTESIAN_POINT('',(29.5,8.112153983781,1.755835340636));
#10686 = VECTOR('',#10687,1.);
#10687 = DIRECTION('',(0.,0.176698122295,-0.984265093142));
#10688 = PCURVE('',#5692,#10689);
#10689 = DEFINITIONAL_REPRESENTATION('',(#10690),#10694);
#10690 = LINE('',#10691,#10692);
#10691 = CARTESIAN_POINT('',(0.,14.5));
#10692 = VECTOR('',#10693,1.);
#10693 = DIRECTION('',(1.,0.));
#10694 = ( GEOMETRIC_REPRESENTATION_CONTEXT(2) 
PARAMETRIC_REPRESENTATION_CONTEXT() REPRESENTATION_CONTEXT('2D SPACE',''
  ) );
#10695 = PCURVE('',#10696,#10701);
#10696 = PLANE('',#10697);
#10697 = AXIS2_PLACEMENT_3D('',#10698,#10699,#10700);
#10698 = CARTESIAN_POINT('',(29.75,8.358220257066,1.80000987121));
#10699 = DIRECTION('',(0.707106781187,-0.695980521846,-0.124944440498));
#10700 = DIRECTION('',(4.919292927011E-17,0.176698122295,-0.984265093142
    ));
#10701 = DEFINITIONAL_REPRESENTATION('',(#10702),#10706);
#10702 = LINE('',#10703,#10704);
#10703 = CARTESIAN_POINT('',(-2.775557561563E-16,-0.353553390593));
#10704 = VECTOR('',#10705,1.);
#10705 = DIRECTION('',(1.,0.));
#10706 = ( GEOMETRIC_REPRESENTATION_CONTEXT(2) 
PARAMETRIC_REPRESENTATION_CONTEXT() REPRESENTATION_CONTEXT('2D SPACE',''
  ) );
#10707 = ADVANCED_FACE('',(#10708),#5744,.T.);
#10708 = FACE_BOUND('',#10709,.T.);
#10709 = EDGE_LOOP('',(#10710,#10733,#10734,#10735));
#10710 = ORIENTED_EDGE('',*,*,#10711,.T.);
#10711 = EDGE_CURVE('',#10712,#5708,#10714,.T.);
#10712 = VERTEX_POINT('',#10713);
#10713 = CARTESIAN_POINT('',(29.5,-8.279057825915,0.589238080192));
#10714 = SURFACE_CURVE('',#10715,(#10719,#10726),.PCURVE_S1.);
#10715 = LINE('',#10716,#10717);
#10716 = CARTESIAN_POINT('',(59.,-8.279057825915,0.589238080192));
#10717 = VECTOR('',#10718,1.);
#10718 = DIRECTION('',(-1.,0.,0.));
#10719 = PCURVE('',#5744,#10720);
#10720 = DEFINITIONAL_REPRESENTATION('',(#10721),#10725);
#10721 = LINE('',#10722,#10723);
#10722 = CARTESIAN_POINT('',(0.,44.));
#10723 = VECTOR('',#10724,1.);
#10724 = DIRECTION('',(0.,-1.));
#10725 = ( GEOMETRIC_REPRESENTATION_CONTEXT(2) 
PARAMETRIC_REPRESENTATION_CONTEXT() REPRESENTATION_CONTEXT('2D SPACE',''
  ) );
#10726 = PCURVE('',#5848,#10727);
#10727 = DEFINITIONAL_REPRESENTATION('',(#10728),#10732);
#10728 = LINE('',#10729,#10730);
#10729 = CARTESIAN_POINT('',(0.589610116775,44.));
#10730 = VECTOR('',#10731,1.);
#10731 = DIRECTION('',(0.,-1.));
#10732 = ( GEOMETRIC_REPRESENTATION_CONTEXT(2) 
PARAMETRIC_REPRESENTATION_CONTEXT() REPRESENTATION_CONTEXT('2D SPACE',''
  ) );
#10733 = ORIENTED_EDGE('',*,*,#5730,.T.);
#10734 = ORIENTED_EDGE('',*,*,#10603,.F.);
#10735 = ORIENTED_EDGE('',*,*,#10736,.F.);
#10736 = EDGE_CURVE('',#10712,#10604,#10737,.T.);
#10737 = SURFACE_CURVE('',#10738,(#10742,#10749),.PCURVE_S1.);
#10738 = LINE('',#10739,#10740);
#10739 = CARTESIAN_POINT('',(29.5,-8.279057825915,0.589238080192));
#10740 = VECTOR('',#10741,1.);
#10741 = DIRECTION('',(-0.,0.106376807028,0.994325889699));
#10742 = PCURVE('',#5744,#10743);
#10743 = DEFINITIONAL_REPRESENTATION('',(#10744),#10748);
#10744 = LINE('',#10745,#10746);
#10745 = CARTESIAN_POINT('',(-2.22044604925E-16,14.5));
#10746 = VECTOR('',#10747,1.);
#10747 = DIRECTION('',(1.,0.));
#10748 = ( GEOMETRIC_REPRESENTATION_CONTEXT(2) 
PARAMETRIC_REPRESENTATION_CONTEXT() REPRESENTATION_CONTEXT('2D SPACE',''
  ) );
#10749 = PCURVE('',#10750,#10755);
#10750 = PLANE('',#10751);
#10751 = AXIS2_PLACEMENT_3D('',#10752,#10753,#10754);
#10752 = CARTESIAN_POINT('',(29.75,-8.52763929834,0.615832281949));
#10753 = DIRECTION('',(0.707106781187,0.703094579316,-7.521976161033E-02
    ));
#10754 = DIRECTION('',(1.504653930344E-17,0.106376807028,0.994325889699)
  );
#10755 = DEFINITIONAL_REPRESENTATION('',(#10756),#10760);
#10756 = LINE('',#10757,#10758);
#10757 = CARTESIAN_POINT('',(-5.551115123126E-17,-0.353553390593));
#10758 = VECTOR('',#10759,1.);
#10759 = DIRECTION('',(1.,0.));
#10760 = ( GEOMETRIC_REPRESENTATION_CONTEXT(2) 
PARAMETRIC_REPRESENTATION_CONTEXT() REPRESENTATION_CONTEXT('2D SPACE',''
  ) );
#10761 = ADVANCED_FACE('',(#10762),#5796,.T.);
#10762 = FACE_BOUND('',#10763,.T.);
#10763 = EDGE_LOOP('',(#10764,#10765,#10766,#10789));
#10764 = ORIENTED_EDGE('',*,*,#10659,.T.);
#10765 = ORIENTED_EDGE('',*,*,#5782,.T.);
#10766 = ORIENTED_EDGE('',*,*,#10767,.F.);
#10767 = EDGE_CURVE('',#10768,#5762,#10770,.T.);
#10768 = VERTEX_POINT('',#10769);
#10769 = CARTESIAN_POINT('',(29.5,8.279057825915,0.589238080192));
#10770 = SURFACE_CURVE('',#10771,(#10775,#10782),.PCURVE_S1.);
#10771 = LINE('',#10772,#10773);
#10772 = CARTESIAN_POINT('',(59.,8.279057825915,0.589238080192));
#10773 = VECTOR('',#10774,1.);
#10774 = DIRECTION('',(-1.,0.,0.));
#10775 = PCURVE('',#5796,#10776);
#10776 = DEFINITIONAL_REPRESENTATION('',(#10777),#10781);
#10777 = LINE('',#10778,#10779);
#10778 = CARTESIAN_POINT('',(0.589610116775,44.));
#10779 = VECTOR('',#10780,1.);
#10780 = DIRECTION('',(0.,-1.));
#10781 = ( GEOMETRIC_REPRESENTATION_CONTEXT(2) 
PARAMETRIC_REPRESENTATION_CONTEXT() REPRESENTATION_CONTEXT('2D SPACE',''
  ) );
#10782 = PCURVE('',#5900,#10783);
#10783 = DEFINITIONAL_REPRESENTATION('',(#10784),#10788);
#10784 = LINE('',#10785,#10786);
#10785 = CARTESIAN_POINT('',(0.,44.));
#10786 = VECTOR('',#10787,1.);
#10787 = DIRECTION('',(0.,-1.));
#10788 = ( GEOMETRIC_REPRESENTATION_CONTEXT(2) 
PARAMETRIC_REPRESENTATION_CONTEXT() REPRESENTATION_CONTEXT('2D SPACE',''
  ) );
#10789 = ORIENTED_EDGE('',*,*,#10790,.F.);
#10790 = EDGE_CURVE('',#10660,#10768,#10791,.T.);
#10791 = SURFACE_CURVE('',#10792,(#10796,#10803),.PCURVE_S1.);
#10792 = LINE('',#10793,#10794);
#10793 = CARTESIAN_POINT('',(29.5,8.216336984302,1.17550268413));
#10794 = VECTOR('',#10795,1.);
#10795 = DIRECTION('',(0.,0.106376807028,-0.994325889699));
#10796 = PCURVE('',#5796,#10797);
#10797 = DEFINITIONAL_REPRESENTATION('',(#10798),#10802);
#10798 = LINE('',#10799,#10800);
#10799 = CARTESIAN_POINT('',(-1.110223024625E-16,14.5));
#10800 = VECTOR('',#10801,1.);
#10801 = DIRECTION('',(1.,0.));
#10802 = ( GEOMETRIC_REPRESENTATION_CONTEXT(2) 
PARAMETRIC_REPRESENTATION_CONTEXT() REPRESENTATION_CONTEXT('2D SPACE',''
  ) );
#10803 = PCURVE('',#10804,#10809);
#10804 = PLANE('',#10805);
#10805 = AXIS2_PLACEMENT_3D('',#10806,#10807,#10808);
#10806 = CARTESIAN_POINT('',(29.75,8.464918456726,1.202096885887));
#10807 = DIRECTION('',(0.707106781187,-0.703094579316,
    -7.521976161033E-02));
#10808 = DIRECTION('',(1.237050696892E-17,0.106376807028,-0.994325889699
    ));
#10809 = DEFINITIONAL_REPRESENTATION('',(#10810),#10814);
#10810 = LINE('',#10811,#10812);
#10811 = CARTESIAN_POINT('',(-5.551115123126E-17,-0.353553390593));
#10812 = VECTOR('',#10813,1.);
#10813 = DIRECTION('',(1.,0.));
#10814 = ( GEOMETRIC_REPRESENTATION_CONTEXT(2) 
PARAMETRIC_REPRESENTATION_CONTEXT() REPRESENTATION_CONTEXT('2D SPACE',''
  ) );
#10815 = ADVANCED_FACE('',(#10816),#5848,.T.);
#10816 = FACE_BOUND('',#10817,.T.);
#10817 = EDGE_LOOP('',(#10818,#10841,#10842,#10843));
#10818 = ORIENTED_EDGE('',*,*,#10819,.T.);
#10819 = EDGE_CURVE('',#10820,#5812,#10822,.T.);
#10820 = VERTEX_POINT('',#10821);
#10821 = CARTESIAN_POINT('',(29.5,-8.3,9.992007221626E-16));
#10822 = SURFACE_CURVE('',#10823,(#10827,#10834),.PCURVE_S1.);
#10823 = LINE('',#10824,#10825);
#10824 = CARTESIAN_POINT('',(59.,-8.3,1.016456843292E-15));
#10825 = VECTOR('',#10826,1.);
#10826 = DIRECTION('',(-1.,0.,0.));
#10827 = PCURVE('',#5848,#10828);
#10828 = DEFINITIONAL_REPRESENTATION('',(#10829),#10833);
#10829 = LINE('',#10830,#10831);
#10830 = CARTESIAN_POINT('',(0.,44.));
#10831 = VECTOR('',#10832,1.);
#10832 = DIRECTION('',(0.,-1.));
#10833 = ( GEOMETRIC_REPRESENTATION_CONTEXT(2) 
PARAMETRIC_REPRESENTATION_CONTEXT() REPRESENTATION_CONTEXT('2D SPACE',''
  ) );
#10834 = PCURVE('',#5952,#10835);
#10835 = DEFINITIONAL_REPRESENTATION('',(#10836),#10840);
#10836 = LINE('',#10837,#10838);
#10837 = CARTESIAN_POINT('',(0.589610116775,44.));
#10838 = VECTOR('',#10839,1.);
#10839 = DIRECTION('',(0.,-1.));
#10840 = ( GEOMETRIC_REPRESENTATION_CONTEXT(2) 
PARAMETRIC_REPRESENTATION_CONTEXT() REPRESENTATION_CONTEXT('2D SPACE',''
  ) );
#10841 = ORIENTED_EDGE('',*,*,#5834,.T.);
#10842 = ORIENTED_EDGE('',*,*,#10711,.F.);
#10843 = ORIENTED_EDGE('',*,*,#10844,.F.);
#10844 = EDGE_CURVE('',#10820,#10712,#10845,.T.);
#10845 = SURFACE_CURVE('',#10846,(#10850,#10857),.PCURVE_S1.);
#10846 = LINE('',#10847,#10848);
#10847 = CARTESIAN_POINT('',(29.5,-8.3,9.638443591126E-16));
#10848 = VECTOR('',#10849,1.);
#10849 = DIRECTION('',(-0.,3.551868173345E-02,0.999369012551));
#10850 = PCURVE('',#5848,#10851);
#10851 = DEFINITIONAL_REPRESENTATION('',(#10852),#10856);
#10852 = LINE('',#10853,#10854);
#10853 = CARTESIAN_POINT('',(-5.551115123126E-17,14.5));
#10854 = VECTOR('',#10855,1.);
#10855 = DIRECTION('',(1.,0.));
#10856 = ( GEOMETRIC_REPRESENTATION_CONTEXT(2) 
PARAMETRIC_REPRESENTATION_CONTEXT() REPRESENTATION_CONTEXT('2D SPACE',''
  ) );
#10857 = PCURVE('',#10858,#10863);
#10858 = PLANE('',#10859);
#10859 = AXIS2_PLACEMENT_3D('',#10860,#10861,#10862);
#10860 = CARTESIAN_POINT('',(29.75,-8.549842253138,8.879670433364E-03));
#10861 = DIRECTION('',(0.707106781187,0.706660605683,-2.511550071253E-02
    ));
#10862 = DIRECTION('',(-3.542782190602E-17,3.551868173345E-02,
    0.999369012551));
#10863 = DEFINITIONAL_REPRESENTATION('',(#10864),#10868);
#10864 = LINE('',#10865,#10866);
#10865 = CARTESIAN_POINT('',(5.551115123126E-17,-0.353553390593));
#10866 = VECTOR('',#10867,1.);
#10867 = DIRECTION('',(1.,0.));
#10868 = ( GEOMETRIC_REPRESENTATION_CONTEXT(2) 
PARAMETRIC_REPRESENTATION_CONTEXT() REPRESENTATION_CONTEXT('2D SPACE',''
  ) );
#10869 = ADVANCED_FACE('',(#10870),#5900,.T.);
#10870 = FACE_BOUND('',#10871,.T.);
#10871 = EDGE_LOOP('',(#10872,#10873,#10874,#10897));
#10872 = ORIENTED_EDGE('',*,*,#10767,.T.);
#10873 = ORIENTED_EDGE('',*,*,#5886,.T.);
#10874 = ORIENTED_EDGE('',*,*,#10875,.F.);
#10875 = EDGE_CURVE('',#10876,#5866,#10878,.T.);
#10876 = VERTEX_POINT('',#10877);
#10877 = CARTESIAN_POINT('',(29.5,8.3,0.));
#10878 = SURFACE_CURVE('',#10879,(#10883,#10890),.PCURVE_S1.);
#10879 = LINE('',#10880,#10881);
#10880 = CARTESIAN_POINT('',(59.,8.3,0.));
#10881 = VECTOR('',#10882,1.);
#10882 = DIRECTION('',(-1.,0.,0.));
#10883 = PCURVE('',#5900,#10884);
#10884 = DEFINITIONAL_REPRESENTATION('',(#10885),#10889);
#10885 = LINE('',#10886,#10887);
#10886 = CARTESIAN_POINT('',(0.589610116775,44.));
#10887 = VECTOR('',#10888,1.);
#10888 = DIRECTION('',(0.,-1.));
#10889 = ( GEOMETRIC_REPRESENTATION_CONTEXT(2) 
PARAMETRIC_REPRESENTATION_CONTEXT() REPRESENTATION_CONTEXT('2D SPACE',''
  ) );
#10890 = PCURVE('',#6004,#10891);
#10891 = DEFINITIONAL_REPRESENTATION('',(#10892),#10896);
#10892 = LINE('',#10893,#10894);
#10893 = CARTESIAN_POINT('',(0.,44.));
#10894 = VECTOR('',#10895,1.);
#10895 = DIRECTION('',(-0.,-1.));
#10896 = ( GEOMETRIC_REPRESENTATION_CONTEXT(2) 
PARAMETRIC_REPRESENTATION_CONTEXT() REPRESENTATION_CONTEXT('2D SPACE',''
  ) );
#10897 = ORIENTED_EDGE('',*,*,#10898,.F.);
#10898 = EDGE_CURVE('',#10768,#10876,#10899,.T.);
#10899 = SURFACE_CURVE('',#10900,(#10904,#10911),.PCURVE_S1.);
#10900 = LINE('',#10901,#10902);
#10901 = CARTESIAN_POINT('',(29.5,8.279057825915,0.589238080192));
#10902 = VECTOR('',#10903,1.);
#10903 = DIRECTION('',(0.,3.551868173345E-02,-0.999369012551));
#10904 = PCURVE('',#5900,#10905);
#10905 = DEFINITIONAL_REPRESENTATION('',(#10906),#10910);
#10906 = LINE('',#10907,#10908);
#10907 = CARTESIAN_POINT('',(0.,14.5));
#10908 = VECTOR('',#10909,1.);
#10909 = DIRECTION('',(1.,0.));
#10910 = ( GEOMETRIC_REPRESENTATION_CONTEXT(2) 
PARAMETRIC_REPRESENTATION_CONTEXT() REPRESENTATION_CONTEXT('2D SPACE',''
  ) );
#10911 = PCURVE('',#10912,#10917);
#10912 = PLANE('',#10913);
#10913 = AXIS2_PLACEMENT_3D('',#10914,#10915,#10916);
#10914 = CARTESIAN_POINT('',(29.75,8.528900079053,0.598117750625));
#10915 = DIRECTION('',(0.707106781187,-0.706660605683,
    -2.511550071253E-02));
#10916 = DIRECTION('',(-4.309373138789E-18,3.551868173345E-02,
    -0.999369012551));
#10917 = DEFINITIONAL_REPRESENTATION('',(#10918),#10922);
#10918 = LINE('',#10919,#10920);
#10919 = CARTESIAN_POINT('',(-1.110223024625E-16,-0.353553390593));
#10920 = VECTOR('',#10921,1.);
#10921 = DIRECTION('',(1.,0.));
#10922 = ( GEOMETRIC_REPRESENTATION_CONTEXT(2) 
PARAMETRIC_REPRESENTATION_CONTEXT() REPRESENTATION_CONTEXT('2D SPACE',''
  ) );
#10923 = ADVANCED_FACE('',(#10924),#5952,.T.);
#10924 = FACE_BOUND('',#10925,.T.);
#10925 = EDGE_LOOP('',(#10926,#10949,#10950,#10951));
#10926 = ORIENTED_EDGE('',*,*,#10927,.T.);
#10927 = EDGE_CURVE('',#10928,#5916,#10930,.T.);
#10928 = VERTEX_POINT('',#10929);
#10929 = CARTESIAN_POINT('',(29.5,-8.279057825915,-0.589238080192));
#10930 = SURFACE_CURVE('',#10931,(#10935,#10942),.PCURVE_S1.);
#10931 = LINE('',#10932,#10933);
#10932 = CARTESIAN_POINT('',(59.,-8.279057825915,-0.589238080192));
#10933 = VECTOR('',#10934,1.);
#10934 = DIRECTION('',(-1.,0.,0.));
#10935 = PCURVE('',#5952,#10936);
#10936 = DEFINITIONAL_REPRESENTATION('',(#10937),#10941);
#10937 = LINE('',#10938,#10939);
#10938 = CARTESIAN_POINT('',(0.,44.));
#10939 = VECTOR('',#10940,1.);
#10940 = DIRECTION('',(0.,-1.));
#10941 = ( GEOMETRIC_REPRESENTATION_CONTEXT(2) 
PARAMETRIC_REPRESENTATION_CONTEXT() REPRESENTATION_CONTEXT('2D SPACE',''
  ) );
#10942 = PCURVE('',#6056,#10943);
#10943 = DEFINITIONAL_REPRESENTATION('',(#10944),#10948);
#10944 = LINE('',#10945,#10946);
#10945 = CARTESIAN_POINT('',(0.589610116775,44.));
#10946 = VECTOR('',#10947,1.);
#10947 = DIRECTION('',(0.,-1.));
#10948 = ( GEOMETRIC_REPRESENTATION_CONTEXT(2) 
PARAMETRIC_REPRESENTATION_CONTEXT() REPRESENTATION_CONTEXT('2D SPACE',''
  ) );
#10949 = ORIENTED_EDGE('',*,*,#5938,.T.);
#10950 = ORIENTED_EDGE('',*,*,#10819,.F.);
#10951 = ORIENTED_EDGE('',*,*,#10952,.F.);
#10952 = EDGE_CURVE('',#10928,#10820,#10953,.T.);
#10953 = SURFACE_CURVE('',#10954,(#10958,#10965),.PCURVE_S1.);
#10954 = LINE('',#10955,#10956);
#10955 = CARTESIAN_POINT('',(29.5,-8.279057825915,-0.589238080192));
#10956 = VECTOR('',#10957,1.);
#10957 = DIRECTION('',(0.,-3.551868173345E-02,0.999369012551));
#10958 = PCURVE('',#5952,#10959);
#10959 = DEFINITIONAL_REPRESENTATION('',(#10960),#10964);
#10960 = LINE('',#10961,#10962);
#10961 = CARTESIAN_POINT('',(0.,14.5));
#10962 = VECTOR('',#10963,1.);
#10963 = DIRECTION('',(1.,0.));
#10964 = ( GEOMETRIC_REPRESENTATION_CONTEXT(2) 
PARAMETRIC_REPRESENTATION_CONTEXT() REPRESENTATION_CONTEXT('2D SPACE',''
  ) );
#10965 = PCURVE('',#10966,#10971);
#10966 = PLANE('',#10967);
#10967 = AXIS2_PLACEMENT_3D('',#10968,#10969,#10970);
#10968 = CARTESIAN_POINT('',(29.75,-8.528900079053,-0.598117750625));
#10969 = DIRECTION('',(0.707106781187,0.706660605683,2.511550071253E-02)
  );
#10970 = DIRECTION('',(-3.363822732774E-17,-3.551868173345E-02,
    0.999369012551));
#10971 = DEFINITIONAL_REPRESENTATION('',(#10972),#10976);
#10972 = LINE('',#10973,#10974);
#10973 = CARTESIAN_POINT('',(-1.665334536938E-16,-0.353553390593));
#10974 = VECTOR('',#10975,1.);
#10975 = DIRECTION('',(1.,0.));
#10976 = ( GEOMETRIC_REPRESENTATION_CONTEXT(2) 
PARAMETRIC_REPRESENTATION_CONTEXT() REPRESENTATION_CONTEXT('2D SPACE',''
  ) );
#10977 = ADVANCED_FACE('',(#10978),#6004,.T.);
#10978 = FACE_BOUND('',#10979,.T.);
#10979 = EDGE_LOOP('',(#10980,#10981,#10982,#11005));
#10980 = ORIENTED_EDGE('',*,*,#10875,.T.);
#10981 = ORIENTED_EDGE('',*,*,#5990,.T.);
#10982 = ORIENTED_EDGE('',*,*,#10983,.F.);
#10983 = EDGE_CURVE('',#10984,#5970,#10986,.T.);
#10984 = VERTEX_POINT('',#10985);
#10985 = CARTESIAN_POINT('',(29.5,8.279057825915,-0.589238080192));
#10986 = SURFACE_CURVE('',#10987,(#10991,#10998),.PCURVE_S1.);
#10987 = LINE('',#10988,#10989);
#10988 = CARTESIAN_POINT('',(59.,8.279057825915,-0.589238080192));
#10989 = VECTOR('',#10990,1.);
#10990 = DIRECTION('',(-1.,0.,0.));
#10991 = PCURVE('',#6004,#10992);
#10992 = DEFINITIONAL_REPRESENTATION('',(#10993),#10997);
#10993 = LINE('',#10994,#10995);
#10994 = CARTESIAN_POINT('',(0.589610116775,44.));
#10995 = VECTOR('',#10996,1.);
#10996 = DIRECTION('',(-0.,-1.));
#10997 = ( GEOMETRIC_REPRESENTATION_CONTEXT(2) 
PARAMETRIC_REPRESENTATION_CONTEXT() REPRESENTATION_CONTEXT('2D SPACE',''
  ) );
#10998 = PCURVE('',#6108,#10999);
#10999 = DEFINITIONAL_REPRESENTATION('',(#11000),#11004);
#11000 = LINE('',#11001,#11002);
#11001 = CARTESIAN_POINT('',(0.,44.));
#11002 = VECTOR('',#11003,1.);
#11003 = DIRECTION('',(-0.,-1.));
#11004 = ( GEOMETRIC_REPRESENTATION_CONTEXT(2) 
PARAMETRIC_REPRESENTATION_CONTEXT() REPRESENTATION_CONTEXT('2D SPACE',''
  ) );
#11005 = ORIENTED_EDGE('',*,*,#11006,.F.);
#11006 = EDGE_CURVE('',#10876,#10984,#11007,.T.);
#11007 = SURFACE_CURVE('',#11008,(#11012,#11019),.PCURVE_S1.);
#11008 = LINE('',#11009,#11010);
#11009 = CARTESIAN_POINT('',(29.5,8.3,6.216621399415E-17));
#11010 = VECTOR('',#11011,1.);
#11011 = DIRECTION('',(0.,-3.551868173345E-02,-0.999369012551));
#11012 = PCURVE('',#6004,#11013);
#11013 = DEFINITIONAL_REPRESENTATION('',(#11014),#11018);
#11014 = LINE('',#11015,#11016);
#11015 = CARTESIAN_POINT('',(-5.551115123126E-17,14.5));
#11016 = VECTOR('',#11017,1.);
#11017 = DIRECTION('',(1.,0.));
#11018 = ( GEOMETRIC_REPRESENTATION_CONTEXT(2) 
PARAMETRIC_REPRESENTATION_CONTEXT() REPRESENTATION_CONTEXT('2D SPACE',''
  ) );
#11019 = PCURVE('',#11020,#11025);
#11020 = PLANE('',#11021);
#11021 = AXIS2_PLACEMENT_3D('',#11022,#11023,#11024);
#11022 = CARTESIAN_POINT('',(29.75,8.549842253138,-8.879670433363E-03));
#11023 = DIRECTION('',(0.707106781187,-0.706660605683,2.511550071253E-02
    ));
#11024 = DIRECTION('',(-2.511128467463E-17,-3.551868173345E-02,
    -0.999369012551));
#11025 = DEFINITIONAL_REPRESENTATION('',(#11026),#11030);
#11026 = LINE('',#11027,#11028);
#11027 = CARTESIAN_POINT('',(5.551115123126E-17,-0.353553390593));
#11028 = VECTOR('',#11029,1.);
#11029 = DIRECTION('',(1.,0.));
#11030 = ( GEOMETRIC_REPRESENTATION_CONTEXT(2) 
PARAMETRIC_REPRESENTATION_CONTEXT() REPRESENTATION_CONTEXT('2D SPACE',''
  ) );
#11031 = ADVANCED_FACE('',(#11032),#6056,.T.);
#11032 = FACE_BOUND('',#11033,.T.);
#11033 = EDGE_LOOP('',(#11034,#11057,#11058,#11059));
#11034 = ORIENTED_EDGE('',*,*,#11035,.T.);
#11035 = EDGE_CURVE('',#11036,#6020,#11038,.T.);
#11036 = VERTEX_POINT('',#11037);
#11037 = CARTESIAN_POINT('',(29.5,-8.216336984302,-1.17550268413));
#11038 = SURFACE_CURVE('',#11039,(#11043,#11050),.PCURVE_S1.);
#11039 = LINE('',#11040,#11041);
#11040 = CARTESIAN_POINT('',(59.,-8.216336984302,-1.17550268413));
#11041 = VECTOR('',#11042,1.);
#11042 = DIRECTION('',(-1.,0.,0.));
#11043 = PCURVE('',#6056,#11044);
#11044 = DEFINITIONAL_REPRESENTATION('',(#11045),#11049);
#11045 = LINE('',#11046,#11047);
#11046 = CARTESIAN_POINT('',(0.,44.));
#11047 = VECTOR('',#11048,1.);
#11048 = DIRECTION('',(0.,-1.));
#11049 = ( GEOMETRIC_REPRESENTATION_CONTEXT(2) 
PARAMETRIC_REPRESENTATION_CONTEXT() REPRESENTATION_CONTEXT('2D SPACE',''
  ) );
#11050 = PCURVE('',#6160,#11051);
#11051 = DEFINITIONAL_REPRESENTATION('',(#11052),#11056);
#11052 = LINE('',#11053,#11054);
#11053 = CARTESIAN_POINT('',(0.589610116775,44.));
#11054 = VECTOR('',#11055,1.);
#11055 = DIRECTION('',(0.,-1.));
#11056 = ( GEOMETRIC_REPRESENTATION_CONTEXT(2) 
PARAMETRIC_REPRESENTATION_CONTEXT() REPRESENTATION_CONTEXT('2D SPACE',''
  ) );
#11057 = ORIENTED_EDGE('',*,*,#6042,.T.);
#11058 = ORIENTED_EDGE('',*,*,#10927,.F.);
#11059 = ORIENTED_EDGE('',*,*,#11060,.F.);
#11060 = EDGE_CURVE('',#11036,#10928,#11061,.T.);
#11061 = SURFACE_CURVE('',#11062,(#11066,#11073),.PCURVE_S1.);
#11062 = LINE('',#11063,#11064);
#11063 = CARTESIAN_POINT('',(29.5,-8.216336984302,-1.17550268413));
#11064 = VECTOR('',#11065,1.);
#11065 = DIRECTION('',(0.,-0.106376807028,0.994325889699));
#11066 = PCURVE('',#6056,#11067);
#11067 = DEFINITIONAL_REPRESENTATION('',(#11068),#11072);
#11068 = LINE('',#11069,#11070);
#11069 = CARTESIAN_POINT('',(0.,14.5));
#11070 = VECTOR('',#11071,1.);
#11071 = DIRECTION('',(1.,0.));
#11072 = ( GEOMETRIC_REPRESENTATION_CONTEXT(2) 
PARAMETRIC_REPRESENTATION_CONTEXT() REPRESENTATION_CONTEXT('2D SPACE',''
  ) );
#11073 = PCURVE('',#11074,#11079);
#11074 = PLANE('',#11075);
#11075 = AXIS2_PLACEMENT_3D('',#11076,#11077,#11078);
#11076 = CARTESIAN_POINT('',(29.75,-8.464918456726,-1.202096885887));
#11077 = DIRECTION('',(0.707106781187,0.703094579316,7.521976161033E-02)
  );
#11078 = DIRECTION('',(-2.883339730353E-17,-0.106376807028,
    0.994325889699));
#11079 = DEFINITIONAL_REPRESENTATION('',(#11080),#11084);
#11080 = LINE('',#11081,#11082);
#11081 = CARTESIAN_POINT('',(-5.551115123126E-17,-0.353553390593));
#11082 = VECTOR('',#11083,1.);
#11083 = DIRECTION('',(1.,0.));
#11084 = ( GEOMETRIC_REPRESENTATION_CONTEXT(2) 
PARAMETRIC_REPRESENTATION_CONTEXT() REPRESENTATION_CONTEXT('2D SPACE',''
  ) );
#11085 = ADVANCED_FACE('',(#11086),#6108,.T.);
#11086 = FACE_BOUND('',#11087,.T.);
#11087 = EDGE_LOOP('',(#11088,#11089,#11090,#11113));
#11088 = ORIENTED_EDGE('',*,*,#10983,.T.);
#11089 = ORIENTED_EDGE('',*,*,#6094,.T.);
#11090 = ORIENTED_EDGE('',*,*,#11091,.F.);
#11091 = EDGE_CURVE('',#11092,#6074,#11094,.T.);
#11092 = VERTEX_POINT('',#11093);
#11093 = CARTESIAN_POINT('',(29.5,8.216336984302,-1.17550268413));
#11094 = SURFACE_CURVE('',#11095,(#11099,#11106),.PCURVE_S1.);
#11095 = LINE('',#11096,#11097);
#11096 = CARTESIAN_POINT('',(59.,8.216336984302,-1.17550268413));
#11097 = VECTOR('',#11098,1.);
#11098 = DIRECTION('',(-1.,0.,0.));
#11099 = PCURVE('',#6108,#11100);
#11100 = DEFINITIONAL_REPRESENTATION('',(#11101),#11105);
#11101 = LINE('',#11102,#11103);
#11102 = CARTESIAN_POINT('',(0.589610116775,44.));
#11103 = VECTOR('',#11104,1.);
#11104 = DIRECTION('',(-0.,-1.));
#11105 = ( GEOMETRIC_REPRESENTATION_CONTEXT(2) 
PARAMETRIC_REPRESENTATION_CONTEXT() REPRESENTATION_CONTEXT('2D SPACE',''
  ) );
#11106 = PCURVE('',#6212,#11107);
#11107 = DEFINITIONAL_REPRESENTATION('',(#11108),#11112);
#11108 = LINE('',#11109,#11110);
#11109 = CARTESIAN_POINT('',(0.,44.));
#11110 = VECTOR('',#11111,1.);
#11111 = DIRECTION('',(-0.,-1.));
#11112 = ( GEOMETRIC_REPRESENTATION_CONTEXT(2) 
PARAMETRIC_REPRESENTATION_CONTEXT() REPRESENTATION_CONTEXT('2D SPACE',''
  ) );
#11113 = ORIENTED_EDGE('',*,*,#11114,.F.);
#11114 = EDGE_CURVE('',#10984,#11092,#11115,.T.);
#11115 = SURFACE_CURVE('',#11116,(#11120,#11127),.PCURVE_S1.);
#11116 = LINE('',#11117,#11118);
#11117 = CARTESIAN_POINT('',(29.5,8.279057825915,-0.589238080192));
#11118 = VECTOR('',#11119,1.);
#11119 = DIRECTION('',(0.,-0.106376807028,-0.994325889699));
#11120 = PCURVE('',#6108,#11121);
#11121 = DEFINITIONAL_REPRESENTATION('',(#11122),#11126);
#11122 = LINE('',#11123,#11124);
#11123 = CARTESIAN_POINT('',(0.,14.5));
#11124 = VECTOR('',#11125,1.);
#11125 = DIRECTION('',(1.,0.));
#11126 = ( GEOMETRIC_REPRESENTATION_CONTEXT(2) 
PARAMETRIC_REPRESENTATION_CONTEXT() REPRESENTATION_CONTEXT('2D SPACE',''
  ) );
#11127 = PCURVE('',#11128,#11133);
#11128 = PLANE('',#11129);
#11129 = AXIS2_PLACEMENT_3D('',#11130,#11131,#11132);
#11130 = CARTESIAN_POINT('',(29.75,8.52763929834,-0.615832281949));
#11131 = DIRECTION('',(0.707106781187,-0.703094579316,7.521976161033E-02
    ));
#11132 = DIRECTION('',(-3.381098082611E-18,-0.106376807028,
    -0.994325889699));
#11133 = DEFINITIONAL_REPRESENTATION('',(#11134),#11138);
#11134 = LINE('',#11135,#11136);
#11135 = CARTESIAN_POINT('',(-5.551115123126E-17,-0.353553390593));
#11136 = VECTOR('',#11137,1.);
#11137 = DIRECTION('',(1.,0.));
#11138 = ( GEOMETRIC_REPRESENTATION_CONTEXT(2) 
PARAMETRIC_REPRESENTATION_CONTEXT() REPRESENTATION_CONTEXT('2D SPACE',''
  ) );
#11139 = ADVANCED_FACE('',(#11140),#6160,.T.);
#11140 = FACE_BOUND('',#11141,.T.);
#11141 = EDGE_LOOP('',(#11142,#11165,#11166,#11167));
#11142 = ORIENTED_EDGE('',*,*,#11143,.T.);
#11143 = EDGE_CURVE('',#11144,#6124,#11146,.T.);
#11144 = VERTEX_POINT('',#11145);
#11145 = CARTESIAN_POINT('',(29.5,-8.112153983781,-1.755835340636));
#11146 = SURFACE_CURVE('',#11147,(#11151,#11158),.PCURVE_S1.);
#11147 = LINE('',#11148,#11149);
#11148 = CARTESIAN_POINT('',(59.,-8.112153983781,-1.755835340636));
#11149 = VECTOR('',#11150,1.);
#11150 = DIRECTION('',(-1.,0.,0.));
#11151 = PCURVE('',#6160,#11152);
#11152 = DEFINITIONAL_REPRESENTATION('',(#11153),#11157);
#11153 = LINE('',#11154,#11155);
#11154 = CARTESIAN_POINT('',(0.,44.));
#11155 = VECTOR('',#11156,1.);
#11156 = DIRECTION('',(0.,-1.));
#11157 = ( GEOMETRIC_REPRESENTATION_CONTEXT(2) 
PARAMETRIC_REPRESENTATION_CONTEXT() REPRESENTATION_CONTEXT('2D SPACE',''
  ) );
#11158 = PCURVE('',#6264,#11159);
#11159 = DEFINITIONAL_REPRESENTATION('',(#11160),#11164);
#11160 = LINE('',#11161,#11162);
#11161 = CARTESIAN_POINT('',(0.589610116775,44.));
#11162 = VECTOR('',#11163,1.);
#11163 = DIRECTION('',(0.,-1.));
#11164 = ( GEOMETRIC_REPRESENTATION_CONTEXT(2) 
PARAMETRIC_REPRESENTATION_CONTEXT() REPRESENTATION_CONTEXT('2D SPACE',''
  ) );
#11165 = ORIENTED_EDGE('',*,*,#6146,.T.);
#11166 = ORIENTED_EDGE('',*,*,#11035,.F.);
#11167 = ORIENTED_EDGE('',*,*,#11168,.F.);
#11168 = EDGE_CURVE('',#11144,#11036,#11169,.T.);
#11169 = SURFACE_CURVE('',#11170,(#11174,#11181),.PCURVE_S1.);
#11170 = LINE('',#11171,#11172);
#11171 = CARTESIAN_POINT('',(29.5,-8.112153983781,-1.755835340636));
#11172 = VECTOR('',#11173,1.);
#11173 = DIRECTION('',(0.,-0.176698122295,0.984265093142));
#11174 = PCURVE('',#6160,#11175);
#11175 = DEFINITIONAL_REPRESENTATION('',(#11176),#11180);
#11176 = LINE('',#11177,#11178);
#11177 = CARTESIAN_POINT('',(0.,14.5));
#11178 = VECTOR('',#11179,1.);
#11179 = DIRECTION('',(1.,0.));
#11180 = ( GEOMETRIC_REPRESENTATION_CONTEXT(2) 
PARAMETRIC_REPRESENTATION_CONTEXT() REPRESENTATION_CONTEXT('2D SPACE',''
  ) );
#11181 = PCURVE('',#11182,#11187);
#11182 = PLANE('',#11183);
#11183 = AXIS2_PLACEMENT_3D('',#11184,#11185,#11186);
#11184 = CARTESIAN_POINT('',(29.75,-8.358220257066,-1.80000987121));
#11185 = DIRECTION('',(0.707106781187,0.695980521846,0.124944440498));
#11186 = DIRECTION('',(4.44283335013E-17,-0.176698122295,0.984265093142)
  );
#11187 = DEFINITIONAL_REPRESENTATION('',(#11188),#11192);
#11188 = LINE('',#11189,#11190);
#11189 = CARTESIAN_POINT('',(-3.330669073875E-16,-0.353553390593));
#11190 = VECTOR('',#11191,1.);
#11191 = DIRECTION('',(1.,0.));
#11192 = ( GEOMETRIC_REPRESENTATION_CONTEXT(2) 
PARAMETRIC_REPRESENTATION_CONTEXT() REPRESENTATION_CONTEXT('2D SPACE',''
  ) );
#11193 = ADVANCED_FACE('',(#11194),#6212,.T.);
#11194 = FACE_BOUND('',#11195,.T.);
#11195 = EDGE_LOOP('',(#11196,#11197,#11198,#11221));
#11196 = ORIENTED_EDGE('',*,*,#11091,.T.);
#11197 = ORIENTED_EDGE('',*,*,#6198,.T.);
#11198 = ORIENTED_EDGE('',*,*,#11199,.F.);
#11199 = EDGE_CURVE('',#11200,#6178,#11202,.T.);
#11200 = VERTEX_POINT('',#11201);
#11201 = CARTESIAN_POINT('',(29.5,8.112153983781,-1.755835340636));
#11202 = SURFACE_CURVE('',#11203,(#11207,#11214),.PCURVE_S1.);
#11203 = LINE('',#11204,#11205);
#11204 = CARTESIAN_POINT('',(59.,8.112153983781,-1.755835340636));
#11205 = VECTOR('',#11206,1.);
#11206 = DIRECTION('',(-1.,0.,0.));
#11207 = PCURVE('',#6212,#11208);
#11208 = DEFINITIONAL_REPRESENTATION('',(#11209),#11213);
#11209 = LINE('',#11210,#11211);
#11210 = CARTESIAN_POINT('',(0.589610116775,44.));
#11211 = VECTOR('',#11212,1.);
#11212 = DIRECTION('',(-0.,-1.));
#11213 = ( GEOMETRIC_REPRESENTATION_CONTEXT(2) 
PARAMETRIC_REPRESENTATION_CONTEXT() REPRESENTATION_CONTEXT('2D SPACE',''
  ) );
#11214 = PCURVE('',#6316,#11215);
#11215 = DEFINITIONAL_REPRESENTATION('',(#11216),#11220);
#11216 = LINE('',#11217,#11218);
#11217 = CARTESIAN_POINT('',(0.,44.));
#11218 = VECTOR('',#11219,1.);
#11219 = DIRECTION('',(-0.,-1.));
#11220 = ( GEOMETRIC_REPRESENTATION_CONTEXT(2) 
PARAMETRIC_REPRESENTATION_CONTEXT() REPRESENTATION_CONTEXT('2D SPACE',''
  ) );
#11221 = ORIENTED_EDGE('',*,*,#11222,.F.);
#11222 = EDGE_CURVE('',#11092,#11200,#11223,.T.);
#11223 = SURFACE_CURVE('',#11224,(#11228,#11235),.PCURVE_S1.);
#11224 = LINE('',#11225,#11226);
#11225 = CARTESIAN_POINT('',(29.5,8.216336984302,-1.17550268413));
#11226 = VECTOR('',#11227,1.);
#11227 = DIRECTION('',(0.,-0.176698122295,-0.984265093142));
#11228 = PCURVE('',#6212,#11229);
#11229 = DEFINITIONAL_REPRESENTATION('',(#11230),#11234);
#11230 = LINE('',#11231,#11232);
#11231 = CARTESIAN_POINT('',(0.,14.5));
#11232 = VECTOR('',#11233,1.);
#11233 = DIRECTION('',(1.,0.));
#11234 = ( GEOMETRIC_REPRESENTATION_CONTEXT(2) 
PARAMETRIC_REPRESENTATION_CONTEXT() REPRESENTATION_CONTEXT('2D SPACE',''
  ) );
#11235 = PCURVE('',#11236,#11241);
#11236 = PLANE('',#11237);
#11237 = AXIS2_PLACEMENT_3D('',#11238,#11239,#11240);
#11238 = CARTESIAN_POINT('',(29.75,8.462403257587,-1.219677214704));
#11239 = DIRECTION('',(0.707106781187,-0.695980521846,0.124944440498));
#11240 = DIRECTION('',(-8.727596296691E-17,-0.176698122295,
    -0.984265093142));
#11241 = DEFINITIONAL_REPRESENTATION('',(#11242),#11246);
#11242 = LINE('',#11243,#11244);
#11243 = CARTESIAN_POINT('',(1.110223024625E-16,-0.353553390593));
#11244 = VECTOR('',#11245,1.);
#11245 = DIRECTION('',(1.,0.));
#11246 = ( GEOMETRIC_REPRESENTATION_CONTEXT(2) 
PARAMETRIC_REPRESENTATION_CONTEXT() REPRESENTATION_CONTEXT('2D SPACE',''
  ) );
#11247 = ADVANCED_FACE('',(#11248),#6264,.T.);
#11248 = FACE_BOUND('',#11249,.T.);
#11249 = EDGE_LOOP('',(#11250,#11273,#11274,#11275));
#11250 = ORIENTED_EDGE('',*,*,#11251,.T.);
#11251 = EDGE_CURVE('',#11252,#6228,#11254,.T.);
#11252 = VERTEX_POINT('',#11253);
#11253 = CARTESIAN_POINT('',(29.5,-7.96703456376,-2.327307512956));
#11254 = SURFACE_CURVE('',#11255,(#11259,#11266),.PCURVE_S1.);
#11255 = LINE('',#11256,#11257);
#11256 = CARTESIAN_POINT('',(59.,-7.96703456376,-2.327307512956));
#11257 = VECTOR('',#11258,1.);
#11258 = DIRECTION('',(-1.,0.,0.));
#11259 = PCURVE('',#6264,#11260);
#11260 = DEFINITIONAL_REPRESENTATION('',(#11261),#11265);
#11261 = LINE('',#11262,#11263);
#11262 = CARTESIAN_POINT('',(0.,44.));
#11263 = VECTOR('',#11264,1.);
#11264 = DIRECTION('',(0.,-1.));
#11265 = ( GEOMETRIC_REPRESENTATION_CONTEXT(2) 
PARAMETRIC_REPRESENTATION_CONTEXT() REPRESENTATION_CONTEXT('2D SPACE',''
  ) );
#11266 = PCURVE('',#6368,#11267);
#11267 = DEFINITIONAL_REPRESENTATION('',(#11268),#11272);
#11268 = LINE('',#11269,#11270);
#11269 = CARTESIAN_POINT('',(0.589610116775,44.));
#11270 = VECTOR('',#11271,1.);
#11271 = DIRECTION('',(0.,-1.));
#11272 = ( GEOMETRIC_REPRESENTATION_CONTEXT(2) 
PARAMETRIC_REPRESENTATION_CONTEXT() REPRESENTATION_CONTEXT('2D SPACE',''
  ) );
#11273 = ORIENTED_EDGE('',*,*,#6250,.T.);
#11274 = ORIENTED_EDGE('',*,*,#11143,.F.);
#11275 = ORIENTED_EDGE('',*,*,#11276,.F.);
#11276 = EDGE_CURVE('',#11252,#11144,#11277,.T.);
#11277 = SURFACE_CURVE('',#11278,(#11282,#11289),.PCURVE_S1.);
#11278 = LINE('',#11279,#11280);
#11279 = CARTESIAN_POINT('',(29.5,-7.96703456376,-2.327307512956));
#11280 = VECTOR('',#11281,1.);
#11281 = DIRECTION('',(0.,-0.24612776459,0.969237392746));
#11282 = PCURVE('',#6264,#11283);
#11283 = DEFINITIONAL_REPRESENTATION('',(#11284),#11288);
#11284 = LINE('',#11285,#11286);
#11285 = CARTESIAN_POINT('',(0.,14.5));
#11286 = VECTOR('',#11287,1.);
#11287 = DIRECTION('',(1.,0.));
#11288 = ( GEOMETRIC_REPRESENTATION_CONTEXT(2) 
PARAMETRIC_REPRESENTATION_CONTEXT() REPRESENTATION_CONTEXT('2D SPACE',''
  ) );
#11289 = PCURVE('',#11290,#11295);
#11290 = PLANE('',#11291);
#11291 = AXIS2_PLACEMENT_3D('',#11292,#11293,#11294);
#11292 = CARTESIAN_POINT('',(29.75,-8.209343911946,-2.388839454103));
#11293 = DIRECTION('',(0.707106781187,0.685354332991,0.17403861138));
#11294 = DIRECTION('',(-1.741408031567E-17,-0.24612776459,0.969237392746
    ));
#11295 = DEFINITIONAL_REPRESENTATION('',(#11296),#11300);
#11296 = LINE('',#11297,#11298);
#11297 = CARTESIAN_POINT('',(0.,-0.353553390593));
#11298 = VECTOR('',#11299,1.);
#11299 = DIRECTION('',(1.,0.));
#11300 = ( GEOMETRIC_REPRESENTATION_CONTEXT(2) 
PARAMETRIC_REPRESENTATION_CONTEXT() REPRESENTATION_CONTEXT('2D SPACE',''
  ) );
#11301 = ADVANCED_FACE('',(#11302),#6316,.T.);
#11302 = FACE_BOUND('',#11303,.T.);
#11303 = EDGE_LOOP('',(#11304,#11305,#11306,#11329));
#11304 = ORIENTED_EDGE('',*,*,#11199,.T.);
#11305 = ORIENTED_EDGE('',*,*,#6302,.T.);
#11306 = ORIENTED_EDGE('',*,*,#11307,.F.);
#11307 = EDGE_CURVE('',#11308,#6282,#11310,.T.);
#11308 = VERTEX_POINT('',#11309);
#11309 = CARTESIAN_POINT('',(29.5,7.96703456376,-2.327307512956));
#11310 = SURFACE_CURVE('',#11311,(#11315,#11322),.PCURVE_S1.);
#11311 = LINE('',#11312,#11313);
#11312 = CARTESIAN_POINT('',(59.,7.96703456376,-2.327307512956));
#11313 = VECTOR('',#11314,1.);
#11314 = DIRECTION('',(-1.,0.,0.));
#11315 = PCURVE('',#6316,#11316);
#11316 = DEFINITIONAL_REPRESENTATION('',(#11317),#11321);
#11317 = LINE('',#11318,#11319);
#11318 = CARTESIAN_POINT('',(0.589610116775,44.));
#11319 = VECTOR('',#11320,1.);
#11320 = DIRECTION('',(-0.,-1.));
#11321 = ( GEOMETRIC_REPRESENTATION_CONTEXT(2) 
PARAMETRIC_REPRESENTATION_CONTEXT() REPRESENTATION_CONTEXT('2D SPACE',''
  ) );
#11322 = PCURVE('',#6420,#11323);
#11323 = DEFINITIONAL_REPRESENTATION('',(#11324),#11328);
#11324 = LINE('',#11325,#11326);
#11325 = CARTESIAN_POINT('',(0.,44.));
#11326 = VECTOR('',#11327,1.);
#11327 = DIRECTION('',(-0.,-1.));
#11328 = ( GEOMETRIC_REPRESENTATION_CONTEXT(2) 
PARAMETRIC_REPRESENTATION_CONTEXT() REPRESENTATION_CONTEXT('2D SPACE',''
  ) );
#11329 = ORIENTED_EDGE('',*,*,#11330,.F.);
#11330 = EDGE_CURVE('',#11200,#11308,#11331,.T.);
#11331 = SURFACE_CURVE('',#11332,(#11336,#11343),.PCURVE_S1.);
#11332 = LINE('',#11333,#11334);
#11333 = CARTESIAN_POINT('',(29.5,8.112153983781,-1.755835340636));
#11334 = VECTOR('',#11335,1.);
#11335 = DIRECTION('',(0.,-0.24612776459,-0.969237392746));
#11336 = PCURVE('',#6316,#11337);
#11337 = DEFINITIONAL_REPRESENTATION('',(#11338),#11342);
#11338 = LINE('',#11339,#11340);
#11339 = CARTESIAN_POINT('',(0.,14.5));
#11340 = VECTOR('',#11341,1.);
#11341 = DIRECTION('',(1.,0.));
#11342 = ( GEOMETRIC_REPRESENTATION_CONTEXT(2) 
PARAMETRIC_REPRESENTATION_CONTEXT() REPRESENTATION_CONTEXT('2D SPACE',''
  ) );
#11343 = PCURVE('',#11344,#11349);
#11344 = PLANE('',#11345);
#11345 = AXIS2_PLACEMENT_3D('',#11346,#11347,#11348);
#11346 = CARTESIAN_POINT('',(29.75,8.354463331968,-1.817367281783));
#11347 = DIRECTION('',(0.707106781187,-0.685354332991,0.17403861138));
#11348 = DIRECTION('',(-4.97803599313E-17,-0.24612776459,-0.969237392746
    ));
#11349 = DEFINITIONAL_REPRESENTATION('',(#11350),#11354);
#11350 = LINE('',#11351,#11352);
#11351 = CARTESIAN_POINT('',(-1.110223024625E-16,-0.353553390593));
#11352 = VECTOR('',#11353,1.);
#11353 = DIRECTION('',(1.,0.));
#11354 = ( GEOMETRIC_REPRESENTATION_CONTEXT(2) 
PARAMETRIC_REPRESENTATION_CONTEXT() REPRESENTATION_CONTEXT('2D SPACE',''
  ) );
#11355 = ADVANCED_FACE('',(#11356),#6368,.T.);
#11356 = FACE_BOUND('',#11357,.T.);
#11357 = EDGE_LOOP('',(#11358,#11381,#11382,#11383));
#11358 = ORIENTED_EDGE('',*,*,#11359,.T.);
#11359 = EDGE_CURVE('',#11360,#6332,#11362,.T.);
#11360 = VERTEX_POINT('',#11361);
#11361 = CARTESIAN_POINT('',(29.5,-7.781711041383,-2.887035377063));
#11362 = SURFACE_CURVE('',#11363,(#11367,#11374),.PCURVE_S1.);
#11363 = LINE('',#11364,#11365);
#11364 = CARTESIAN_POINT('',(59.,-7.781711041383,-2.887035377063));
#11365 = VECTOR('',#11366,1.);
#11366 = DIRECTION('',(-1.,0.,0.));
#11367 = PCURVE('',#6368,#11368);
#11368 = DEFINITIONAL_REPRESENTATION('',(#11369),#11373);
#11369 = LINE('',#11370,#11371);
#11370 = CARTESIAN_POINT('',(0.,44.));
#11371 = VECTOR('',#11372,1.);
#11372 = DIRECTION('',(0.,-1.));
#11373 = ( GEOMETRIC_REPRESENTATION_CONTEXT(2) 
PARAMETRIC_REPRESENTATION_CONTEXT() REPRESENTATION_CONTEXT('2D SPACE',''
  ) );
#11374 = PCURVE('',#6472,#11375);
#11375 = DEFINITIONAL_REPRESENTATION('',(#11376),#11380);
#11376 = LINE('',#11377,#11378);
#11377 = CARTESIAN_POINT('',(0.589610116775,44.));
#11378 = VECTOR('',#11379,1.);
#11379 = DIRECTION('',(0.,-1.));
#11380 = ( GEOMETRIC_REPRESENTATION_CONTEXT(2) 
PARAMETRIC_REPRESENTATION_CONTEXT() REPRESENTATION_CONTEXT('2D SPACE',''
  ) );
#11381 = ORIENTED_EDGE('',*,*,#6354,.T.);
#11382 = ORIENTED_EDGE('',*,*,#11251,.F.);
#11383 = ORIENTED_EDGE('',*,*,#11384,.F.);
#11384 = EDGE_CURVE('',#11360,#11252,#11385,.T.);
#11385 = SURFACE_CURVE('',#11386,(#11390,#11397),.PCURVE_S1.);
#11386 = LINE('',#11387,#11388);
#11387 = CARTESIAN_POINT('',(29.5,-7.781711041383,-2.887035377063));
#11388 = VECTOR('',#11389,1.);
#11389 = DIRECTION('',(0.,-0.314315370621,0.949318622903));
#11390 = PCURVE('',#6368,#11391);
#11391 = DEFINITIONAL_REPRESENTATION('',(#11392),#11396);
#11392 = LINE('',#11393,#11394);
#11393 = CARTESIAN_POINT('',(-3.885780586188E-16,14.5));
#11394 = VECTOR('',#11395,1.);
#11395 = DIRECTION('',(1.,0.));
#11396 = ( GEOMETRIC_REPRESENTATION_CONTEXT(2) 
PARAMETRIC_REPRESENTATION_CONTEXT() REPRESENTATION_CONTEXT('2D SPACE',''
  ) );
#11397 = PCURVE('',#11398,#11403);
#11398 = PLANE('',#11399);
#11399 = AXIS2_PLACEMENT_3D('',#11400,#11401,#11402);
#11400 = CARTESIAN_POINT('',(29.75,-8.019040697109,-2.965614219718));
#11401 = DIRECTION('',(0.707106781187,0.671269635762,0.222254529997));
#11402 = DIRECTION('',(-2.802127255579E-17,-0.314315370621,
    0.949318622903));
#11403 = DEFINITIONAL_REPRESENTATION('',(#11404),#11408);
#11404 = LINE('',#11405,#11406);
#11405 = CARTESIAN_POINT('',(-7.216449660064E-16,-0.353553390593));
#11406 = VECTOR('',#11407,1.);
#11407 = DIRECTION('',(1.,0.));
#11408 = ( GEOMETRIC_REPRESENTATION_CONTEXT(2) 
PARAMETRIC_REPRESENTATION_CONTEXT() REPRESENTATION_CONTEXT('2D SPACE',''
  ) );
#11409 = ADVANCED_FACE('',(#11410),#6420,.T.);
#11410 = FACE_BOUND('',#11411,.T.);
#11411 = EDGE_LOOP('',(#11412,#11413,#11414,#11437));
#11412 = ORIENTED_EDGE('',*,*,#11307,.T.);
#11413 = ORIENTED_EDGE('',*,*,#6406,.T.);
#11414 = ORIENTED_EDGE('',*,*,#11415,.F.);
#11415 = EDGE_CURVE('',#11416,#6386,#11418,.T.);
#11416 = VERTEX_POINT('',#11417);
#11417 = CARTESIAN_POINT('',(29.5,7.781711041383,-2.887035377063));
#11418 = SURFACE_CURVE('',#11419,(#11423,#11430),.PCURVE_S1.);
#11419 = LINE('',#11420,#11421);
#11420 = CARTESIAN_POINT('',(59.,7.781711041383,-2.887035377063));
#11421 = VECTOR('',#11422,1.);
#11422 = DIRECTION('',(-1.,0.,0.));
#11423 = PCURVE('',#6420,#11424);
#11424 = DEFINITIONAL_REPRESENTATION('',(#11425),#11429);
#11425 = LINE('',#11426,#11427);
#11426 = CARTESIAN_POINT('',(0.589610116775,44.));
#11427 = VECTOR('',#11428,1.);
#11428 = DIRECTION('',(-0.,-1.));
#11429 = ( GEOMETRIC_REPRESENTATION_CONTEXT(2) 
PARAMETRIC_REPRESENTATION_CONTEXT() REPRESENTATION_CONTEXT('2D SPACE',''
  ) );
#11430 = PCURVE('',#6524,#11431);
#11431 = DEFINITIONAL_REPRESENTATION('',(#11432),#11436);
#11432 = LINE('',#11433,#11434);
#11433 = CARTESIAN_POINT('',(0.,44.));
#11434 = VECTOR('',#11435,1.);
#11435 = DIRECTION('',(-0.,-1.));
#11436 = ( GEOMETRIC_REPRESENTATION_CONTEXT(2) 
PARAMETRIC_REPRESENTATION_CONTEXT() REPRESENTATION_CONTEXT('2D SPACE',''
  ) );
#11437 = ORIENTED_EDGE('',*,*,#11438,.F.);
#11438 = EDGE_CURVE('',#11308,#11416,#11439,.T.);
#11439 = SURFACE_CURVE('',#11440,(#11444,#11451),.PCURVE_S1.);
#11440 = LINE('',#11441,#11442);
#11441 = CARTESIAN_POINT('',(29.5,7.96703456376,-2.327307512956));
#11442 = VECTOR('',#11443,1.);
#11443 = DIRECTION('',(0.,-0.314315370621,-0.949318622903));
#11444 = PCURVE('',#6420,#11445);
#11445 = DEFINITIONAL_REPRESENTATION('',(#11446),#11450);
#11446 = LINE('',#11447,#11448);
#11447 = CARTESIAN_POINT('',(0.,14.5));
#11448 = VECTOR('',#11449,1.);
#11449 = DIRECTION('',(1.,0.));
#11450 = ( GEOMETRIC_REPRESENTATION_CONTEXT(2) 
PARAMETRIC_REPRESENTATION_CONTEXT() REPRESENTATION_CONTEXT('2D SPACE',''
  ) );
#11451 = PCURVE('',#11452,#11457);
#11452 = PLANE('',#11453);
#11453 = AXIS2_PLACEMENT_3D('',#11454,#11455,#11456);
#11454 = CARTESIAN_POINT('',(29.75,8.204364219485,-2.405886355611));
#11455 = DIRECTION('',(0.707106781187,-0.671269635762,0.222254529997));
#11456 = DIRECTION('',(1.961726586234E-17,-0.314315370621,
    -0.949318622903));
#11457 = DEFINITIONAL_REPRESENTATION('',(#11458),#11462);
#11458 = LINE('',#11459,#11460);
#11459 = CARTESIAN_POINT('',(2.775557561563E-16,-0.353553390593));
#11460 = VECTOR('',#11461,1.);
#11461 = DIRECTION('',(1.,0.));
#11462 = ( GEOMETRIC_REPRESENTATION_CONTEXT(2) 
PARAMETRIC_REPRESENTATION_CONTEXT() REPRESENTATION_CONTEXT('2D SPACE',''
  ) );
#11463 = ADVANCED_FACE('',(#11464),#6472,.T.);
#11464 = FACE_BOUND('',#11465,.T.);
#11465 = EDGE_LOOP('',(#11466,#11489,#11490,#11491));
#11466 = ORIENTED_EDGE('',*,*,#11467,.T.);
#11467 = EDGE_CURVE('',#11468,#6436,#11470,.T.);
#11468 = VERTEX_POINT('',#11469);
#11469 = CARTESIAN_POINT('',(29.5,-7.557118616042,-3.432194374314));
#11470 = SURFACE_CURVE('',#11471,(#11475,#11482),.PCURVE_S1.);
#11471 = LINE('',#11472,#11473);
#11472 = CARTESIAN_POINT('',(59.,-7.557118616042,-3.432194374314));
#11473 = VECTOR('',#11474,1.);
#11474 = DIRECTION('',(-1.,0.,0.));
#11475 = PCURVE('',#6472,#11476);
#11476 = DEFINITIONAL_REPRESENTATION('',(#11477),#11481);
#11477 = LINE('',#11478,#11479);
#11478 = CARTESIAN_POINT('',(0.,44.));
#11479 = VECTOR('',#11480,1.);
#11480 = DIRECTION('',(0.,-1.));
#11481 = ( GEOMETRIC_REPRESENTATION_CONTEXT(2) 
PARAMETRIC_REPRESENTATION_CONTEXT() REPRESENTATION_CONTEXT('2D SPACE',''
  ) );
#11482 = PCURVE('',#6576,#11483);
#11483 = DEFINITIONAL_REPRESENTATION('',(#11484),#11488);
#11484 = LINE('',#11485,#11486);
#11485 = CARTESIAN_POINT('',(0.589610116775,44.));
#11486 = VECTOR('',#11487,1.);
#11487 = DIRECTION('',(0.,-1.));
#11488 = ( GEOMETRIC_REPRESENTATION_CONTEXT(2) 
PARAMETRIC_REPRESENTATION_CONTEXT() REPRESENTATION_CONTEXT('2D SPACE',''
  ) );
#11489 = ORIENTED_EDGE('',*,*,#6458,.T.);
#11490 = ORIENTED_EDGE('',*,*,#11359,.F.);
#11491 = ORIENTED_EDGE('',*,*,#11492,.F.);
#11492 = EDGE_CURVE('',#11468,#11360,#11493,.T.);
#11493 = SURFACE_CURVE('',#11494,(#11498,#11505),.PCURVE_S1.);
#11494 = LINE('',#11495,#11496);
#11495 = CARTESIAN_POINT('',(29.5,-7.557118616042,-3.432194374314));
#11496 = VECTOR('',#11497,1.);
#11497 = DIRECTION('',(0.,-0.380916844795,0.924609299841));
#11498 = PCURVE('',#6472,#11499);
#11499 = DEFINITIONAL_REPRESENTATION('',(#11500),#11504);
#11500 = LINE('',#11501,#11502);
#11501 = CARTESIAN_POINT('',(5.551115123126E-17,14.5));
#11502 = VECTOR('',#11503,1.);
#11503 = DIRECTION('',(1.,0.));
#11504 = ( GEOMETRIC_REPRESENTATION_CONTEXT(2) 
PARAMETRIC_REPRESENTATION_CONTEXT() REPRESENTATION_CONTEXT('2D SPACE',''
  ) );
#11505 = PCURVE('',#11506,#11511);
#11506 = PLANE('',#11507);
#11507 = AXIS2_PLACEMENT_3D('',#11508,#11509,#11510);
#11508 = CARTESIAN_POINT('',(29.75,-7.788270941002,-3.527423585512));
#11509 = DIRECTION('',(0.707106781187,0.653797505865,0.269348884023));
#11510 = DIRECTION('',(9.850724846113E-18,-0.380916844795,0.924609299841
    ));
#11511 = DEFINITIONAL_REPRESENTATION('',(#11512),#11516);
#11512 = LINE('',#11513,#11514);
#11513 = CARTESIAN_POINT('',(0.,-0.353553390593));
#11514 = VECTOR('',#11515,1.);
#11515 = DIRECTION('',(1.,0.));
#11516 = ( GEOMETRIC_REPRESENTATION_CONTEXT(2) 
PARAMETRIC_REPRESENTATION_CONTEXT() REPRESENTATION_CONTEXT('2D SPACE',''
  ) );
#11517 = ADVANCED_FACE('',(#11518),#6524,.T.);
#11518 = FACE_BOUND('',#11519,.T.);
#11519 = EDGE_LOOP('',(#11520,#11521,#11522,#11545));
#11520 = ORIENTED_EDGE('',*,*,#11415,.T.);
#11521 = ORIENTED_EDGE('',*,*,#6510,.T.);
#11522 = ORIENTED_EDGE('',*,*,#11523,.F.);
#11523 = EDGE_CURVE('',#11524,#6490,#11526,.T.);
#11524 = VERTEX_POINT('',#11525);
#11525 = CARTESIAN_POINT('',(29.5,7.557118616042,-3.432194374314));
#11526 = SURFACE_CURVE('',#11527,(#11531,#11538),.PCURVE_S1.);
#11527 = LINE('',#11528,#11529);
#11528 = CARTESIAN_POINT('',(59.,7.557118616042,-3.432194374314));
#11529 = VECTOR('',#11530,1.);
#11530 = DIRECTION('',(-1.,0.,0.));
#11531 = PCURVE('',#6524,#11532);
#11532 = DEFINITIONAL_REPRESENTATION('',(#11533),#11537);
#11533 = LINE('',#11534,#11535);
#11534 = CARTESIAN_POINT('',(0.589610116775,44.));
#11535 = VECTOR('',#11536,1.);
#11536 = DIRECTION('',(-0.,-1.));
#11537 = ( GEOMETRIC_REPRESENTATION_CONTEXT(2) 
PARAMETRIC_REPRESENTATION_CONTEXT() REPRESENTATION_CONTEXT('2D SPACE',''
  ) );
#11538 = PCURVE('',#6628,#11539);
#11539 = DEFINITIONAL_REPRESENTATION('',(#11540),#11544);
#11540 = LINE('',#11541,#11542);
#11541 = CARTESIAN_POINT('',(0.,44.));
#11542 = VECTOR('',#11543,1.);
#11543 = DIRECTION('',(-0.,-1.));
#11544 = ( GEOMETRIC_REPRESENTATION_CONTEXT(2) 
PARAMETRIC_REPRESENTATION_CONTEXT() REPRESENTATION_CONTEXT('2D SPACE',''
  ) );
#11545 = ORIENTED_EDGE('',*,*,#11546,.F.);
#11546 = EDGE_CURVE('',#11416,#11524,#11547,.T.);
#11547 = SURFACE_CURVE('',#11548,(#11552,#11559),.PCURVE_S1.);
#11548 = LINE('',#11549,#11550);
#11549 = CARTESIAN_POINT('',(29.5,7.781711041383,-2.887035377063));
#11550 = VECTOR('',#11551,1.);
#11551 = DIRECTION('',(0.,-0.380916844795,-0.924609299841));
#11552 = PCURVE('',#6524,#11553);
#11553 = DEFINITIONAL_REPRESENTATION('',(#11554),#11558);
#11554 = LINE('',#11555,#11556);
#11555 = CARTESIAN_POINT('',(0.,14.5));
#11556 = VECTOR('',#11557,1.);
#11557 = DIRECTION('',(1.,0.));
#11558 = ( GEOMETRIC_REPRESENTATION_CONTEXT(2) 
PARAMETRIC_REPRESENTATION_CONTEXT() REPRESENTATION_CONTEXT('2D SPACE',''
  ) );
#11559 = PCURVE('',#11560,#11565);
#11560 = PLANE('',#11561);
#11561 = AXIS2_PLACEMENT_3D('',#11562,#11563,#11564);
#11562 = CARTESIAN_POINT('',(29.75,8.012863366343,-2.982264588262));
#11563 = DIRECTION('',(0.707106781187,-0.653797505865,0.269348884023));
#11564 = DIRECTION('',(-3.32598430031E-17,-0.380916844795,
    -0.924609299841));
#11565 = DEFINITIONAL_REPRESENTATION('',(#11566),#11570);
#11566 = LINE('',#11567,#11568);
#11567 = CARTESIAN_POINT('',(4.996003610813E-16,-0.353553390593));
#11568 = VECTOR('',#11569,1.);
#11569 = DIRECTION('',(1.,0.));
#11570 = ( GEOMETRIC_REPRESENTATION_CONTEXT(2) 
PARAMETRIC_REPRESENTATION_CONTEXT() REPRESENTATION_CONTEXT('2D SPACE',''
  ) );
#11571 = ADVANCED_FACE('',(#11572),#6576,.T.);
#11572 = FACE_BOUND('',#11573,.T.);
#11573 = EDGE_LOOP('',(#11574,#11597,#11598,#11599));
#11574 = ORIENTED_EDGE('',*,*,#11575,.T.);
#11575 = EDGE_CURVE('',#11576,#6540,#11578,.T.);
#11576 = VERTEX_POINT('',#11577);
#11577 = CARTESIAN_POINT('',(29.5,-7.294390650066,-3.960033465039));
#11578 = SURFACE_CURVE('',#11579,(#11583,#11590),.PCURVE_S1.);
#11579 = LINE('',#11580,#11581);
#11580 = CARTESIAN_POINT('',(59.,-7.294390650066,-3.960033465039));
#11581 = VECTOR('',#11582,1.);
#11582 = DIRECTION('',(-1.,0.,0.));
#11583 = PCURVE('',#6576,#11584);
#11584 = DEFINITIONAL_REPRESENTATION('',(#11585),#11589);
#11585 = LINE('',#11586,#11587);
#11586 = CARTESIAN_POINT('',(0.,44.));
#11587 = VECTOR('',#11588,1.);
#11588 = DIRECTION('',(0.,-1.));
#11589 = ( GEOMETRIC_REPRESENTATION_CONTEXT(2) 
PARAMETRIC_REPRESENTATION_CONTEXT() REPRESENTATION_CONTEXT('2D SPACE',''
  ) );
#11590 = PCURVE('',#6680,#11591);
#11591 = DEFINITIONAL_REPRESENTATION('',(#11592),#11596);
#11592 = LINE('',#11593,#11594);
#11593 = CARTESIAN_POINT('',(0.589610116775,44.));
#11594 = VECTOR('',#11595,1.);
#11595 = DIRECTION('',(0.,-1.));
#11596 = ( GEOMETRIC_REPRESENTATION_CONTEXT(2) 
PARAMETRIC_REPRESENTATION_CONTEXT() REPRESENTATION_CONTEXT('2D SPACE',''
  ) );
#11597 = ORIENTED_EDGE('',*,*,#6562,.T.);
#11598 = ORIENTED_EDGE('',*,*,#11467,.F.);
#11599 = ORIENTED_EDGE('',*,*,#11600,.F.);
#11600 = EDGE_CURVE('',#11576,#11468,#11601,.T.);
#11601 = SURFACE_CURVE('',#11602,(#11606,#11613),.PCURVE_S1.);
#11602 = LINE('',#11603,#11604);
#11603 = CARTESIAN_POINT('',(29.5,-7.294390650066,-3.960033465039));
#11604 = VECTOR('',#11605,1.);
#11605 = DIRECTION('',(0.,-0.445596095625,0.895234114388));
#11606 = PCURVE('',#6576,#11607);
#11607 = DEFINITIONAL_REPRESENTATION('',(#11608),#11612);
#11608 = LINE('',#11609,#11610);
#11609 = CARTESIAN_POINT('',(5.551115123126E-17,14.5));
#11610 = VECTOR('',#11611,1.);
#11611 = DIRECTION('',(1.,0.));
#11612 = ( GEOMETRIC_REPRESENTATION_CONTEXT(2) 
PARAMETRIC_REPRESENTATION_CONTEXT() REPRESENTATION_CONTEXT('2D SPACE',''
  ) );
#11613 = PCURVE('',#11614,#11619);
#11614 = PLANE('',#11615);
#11615 = AXIS2_PLACEMENT_3D('',#11616,#11617,#11618);
#11616 = CARTESIAN_POINT('',(29.75,-7.518199178663,-4.071432488945));
#11617 = DIRECTION('',(0.707106781187,0.633026113033,0.315084020887));
#11618 = DIRECTION('',(2.26332161732E-17,-0.445596095625,0.895234114388)
  );
#11619 = DEFINITIONAL_REPRESENTATION('',(#11620),#11624);
#11620 = LINE('',#11621,#11622);
#11621 = CARTESIAN_POINT('',(3.885780586188E-16,-0.353553390593));
#11622 = VECTOR('',#11623,1.);
#11623 = DIRECTION('',(1.,0.));
#11624 = ( GEOMETRIC_REPRESENTATION_CONTEXT(2) 
PARAMETRIC_REPRESENTATION_CONTEXT() REPRESENTATION_CONTEXT('2D SPACE',''
  ) );
#11625 = ADVANCED_FACE('',(#11626),#6628,.T.);
#11626 = FACE_BOUND('',#11627,.T.);
#11627 = EDGE_LOOP('',(#11628,#11629,#11630,#11653));
#11628 = ORIENTED_EDGE('',*,*,#11523,.T.);
#11629 = ORIENTED_EDGE('',*,*,#6614,.T.);
#11630 = ORIENTED_EDGE('',*,*,#11631,.F.);
#11631 = EDGE_CURVE('',#11632,#6594,#11634,.T.);
#11632 = VERTEX_POINT('',#11633);
#11633 = CARTESIAN_POINT('',(29.5,7.294390650066,-3.960033465039));
#11634 = SURFACE_CURVE('',#11635,(#11639,#11646),.PCURVE_S1.);
#11635 = LINE('',#11636,#11637);
#11636 = CARTESIAN_POINT('',(59.,7.294390650066,-3.960033465039));
#11637 = VECTOR('',#11638,1.);
#11638 = DIRECTION('',(-1.,0.,0.));
#11639 = PCURVE('',#6628,#11640);
#11640 = DEFINITIONAL_REPRESENTATION('',(#11641),#11645);
#11641 = LINE('',#11642,#11643);
#11642 = CARTESIAN_POINT('',(0.589610116775,44.));
#11643 = VECTOR('',#11644,1.);
#11644 = DIRECTION('',(-0.,-1.));
#11645 = ( GEOMETRIC_REPRESENTATION_CONTEXT(2) 
PARAMETRIC_REPRESENTATION_CONTEXT() REPRESENTATION_CONTEXT('2D SPACE',''
  ) );
#11646 = PCURVE('',#6732,#11647);
#11647 = DEFINITIONAL_REPRESENTATION('',(#11648),#11652);
#11648 = LINE('',#11649,#11650);
#11649 = CARTESIAN_POINT('',(0.,44.));
#11650 = VECTOR('',#11651,1.);
#11651 = DIRECTION('',(-0.,-1.));
#11652 = ( GEOMETRIC_REPRESENTATION_CONTEXT(2) 
PARAMETRIC_REPRESENTATION_CONTEXT() REPRESENTATION_CONTEXT('2D SPACE',''
  ) );
#11653 = ORIENTED_EDGE('',*,*,#11654,.F.);
#11654 = EDGE_CURVE('',#11524,#11632,#11655,.T.);
#11655 = SURFACE_CURVE('',#11656,(#11660,#11667),.PCURVE_S1.);
#11656 = LINE('',#11657,#11658);
#11657 = CARTESIAN_POINT('',(29.5,7.557118616042,-3.432194374314));
#11658 = VECTOR('',#11659,1.);
#11659 = DIRECTION('',(0.,-0.445596095625,-0.895234114388));
#11660 = PCURVE('',#6628,#11661);
#11661 = DEFINITIONAL_REPRESENTATION('',(#11662),#11666);
#11662 = LINE('',#11663,#11664);
#11663 = CARTESIAN_POINT('',(5.551115123126E-17,14.5));
#11664 = VECTOR('',#11665,1.);
#11665 = DIRECTION('',(1.,0.));
#11666 = ( GEOMETRIC_REPRESENTATION_CONTEXT(2) 
PARAMETRIC_REPRESENTATION_CONTEXT() REPRESENTATION_CONTEXT('2D SPACE',''
  ) );
#11667 = PCURVE('',#11668,#11673);
#11668 = PLANE('',#11669);
#11669 = AXIS2_PLACEMENT_3D('',#11670,#11671,#11672);
#11670 = CARTESIAN_POINT('',(29.75,7.780927144639,-3.54359339822));
#11671 = DIRECTION('',(0.707106781187,-0.633026113033,0.315084020887));
#11672 = DIRECTION('',(7.648841446035E-17,-0.445596095625,
    -0.895234114388));
#11673 = DEFINITIONAL_REPRESENTATION('',(#11674),#11678);
#11674 = LINE('',#11675,#11676);
#11675 = CARTESIAN_POINT('',(1.110223024625E-16,-0.353553390593));
#11676 = VECTOR('',#11677,1.);
#11677 = DIRECTION('',(1.,0.));
#11678 = ( GEOMETRIC_REPRESENTATION_CONTEXT(2) 
PARAMETRIC_REPRESENTATION_CONTEXT() REPRESENTATION_CONTEXT('2D SPACE',''
  ) );
#11679 = ADVANCED_FACE('',(#11680),#6680,.T.);
#11680 = FACE_BOUND('',#11681,.T.);
#11681 = EDGE_LOOP('',(#11682,#11705,#11706,#11707));
#11682 = ORIENTED_EDGE('',*,*,#11683,.T.);
#11683 = EDGE_CURVE('',#11684,#6644,#11686,.T.);
#11684 = VERTEX_POINT('',#11685);
#11685 = CARTESIAN_POINT('',(29.5,-6.994852949431,-4.467889011137));
#11686 = SURFACE_CURVE('',#11687,(#11691,#11698),.PCURVE_S1.);
#11687 = LINE('',#11688,#11689);
#11688 = CARTESIAN_POINT('',(59.,-6.994852949431,-4.467889011137));
#11689 = VECTOR('',#11690,1.);
#11690 = DIRECTION('',(-1.,0.,0.));
#11691 = PCURVE('',#6680,#11692);
#11692 = DEFINITIONAL_REPRESENTATION('',(#11693),#11697);
#11693 = LINE('',#11694,#11695);
#11694 = CARTESIAN_POINT('',(0.,44.));
#11695 = VECTOR('',#11696,1.);
#11696 = DIRECTION('',(0.,-1.));
#11697 = ( GEOMETRIC_REPRESENTATION_CONTEXT(2) 
PARAMETRIC_REPRESENTATION_CONTEXT() REPRESENTATION_CONTEXT('2D SPACE',''
  ) );
#11698 = PCURVE('',#6784,#11699);
#11699 = DEFINITIONAL_REPRESENTATION('',(#11700),#11704);
#11700 = LINE('',#11701,#11702);
#11701 = CARTESIAN_POINT('',(0.589610116775,44.));
#11702 = VECTOR('',#11703,1.);
#11703 = DIRECTION('',(0.,-1.));
#11704 = ( GEOMETRIC_REPRESENTATION_CONTEXT(2) 
PARAMETRIC_REPRESENTATION_CONTEXT() REPRESENTATION_CONTEXT('2D SPACE',''
  ) );
#11705 = ORIENTED_EDGE('',*,*,#6666,.T.);
#11706 = ORIENTED_EDGE('',*,*,#11575,.F.);
#11707 = ORIENTED_EDGE('',*,*,#11708,.F.);
#11708 = EDGE_CURVE('',#11684,#11576,#11709,.T.);
#11709 = SURFACE_CURVE('',#11710,(#11714,#11721),.PCURVE_S1.);
#11710 = LINE('',#11711,#11712);
#11711 = CARTESIAN_POINT('',(29.5,-6.994852949431,-4.467889011137));
#11712 = VECTOR('',#11713,1.);
#11713 = DIRECTION('',(0.,-0.508026731755,0.86134130275));
#11714 = PCURVE('',#6680,#11715);
#11715 = DEFINITIONAL_REPRESENTATION('',(#11716),#11720);
#11716 = LINE('',#11717,#11718);
#11717 = CARTESIAN_POINT('',(0.,14.5));
#11718 = VECTOR('',#11719,1.);
#11719 = DIRECTION('',(1.,0.));
#11720 = ( GEOMETRIC_REPRESENTATION_CONTEXT(2) 
PARAMETRIC_REPRESENTATION_CONTEXT() REPRESENTATION_CONTEXT('2D SPACE',''
  ) );
#11721 = PCURVE('',#11722,#11727);
#11722 = PLANE('',#11723);
#11723 = AXIS2_PLACEMENT_3D('',#11724,#11725,#11726);
#11724 = CARTESIAN_POINT('',(29.75,-7.210188275118,-4.594895694075));
#11725 = DIRECTION('',(0.707106781187,0.60906027609,0.359229147048));
#11726 = DIRECTION('',(1.061151184712E-16,-0.508026731755,0.86134130275)
  );
#11727 = DEFINITIONAL_REPRESENTATION('',(#11728),#11732);
#11728 = LINE('',#11729,#11730);
#11729 = CARTESIAN_POINT('',(8.881784197001E-16,-0.353553390593));
#11730 = VECTOR('',#11731,1.);
#11731 = DIRECTION('',(1.,0.));
#11732 = ( GEOMETRIC_REPRESENTATION_CONTEXT(2) 
PARAMETRIC_REPRESENTATION_CONTEXT() REPRESENTATION_CONTEXT('2D SPACE',''
  ) );
#11733 = ADVANCED_FACE('',(#11734),#6732,.T.);
#11734 = FACE_BOUND('',#11735,.T.);
#11735 = EDGE_LOOP('',(#11736,#11737,#11738,#11761));
#11736 = ORIENTED_EDGE('',*,*,#11631,.T.);
#11737 = ORIENTED_EDGE('',*,*,#6718,.T.);
#11738 = ORIENTED_EDGE('',*,*,#11739,.F.);
#11739 = EDGE_CURVE('',#11740,#6698,#11742,.T.);
#11740 = VERTEX_POINT('',#11741);
#11741 = CARTESIAN_POINT('',(29.5,6.994852949431,-4.467889011137));
#11742 = SURFACE_CURVE('',#11743,(#11747,#11754),.PCURVE_S1.);
#11743 = LINE('',#11744,#11745);
#11744 = CARTESIAN_POINT('',(59.,6.994852949431,-4.467889011137));
#11745 = VECTOR('',#11746,1.);
#11746 = DIRECTION('',(-1.,0.,0.));
#11747 = PCURVE('',#6732,#11748);
#11748 = DEFINITIONAL_REPRESENTATION('',(#11749),#11753);
#11749 = LINE('',#11750,#11751);
#11750 = CARTESIAN_POINT('',(0.589610116775,44.));
#11751 = VECTOR('',#11752,1.);
#11752 = DIRECTION('',(-0.,-1.));
#11753 = ( GEOMETRIC_REPRESENTATION_CONTEXT(2) 
PARAMETRIC_REPRESENTATION_CONTEXT() REPRESENTATION_CONTEXT('2D SPACE',''
  ) );
#11754 = PCURVE('',#6836,#11755);
#11755 = DEFINITIONAL_REPRESENTATION('',(#11756),#11760);
#11756 = LINE('',#11757,#11758);
#11757 = CARTESIAN_POINT('',(0.,44.));
#11758 = VECTOR('',#11759,1.);
#11759 = DIRECTION('',(-0.,-1.));
#11760 = ( GEOMETRIC_REPRESENTATION_CONTEXT(2) 
PARAMETRIC_REPRESENTATION_CONTEXT() REPRESENTATION_CONTEXT('2D SPACE',''
  ) );
#11761 = ORIENTED_EDGE('',*,*,#11762,.F.);
#11762 = EDGE_CURVE('',#11632,#11740,#11763,.T.);
#11763 = SURFACE_CURVE('',#11764,(#11768,#11775),.PCURVE_S1.);
#11764 = LINE('',#11765,#11766);
#11765 = CARTESIAN_POINT('',(29.5,7.294390650066,-3.960033465039));
#11766 = VECTOR('',#11767,1.);
#11767 = DIRECTION('',(0.,-0.508026731755,-0.86134130275));
#11768 = PCURVE('',#6732,#11769);
#11769 = DEFINITIONAL_REPRESENTATION('',(#11770),#11774);
#11770 = LINE('',#11771,#11772);
#11771 = CARTESIAN_POINT('',(0.,14.5));
#11772 = VECTOR('',#11773,1.);
#11773 = DIRECTION('',(1.,0.));
#11774 = ( GEOMETRIC_REPRESENTATION_CONTEXT(2) 
PARAMETRIC_REPRESENTATION_CONTEXT() REPRESENTATION_CONTEXT('2D SPACE',''
  ) );
#11775 = PCURVE('',#11776,#11781);
#11776 = PLANE('',#11777);
#11777 = AXIS2_PLACEMENT_3D('',#11778,#11779,#11780);
#11778 = CARTESIAN_POINT('',(29.75,7.509725975753,-4.087040147978));
#11779 = DIRECTION('',(0.707106781187,-0.60906027609,0.359229147048));
#11780 = DIRECTION('',(8.817391083817E-17,-0.508026731755,-0.86134130275
    ));
#11781 = DEFINITIONAL_REPRESENTATION('',(#11782),#11786);
#11782 = LINE('',#11783,#11784);
#11783 = CARTESIAN_POINT('',(-4.996003610813E-16,-0.353553390593));
#11784 = VECTOR('',#11785,1.);
#11785 = DIRECTION('',(1.,0.));
#11786 = ( GEOMETRIC_REPRESENTATION_CONTEXT(2) 
PARAMETRIC_REPRESENTATION_CONTEXT() REPRESENTATION_CONTEXT('2D SPACE',''
  ) );
#11787 = ADVANCED_FACE('',(#11788),#6784,.T.);
#11788 = FACE_BOUND('',#11789,.T.);
#11789 = EDGE_LOOP('',(#11790,#11813,#11814,#11815));
#11790 = ORIENTED_EDGE('',*,*,#11791,.T.);
#11791 = EDGE_CURVE('',#11792,#6748,#11794,.T.);
#11792 = VERTEX_POINT('',#11793);
#11793 = CARTESIAN_POINT('',(29.5,-6.660017073335,-4.953198217605));
#11794 = SURFACE_CURVE('',#11795,(#11799,#11806),.PCURVE_S1.);
#11795 = LINE('',#11796,#11797);
#11796 = CARTESIAN_POINT('',(59.,-6.660017073335,-4.953198217605));
#11797 = VECTOR('',#11798,1.);
#11798 = DIRECTION('',(-1.,0.,0.));
#11799 = PCURVE('',#6784,#11800);
#11800 = DEFINITIONAL_REPRESENTATION('',(#11801),#11805);
#11801 = LINE('',#11802,#11803);
#11802 = CARTESIAN_POINT('',(0.,44.));
#11803 = VECTOR('',#11804,1.);
#11804 = DIRECTION('',(0.,-1.));
#11805 = ( GEOMETRIC_REPRESENTATION_CONTEXT(2) 
PARAMETRIC_REPRESENTATION_CONTEXT() REPRESENTATION_CONTEXT('2D SPACE',''
  ) );
#11806 = PCURVE('',#6888,#11807);
#11807 = DEFINITIONAL_REPRESENTATION('',(#11808),#11812);
#11808 = LINE('',#11809,#11810);
#11809 = CARTESIAN_POINT('',(0.589610116775,44.));
#11810 = VECTOR('',#11811,1.);
#11811 = DIRECTION('',(0.,-1.));
#11812 = ( GEOMETRIC_REPRESENTATION_CONTEXT(2) 
PARAMETRIC_REPRESENTATION_CONTEXT() REPRESENTATION_CONTEXT('2D SPACE',''
  ) );
#11813 = ORIENTED_EDGE('',*,*,#6770,.T.);
#11814 = ORIENTED_EDGE('',*,*,#11683,.F.);
#11815 = ORIENTED_EDGE('',*,*,#11816,.F.);
#11816 = EDGE_CURVE('',#11792,#11684,#11817,.T.);
#11817 = SURFACE_CURVE('',#11818,(#11822,#11829),.PCURVE_S1.);
#11818 = LINE('',#11819,#11820);
#11819 = CARTESIAN_POINT('',(29.5,-6.660017073335,-4.953198217605));
#11820 = VECTOR('',#11821,1.);
#11821 = DIRECTION('',(0.,-0.567893709028,0.823101898459));
#11822 = PCURVE('',#6784,#11823);
#11823 = DEFINITIONAL_REPRESENTATION('',(#11824),#11828);
#11824 = LINE('',#11825,#11826);
#11825 = CARTESIAN_POINT('',(0.,14.5));
#11826 = VECTOR('',#11827,1.);
#11827 = DIRECTION('',(1.,0.));
#11828 = ( GEOMETRIC_REPRESENTATION_CONTEXT(2) 
PARAMETRIC_REPRESENTATION_CONTEXT() REPRESENTATION_CONTEXT('2D SPACE',''
  ) );
#11829 = PCURVE('',#11830,#11835);
#11830 = PLANE('',#11831);
#11831 = AXIS2_PLACEMENT_3D('',#11832,#11833,#11834);
#11832 = CARTESIAN_POINT('',(29.75,-6.86579254795,-5.095171644862));
#11833 = DIRECTION('',(0.707106781187,0.582020934008,0.401561492647));
#11834 = DIRECTION('',(5.870717457851E-17,-0.567893709028,0.823101898459
    ));
#11835 = DEFINITIONAL_REPRESENTATION('',(#11836),#11840);
#11836 = LINE('',#11837,#11838);
#11837 = CARTESIAN_POINT('',(5.551115123126E-17,-0.353553390593));
#11838 = VECTOR('',#11839,1.);
#11839 = DIRECTION('',(1.,0.));
#11840 = ( GEOMETRIC_REPRESENTATION_CONTEXT(2) 
PARAMETRIC_REPRESENTATION_CONTEXT() REPRESENTATION_CONTEXT('2D SPACE',''
  ) );
#11841 = ADVANCED_FACE('',(#11842),#6836,.T.);
#11842 = FACE_BOUND('',#11843,.T.);
#11843 = EDGE_LOOP('',(#11844,#11845,#11846,#11869));
#11844 = ORIENTED_EDGE('',*,*,#11739,.T.);
#11845 = ORIENTED_EDGE('',*,*,#6822,.T.);
#11846 = ORIENTED_EDGE('',*,*,#11847,.F.);
#11847 = EDGE_CURVE('',#11848,#6802,#11850,.T.);
#11848 = VERTEX_POINT('',#11849);
#11849 = CARTESIAN_POINT('',(29.5,6.660017073335,-4.953198217605));
#11850 = SURFACE_CURVE('',#11851,(#11855,#11862),.PCURVE_S1.);
#11851 = LINE('',#11852,#11853);
#11852 = CARTESIAN_POINT('',(59.,6.660017073335,-4.953198217605));
#11853 = VECTOR('',#11854,1.);
#11854 = DIRECTION('',(-1.,0.,0.));
#11855 = PCURVE('',#6836,#11856);
#11856 = DEFINITIONAL_REPRESENTATION('',(#11857),#11861);
#11857 = LINE('',#11858,#11859);
#11858 = CARTESIAN_POINT('',(0.589610116775,44.));
#11859 = VECTOR('',#11860,1.);
#11860 = DIRECTION('',(-0.,-1.));
#11861 = ( GEOMETRIC_REPRESENTATION_CONTEXT(2) 
PARAMETRIC_REPRESENTATION_CONTEXT() REPRESENTATION_CONTEXT('2D SPACE',''
  ) );
#11862 = PCURVE('',#6940,#11863);
#11863 = DEFINITIONAL_REPRESENTATION('',(#11864),#11868);
#11864 = LINE('',#11865,#11866);
#11865 = CARTESIAN_POINT('',(0.,44.));
#11866 = VECTOR('',#11867,1.);
#11867 = DIRECTION('',(-0.,-1.));
#11868 = ( GEOMETRIC_REPRESENTATION_CONTEXT(2) 
PARAMETRIC_REPRESENTATION_CONTEXT() REPRESENTATION_CONTEXT('2D SPACE',''
  ) );
#11869 = ORIENTED_EDGE('',*,*,#11870,.F.);
#11870 = EDGE_CURVE('',#11740,#11848,#11871,.T.);
#11871 = SURFACE_CURVE('',#11872,(#11876,#11883),.PCURVE_S1.);
#11872 = LINE('',#11873,#11874);
#11873 = CARTESIAN_POINT('',(29.5,6.994852949431,-4.467889011137));
#11874 = VECTOR('',#11875,1.);
#11875 = DIRECTION('',(0.,-0.567893709028,-0.823101898459));
#11876 = PCURVE('',#6836,#11877);
#11877 = DEFINITIONAL_REPRESENTATION('',(#11878),#11882);
#11878 = LINE('',#11879,#11880);
#11879 = CARTESIAN_POINT('',(2.775557561563E-16,14.5));
#11880 = VECTOR('',#11881,1.);
#11881 = DIRECTION('',(1.,0.));
#11882 = ( GEOMETRIC_REPRESENTATION_CONTEXT(2) 
PARAMETRIC_REPRESENTATION_CONTEXT() REPRESENTATION_CONTEXT('2D SPACE',''
  ) );
#11883 = PCURVE('',#11884,#11889);
#11884 = PLANE('',#11885);
#11885 = AXIS2_PLACEMENT_3D('',#11886,#11887,#11888);
#11886 = CARTESIAN_POINT('',(29.75,7.200628424046,-4.609862438394));
#11887 = DIRECTION('',(0.707106781187,-0.582020934008,0.401561492647));
#11888 = DIRECTION('',(7.295729605438E-18,-0.567893709028,
    -0.823101898459));
#11889 = DEFINITIONAL_REPRESENTATION('',(#11890),#11894);
#11890 = LINE('',#11891,#11892);
#11891 = CARTESIAN_POINT('',(-1.110223024625E-16,-0.353553390593));
#11892 = VECTOR('',#11893,1.);
#11893 = DIRECTION('',(1.,0.));
#11894 = ( GEOMETRIC_REPRESENTATION_CONTEXT(2) 
PARAMETRIC_REPRESENTATION_CONTEXT() REPRESENTATION_CONTEXT('2D SPACE',''
  ) );
#11895 = ADVANCED_FACE('',(#11896),#6888,.T.);
#11896 = FACE_BOUND('',#11897,.T.);
#11897 = EDGE_LOOP('',(#11898,#11921,#11922,#11923));
#11898 = ORIENTED_EDGE('',*,*,#11899,.T.);
#11899 = EDGE_CURVE('',#11900,#6852,#11902,.T.);
#11900 = VERTEX_POINT('',#11901);
#11901 = CARTESIAN_POINT('',(29.5,-6.291572706406,-5.413512065194));
#11902 = SURFACE_CURVE('',#11903,(#11907,#11914),.PCURVE_S1.);
#11903 = LINE('',#11904,#11905);
#11904 = CARTESIAN_POINT('',(59.,-6.291572706406,-5.413512065194));
#11905 = VECTOR('',#11906,1.);
#11906 = DIRECTION('',(-1.,0.,0.));
#11907 = PCURVE('',#6888,#11908);
#11908 = DEFINITIONAL_REPRESENTATION('',(#11909),#11913);
#11909 = LINE('',#11910,#11911);
#11910 = CARTESIAN_POINT('',(0.,44.));
#11911 = VECTOR('',#11912,1.);
#11912 = DIRECTION('',(0.,-1.));
#11913 = ( GEOMETRIC_REPRESENTATION_CONTEXT(2) 
PARAMETRIC_REPRESENTATION_CONTEXT() REPRESENTATION_CONTEXT('2D SPACE',''
  ) );
#11914 = PCURVE('',#6992,#11915);
#11915 = DEFINITIONAL_REPRESENTATION('',(#11916),#11920);
#11916 = LINE('',#11917,#11918);
#11917 = CARTESIAN_POINT('',(0.589610116775,44.));
#11918 = VECTOR('',#11919,1.);
#11919 = DIRECTION('',(0.,-1.));
#11920 = ( GEOMETRIC_REPRESENTATION_CONTEXT(2) 
PARAMETRIC_REPRESENTATION_CONTEXT() REPRESENTATION_CONTEXT('2D SPACE',''
  ) );
#11921 = ORIENTED_EDGE('',*,*,#6874,.T.);
#11922 = ORIENTED_EDGE('',*,*,#11791,.F.);
#11923 = ORIENTED_EDGE('',*,*,#11924,.F.);
#11924 = EDGE_CURVE('',#11900,#11792,#11925,.T.);
#11925 = SURFACE_CURVE('',#11926,(#11930,#11937),.PCURVE_S1.);
#11926 = LINE('',#11927,#11928);
#11927 = CARTESIAN_POINT('',(29.5,-6.291572706406,-5.413512065194));
#11928 = VECTOR('',#11929,1.);
#11929 = DIRECTION('',(0.,-0.624894920297,0.780708869289));
#11930 = PCURVE('',#6888,#11931);
#11931 = DEFINITIONAL_REPRESENTATION('',(#11932),#11936);
#11932 = LINE('',#11933,#11934);
#11933 = CARTESIAN_POINT('',(2.22044604925E-16,14.5));
#11934 = VECTOR('',#11935,1.);
#11935 = DIRECTION('',(1.,0.));
#11936 = ( GEOMETRIC_REPRESENTATION_CONTEXT(2) 
PARAMETRIC_REPRESENTATION_CONTEXT() REPRESENTATION_CONTEXT('2D SPACE',''
  ) );
#11937 = PCURVE('',#11938,#11943);
#11938 = PLANE('',#11939);
#11939 = AXIS2_PLACEMENT_3D('',#11940,#11941,#11942);
#11940 = CARTESIAN_POINT('',(29.75,-6.486749923729,-5.569735795268));
#11941 = DIRECTION('',(0.707106781187,0.552044535607,0.441867435671));
#11942 = DIRECTION('',(-1.347307641831E-17,-0.624894920297,
    0.780708869289));
#11943 = DEFINITIONAL_REPRESENTATION('',(#11944),#11948);
#11944 = LINE('',#11945,#11946);
#11945 = CARTESIAN_POINT('',(-6.661338147751E-16,-0.353553390593));
#11946 = VECTOR('',#11947,1.);
#11947 = DIRECTION('',(1.,0.));
#11948 = ( GEOMETRIC_REPRESENTATION_CONTEXT(2) 
PARAMETRIC_REPRESENTATION_CONTEXT() REPRESENTATION_CONTEXT('2D SPACE',''
  ) );
#11949 = ADVANCED_FACE('',(#11950),#6940,.T.);
#11950 = FACE_BOUND('',#11951,.T.);
#11951 = EDGE_LOOP('',(#11952,#11953,#11954,#11977));
#11952 = ORIENTED_EDGE('',*,*,#11847,.T.);
#11953 = ORIENTED_EDGE('',*,*,#6926,.T.);
#11954 = ORIENTED_EDGE('',*,*,#11955,.F.);
#11955 = EDGE_CURVE('',#11956,#6906,#11958,.T.);
#11956 = VERTEX_POINT('',#11957);
#11957 = CARTESIAN_POINT('',(29.5,6.291572706406,-5.413512065194));
#11958 = SURFACE_CURVE('',#11959,(#11963,#11970),.PCURVE_S1.);
#11959 = LINE('',#11960,#11961);
#11960 = CARTESIAN_POINT('',(59.,6.291572706406,-5.413512065194));
#11961 = VECTOR('',#11962,1.);
#11962 = DIRECTION('',(-1.,0.,0.));
#11963 = PCURVE('',#6940,#11964);
#11964 = DEFINITIONAL_REPRESENTATION('',(#11965),#11969);
#11965 = LINE('',#11966,#11967);
#11966 = CARTESIAN_POINT('',(0.589610116775,44.));
#11967 = VECTOR('',#11968,1.);
#11968 = DIRECTION('',(-0.,-1.));
#11969 = ( GEOMETRIC_REPRESENTATION_CONTEXT(2) 
PARAMETRIC_REPRESENTATION_CONTEXT() REPRESENTATION_CONTEXT('2D SPACE',''
  ) );
#11970 = PCURVE('',#7044,#11971);
#11971 = DEFINITIONAL_REPRESENTATION('',(#11972),#11976);
#11972 = LINE('',#11973,#11974);
#11973 = CARTESIAN_POINT('',(0.,44.));
#11974 = VECTOR('',#11975,1.);
#11975 = DIRECTION('',(-0.,-1.));
#11976 = ( GEOMETRIC_REPRESENTATION_CONTEXT(2) 
PARAMETRIC_REPRESENTATION_CONTEXT() REPRESENTATION_CONTEXT('2D SPACE',''
  ) );
#11977 = ORIENTED_EDGE('',*,*,#11978,.F.);
#11978 = EDGE_CURVE('',#11848,#11956,#11979,.T.);
#11979 = SURFACE_CURVE('',#11980,(#11984,#11991),.PCURVE_S1.);
#11980 = LINE('',#11981,#11982);
#11981 = CARTESIAN_POINT('',(29.5,6.660017073335,-4.953198217605));
#11982 = VECTOR('',#11983,1.);
#11983 = DIRECTION('',(0.,-0.624894920297,-0.780708869289));
#11984 = PCURVE('',#6940,#11985);
#11985 = DEFINITIONAL_REPRESENTATION('',(#11986),#11990);
#11986 = LINE('',#11987,#11988);
#11987 = CARTESIAN_POINT('',(0.,14.5));
#11988 = VECTOR('',#11989,1.);
#11989 = DIRECTION('',(1.,0.));
#11990 = ( GEOMETRIC_REPRESENTATION_CONTEXT(2) 
PARAMETRIC_REPRESENTATION_CONTEXT() REPRESENTATION_CONTEXT('2D SPACE',''
  ) );
#11991 = PCURVE('',#11992,#11997);
#11992 = PLANE('',#11993);
#11993 = AXIS2_PLACEMENT_3D('',#11994,#11995,#11996);
#11994 = CARTESIAN_POINT('',(29.75,6.855194290657,-5.109421947679));
#11995 = DIRECTION('',(0.707106781187,-0.552044535607,0.441867435671));
#11996 = DIRECTION('',(5.567391246811E-17,-0.624894920297,
    -0.780708869289));
#11997 = DEFINITIONAL_REPRESENTATION('',(#11998),#12002);
#11998 = LINE('',#11999,#12000);
#11999 = CARTESIAN_POINT('',(-3.885780586188E-16,-0.353553390593));
#12000 = VECTOR('',#12001,1.);
#12001 = DIRECTION('',(1.,0.));
#12002 = ( GEOMETRIC_REPRESENTATION_CONTEXT(2) 
PARAMETRIC_REPRESENTATION_CONTEXT() REPRESENTATION_CONTEXT('2D SPACE',''
  ) );
#12003 = ADVANCED_FACE('',(#12004),#6992,.T.);
#12004 = FACE_BOUND('',#12005,.T.);
#12005 = EDGE_LOOP('',(#12006,#12029,#12030,#12031));
#12006 = ORIENTED_EDGE('',*,*,#12007,.T.);
#12007 = EDGE_CURVE('',#12008,#6956,#12010,.T.);
#12008 = VERTEX_POINT('',#12009);
#12009 = CARTESIAN_POINT('',(29.5,-5.891379132036,-5.846507668909));
#12010 = SURFACE_CURVE('',#12011,(#12015,#12022),.PCURVE_S1.);
#12011 = LINE('',#12012,#12013);
#12012 = CARTESIAN_POINT('',(59.,-5.891379132036,-5.846507668909));
#12013 = VECTOR('',#12014,1.);
#12014 = DIRECTION('',(-1.,0.,0.));
#12015 = PCURVE('',#6992,#12016);
#12016 = DEFINITIONAL_REPRESENTATION('',(#12017),#12021);
#12017 = LINE('',#12018,#12019);
#12018 = CARTESIAN_POINT('',(0.,44.));
#12019 = VECTOR('',#12020,1.);
#12020 = DIRECTION('',(0.,-1.));
#12021 = ( GEOMETRIC_REPRESENTATION_CONTEXT(2) 
PARAMETRIC_REPRESENTATION_CONTEXT() REPRESENTATION_CONTEXT('2D SPACE',''
  ) );
#12022 = PCURVE('',#7098,#12023);
#12023 = DEFINITIONAL_REPRESENTATION('',(#12024),#12028);
#12024 = LINE('',#12025,#12026);
#12025 = CARTESIAN_POINT('',(0.589610116775,44.));
#12026 = VECTOR('',#12027,1.);
#12027 = DIRECTION('',(0.,-1.));
#12028 = ( GEOMETRIC_REPRESENTATION_CONTEXT(2) 
PARAMETRIC_REPRESENTATION_CONTEXT() REPRESENTATION_CONTEXT('2D SPACE',''
  ) );
#12029 = ORIENTED_EDGE('',*,*,#6978,.T.);
#12030 = ORIENTED_EDGE('',*,*,#11899,.F.);
#12031 = ORIENTED_EDGE('',*,*,#12032,.F.);
#12032 = EDGE_CURVE('',#12008,#11900,#12033,.T.);
#12033 = SURFACE_CURVE('',#12034,(#12038,#12045),.PCURVE_S1.);
#12034 = LINE('',#12035,#12036);
#12035 = CARTESIAN_POINT('',(29.5,-5.891379132036,-5.846507668909));
#12036 = VECTOR('',#12037,1.);
#12037 = DIRECTION('',(0.,-0.678742719951,0.734376143481));
#12038 = PCURVE('',#6992,#12039);
#12039 = DEFINITIONAL_REPRESENTATION('',(#12040),#12044);
#12040 = LINE('',#12041,#12042);
#12041 = CARTESIAN_POINT('',(2.22044604925E-16,14.5));
#12042 = VECTOR('',#12043,1.);
#12043 = DIRECTION('',(1.,0.));
#12044 = ( GEOMETRIC_REPRESENTATION_CONTEXT(2) 
PARAMETRIC_REPRESENTATION_CONTEXT() REPRESENTATION_CONTEXT('2D SPACE',''
  ) );
#12045 = PCURVE('',#12046,#12051);
#12046 = PLANE('',#12047);
#12047 = AXIS2_PLACEMENT_3D('',#12048,#12049,#12050);
#12048 = CARTESIAN_POINT('',(29.75,-6.074973167906,-6.016193348897));
#12049 = DIRECTION('',(0.707106781187,0.519282350997,0.479943579958));
#12050 = DIRECTION('',(-3.603231862613E-17,-0.678742719951,
    0.734376143481));
#12051 = DEFINITIONAL_REPRESENTATION('',(#12052),#12056);
#12052 = LINE('',#12053,#12054);
#12053 = CARTESIAN_POINT('',(4.440892098501E-16,-0.353553390593));
#12054 = VECTOR('',#12055,1.);
#12055 = DIRECTION('',(1.,0.));
#12056 = ( GEOMETRIC_REPRESENTATION_CONTEXT(2) 
PARAMETRIC_REPRESENTATION_CONTEXT() REPRESENTATION_CONTEXT('2D SPACE',''
  ) );
#12057 = ADVANCED_FACE('',(#12058),#7044,.T.);
#12058 = FACE_BOUND('',#12059,.T.);
#12059 = EDGE_LOOP('',(#12060,#12061,#12062,#12085));
#12060 = ORIENTED_EDGE('',*,*,#11955,.T.);
#12061 = ORIENTED_EDGE('',*,*,#7030,.T.);
#12062 = ORIENTED_EDGE('',*,*,#12063,.F.);
#12063 = EDGE_CURVE('',#12064,#7010,#12066,.T.);
#12064 = VERTEX_POINT('',#12065);
#12065 = CARTESIAN_POINT('',(29.5,5.891379132036,-5.846507668909));
#12066 = SURFACE_CURVE('',#12067,(#12071,#12078),.PCURVE_S1.);
#12067 = LINE('',#12068,#12069);
#12068 = CARTESIAN_POINT('',(59.,5.891379132036,-5.846507668909));
#12069 = VECTOR('',#12070,1.);
#12070 = DIRECTION('',(-1.,0.,0.));
#12071 = PCURVE('',#7044,#12072);
#12072 = DEFINITIONAL_REPRESENTATION('',(#12073),#12077);
#12073 = LINE('',#12074,#12075);
#12074 = CARTESIAN_POINT('',(0.589610116775,44.));
#12075 = VECTOR('',#12076,1.);
#12076 = DIRECTION('',(-0.,-1.));
#12077 = ( GEOMETRIC_REPRESENTATION_CONTEXT(2) 
PARAMETRIC_REPRESENTATION_CONTEXT() REPRESENTATION_CONTEXT('2D SPACE',''
  ) );
#12078 = PCURVE('',#7152,#12079);
#12079 = DEFINITIONAL_REPRESENTATION('',(#12080),#12084);
#12080 = LINE('',#12081,#12082);
#12081 = CARTESIAN_POINT('',(0.,44.));
#12082 = VECTOR('',#12083,1.);
#12083 = DIRECTION('',(-0.,-1.));
#12084 = ( GEOMETRIC_REPRESENTATION_CONTEXT(2) 
PARAMETRIC_REPRESENTATION_CONTEXT() REPRESENTATION_CONTEXT('2D SPACE',''
  ) );
#12085 = ORIENTED_EDGE('',*,*,#12086,.F.);
#12086 = EDGE_CURVE('',#11956,#12064,#12087,.T.);
#12087 = SURFACE_CURVE('',#12088,(#12092,#12099),.PCURVE_S1.);
#12088 = LINE('',#12089,#12090);
#12089 = CARTESIAN_POINT('',(29.5,6.291572706406,-5.413512065194));
#12090 = VECTOR('',#12091,1.);
#12091 = DIRECTION('',(0.,-0.678742719951,-0.734376143481));
#12092 = PCURVE('',#7044,#12093);
#12093 = DEFINITIONAL_REPRESENTATION('',(#12094),#12098);
#12094 = LINE('',#12095,#12096);
#12095 = CARTESIAN_POINT('',(-2.22044604925E-16,14.5));
#12096 = VECTOR('',#12097,1.);
#12097 = DIRECTION('',(1.,0.));
#12098 = ( GEOMETRIC_REPRESENTATION_CONTEXT(2) 
PARAMETRIC_REPRESENTATION_CONTEXT() REPRESENTATION_CONTEXT('2D SPACE',''
  ) );
#12099 = PCURVE('',#12100,#12105);
#12100 = PLANE('',#12101);
#12101 = AXIS2_PLACEMENT_3D('',#12102,#12103,#12104);
#12102 = CARTESIAN_POINT('',(29.75,6.475166742277,-5.583197745182));
#12103 = DIRECTION('',(0.707106781187,-0.519282350997,0.479943579958));
#12104 = DIRECTION('',(-5.415780809636E-18,-0.678742719951,
    -0.734376143481));
#12105 = DEFINITIONAL_REPRESENTATION('',(#12106),#12110);
#12106 = LINE('',#12107,#12108);
#12107 = CARTESIAN_POINT('',(2.775557561563E-16,-0.353553390593));
#12108 = VECTOR('',#12109,1.);
#12109 = DIRECTION('',(1.,0.));
#12110 = ( GEOMETRIC_REPRESENTATION_CONTEXT(2) 
PARAMETRIC_REPRESENTATION_CONTEXT() REPRESENTATION_CONTEXT('2D SPACE',''
  ) );
#12111 = ADVANCED_FACE('',(#12112),#7098,.T.);
#12112 = FACE_BOUND('',#12113,.T.);
#12113 = EDGE_LOOP('',(#12114,#12115,#12143,#12164));
#12114 = ORIENTED_EDGE('',*,*,#12007,.F.);
#12115 = ORIENTED_EDGE('',*,*,#12116,.F.);
#12116 = EDGE_CURVE('',#12117,#12008,#12119,.T.);
#12117 = VERTEX_POINT('',#12118);
#12118 = CARTESIAN_POINT('',(29.5,-5.826038537592,-5.907831234903));
#12119 = SURFACE_CURVE('',#12120,(#12124,#12131),.PCURVE_S1.);
#12120 = LINE('',#12121,#12122);
#12121 = CARTESIAN_POINT('',(29.5,-5.461455849863,-6.25));
#12122 = VECTOR('',#12123,1.);
#12123 = DIRECTION('',(0.,-0.729165375459,0.684337530193));
#12124 = PCURVE('',#7098,#12125);
#12125 = DEFINITIONAL_REPRESENTATION('',(#12126),#12130);
#12126 = LINE('',#12127,#12128);
#12127 = CARTESIAN_POINT('',(0.,14.5));
#12128 = VECTOR('',#12129,1.);
#12129 = DIRECTION('',(1.,0.));
#12130 = ( GEOMETRIC_REPRESENTATION_CONTEXT(2) 
PARAMETRIC_REPRESENTATION_CONTEXT() REPRESENTATION_CONTEXT('2D SPACE',''
  ) );
#12131 = PCURVE('',#12132,#12137);
#12132 = PLANE('',#12133);
#12133 = AXIS2_PLACEMENT_3D('',#12134,#12135,#12136);
#12134 = CARTESIAN_POINT('',(29.75,-5.632540232411,-6.432291343865));
#12135 = DIRECTION('',(0.707106781187,0.48389970822,0.515597781594));
#12136 = DIRECTION('',(1.314870388204E-17,-0.729165375459,0.684337530193
    ));
#12137 = DEFINITIONAL_REPRESENTATION('',(#12138),#12142);
#12138 = LINE('',#12139,#12140);
#12139 = CARTESIAN_POINT('',(4.440892098501E-16,-0.353553390593));
#12140 = VECTOR('',#12141,1.);
#12141 = DIRECTION('',(1.,0.));
#12142 = ( GEOMETRIC_REPRESENTATION_CONTEXT(2) 
PARAMETRIC_REPRESENTATION_CONTEXT() REPRESENTATION_CONTEXT('2D SPACE',''
  ) );
#12143 = ORIENTED_EDGE('',*,*,#12144,.T.);
#12144 = EDGE_CURVE('',#12117,#7060,#12145,.T.);
#12145 = SURFACE_CURVE('',#12146,(#12150,#12157),.PCURVE_S1.);
#12146 = LINE('',#12147,#12148);
#12147 = CARTESIAN_POINT('',(30.,-5.826038537592,-5.907831234903));
#12148 = VECTOR('',#12149,1.);
#12149 = DIRECTION('',(-1.,0.,0.));
#12150 = PCURVE('',#7098,#12151);
#12151 = DEFINITIONAL_REPRESENTATION('',(#12152),#12156);
#12152 = LINE('',#12153,#12154);
#12153 = CARTESIAN_POINT('',(0.5,15.));
#12154 = VECTOR('',#12155,1.);
#12155 = DIRECTION('',(0.,-1.));
#12156 = ( GEOMETRIC_REPRESENTATION_CONTEXT(2) 
PARAMETRIC_REPRESENTATION_CONTEXT() REPRESENTATION_CONTEXT('2D SPACE',''
  ) );
#12157 = PCURVE('',#7206,#12158);
#12158 = DEFINITIONAL_REPRESENTATION('',(#12159),#12163);
#12159 = LINE('',#12160,#12161);
#12160 = CARTESIAN_POINT('',(0.,-0.464914693178));
#12161 = VECTOR('',#12162,1.);
#12162 = DIRECTION('',(1.,0.));
#12163 = ( GEOMETRIC_REPRESENTATION_CONTEXT(2) 
PARAMETRIC_REPRESENTATION_CONTEXT() REPRESENTATION_CONTEXT('2D SPACE',''
  ) );
#12164 = ORIENTED_EDGE('',*,*,#7084,.T.);
#12165 = ADVANCED_FACE('',(#12166),#7152,.T.);
#12166 = FACE_BOUND('',#12167,.T.);
#12167 = EDGE_LOOP('',(#12168,#12169,#12170,#12193));
#12168 = ORIENTED_EDGE('',*,*,#12063,.T.);
#12169 = ORIENTED_EDGE('',*,*,#7138,.T.);
#12170 = ORIENTED_EDGE('',*,*,#12171,.F.);
#12171 = EDGE_CURVE('',#12172,#7116,#12174,.T.);
#12172 = VERTEX_POINT('',#12173);
#12173 = CARTESIAN_POINT('',(29.5,5.826038537592,-5.907831234903));
#12174 = SURFACE_CURVE('',#12175,(#12179,#12186),.PCURVE_S1.);
#12175 = LINE('',#12176,#12177);
#12176 = CARTESIAN_POINT('',(30.,5.826038537592,-5.907831234903));
#12177 = VECTOR('',#12178,1.);
#12178 = DIRECTION('',(-1.,0.,0.));
#12179 = PCURVE('',#7152,#12180);
#12180 = DEFINITIONAL_REPRESENTATION('',(#12181),#12185);
#12181 = LINE('',#12182,#12183);
#12182 = CARTESIAN_POINT('',(8.961011677533E-02,15.));
#12183 = VECTOR('',#12184,1.);
#12184 = DIRECTION('',(-0.,-1.));
#12185 = ( GEOMETRIC_REPRESENTATION_CONTEXT(2) 
PARAMETRIC_REPRESENTATION_CONTEXT() REPRESENTATION_CONTEXT('2D SPACE',''
  ) );
#12186 = PCURVE('',#7260,#12187);
#12187 = DEFINITIONAL_REPRESENTATION('',(#12188),#12192);
#12188 = LINE('',#12189,#12190);
#12189 = CARTESIAN_POINT('',(-0.,-0.464914693178));
#12190 = VECTOR('',#12191,1.);
#12191 = DIRECTION('',(-1.,0.));
#12192 = ( GEOMETRIC_REPRESENTATION_CONTEXT(2) 
PARAMETRIC_REPRESENTATION_CONTEXT() REPRESENTATION_CONTEXT('2D SPACE',''
  ) );
#12193 = ORIENTED_EDGE('',*,*,#12194,.F.);
#12194 = EDGE_CURVE('',#12064,#12172,#12195,.T.);
#12195 = SURFACE_CURVE('',#12196,(#12200,#12207),.PCURVE_S1.);
#12196 = LINE('',#12197,#12198);
#12197 = CARTESIAN_POINT('',(29.5,5.891379132036,-5.846507668909));
#12198 = VECTOR('',#12199,1.);
#12199 = DIRECTION('',(0.,-0.729165375459,-0.684337530193));
#12200 = PCURVE('',#7152,#12201);
#12201 = DEFINITIONAL_REPRESENTATION('',(#12202),#12206);
#12202 = LINE('',#12203,#12204);
#12203 = CARTESIAN_POINT('',(0.,14.5));
#12204 = VECTOR('',#12205,1.);
#12205 = DIRECTION('',(1.,0.));
#12206 = ( GEOMETRIC_REPRESENTATION_CONTEXT(2) 
PARAMETRIC_REPRESENTATION_CONTEXT() REPRESENTATION_CONTEXT('2D SPACE',''
  ) );
#12207 = PCURVE('',#12208,#12213);
#12208 = PLANE('',#12209);
#12209 = AXIS2_PLACEMENT_3D('',#12210,#12211,#12212);
#12210 = CARTESIAN_POINT('',(29.75,6.062463514584,-6.028799012774));
#12211 = DIRECTION('',(0.707106781187,-0.48389970822,0.515597781594));
#12212 = DIRECTION('',(1.720442417237E-17,-0.729165375459,
    -0.684337530193));
#12213 = DEFINITIONAL_REPRESENTATION('',(#12214),#12218);
#12214 = LINE('',#12215,#12216);
#12215 = CARTESIAN_POINT('',(2.775557561563E-16,-0.353553390593));
#12216 = VECTOR('',#12217,1.);
#12217 = DIRECTION('',(1.,0.));
#12218 = ( GEOMETRIC_REPRESENTATION_CONTEXT(2) 
PARAMETRIC_REPRESENTATION_CONTEXT() REPRESENTATION_CONTEXT('2D SPACE',''
  ) );
#12219 = ADVANCED_FACE('',(#12220),#7206,.F.);
#12220 = FACE_BOUND('',#12221,.F.);
#12221 = EDGE_LOOP('',(#12222,#12223,#12224,#12247));
#12222 = ORIENTED_EDGE('',*,*,#12144,.T.);
#12223 = ORIENTED_EDGE('',*,*,#7192,.T.);
#12224 = ORIENTED_EDGE('',*,*,#12225,.F.);
#12225 = EDGE_CURVE('',#12226,#7170,#12228,.T.);
#12226 = VERTEX_POINT('',#12227);
#12227 = CARTESIAN_POINT('',(29.5,-4.961455849863,-6.25));
#12228 = SURFACE_CURVE('',#12229,(#12233,#12240),.PCURVE_S1.);
#12229 = LINE('',#12230,#12231);
#12230 = CARTESIAN_POINT('',(30.,-4.961455849863,-6.25));
#12231 = VECTOR('',#12232,1.);
#12232 = DIRECTION('',(-1.,0.,0.));
#12233 = PCURVE('',#7206,#12234);
#12234 = DEFINITIONAL_REPRESENTATION('',(#12235),#12239);
#12235 = LINE('',#12236,#12237);
#12236 = CARTESIAN_POINT('',(0.,0.464914693178));
#12237 = VECTOR('',#12238,1.);
#12238 = DIRECTION('',(1.,0.));
#12239 = ( GEOMETRIC_REPRESENTATION_CONTEXT(2) 
PARAMETRIC_REPRESENTATION_CONTEXT() REPRESENTATION_CONTEXT('2D SPACE',''
  ) );
#12240 = PCURVE('',#7292,#12241);
#12241 = DEFINITIONAL_REPRESENTATION('',(#12242),#12246);
#12242 = LINE('',#12243,#12244);
#12243 = CARTESIAN_POINT('',(10.422911699725,15.));
#12244 = VECTOR('',#12245,1.);
#12245 = DIRECTION('',(0.,-1.));
#12246 = ( GEOMETRIC_REPRESENTATION_CONTEXT(2) 
PARAMETRIC_REPRESENTATION_CONTEXT() REPRESENTATION_CONTEXT('2D SPACE',''
  ) );
#12247 = ORIENTED_EDGE('',*,*,#12248,.T.);
#12248 = EDGE_CURVE('',#12226,#12117,#12249,.T.);
#12249 = SURFACE_CURVE('',#12250,(#12254,#12261),.PCURVE_S1.);
#12250 = LINE('',#12251,#12252);
#12251 = CARTESIAN_POINT('',(29.5,-5.092059330521,-6.198312136793));
#12252 = VECTOR('',#12253,1.);
#12253 = DIRECTION('',(3.914878609563E-15,-0.929829386355,0.367990913299
    ));
#12254 = PCURVE('',#7206,#12255);
#12255 = DEFINITIONAL_REPRESENTATION('',(#12256),#12260);
#12256 = LINE('',#12257,#12258);
#12257 = CARTESIAN_POINT('',(0.5,0.324455074913));
#12258 = VECTOR('',#12259,1.);
#12259 = DIRECTION('',(-3.914878609563E-15,-1.));
#12260 = ( GEOMETRIC_REPRESENTATION_CONTEXT(2) 
PARAMETRIC_REPRESENTATION_CONTEXT() REPRESENTATION_CONTEXT('2D SPACE',''
  ) );
#12261 = PCURVE('',#12262,#12267);
#12262 = PLANE('',#12263);
#12263 = AXIS2_PLACEMENT_3D('',#12264,#12265,#12266);
#12264 = CARTESIAN_POINT('',(30.,-4.961455849863,-6.75));
#12265 = DIRECTION('',(-0.680945640372,-0.269492244259,-0.680945640372)
  );
#12266 = DIRECTION('',(3.824702269885E-15,-0.929829386355,0.367990913299
    ));
#12267 = DEFINITIONAL_REPRESENTATION('',(#12268),#12272);
#12268 = LINE('',#12269,#12270);
#12269 = CARTESIAN_POINT('',(0.324455074913,0.682748615475));
#12270 = VECTOR('',#12271,1.);
#12271 = DIRECTION('',(1.,-1.598298482682E-16));
#12272 = ( GEOMETRIC_REPRESENTATION_CONTEXT(2) 
PARAMETRIC_REPRESENTATION_CONTEXT() REPRESENTATION_CONTEXT('2D SPACE',''
  ) );
#12273 = ADVANCED_FACE('',(#12274),#7260,.F.);
#12274 = FACE_BOUND('',#12275,.T.);
#12275 = EDGE_LOOP('',(#12276,#12277,#12278,#12301));
#12276 = ORIENTED_EDGE('',*,*,#12171,.T.);
#12277 = ORIENTED_EDGE('',*,*,#7246,.T.);
#12278 = ORIENTED_EDGE('',*,*,#12279,.F.);
#12279 = EDGE_CURVE('',#12280,#7224,#12282,.T.);
#12280 = VERTEX_POINT('',#12281);
#12281 = CARTESIAN_POINT('',(29.5,4.961455849863,-6.25));
#12282 = SURFACE_CURVE('',#12283,(#12287,#12294),.PCURVE_S1.);
#12283 = LINE('',#12284,#12285);
#12284 = CARTESIAN_POINT('',(30.,4.961455849863,-6.25));
#12285 = VECTOR('',#12286,1.);
#12286 = DIRECTION('',(-1.,0.,0.));
#12287 = PCURVE('',#7260,#12288);
#12288 = DEFINITIONAL_REPRESENTATION('',(#12289),#12293);
#12289 = LINE('',#12290,#12291);
#12290 = CARTESIAN_POINT('',(-0.,0.464914693178));
#12291 = VECTOR('',#12292,1.);
#12292 = DIRECTION('',(-1.,0.));
#12293 = ( GEOMETRIC_REPRESENTATION_CONTEXT(2) 
PARAMETRIC_REPRESENTATION_CONTEXT() REPRESENTATION_CONTEXT('2D SPACE',''
  ) );
#12294 = PCURVE('',#7292,#12295);
#12295 = DEFINITIONAL_REPRESENTATION('',(#12296),#12300);
#12296 = LINE('',#12297,#12298);
#12297 = CARTESIAN_POINT('',(0.5,15.));
#12298 = VECTOR('',#12299,1.);
#12299 = DIRECTION('',(0.,-1.));
#12300 = ( GEOMETRIC_REPRESENTATION_CONTEXT(2) 
PARAMETRIC_REPRESENTATION_CONTEXT() REPRESENTATION_CONTEXT('2D SPACE',''
  ) );
#12301 = ORIENTED_EDGE('',*,*,#12302,.T.);
#12302 = EDGE_CURVE('',#12280,#12172,#12303,.T.);
#12303 = SURFACE_CURVE('',#12304,(#12308,#12315),.PCURVE_S1.);
#12304 = LINE('',#12305,#12306);
#12305 = CARTESIAN_POINT('',(29.5,5.092059330521,-6.198312136793));
#12306 = VECTOR('',#12307,1.);
#12307 = DIRECTION('',(5.034645180165E-15,0.929829386355,0.367990913299)
  );
#12308 = PCURVE('',#7260,#12309);
#12309 = DEFINITIONAL_REPRESENTATION('',(#12310),#12314);
#12310 = LINE('',#12311,#12312);
#12311 = CARTESIAN_POINT('',(-0.5,0.324455074913));
#12312 = VECTOR('',#12313,1.);
#12313 = DIRECTION('',(5.034645180165E-15,-1.));
#12314 = ( GEOMETRIC_REPRESENTATION_CONTEXT(2) 
PARAMETRIC_REPRESENTATION_CONTEXT() REPRESENTATION_CONTEXT('2D SPACE',''
  ) );
#12315 = PCURVE('',#12316,#12321);
#12316 = PLANE('',#12317);
#12317 = AXIS2_PLACEMENT_3D('',#12318,#12319,#12320);
#12318 = CARTESIAN_POINT('',(30.,4.961455849863,-6.75));
#12319 = DIRECTION('',(0.680945640372,-0.269492244259,0.680945640372));
#12320 = DIRECTION('',(7.652143581816E-15,0.929829386355,0.367990913299)
  );
#12321 = DEFINITIONAL_REPRESENTATION('',(#12322),#12326);
#12322 = LINE('',#12323,#12324);
#12323 = CARTESIAN_POINT('',(0.324455074913,0.682748615475));
#12324 = VECTOR('',#12325,1.);
#12325 = DIRECTION('',(1.,3.583670596878E-15));
#12326 = ( GEOMETRIC_REPRESENTATION_CONTEXT(2) 
PARAMETRIC_REPRESENTATION_CONTEXT() REPRESENTATION_CONTEXT('2D SPACE',''
  ) );
#12327 = ADVANCED_FACE('',(#12328),#7292,.T.);
#12328 = FACE_BOUND('',#12329,.T.);
#12329 = EDGE_LOOP('',(#12330,#12331,#12332,#12358));
#12330 = ORIENTED_EDGE('',*,*,#7278,.T.);
#12331 = ORIENTED_EDGE('',*,*,#12225,.F.);
#12332 = ORIENTED_EDGE('',*,*,#12333,.F.);
#12333 = EDGE_CURVE('',#12280,#12226,#12334,.T.);
#12334 = SURFACE_CURVE('',#12335,(#12339,#12346),.PCURVE_S1.);
#12335 = LINE('',#12336,#12337);
#12336 = CARTESIAN_POINT('',(29.5,5.461455849863,-6.25));
#12337 = VECTOR('',#12338,1.);
#12338 = DIRECTION('',(0.,-1.,0.));
#12339 = PCURVE('',#7292,#12340);
#12340 = DEFINITIONAL_REPRESENTATION('',(#12341),#12345);
#12341 = LINE('',#12342,#12343);
#12342 = CARTESIAN_POINT('',(0.,14.5));
#12343 = VECTOR('',#12344,1.);
#12344 = DIRECTION('',(1.,0.));
#12345 = ( GEOMETRIC_REPRESENTATION_CONTEXT(2) 
PARAMETRIC_REPRESENTATION_CONTEXT() REPRESENTATION_CONTEXT('2D SPACE',''
  ) );
#12346 = PCURVE('',#12347,#12352);
#12347 = PLANE('',#12348);
#12348 = AXIS2_PLACEMENT_3D('',#12349,#12350,#12351);
#12349 = CARTESIAN_POINT('',(29.75,5.461455849863,-6.5));
#12350 = DIRECTION('',(0.707106781187,1.479157021432E-19,0.707106781187)
  );
#12351 = DIRECTION('',(1.045921960294E-19,-1.,1.045921960294E-19));
#12352 = DEFINITIONAL_REPRESENTATION('',(#12353),#12357);
#12353 = LINE('',#12354,#12355);
#12354 = CARTESIAN_POINT('',(0.,-0.353553390593));
#12355 = VECTOR('',#12356,1.);
#12356 = DIRECTION('',(1.,0.));
#12357 = ( GEOMETRIC_REPRESENTATION_CONTEXT(2) 
PARAMETRIC_REPRESENTATION_CONTEXT() REPRESENTATION_CONTEXT('2D SPACE',''
  ) );
#12358 = ORIENTED_EDGE('',*,*,#12279,.T.);
#12359 = ADVANCED_FACE('',(#12360),#7345,.F.);
#12360 = FACE_BOUND('',#12361,.F.);
#12361 = EDGE_LOOP('',(#12362,#12385,#12412,#12413));
#12362 = ORIENTED_EDGE('',*,*,#12363,.T.);
#12363 = EDGE_CURVE('',#7308,#12364,#12366,.T.);
#12364 = VERTEX_POINT('',#12365);
#12365 = CARTESIAN_POINT('',(-3.3,-52.,44.5));
#12366 = SEAM_CURVE('',#12367,(#12371,#12378),.PCURVE_S1.);
#12367 = LINE('',#12368,#12369);
#12368 = CARTESIAN_POINT('',(-6.,-52.,44.5));
#12369 = VECTOR('',#12370,1.);
#12370 = DIRECTION('',(1.,0.,2.22044604925E-16));
#12371 = PCURVE('',#7345,#12372);
#12372 = DEFINITIONAL_REPRESENTATION('',(#12373),#12377);
#12373 = LINE('',#12374,#12375);
#12374 = CARTESIAN_POINT('',(6.28318530718,-0.));
#12375 = VECTOR('',#12376,1.);
#12376 = DIRECTION('',(0.,1.));
#12377 = ( GEOMETRIC_REPRESENTATION_CONTEXT(2) 
PARAMETRIC_REPRESENTATION_CONTEXT() REPRESENTATION_CONTEXT('2D SPACE',''
  ) );
#12378 = PCURVE('',#7345,#12379);
#12379 = DEFINITIONAL_REPRESENTATION('',(#12380),#12384);
#12380 = LINE('',#12381,#12382);
#12381 = CARTESIAN_POINT('',(0.,-0.));
#12382 = VECTOR('',#12383,1.);
#12383 = DIRECTION('',(0.,1.));
#12384 = ( GEOMETRIC_REPRESENTATION_CONTEXT(2) 
PARAMETRIC_REPRESENTATION_CONTEXT() REPRESENTATION_CONTEXT('2D SPACE',''
  ) );
#12385 = ORIENTED_EDGE('',*,*,#12386,.F.);
#12386 = EDGE_CURVE('',#12364,#12364,#12387,.T.);
#12387 = SURFACE_CURVE('',#12388,(#12393,#12400),.PCURVE_S1.);
#12388 = CIRCLE('',#12389,5.5);
#12389 = AXIS2_PLACEMENT_3D('',#12390,#12391,#12392);
#12390 = CARTESIAN_POINT('',(-3.3,-52.,50.));
#12391 = DIRECTION('',(1.,-0.,2.22044604925E-16));
#12392 = DIRECTION('',(2.22044604925E-16,0.,-1.));
#12393 = PCURVE('',#7345,#12394);
#12394 = DEFINITIONAL_REPRESENTATION('',(#12395),#12399);
#12395 = LINE('',#12396,#12397);
#12396 = CARTESIAN_POINT('',(0.,2.7));
#12397 = VECTOR('',#12398,1.);
#12398 = DIRECTION('',(1.,0.));
#12399 = ( GEOMETRIC_REPRESENTATION_CONTEXT(2) 
PARAMETRIC_REPRESENTATION_CONTEXT() REPRESENTATION_CONTEXT('2D SPACE',''
  ) );
#12400 = PCURVE('',#12401,#12406);
#12401 = CONICAL_SURFACE('',#12402,5.5,0.785398163397);
#12402 = AXIS2_PLACEMENT_3D('',#12403,#12404,#12405);
#12403 = CARTESIAN_POINT('',(-3.3,-52.,50.));
#12404 = DIRECTION('',(-1.,0.,-2.22044604925E-16));
#12405 = DIRECTION('',(2.22044604925E-16,0.,-1.));
#12406 = DEFINITIONAL_REPRESENTATION('',(#12407),#12411);
#12407 = LINE('',#12408,#12409);
#12408 = CARTESIAN_POINT('',(-0.,-0.));
#12409 = VECTOR('',#12410,1.);
#12410 = DIRECTION('',(-1.,-0.));
#12411 = ( GEOMETRIC_REPRESENTATION_CONTEXT(2) 
PARAMETRIC_REPRESENTATION_CONTEXT() REPRESENTATION_CONTEXT('2D SPACE',''
  ) );
#12412 = ORIENTED_EDGE('',*,*,#12363,.F.);
#12413 = ORIENTED_EDGE('',*,*,#7330,.T.);
#12414 = ADVANCED_FACE('',(#12415),#7398,.F.);
#12415 = FACE_BOUND('',#12416,.F.);
#12416 = EDGE_LOOP('',(#12417,#12440,#12467,#12468));
#12417 = ORIENTED_EDGE('',*,*,#12418,.T.);
#12418 = EDGE_CURVE('',#7361,#12419,#12421,.T.);
#12419 = VERTEX_POINT('',#12420);
#12420 = CARTESIAN_POINT('',(-3.3,52.,44.5));
#12421 = SEAM_CURVE('',#12422,(#12426,#12433),.PCURVE_S1.);
#12422 = LINE('',#12423,#12424);
#12423 = CARTESIAN_POINT('',(-6.,52.,44.5));
#12424 = VECTOR('',#12425,1.);
#12425 = DIRECTION('',(1.,0.,2.22044604925E-16));
#12426 = PCURVE('',#7398,#12427);
#12427 = DEFINITIONAL_REPRESENTATION('',(#12428),#12432);
#12428 = LINE('',#12429,#12430);
#12429 = CARTESIAN_POINT('',(6.28318530718,-0.));
#12430 = VECTOR('',#12431,1.);
#12431 = DIRECTION('',(0.,1.));
#12432 = ( GEOMETRIC_REPRESENTATION_CONTEXT(2) 
PARAMETRIC_REPRESENTATION_CONTEXT() REPRESENTATION_CONTEXT('2D SPACE',''
  ) );
#12433 = PCURVE('',#7398,#12434);
#12434 = DEFINITIONAL_REPRESENTATION('',(#12435),#12439);
#12435 = LINE('',#12436,#12437);
#12436 = CARTESIAN_POINT('',(0.,-0.));
#12437 = VECTOR('',#12438,1.);
#12438 = DIRECTION('',(0.,1.));
#12439 = ( GEOMETRIC_REPRESENTATION_CONTEXT(2) 
PARAMETRIC_REPRESENTATION_CONTEXT() REPRESENTATION_CONTEXT('2D SPACE',''
  ) );
#12440 = ORIENTED_EDGE('',*,*,#12441,.F.);
#12441 = EDGE_CURVE('',#12419,#12419,#12442,.T.);
#12442 = SURFACE_CURVE('',#12443,(#12448,#12455),.PCURVE_S1.);
#12443 = CIRCLE('',#12444,5.5);
#12444 = AXIS2_PLACEMENT_3D('',#12445,#12446,#12447);
#12445 = CARTESIAN_POINT('',(-3.3,52.,50.));
#12446 = DIRECTION('',(1.,-0.,2.22044604925E-16));
#12447 = DIRECTION('',(2.22044604925E-16,0.,-1.));
#12448 = PCURVE('',#7398,#12449);
#12449 = DEFINITIONAL_REPRESENTATION('',(#12450),#12454);
#12450 = LINE('',#12451,#12452);
#12451 = CARTESIAN_POINT('',(0.,2.7));
#12452 = VECTOR('',#12453,1.);
#12453 = DIRECTION('',(1.,0.));
#12454 = ( GEOMETRIC_REPRESENTATION_CONTEXT(2) 
PARAMETRIC_REPRESENTATION_CONTEXT() REPRESENTATION_CONTEXT('2D SPACE',''
  ) );
#12455 = PCURVE('',#12456,#12461);
#12456 = CONICAL_SURFACE('',#12457,5.5,0.785398163397);
#12457 = AXIS2_PLACEMENT_3D('',#12458,#12459,#12460);
#12458 = CARTESIAN_POINT('',(-3.3,52.,50.));
#12459 = DIRECTION('',(-1.,0.,-2.22044604925E-16));
#12460 = DIRECTION('',(2.22044604925E-16,0.,-1.));
#12461 = DEFINITIONAL_REPRESENTATION('',(#12462),#12466);
#12462 = LINE('',#12463,#12464);
#12463 = CARTESIAN_POINT('',(-0.,-0.));
#12464 = VECTOR('',#12465,1.);
#12465 = DIRECTION('',(-1.,-0.));
#12466 = ( GEOMETRIC_REPRESENTATION_CONTEXT(2) 
PARAMETRIC_REPRESENTATION_CONTEXT() REPRESENTATION_CONTEXT('2D SPACE',''
  ) );
#12467 = ORIENTED_EDGE('',*,*,#12418,.F.);
#12468 = ORIENTED_EDGE('',*,*,#7383,.T.);
#12469 = ADVANCED_FACE('',(#12470),#8076,.F.);
#12470 = FACE_BOUND('',#12471,.F.);
#12471 = EDGE_LOOP('',(#12472,#12495,#12496,#12497));
#12472 = ORIENTED_EDGE('',*,*,#12473,.T.);
#12473 = EDGE_CURVE('',#12474,#8039,#12476,.T.);
#12474 = VERTEX_POINT('',#12475);
#12475 = CARTESIAN_POINT('',(-2.3,-52.,-36.75));
#12476 = SEAM_CURVE('',#12477,(#12481,#12488),.PCURVE_S1.);
#12477 = LINE('',#12478,#12479);
#12478 = CARTESIAN_POINT('',(-7.5,-52.,-36.75));
#12479 = VECTOR('',#12480,1.);
#12480 = DIRECTION('',(1.,0.,2.22044604925E-16));
#12481 = PCURVE('',#8076,#12482);
#12482 = DEFINITIONAL_REPRESENTATION('',(#12483),#12487);
#12483 = LINE('',#12484,#12485);
#12484 = CARTESIAN_POINT('',(6.28318530718,-0.));
#12485 = VECTOR('',#12486,1.);
#12486 = DIRECTION('',(0.,1.));
#12487 = ( GEOMETRIC_REPRESENTATION_CONTEXT(2) 
PARAMETRIC_REPRESENTATION_CONTEXT() REPRESENTATION_CONTEXT('2D SPACE',''
  ) );
#12488 = PCURVE('',#8076,#12489);
#12489 = DEFINITIONAL_REPRESENTATION('',(#12490),#12494);
#12490 = LINE('',#12491,#12492);
#12491 = CARTESIAN_POINT('',(0.,-0.));
#12492 = VECTOR('',#12493,1.);
#12493 = DIRECTION('',(0.,1.));
#12494 = ( GEOMETRIC_REPRESENTATION_CONTEXT(2) 
PARAMETRIC_REPRESENTATION_CONTEXT() REPRESENTATION_CONTEXT('2D SPACE',''
  ) );
#12495 = ORIENTED_EDGE('',*,*,#8061,.F.);
#12496 = ORIENTED_EDGE('',*,*,#12473,.F.);
#12497 = ORIENTED_EDGE('',*,*,#12498,.T.);
#12498 = EDGE_CURVE('',#12474,#12474,#12499,.T.);
#12499 = SURFACE_CURVE('',#12500,(#12505,#12512),.PCURVE_S1.);
#12500 = CIRCLE('',#12501,2.75);
#12501 = AXIS2_PLACEMENT_3D('',#12502,#12503,#12504);
#12502 = CARTESIAN_POINT('',(-2.3,-52.,-34.));
#12503 = DIRECTION('',(1.,-0.,2.22044604925E-16));
#12504 = DIRECTION('',(2.22044604925E-16,0.,-1.));
#12505 = PCURVE('',#8076,#12506);
#12506 = DEFINITIONAL_REPRESENTATION('',(#12507),#12511);
#12507 = LINE('',#12508,#12509);
#12508 = CARTESIAN_POINT('',(0.,5.2));
#12509 = VECTOR('',#12510,1.);
#12510 = DIRECTION('',(1.,0.));
#12511 = ( GEOMETRIC_REPRESENTATION_CONTEXT(2) 
PARAMETRIC_REPRESENTATION_CONTEXT() REPRESENTATION_CONTEXT('2D SPACE',''
  ) );
#12512 = PCURVE('',#12513,#12518);
#12513 = CONICAL_SURFACE('',#12514,2.75,0.785398163397);
#12514 = AXIS2_PLACEMENT_3D('',#12515,#12516,#12517);
#12515 = CARTESIAN_POINT('',(-2.3,-52.,-34.));
#12516 = DIRECTION('',(-1.,0.,-2.22044604925E-16));
#12517 = DIRECTION('',(2.22044604925E-16,0.,-1.));
#12518 = DEFINITIONAL_REPRESENTATION('',(#12519),#12523);
#12519 = LINE('',#12520,#12521);
#12520 = CARTESIAN_POINT('',(-0.,0.));
#12521 = VECTOR('',#12522,1.);
#12522 = DIRECTION('',(-1.,0.));
#12523 = ( GEOMETRIC_REPRESENTATION_CONTEXT(2) 
PARAMETRIC_REPRESENTATION_CONTEXT() REPRESENTATION_CONTEXT('2D SPACE',''
  ) );
#12524 = ADVANCED_FACE('',(#12525),#8129,.F.);
#12525 = FACE_BOUND('',#12526,.F.);
#12526 = EDGE_LOOP('',(#12527,#12550,#12551,#12552));
#12527 = ORIENTED_EDGE('',*,*,#12528,.T.);
#12528 = EDGE_CURVE('',#12529,#8092,#12531,.T.);
#12529 = VERTEX_POINT('',#12530);
#12530 = CARTESIAN_POINT('',(-2.3,52.,-36.75));
#12531 = SEAM_CURVE('',#12532,(#12536,#12543),.PCURVE_S1.);
#12532 = LINE('',#12533,#12534);
#12533 = CARTESIAN_POINT('',(-7.5,52.,-36.75));
#12534 = VECTOR('',#12535,1.);
#12535 = DIRECTION('',(1.,0.,2.22044604925E-16));
#12536 = PCURVE('',#8129,#12537);
#12537 = DEFINITIONAL_REPRESENTATION('',(#12538),#12542);
#12538 = LINE('',#12539,#12540);
#12539 = CARTESIAN_POINT('',(6.28318530718,-0.));
#12540 = VECTOR('',#12541,1.);
#12541 = DIRECTION('',(0.,1.));
#12542 = ( GEOMETRIC_REPRESENTATION_CONTEXT(2) 
PARAMETRIC_REPRESENTATION_CONTEXT() REPRESENTATION_CONTEXT('2D SPACE',''
  ) );
#12543 = PCURVE('',#8129,#12544);
#12544 = DEFINITIONAL_REPRESENTATION('',(#12545),#12549);
#12545 = LINE('',#12546,#12547);
#12546 = CARTESIAN_POINT('',(0.,-0.));
#12547 = VECTOR('',#12548,1.);
#12548 = DIRECTION('',(0.,1.));
#12549 = ( GEOMETRIC_REPRESENTATION_CONTEXT(2) 
PARAMETRIC_REPRESENTATION_CONTEXT() REPRESENTATION_CONTEXT('2D SPACE',''
  ) );
#12550 = ORIENTED_EDGE('',*,*,#8114,.F.);
#12551 = ORIENTED_EDGE('',*,*,#12528,.F.);
#12552 = ORIENTED_EDGE('',*,*,#12553,.T.);
#12553 = EDGE_CURVE('',#12529,#12529,#12554,.T.);
#12554 = SURFACE_CURVE('',#12555,(#12560,#12567),.PCURVE_S1.);
#12555 = CIRCLE('',#12556,2.75);
#12556 = AXIS2_PLACEMENT_3D('',#12557,#12558,#12559);
#12557 = CARTESIAN_POINT('',(-2.3,52.,-34.));
#12558 = DIRECTION('',(1.,-0.,2.22044604925E-16));
#12559 = DIRECTION('',(2.22044604925E-16,0.,-1.));
#12560 = PCURVE('',#8129,#12561);
#12561 = DEFINITIONAL_REPRESENTATION('',(#12562),#12566);
#12562 = LINE('',#12563,#12564);
#12563 = CARTESIAN_POINT('',(0.,5.2));
#12564 = VECTOR('',#12565,1.);
#12565 = DIRECTION('',(1.,0.));
#12566 = ( GEOMETRIC_REPRESENTATION_CONTEXT(2) 
PARAMETRIC_REPRESENTATION_CONTEXT() REPRESENTATION_CONTEXT('2D SPACE',''
  ) );
#12567 = PCURVE('',#12568,#12573);
#12568 = CONICAL_SURFACE('',#12569,2.75,0.785398163397);
#12569 = AXIS2_PLACEMENT_3D('',#12570,#12571,#12572);
#12570 = CARTESIAN_POINT('',(-2.3,52.,-34.));
#12571 = DIRECTION('',(-1.,0.,-2.22044604925E-16));
#12572 = DIRECTION('',(2.22044604925E-16,0.,-1.));
#12573 = DEFINITIONAL_REPRESENTATION('',(#12574),#12578);
#12574 = LINE('',#12575,#12576);
#12575 = CARTESIAN_POINT('',(-0.,0.));
#12576 = VECTOR('',#12577,1.);
#12577 = DIRECTION('',(-1.,0.));
#12578 = ( GEOMETRIC_REPRESENTATION_CONTEXT(2) 
PARAMETRIC_REPRESENTATION_CONTEXT() REPRESENTATION_CONTEXT('2D SPACE',''
  ) );
#12579 = ADVANCED_FACE('',(#12580),#8205,.T.);
#12580 = FACE_BOUND('',#12581,.T.);
#12581 = EDGE_LOOP('',(#12582,#12583,#12606,#12634));
#12582 = ORIENTED_EDGE('',*,*,#8191,.T.);
#12583 = ORIENTED_EDGE('',*,*,#12584,.T.);
#12584 = EDGE_CURVE('',#8169,#12585,#12587,.T.);
#12585 = VERTEX_POINT('',#12586);
#12586 = CARTESIAN_POINT('',(29.5,30.5,-38.));
#12587 = SURFACE_CURVE('',#12588,(#12592,#12599),.PCURVE_S1.);
#12588 = LINE('',#12589,#12590);
#12589 = CARTESIAN_POINT('',(0.,30.5,-38.));
#12590 = VECTOR('',#12591,1.);
#12591 = DIRECTION('',(1.,0.,0.));
#12592 = PCURVE('',#8205,#12593);
#12593 = DEFINITIONAL_REPRESENTATION('',(#12594),#12598);
#12594 = LINE('',#12595,#12596);
#12595 = CARTESIAN_POINT('',(61.5,-15.));
#12596 = VECTOR('',#12597,1.);
#12597 = DIRECTION('',(0.,1.));
#12598 = ( GEOMETRIC_REPRESENTATION_CONTEXT(2) 
PARAMETRIC_REPRESENTATION_CONTEXT() REPRESENTATION_CONTEXT('2D SPACE',''
  ) );
#12599 = PCURVE('',#8313,#12600);
#12600 = DEFINITIONAL_REPRESENTATION('',(#12601),#12605);
#12601 = LINE('',#12602,#12603);
#12602 = CARTESIAN_POINT('',(4.930380657631E-32,-0.461939766256));
#12603 = VECTOR('',#12604,1.);
#12604 = DIRECTION('',(-1.,0.));
#12605 = ( GEOMETRIC_REPRESENTATION_CONTEXT(2) 
PARAMETRIC_REPRESENTATION_CONTEXT() REPRESENTATION_CONTEXT('2D SPACE',''
  ) );
#12606 = ORIENTED_EDGE('',*,*,#12607,.F.);
#12607 = EDGE_CURVE('',#12608,#12585,#12610,.T.);
#12608 = VERTEX_POINT('',#12609);
#12609 = CARTESIAN_POINT('',(29.5,-30.5,-38.));
#12610 = SURFACE_CURVE('',#12611,(#12615,#12622),.PCURVE_S1.);
#12611 = LINE('',#12612,#12613);
#12612 = CARTESIAN_POINT('',(29.5,-31.,-38.));
#12613 = VECTOR('',#12614,1.);
#12614 = DIRECTION('',(0.,1.,0.));
#12615 = PCURVE('',#8205,#12616);
#12616 = DEFINITIONAL_REPRESENTATION('',(#12617),#12621);
#12617 = LINE('',#12618,#12619);
#12618 = CARTESIAN_POINT('',(0.,14.5));
#12619 = VECTOR('',#12620,1.);
#12620 = DIRECTION('',(1.,0.));
#12621 = ( GEOMETRIC_REPRESENTATION_CONTEXT(2) 
PARAMETRIC_REPRESENTATION_CONTEXT() REPRESENTATION_CONTEXT('2D SPACE',''
  ) );
#12622 = PCURVE('',#12623,#12628);
#12623 = PLANE('',#12624);
#12624 = AXIS2_PLACEMENT_3D('',#12625,#12626,#12627);
#12625 = CARTESIAN_POINT('',(29.75,-31.,-37.75));
#12626 = DIRECTION('',(0.707106781187,1.889513820523E-18,-0.707106781187
    ));
#12627 = DIRECTION('',(-1.336088035637E-18,1.,1.336088035637E-18));
#12628 = DEFINITIONAL_REPRESENTATION('',(#12629),#12633);
#12629 = LINE('',#12630,#12631);
#12630 = CARTESIAN_POINT('',(0.,-0.353553390593));
#12631 = VECTOR('',#12632,1.);
#12632 = DIRECTION('',(1.,0.));
#12633 = ( GEOMETRIC_REPRESENTATION_CONTEXT(2) 
PARAMETRIC_REPRESENTATION_CONTEXT() REPRESENTATION_CONTEXT('2D SPACE',''
  ) );
#12634 = ORIENTED_EDGE('',*,*,#12635,.T.);
#12635 = EDGE_CURVE('',#12608,#8145,#12636,.T.);
#12636 = SURFACE_CURVE('',#12637,(#12641,#12648),.PCURVE_S1.);
#12637 = LINE('',#12638,#12639);
#12638 = CARTESIAN_POINT('',(30.,-30.5,-38.));
#12639 = VECTOR('',#12640,1.);
#12640 = DIRECTION('',(-1.,0.,0.));
#12641 = PCURVE('',#8205,#12642);
#12642 = DEFINITIONAL_REPRESENTATION('',(#12643),#12647);
#12643 = LINE('',#12644,#12645);
#12644 = CARTESIAN_POINT('',(0.5,15.));
#12645 = VECTOR('',#12646,1.);
#12646 = DIRECTION('',(0.,-1.));
#12647 = ( GEOMETRIC_REPRESENTATION_CONTEXT(2) 
PARAMETRIC_REPRESENTATION_CONTEXT() REPRESENTATION_CONTEXT('2D SPACE',''
  ) );
#12648 = PCURVE('',#8259,#12649);
#12649 = DEFINITIONAL_REPRESENTATION('',(#12650),#12654);
#12650 = LINE('',#12651,#12652);
#12651 = CARTESIAN_POINT('',(-0.,-0.461939766256));
#12652 = VECTOR('',#12653,1.);
#12653 = DIRECTION('',(-1.,0.));
#12654 = ( GEOMETRIC_REPRESENTATION_CONTEXT(2) 
PARAMETRIC_REPRESENTATION_CONTEXT() REPRESENTATION_CONTEXT('2D SPACE',''
  ) );
#12655 = ADVANCED_FACE('',(#12656),#8259,.T.);
#12656 = FACE_BOUND('',#12657,.F.);
#12657 = EDGE_LOOP('',(#12658,#12659,#12660,#12683));
#12658 = ORIENTED_EDGE('',*,*,#12635,.T.);
#12659 = ORIENTED_EDGE('',*,*,#8245,.T.);
#12660 = ORIENTED_EDGE('',*,*,#12661,.F.);
#12661 = EDGE_CURVE('',#12662,#8223,#12664,.T.);
#12662 = VERTEX_POINT('',#12663);
#12663 = CARTESIAN_POINT('',(29.5,-31.35355339059,-37.6464466094));
#12664 = SURFACE_CURVE('',#12665,(#12669,#12676),.PCURVE_S1.);
#12665 = LINE('',#12666,#12667);
#12666 = CARTESIAN_POINT('',(30.,-31.35355339059,-37.6464466094));
#12667 = VECTOR('',#12668,1.);
#12668 = DIRECTION('',(-1.,0.,0.));
#12669 = PCURVE('',#8259,#12670);
#12670 = DEFINITIONAL_REPRESENTATION('',(#12671),#12675);
#12671 = LINE('',#12672,#12673);
#12672 = CARTESIAN_POINT('',(-0.,0.461939766256));
#12673 = VECTOR('',#12674,1.);
#12674 = DIRECTION('',(-1.,0.));
#12675 = ( GEOMETRIC_REPRESENTATION_CONTEXT(2) 
PARAMETRIC_REPRESENTATION_CONTEXT() REPRESENTATION_CONTEXT('2D SPACE',''
  ) );
#12676 = PCURVE('',#8367,#12677);
#12677 = DEFINITIONAL_REPRESENTATION('',(#12678),#12682);
#12678 = LINE('',#12679,#12680);
#12679 = CARTESIAN_POINT('',(9.399494936612,15.));
#12680 = VECTOR('',#12681,1.);
#12681 = DIRECTION('',(0.,-1.));
#12682 = ( GEOMETRIC_REPRESENTATION_CONTEXT(2) 
PARAMETRIC_REPRESENTATION_CONTEXT() REPRESENTATION_CONTEXT('2D SPACE',''
  ) );
#12683 = ORIENTED_EDGE('',*,*,#12684,.T.);
#12684 = EDGE_CURVE('',#12662,#12608,#12685,.T.);
#12685 = SURFACE_CURVE('',#12686,(#12690,#12697),.PCURVE_S1.);
#12686 = LINE('',#12687,#12688);
#12687 = CARTESIAN_POINT('',(29.5,-31.05177669529,-37.7714466094));
#12688 = VECTOR('',#12689,1.);
#12689 = DIRECTION('',(2.334380829217E-15,0.923879532511,-0.382683432365
    ));
#12690 = PCURVE('',#8259,#12691);
#12691 = DEFINITIONAL_REPRESENTATION('',(#12692),#12696);
#12692 = LINE('',#12693,#12694);
#12693 = CARTESIAN_POINT('',(-0.5,0.135299025037));
#12694 = VECTOR('',#12695,1.);
#12695 = DIRECTION('',(2.334380829217E-15,-1.));
#12696 = ( GEOMETRIC_REPRESENTATION_CONTEXT(2) 
PARAMETRIC_REPRESENTATION_CONTEXT() REPRESENTATION_CONTEXT('2D SPACE',''
  ) );
#12697 = PCURVE('',#12698,#12703);
#12698 = PLANE('',#12699);
#12699 = AXIS2_PLACEMENT_3D('',#12700,#12701,#12702);
#12700 = CARTESIAN_POINT('',(30.,-31.,-37.29289321881));
#12701 = DIRECTION('',(-0.678598344546,0.281084637715,0.678598344546));
#12702 = DIRECTION('',(3.859710920251E-15,0.923879532511,-0.382683432365
    ));
#12703 = DEFINITIONAL_REPRESENTATION('',(#12704),#12708);
#12704 = LINE('',#12705,#12706);
#12705 = CARTESIAN_POINT('',(0.135299025037,0.680726338295));
#12706 = VECTOR('',#12707,1.);
#12707 = DIRECTION('',(1.,2.115028851492E-15));
#12708 = ( GEOMETRIC_REPRESENTATION_CONTEXT(2) 
PARAMETRIC_REPRESENTATION_CONTEXT() REPRESENTATION_CONTEXT('2D SPACE',''
  ) );
#12709 = ADVANCED_FACE('',(#12710),#8313,.T.);
#12710 = FACE_BOUND('',#12711,.F.);
#12711 = EDGE_LOOP('',(#12712,#12713,#12741,#12762));
#12712 = ORIENTED_EDGE('',*,*,#12584,.T.);
#12713 = ORIENTED_EDGE('',*,*,#12714,.T.);
#12714 = EDGE_CURVE('',#12585,#12715,#12717,.T.);
#12715 = VERTEX_POINT('',#12716);
#12716 = CARTESIAN_POINT('',(29.5,31.353553390593,-37.6464466094));
#12717 = SURFACE_CURVE('',#12718,(#12722,#12729),.PCURVE_S1.);
#12718 = LINE('',#12719,#12720);
#12719 = CARTESIAN_POINT('',(29.5,30.801776695297,-37.875));
#12720 = VECTOR('',#12721,1.);
#12721 = DIRECTION('',(-1.578044061174E-15,0.923879532511,0.382683432365
    ));
#12722 = PCURVE('',#8313,#12723);
#12723 = DEFINITIONAL_REPRESENTATION('',(#12724),#12728);
#12724 = LINE('',#12725,#12726);
#12725 = CARTESIAN_POINT('',(-29.5,-0.135299025037));
#12726 = VECTOR('',#12727,1.);
#12727 = DIRECTION('',(1.578044061174E-15,1.));
#12728 = ( GEOMETRIC_REPRESENTATION_CONTEXT(2) 
PARAMETRIC_REPRESENTATION_CONTEXT() REPRESENTATION_CONTEXT('2D SPACE',''
  ) );
#12729 = PCURVE('',#12730,#12735);
#12730 = PLANE('',#12731);
#12731 = AXIS2_PLACEMENT_3D('',#12732,#12733,#12734);
#12732 = CARTESIAN_POINT('',(30.,30.5,-37.5));
#12733 = DIRECTION('',(-0.678598344546,-0.281084637715,0.678598344546));
#12734 = DIRECTION('',(-2.704854137577E-18,0.923879532511,0.382683432365
    ));
#12735 = DEFINITIONAL_REPRESENTATION('',(#12736),#12740);
#12736 = LINE('',#12737,#12738);
#12737 = CARTESIAN_POINT('',(0.135299025037,0.680726338295));
#12738 = VECTOR('',#12739,1.);
#12739 = DIRECTION('',(1.,2.186626828578E-15));
#12740 = ( GEOMETRIC_REPRESENTATION_CONTEXT(2) 
PARAMETRIC_REPRESENTATION_CONTEXT() REPRESENTATION_CONTEXT('2D SPACE',''
  ) );
#12741 = ORIENTED_EDGE('',*,*,#12742,.F.);
#12742 = EDGE_CURVE('',#8277,#12715,#12743,.T.);
#12743 = SURFACE_CURVE('',#12744,(#12748,#12755),.PCURVE_S1.);
#12744 = LINE('',#12745,#12746);
#12745 = CARTESIAN_POINT('',(0.,31.353553390593,-37.6464466094));
#12746 = VECTOR('',#12747,1.);
#12747 = DIRECTION('',(1.,0.,0.));
#12748 = PCURVE('',#8313,#12749);
#12749 = DEFINITIONAL_REPRESENTATION('',(#12750),#12754);
#12750 = LINE('',#12751,#12752);
#12751 = CARTESIAN_POINT('',(-0.,0.461939766256));
#12752 = VECTOR('',#12753,1.);
#12753 = DIRECTION('',(-1.,0.));
#12754 = ( GEOMETRIC_REPRESENTATION_CONTEXT(2) 
PARAMETRIC_REPRESENTATION_CONTEXT() REPRESENTATION_CONTEXT('2D SPACE',''
  ) );
#12755 = PCURVE('',#8421,#12756);
#12756 = DEFINITIONAL_REPRESENTATION('',(#12757),#12761);
#12757 = LINE('',#12758,#12759);
#12758 = CARTESIAN_POINT('',(0.5,-15.));
#12759 = VECTOR('',#12760,1.);
#12760 = DIRECTION('',(0.,1.));
#12761 = ( GEOMETRIC_REPRESENTATION_CONTEXT(2) 
PARAMETRIC_REPRESENTATION_CONTEXT() REPRESENTATION_CONTEXT('2D SPACE',''
  ) );
#12762 = ORIENTED_EDGE('',*,*,#8299,.F.);
#12763 = ADVANCED_FACE('',(#12764),#8367,.T.);
#12764 = FACE_BOUND('',#12765,.T.);
#12765 = EDGE_LOOP('',(#12766,#12767,#12768,#12796));
#12766 = ORIENTED_EDGE('',*,*,#8353,.T.);
#12767 = ORIENTED_EDGE('',*,*,#12661,.F.);
#12768 = ORIENTED_EDGE('',*,*,#12769,.F.);
#12769 = EDGE_CURVE('',#12770,#12662,#12772,.T.);
#12770 = VERTEX_POINT('',#12771);
#12771 = CARTESIAN_POINT('',(29.5,-37.6464466094,-31.35355339059));
#12772 = SURFACE_CURVE('',#12773,(#12777,#12784),.PCURVE_S1.);
#12773 = LINE('',#12774,#12775);
#12774 = CARTESIAN_POINT('',(29.5,-38.,-31.));
#12775 = VECTOR('',#12776,1.);
#12776 = DIRECTION('',(0.,0.707106781187,-0.707106781187));
#12777 = PCURVE('',#8367,#12778);
#12778 = DEFINITIONAL_REPRESENTATION('',(#12779),#12783);
#12779 = LINE('',#12780,#12781);
#12780 = CARTESIAN_POINT('',(0.,14.5));
#12781 = VECTOR('',#12782,1.);
#12782 = DIRECTION('',(1.,0.));
#12783 = ( GEOMETRIC_REPRESENTATION_CONTEXT(2) 
PARAMETRIC_REPRESENTATION_CONTEXT() REPRESENTATION_CONTEXT('2D SPACE',''
  ) );
#12784 = PCURVE('',#12785,#12790);
#12785 = PLANE('',#12786);
#12786 = AXIS2_PLACEMENT_3D('',#12787,#12788,#12789);
#12787 = CARTESIAN_POINT('',(29.75,-37.8232233047,-30.8232233047));
#12788 = DIRECTION('',(0.707106781187,-0.5,-0.5));
#12789 = DIRECTION('',(-6.902532920684E-31,0.707106781187,
    -0.707106781187));
#12790 = DEFINITIONAL_REPRESENTATION('',(#12791),#12795);
#12791 = LINE('',#12792,#12793);
#12792 = CARTESIAN_POINT('',(8.881784197001E-16,-0.353553390593));
#12793 = VECTOR('',#12794,1.);
#12794 = DIRECTION('',(1.,0.));
#12795 = ( GEOMETRIC_REPRESENTATION_CONTEXT(2) 
PARAMETRIC_REPRESENTATION_CONTEXT() REPRESENTATION_CONTEXT('2D SPACE',''
  ) );
#12796 = ORIENTED_EDGE('',*,*,#12797,.T.);
#12797 = EDGE_CURVE('',#12770,#8329,#12798,.T.);
#12798 = SURFACE_CURVE('',#12799,(#12803,#12810),.PCURVE_S1.);
#12799 = LINE('',#12800,#12801);
#12800 = CARTESIAN_POINT('',(30.,-37.6464466094,-31.35355339059));
#12801 = VECTOR('',#12802,1.);
#12802 = DIRECTION('',(-1.,0.,0.));
#12803 = PCURVE('',#8367,#12804);
#12804 = DEFINITIONAL_REPRESENTATION('',(#12805),#12809);
#12805 = LINE('',#12806,#12807);
#12806 = CARTESIAN_POINT('',(0.5,15.));
#12807 = VECTOR('',#12808,1.);
#12808 = DIRECTION('',(0.,-1.));
#12809 = ( GEOMETRIC_REPRESENTATION_CONTEXT(2) 
PARAMETRIC_REPRESENTATION_CONTEXT() REPRESENTATION_CONTEXT('2D SPACE',''
  ) );
#12810 = PCURVE('',#8475,#12811);
#12811 = DEFINITIONAL_REPRESENTATION('',(#12812),#12816);
#12812 = LINE('',#12813,#12814);
#12813 = CARTESIAN_POINT('',(-0.,-0.461939766256));
#12814 = VECTOR('',#12815,1.);
#12815 = DIRECTION('',(-1.,0.));
#12816 = ( GEOMETRIC_REPRESENTATION_CONTEXT(2) 
PARAMETRIC_REPRESENTATION_CONTEXT() REPRESENTATION_CONTEXT('2D SPACE',''
  ) );
#12817 = ADVANCED_FACE('',(#12818),#8421,.T.);
#12818 = FACE_BOUND('',#12819,.T.);
#12819 = EDGE_LOOP('',(#12820,#12821,#12844,#12870));
#12820 = ORIENTED_EDGE('',*,*,#8407,.T.);
#12821 = ORIENTED_EDGE('',*,*,#12822,.T.);
#12822 = EDGE_CURVE('',#8385,#12823,#12825,.T.);
#12823 = VERTEX_POINT('',#12824);
#12824 = CARTESIAN_POINT('',(29.5,37.646446609407,-31.35355339059));
#12825 = SURFACE_CURVE('',#12826,(#12830,#12837),.PCURVE_S1.);
#12826 = LINE('',#12827,#12828);
#12827 = CARTESIAN_POINT('',(0.,37.646446609407,-31.35355339059));
#12828 = VECTOR('',#12829,1.);
#12829 = DIRECTION('',(1.,0.,0.));
#12830 = PCURVE('',#8421,#12831);
#12831 = DEFINITIONAL_REPRESENTATION('',(#12832),#12836);
#12832 = LINE('',#12833,#12834);
#12833 = CARTESIAN_POINT('',(9.399494936612,-15.));
#12834 = VECTOR('',#12835,1.);
#12835 = DIRECTION('',(0.,1.));
#12836 = ( GEOMETRIC_REPRESENTATION_CONTEXT(2) 
PARAMETRIC_REPRESENTATION_CONTEXT() REPRESENTATION_CONTEXT('2D SPACE',''
  ) );
#12837 = PCURVE('',#8529,#12838);
#12838 = DEFINITIONAL_REPRESENTATION('',(#12839),#12843);
#12839 = LINE('',#12840,#12841);
#12840 = CARTESIAN_POINT('',(-0.,-0.461939766256));
#12841 = VECTOR('',#12842,1.);
#12842 = DIRECTION('',(-1.,0.));
#12843 = ( GEOMETRIC_REPRESENTATION_CONTEXT(2) 
PARAMETRIC_REPRESENTATION_CONTEXT() REPRESENTATION_CONTEXT('2D SPACE',''
  ) );
#12844 = ORIENTED_EDGE('',*,*,#12845,.F.);
#12845 = EDGE_CURVE('',#12715,#12823,#12846,.T.);
#12846 = SURFACE_CURVE('',#12847,(#12851,#12858),.PCURVE_S1.);
#12847 = LINE('',#12848,#12849);
#12848 = CARTESIAN_POINT('',(29.5,31.,-38.));
#12849 = VECTOR('',#12850,1.);
#12850 = DIRECTION('',(0.,0.707106781187,0.707106781187));
#12851 = PCURVE('',#8421,#12852);
#12852 = DEFINITIONAL_REPRESENTATION('',(#12853),#12857);
#12853 = LINE('',#12854,#12855);
#12854 = CARTESIAN_POINT('',(0.,14.5));
#12855 = VECTOR('',#12856,1.);
#12856 = DIRECTION('',(1.,0.));
#12857 = ( GEOMETRIC_REPRESENTATION_CONTEXT(2) 
PARAMETRIC_REPRESENTATION_CONTEXT() REPRESENTATION_CONTEXT('2D SPACE',''
  ) );
#12858 = PCURVE('',#12859,#12864);
#12859 = PLANE('',#12860);
#12860 = AXIS2_PLACEMENT_3D('',#12861,#12862,#12863);
#12861 = CARTESIAN_POINT('',(29.75,30.823223304703,-37.8232233047));
#12862 = DIRECTION('',(0.707106781187,0.5,-0.5));
#12863 = DIRECTION('',(6.902532920684E-31,0.707106781187,0.707106781187)
  );
#12864 = DEFINITIONAL_REPRESENTATION('',(#12865),#12869);
#12865 = LINE('',#12866,#12867);
#12866 = CARTESIAN_POINT('',(2.6645352591E-15,-0.353553390593));
#12867 = VECTOR('',#12868,1.);
#12868 = DIRECTION('',(1.,0.));
#12869 = ( GEOMETRIC_REPRESENTATION_CONTEXT(2) 
PARAMETRIC_REPRESENTATION_CONTEXT() REPRESENTATION_CONTEXT('2D SPACE',''
  ) );
#12870 = ORIENTED_EDGE('',*,*,#12742,.F.);
#12871 = ADVANCED_FACE('',(#12872),#8475,.T.);
#12872 = FACE_BOUND('',#12873,.F.);
#12873 = EDGE_LOOP('',(#12874,#12875,#12876,#12899));
#12874 = ORIENTED_EDGE('',*,*,#12797,.T.);
#12875 = ORIENTED_EDGE('',*,*,#8461,.T.);
#12876 = ORIENTED_EDGE('',*,*,#12877,.F.);
#12877 = EDGE_CURVE('',#12878,#8439,#12880,.T.);
#12878 = VERTEX_POINT('',#12879);
#12879 = CARTESIAN_POINT('',(29.5,-38.,-30.5));
#12880 = SURFACE_CURVE('',#12881,(#12885,#12892),.PCURVE_S1.);
#12881 = LINE('',#12882,#12883);
#12882 = CARTESIAN_POINT('',(30.,-38.,-30.5));
#12883 = VECTOR('',#12884,1.);
#12884 = DIRECTION('',(-1.,0.,0.));
#12885 = PCURVE('',#8475,#12886);
#12886 = DEFINITIONAL_REPRESENTATION('',(#12887),#12891);
#12887 = LINE('',#12888,#12889);
#12888 = CARTESIAN_POINT('',(-0.,0.461939766256));
#12889 = VECTOR('',#12890,1.);
#12890 = DIRECTION('',(-1.,0.));
#12891 = ( GEOMETRIC_REPRESENTATION_CONTEXT(2) 
PARAMETRIC_REPRESENTATION_CONTEXT() REPRESENTATION_CONTEXT('2D SPACE',''
  ) );
#12892 = PCURVE('',#8583,#12893);
#12893 = DEFINITIONAL_REPRESENTATION('',(#12894),#12898);
#12894 = LINE('',#12895,#12896);
#12895 = CARTESIAN_POINT('',(61.5,15.));
#12896 = VECTOR('',#12897,1.);
#12897 = DIRECTION('',(0.,-1.));
#12898 = ( GEOMETRIC_REPRESENTATION_CONTEXT(2) 
PARAMETRIC_REPRESENTATION_CONTEXT() REPRESENTATION_CONTEXT('2D SPACE',''
  ) );
#12899 = ORIENTED_EDGE('',*,*,#12900,.T.);
#12900 = EDGE_CURVE('',#12878,#12770,#12901,.T.);
#12901 = SURFACE_CURVE('',#12902,(#12906,#12913),.PCURVE_S1.);
#12902 = LINE('',#12903,#12904);
#12903 = CARTESIAN_POINT('',(29.5,-37.875,-30.80177669529));
#12904 = VECTOR('',#12905,1.);
#12905 = DIRECTION('',(-5.462431025658E-15,0.382683432365,
    -0.923879532511));
#12906 = PCURVE('',#8475,#12907);
#12907 = DEFINITIONAL_REPRESENTATION('',(#12908),#12912);
#12908 = LINE('',#12909,#12910);
#12909 = CARTESIAN_POINT('',(-0.5,0.135299025037));
#12910 = VECTOR('',#12911,1.);
#12911 = DIRECTION('',(-5.462431025658E-15,-1.));
#12912 = ( GEOMETRIC_REPRESENTATION_CONTEXT(2) 
PARAMETRIC_REPRESENTATION_CONTEXT() REPRESENTATION_CONTEXT('2D SPACE',''
  ) );
#12913 = PCURVE('',#12914,#12919);
#12914 = PLANE('',#12915);
#12915 = AXIS2_PLACEMENT_3D('',#12916,#12917,#12918);
#12916 = CARTESIAN_POINT('',(30.,-37.5,-30.5));
#12917 = DIRECTION('',(-0.678598344546,0.678598344546,0.281084637715));
#12918 = DIRECTION('',(-3.86972465355E-15,0.382683432365,-0.923879532511
    ));
#12919 = DEFINITIONAL_REPRESENTATION('',(#12920),#12924);
#12920 = LINE('',#12921,#12922);
#12921 = CARTESIAN_POINT('',(0.135299025037,0.680726338295));
#12922 = VECTOR('',#12923,1.);
#12923 = DIRECTION('',(1.,2.212236074154E-15));
#12924 = ( GEOMETRIC_REPRESENTATION_CONTEXT(2) 
PARAMETRIC_REPRESENTATION_CONTEXT() REPRESENTATION_CONTEXT('2D SPACE',''
  ) );
#12925 = ADVANCED_FACE('',(#12926),#8529,.T.);
#12926 = FACE_BOUND('',#12927,.F.);
#12927 = EDGE_LOOP('',(#12928,#12929,#12957,#12978));
#12928 = ORIENTED_EDGE('',*,*,#12822,.T.);
#12929 = ORIENTED_EDGE('',*,*,#12930,.T.);
#12930 = EDGE_CURVE('',#12823,#12931,#12933,.T.);
#12931 = VERTEX_POINT('',#12932);
#12932 = CARTESIAN_POINT('',(29.5,38.,-30.5));
#12933 = SURFACE_CURVE('',#12934,(#12938,#12945),.PCURVE_S1.);
#12934 = LINE('',#12935,#12936);
#12935 = CARTESIAN_POINT('',(29.5,37.771446609407,-31.05177669529));
#12936 = VECTOR('',#12937,1.);
#12937 = DIRECTION('',(-1.554518687663E-15,0.382683432365,0.923879532511
    ));
#12938 = PCURVE('',#8529,#12939);
#12939 = DEFINITIONAL_REPRESENTATION('',(#12940),#12944);
#12940 = LINE('',#12941,#12942);
#12941 = CARTESIAN_POINT('',(-29.5,-0.135299025037));
#12942 = VECTOR('',#12943,1.);
#12943 = DIRECTION('',(1.554518687663E-15,1.));
#12944 = ( GEOMETRIC_REPRESENTATION_CONTEXT(2) 
PARAMETRIC_REPRESENTATION_CONTEXT() REPRESENTATION_CONTEXT('2D SPACE',''
  ) );
#12945 = PCURVE('',#12946,#12951);
#12946 = PLANE('',#12947);
#12947 = AXIS2_PLACEMENT_3D('',#12948,#12949,#12950);
#12948 = CARTESIAN_POINT('',(30.,37.292893218813,-31.));
#12949 = DIRECTION('',(-0.678598344546,-0.678598344546,0.281084637715));
#12950 = DIRECTION('',(-2.650008550218E-17,0.382683432365,0.923879532511
    ));
#12951 = DEFINITIONAL_REPRESENTATION('',(#12952),#12956);
#12952 = LINE('',#12953,#12954);
#12953 = CARTESIAN_POINT('',(0.135299025037,0.680726338295));
#12954 = VECTOR('',#12955,1.);
#12955 = DIRECTION('',(1.,2.11349375779E-15));
#12956 = ( GEOMETRIC_REPRESENTATION_CONTEXT(2) 
PARAMETRIC_REPRESENTATION_CONTEXT() REPRESENTATION_CONTEXT('2D SPACE',''
  ) );
#12957 = ORIENTED_EDGE('',*,*,#12958,.F.);
#12958 = EDGE_CURVE('',#8493,#12931,#12959,.T.);
#12959 = SURFACE_CURVE('',#12960,(#12964,#12971),.PCURVE_S1.);
#12960 = LINE('',#12961,#12962);
#12961 = CARTESIAN_POINT('',(0.,38.,-30.5));
#12962 = VECTOR('',#12963,1.);
#12963 = DIRECTION('',(1.,0.,0.));
#12964 = PCURVE('',#8529,#12965);
#12965 = DEFINITIONAL_REPRESENTATION('',(#12966),#12970);
#12966 = LINE('',#12967,#12968);
#12967 = CARTESIAN_POINT('',(4.930380657631E-32,0.461939766256));
#12968 = VECTOR('',#12969,1.);
#12969 = DIRECTION('',(-1.,0.));
#12970 = ( GEOMETRIC_REPRESENTATION_CONTEXT(2) 
PARAMETRIC_REPRESENTATION_CONTEXT() REPRESENTATION_CONTEXT('2D SPACE',''
  ) );
#12971 = PCURVE('',#8637,#12972);
#12972 = DEFINITIONAL_REPRESENTATION('',(#12973),#12977);
#12973 = LINE('',#12974,#12975);
#12974 = CARTESIAN_POINT('',(0.5,-15.));
#12975 = VECTOR('',#12976,1.);
#12976 = DIRECTION('',(0.,1.));
#12977 = ( GEOMETRIC_REPRESENTATION_CONTEXT(2) 
PARAMETRIC_REPRESENTATION_CONTEXT() REPRESENTATION_CONTEXT('2D SPACE',''
  ) );
#12978 = ORIENTED_EDGE('',*,*,#8515,.F.);
#12979 = ADVANCED_FACE('',(#12980),#8583,.T.);
#12980 = FACE_BOUND('',#12981,.T.);
#12981 = EDGE_LOOP('',(#12982,#12983,#12984,#13012));
#12982 = ORIENTED_EDGE('',*,*,#8569,.T.);
#12983 = ORIENTED_EDGE('',*,*,#12877,.F.);
#12984 = ORIENTED_EDGE('',*,*,#12985,.F.);
#12985 = EDGE_CURVE('',#12986,#12878,#12988,.T.);
#12986 = VERTEX_POINT('',#12987);
#12987 = CARTESIAN_POINT('',(29.5,-38.,30.5));
#12988 = SURFACE_CURVE('',#12989,(#12993,#13000),.PCURVE_S1.);
#12989 = LINE('',#12990,#12991);
#12990 = CARTESIAN_POINT('',(29.5,-38.,31.));
#12991 = VECTOR('',#12992,1.);
#12992 = DIRECTION('',(0.,0.,-1.));
#12993 = PCURVE('',#8583,#12994);
#12994 = DEFINITIONAL_REPRESENTATION('',(#12995),#12999);
#12995 = LINE('',#12996,#12997);
#12996 = CARTESIAN_POINT('',(0.,14.5));
#12997 = VECTOR('',#12998,1.);
#12998 = DIRECTION('',(1.,0.));
#12999 = ( GEOMETRIC_REPRESENTATION_CONTEXT(2) 
PARAMETRIC_REPRESENTATION_CONTEXT() REPRESENTATION_CONTEXT('2D SPACE',''
  ) );
#13000 = PCURVE('',#13001,#13006);
#13001 = PLANE('',#13002);
#13002 = AXIS2_PLACEMENT_3D('',#13003,#13004,#13005);
#13003 = CARTESIAN_POINT('',(29.75,-37.75,31.));
#13004 = DIRECTION('',(0.707106781187,-0.707106781187,1.889513820523E-18
    ));
#13005 = DIRECTION('',(1.336088035637E-18,-1.336088035637E-18,-1.));
#13006 = DEFINITIONAL_REPRESENTATION('',(#13007),#13011);
#13007 = LINE('',#13008,#13009);
#13008 = CARTESIAN_POINT('',(0.,-0.353553390593));
#13009 = VECTOR('',#13010,1.);
#13010 = DIRECTION('',(1.,0.));
#13011 = ( GEOMETRIC_REPRESENTATION_CONTEXT(2) 
PARAMETRIC_REPRESENTATION_CONTEXT() REPRESENTATION_CONTEXT('2D SPACE',''
  ) );
#13012 = ORIENTED_EDGE('',*,*,#13013,.T.);
#13013 = EDGE_CURVE('',#12986,#8545,#13014,.T.);
#13014 = SURFACE_CURVE('',#13015,(#13019,#13026),.PCURVE_S1.);
#13015 = LINE('',#13016,#13017);
#13016 = CARTESIAN_POINT('',(30.,-38.,30.5));
#13017 = VECTOR('',#13018,1.);
#13018 = DIRECTION('',(-1.,0.,0.));
#13019 = PCURVE('',#8583,#13020);
#13020 = DEFINITIONAL_REPRESENTATION('',(#13021),#13025);
#13021 = LINE('',#13022,#13023);
#13022 = CARTESIAN_POINT('',(0.5,15.));
#13023 = VECTOR('',#13024,1.);
#13024 = DIRECTION('',(0.,-1.));
#13025 = ( GEOMETRIC_REPRESENTATION_CONTEXT(2) 
PARAMETRIC_REPRESENTATION_CONTEXT() REPRESENTATION_CONTEXT('2D SPACE',''
  ) );
#13026 = PCURVE('',#8691,#13027);
#13027 = DEFINITIONAL_REPRESENTATION('',(#13028),#13032);
#13028 = LINE('',#13029,#13030);
#13029 = CARTESIAN_POINT('',(-0.,-0.461939766256));
#13030 = VECTOR('',#13031,1.);
#13031 = DIRECTION('',(-1.,0.));
#13032 = ( GEOMETRIC_REPRESENTATION_CONTEXT(2) 
PARAMETRIC_REPRESENTATION_CONTEXT() REPRESENTATION_CONTEXT('2D SPACE',''
  ) );
#13033 = ADVANCED_FACE('',(#13034),#8637,.T.);
#13034 = FACE_BOUND('',#13035,.T.);
#13035 = EDGE_LOOP('',(#13036,#13037,#13060,#13086));
#13036 = ORIENTED_EDGE('',*,*,#8623,.T.);
#13037 = ORIENTED_EDGE('',*,*,#13038,.T.);
#13038 = EDGE_CURVE('',#8601,#13039,#13041,.T.);
#13039 = VERTEX_POINT('',#13040);
#13040 = CARTESIAN_POINT('',(29.5,38.,30.5));
#13041 = SURFACE_CURVE('',#13042,(#13046,#13053),.PCURVE_S1.);
#13042 = LINE('',#13043,#13044);
#13043 = CARTESIAN_POINT('',(0.,38.,30.5));
#13044 = VECTOR('',#13045,1.);
#13045 = DIRECTION('',(1.,0.,0.));
#13046 = PCURVE('',#8637,#13047);
#13047 = DEFINITIONAL_REPRESENTATION('',(#13048),#13052);
#13048 = LINE('',#13049,#13050);
#13049 = CARTESIAN_POINT('',(61.5,-15.));
#13050 = VECTOR('',#13051,1.);
#13051 = DIRECTION('',(0.,1.));
#13052 = ( GEOMETRIC_REPRESENTATION_CONTEXT(2) 
PARAMETRIC_REPRESENTATION_CONTEXT() REPRESENTATION_CONTEXT('2D SPACE',''
  ) );
#13053 = PCURVE('',#8745,#13054);
#13054 = DEFINITIONAL_REPRESENTATION('',(#13055),#13059);
#13055 = LINE('',#13056,#13057);
#13056 = CARTESIAN_POINT('',(-0.,-0.461939766256));
#13057 = VECTOR('',#13058,1.);
#13058 = DIRECTION('',(-1.,0.));
#13059 = ( GEOMETRIC_REPRESENTATION_CONTEXT(2) 
PARAMETRIC_REPRESENTATION_CONTEXT() REPRESENTATION_CONTEXT('2D SPACE',''
  ) );
#13060 = ORIENTED_EDGE('',*,*,#13061,.F.);
#13061 = EDGE_CURVE('',#12931,#13039,#13062,.T.);
#13062 = SURFACE_CURVE('',#13063,(#13067,#13074),.PCURVE_S1.);
#13063 = LINE('',#13064,#13065);
#13064 = CARTESIAN_POINT('',(29.5,38.,-31.));
#13065 = VECTOR('',#13066,1.);
#13066 = DIRECTION('',(0.,0.,1.));
#13067 = PCURVE('',#8637,#13068);
#13068 = DEFINITIONAL_REPRESENTATION('',(#13069),#13073);
#13069 = LINE('',#13070,#13071);
#13070 = CARTESIAN_POINT('',(0.,14.5));
#13071 = VECTOR('',#13072,1.);
#13072 = DIRECTION('',(1.,0.));
#13073 = ( GEOMETRIC_REPRESENTATION_CONTEXT(2) 
PARAMETRIC_REPRESENTATION_CONTEXT() REPRESENTATION_CONTEXT('2D SPACE',''
  ) );
#13074 = PCURVE('',#13075,#13080);
#13075 = PLANE('',#13076);
#13076 = AXIS2_PLACEMENT_3D('',#13077,#13078,#13079);
#13077 = CARTESIAN_POINT('',(29.75,37.75,-31.));
#13078 = DIRECTION('',(0.707106781187,0.707106781187,-1.889513820523E-18
    ));
#13079 = DIRECTION('',(1.336088035637E-18,1.336088035637E-18,1.));
#13080 = DEFINITIONAL_REPRESENTATION('',(#13081),#13085);
#13081 = LINE('',#13082,#13083);
#13082 = CARTESIAN_POINT('',(0.,-0.353553390593));
#13083 = VECTOR('',#13084,1.);
#13084 = DIRECTION('',(1.,0.));
#13085 = ( GEOMETRIC_REPRESENTATION_CONTEXT(2) 
PARAMETRIC_REPRESENTATION_CONTEXT() REPRESENTATION_CONTEXT('2D SPACE',''
  ) );
#13086 = ORIENTED_EDGE('',*,*,#12958,.F.);
#13087 = ADVANCED_FACE('',(#13088),#8691,.T.);
#13088 = FACE_BOUND('',#13089,.F.);
#13089 = EDGE_LOOP('',(#13090,#13091,#13092,#13115));
#13090 = ORIENTED_EDGE('',*,*,#13013,.T.);
#13091 = ORIENTED_EDGE('',*,*,#8677,.T.);
#13092 = ORIENTED_EDGE('',*,*,#13093,.F.);
#13093 = EDGE_CURVE('',#13094,#8655,#13096,.T.);
#13094 = VERTEX_POINT('',#13095);
#13095 = CARTESIAN_POINT('',(29.5,-37.6464466094,31.353553390593));
#13096 = SURFACE_CURVE('',#13097,(#13101,#13108),.PCURVE_S1.);
#13097 = LINE('',#13098,#13099);
#13098 = CARTESIAN_POINT('',(30.,-37.6464466094,31.353553390593));
#13099 = VECTOR('',#13100,1.);
#13100 = DIRECTION('',(-1.,0.,0.));
#13101 = PCURVE('',#8691,#13102);
#13102 = DEFINITIONAL_REPRESENTATION('',(#13103),#13107);
#13103 = LINE('',#13104,#13105);
#13104 = CARTESIAN_POINT('',(-0.,0.461939766256));
#13105 = VECTOR('',#13106,1.);
#13106 = DIRECTION('',(-1.,0.));
#13107 = ( GEOMETRIC_REPRESENTATION_CONTEXT(2) 
PARAMETRIC_REPRESENTATION_CONTEXT() REPRESENTATION_CONTEXT('2D SPACE',''
  ) );
#13108 = PCURVE('',#8799,#13109);
#13109 = DEFINITIONAL_REPRESENTATION('',(#13110),#13114);
#13110 = LINE('',#13111,#13112);
#13111 = CARTESIAN_POINT('',(9.399494936612,15.));
#13112 = VECTOR('',#13113,1.);
#13113 = DIRECTION('',(-0.,-1.));
#13114 = ( GEOMETRIC_REPRESENTATION_CONTEXT(2) 
PARAMETRIC_REPRESENTATION_CONTEXT() REPRESENTATION_CONTEXT('2D SPACE',''
  ) );
#13115 = ORIENTED_EDGE('',*,*,#13116,.T.);
#13116 = EDGE_CURVE('',#13094,#12986,#13117,.T.);
#13117 = SURFACE_CURVE('',#13118,(#13122,#13129),.PCURVE_S1.);
#13118 = LINE('',#13119,#13120);
#13119 = CARTESIAN_POINT('',(29.5,-37.7714466094,31.051776695297));
#13120 = VECTOR('',#13121,1.);
#13121 = DIRECTION('',(-1.554518687663E-15,-0.382683432365,
    -0.923879532511));
#13122 = PCURVE('',#8691,#13123);
#13123 = DEFINITIONAL_REPRESENTATION('',(#13124),#13128);
#13124 = LINE('',#13125,#13126);
#13125 = CARTESIAN_POINT('',(-0.5,0.135299025037));
#13126 = VECTOR('',#13127,1.);
#13127 = DIRECTION('',(-1.554518687663E-15,-1.));
#13128 = ( GEOMETRIC_REPRESENTATION_CONTEXT(2) 
PARAMETRIC_REPRESENTATION_CONTEXT() REPRESENTATION_CONTEXT('2D SPACE',''
  ) );
#13129 = PCURVE('',#13130,#13135);
#13130 = PLANE('',#13131);
#13131 = AXIS2_PLACEMENT_3D('',#13132,#13133,#13134);
#13132 = CARTESIAN_POINT('',(30.,-37.29289321881,31.));
#13133 = DIRECTION('',(-0.678598344546,0.678598344546,-0.281084637715));
#13134 = DIRECTION('',(-2.650008550218E-17,-0.382683432365,
    -0.923879532511));
#13135 = DEFINITIONAL_REPRESENTATION('',(#13136),#13140);
#13136 = LINE('',#13137,#13138);
#13137 = CARTESIAN_POINT('',(0.135299025037,0.680726338295));
#13138 = VECTOR('',#13139,1.);
#13139 = DIRECTION('',(1.,2.11349375779E-15));
#13140 = ( GEOMETRIC_REPRESENTATION_CONTEXT(2) 
PARAMETRIC_REPRESENTATION_CONTEXT() REPRESENTATION_CONTEXT('2D SPACE',''
  ) );
#13141 = ADVANCED_FACE('',(#13142),#8745,.T.);
#13142 = FACE_BOUND('',#13143,.F.);
#13143 = EDGE_LOOP('',(#13144,#13145,#13173,#13194));
#13144 = ORIENTED_EDGE('',*,*,#13038,.T.);
#13145 = ORIENTED_EDGE('',*,*,#13146,.T.);
#13146 = EDGE_CURVE('',#13039,#13147,#13149,.T.);
#13147 = VERTEX_POINT('',#13148);
#13148 = CARTESIAN_POINT('',(29.5,37.646446609407,31.353553390593));
#13149 = SURFACE_CURVE('',#13150,(#13154,#13161),.PCURVE_S1.);
#13150 = LINE('',#13151,#13152);
#13151 = CARTESIAN_POINT('',(29.5,37.875,30.801776695297));
#13152 = VECTOR('',#13153,1.);
#13153 = DIRECTION('',(-5.462431025658E-15,-0.382683432365,
    0.923879532511));
#13154 = PCURVE('',#8745,#13155);
#13155 = DEFINITIONAL_REPRESENTATION('',(#13156),#13160);
#13156 = LINE('',#13157,#13158);
#13157 = CARTESIAN_POINT('',(-29.5,-0.135299025036));
#13158 = VECTOR('',#13159,1.);
#13159 = DIRECTION('',(5.462431025658E-15,1.));
#13160 = ( GEOMETRIC_REPRESENTATION_CONTEXT(2) 
PARAMETRIC_REPRESENTATION_CONTEXT() REPRESENTATION_CONTEXT('2D SPACE',''
  ) );
#13161 = PCURVE('',#13162,#13167);
#13162 = PLANE('',#13163);
#13163 = AXIS2_PLACEMENT_3D('',#13164,#13165,#13166);
#13164 = CARTESIAN_POINT('',(30.,37.5,30.5));
#13165 = DIRECTION('',(-0.678598344546,-0.678598344546,-0.281084637715)
  );
#13166 = DIRECTION('',(-3.86972465355E-15,-0.382683432365,0.923879532511
    ));
#13167 = DEFINITIONAL_REPRESENTATION('',(#13168),#13172);
#13168 = LINE('',#13169,#13170);
#13169 = CARTESIAN_POINT('',(0.135299025037,0.680726338295));
#13170 = VECTOR('',#13171,1.);
#13171 = DIRECTION('',(1.,2.212236074154E-15));
#13172 = ( GEOMETRIC_REPRESENTATION_CONTEXT(2) 
PARAMETRIC_REPRESENTATION_CONTEXT() REPRESENTATION_CONTEXT('2D SPACE',''
  ) );
#13173 = ORIENTED_EDGE('',*,*,#13174,.F.);
#13174 = EDGE_CURVE('',#8709,#13147,#13175,.T.);
#13175 = SURFACE_CURVE('',#13176,(#13180,#13187),.PCURVE_S1.);
#13176 = LINE('',#13177,#13178);
#13177 = CARTESIAN_POINT('',(0.,37.646446609407,31.353553390593));
#13178 = VECTOR('',#13179,1.);
#13179 = DIRECTION('',(1.,0.,0.));
#13180 = PCURVE('',#8745,#13181);
#13181 = DEFINITIONAL_REPRESENTATION('',(#13182),#13186);
#13182 = LINE('',#13183,#13184);
#13183 = CARTESIAN_POINT('',(4.930380657631E-32,0.461939766256));
#13184 = VECTOR('',#13185,1.);
#13185 = DIRECTION('',(-1.,0.));
#13186 = ( GEOMETRIC_REPRESENTATION_CONTEXT(2) 
PARAMETRIC_REPRESENTATION_CONTEXT() REPRESENTATION_CONTEXT('2D SPACE',''
  ) );
#13187 = PCURVE('',#8853,#13188);
#13188 = DEFINITIONAL_REPRESENTATION('',(#13189),#13193);
#13189 = LINE('',#13190,#13191);
#13190 = CARTESIAN_POINT('',(0.5,-15.));
#13191 = VECTOR('',#13192,1.);
#13192 = DIRECTION('',(0.,1.));
#13193 = ( GEOMETRIC_REPRESENTATION_CONTEXT(2) 
PARAMETRIC_REPRESENTATION_CONTEXT() REPRESENTATION_CONTEXT('2D SPACE',''
  ) );
#13194 = ORIENTED_EDGE('',*,*,#8731,.F.);
#13195 = ADVANCED_FACE('',(#13196),#8799,.T.);
#13196 = FACE_BOUND('',#13197,.T.);
#13197 = EDGE_LOOP('',(#13198,#13199,#13200,#13228));
#13198 = ORIENTED_EDGE('',*,*,#8785,.T.);
#13199 = ORIENTED_EDGE('',*,*,#13093,.F.);
#13200 = ORIENTED_EDGE('',*,*,#13201,.F.);
#13201 = EDGE_CURVE('',#13202,#13094,#13204,.T.);
#13202 = VERTEX_POINT('',#13203);
#13203 = CARTESIAN_POINT('',(29.5,-31.35355339059,37.646446609407));
#13204 = SURFACE_CURVE('',#13205,(#13209,#13216),.PCURVE_S1.);
#13205 = LINE('',#13206,#13207);
#13206 = CARTESIAN_POINT('',(29.5,-31.,38.));
#13207 = VECTOR('',#13208,1.);
#13208 = DIRECTION('',(0.,-0.707106781187,-0.707106781187));
#13209 = PCURVE('',#8799,#13210);
#13210 = DEFINITIONAL_REPRESENTATION('',(#13211),#13215);
#13211 = LINE('',#13212,#13213);
#13212 = CARTESIAN_POINT('',(0.,14.5));
#13213 = VECTOR('',#13214,1.);
#13214 = DIRECTION('',(1.,0.));
#13215 = ( GEOMETRIC_REPRESENTATION_CONTEXT(2) 
PARAMETRIC_REPRESENTATION_CONTEXT() REPRESENTATION_CONTEXT('2D SPACE',''
  ) );
#13216 = PCURVE('',#13217,#13222);
#13217 = PLANE('',#13218);
#13218 = AXIS2_PLACEMENT_3D('',#13219,#13220,#13221);
#13219 = CARTESIAN_POINT('',(29.75,-30.8232233047,37.823223304703));
#13220 = DIRECTION('',(0.707106781187,-0.5,0.5));
#13221 = DIRECTION('',(6.902532920684E-31,-0.707106781187,
    -0.707106781187));
#13222 = DEFINITIONAL_REPRESENTATION('',(#13223),#13227);
#13223 = LINE('',#13224,#13225);
#13224 = CARTESIAN_POINT('',(2.6645352591E-15,-0.353553390593));
#13225 = VECTOR('',#13226,1.);
#13226 = DIRECTION('',(1.,0.));
#13227 = ( GEOMETRIC_REPRESENTATION_CONTEXT(2) 
PARAMETRIC_REPRESENTATION_CONTEXT() REPRESENTATION_CONTEXT('2D SPACE',''
  ) );
#13228 = ORIENTED_EDGE('',*,*,#13229,.F.);
#13229 = EDGE_CURVE('',#8761,#13202,#13230,.T.);
#13230 = SURFACE_CURVE('',#13231,(#13235,#13242),.PCURVE_S1.);
#13231 = LINE('',#13232,#13233);
#13232 = CARTESIAN_POINT('',(0.,-31.35355339059,37.646446609407));
#13233 = VECTOR('',#13234,1.);
#13234 = DIRECTION('',(1.,0.,0.));
#13235 = PCURVE('',#8799,#13236);
#13236 = DEFINITIONAL_REPRESENTATION('',(#13237),#13241);
#13237 = LINE('',#13238,#13239);
#13238 = CARTESIAN_POINT('',(0.5,-15.));
#13239 = VECTOR('',#13240,1.);
#13240 = DIRECTION('',(0.,1.));
#13241 = ( GEOMETRIC_REPRESENTATION_CONTEXT(2) 
PARAMETRIC_REPRESENTATION_CONTEXT() REPRESENTATION_CONTEXT('2D SPACE',''
  ) );
#13242 = PCURVE('',#8907,#13243);
#13243 = DEFINITIONAL_REPRESENTATION('',(#13244),#13248);
#13244 = LINE('',#13245,#13246);
#13245 = CARTESIAN_POINT('',(0.,-0.461939766256));
#13246 = VECTOR('',#13247,1.);
#13247 = DIRECTION('',(1.,0.));
#13248 = ( GEOMETRIC_REPRESENTATION_CONTEXT(2) 
PARAMETRIC_REPRESENTATION_CONTEXT() REPRESENTATION_CONTEXT('2D SPACE',''
  ) );
#13249 = ADVANCED_FACE('',(#13250),#8853,.T.);
#13250 = FACE_BOUND('',#13251,.T.);
#13251 = EDGE_LOOP('',(#13252,#13253,#13276,#13302));
#13252 = ORIENTED_EDGE('',*,*,#8839,.T.);
#13253 = ORIENTED_EDGE('',*,*,#13254,.T.);
#13254 = EDGE_CURVE('',#8817,#13255,#13257,.T.);
#13255 = VERTEX_POINT('',#13256);
#13256 = CARTESIAN_POINT('',(29.5,31.353553390593,37.646446609407));
#13257 = SURFACE_CURVE('',#13258,(#13262,#13269),.PCURVE_S1.);
#13258 = LINE('',#13259,#13260);
#13259 = CARTESIAN_POINT('',(0.,31.353553390593,37.646446609407));
#13260 = VECTOR('',#13261,1.);
#13261 = DIRECTION('',(1.,0.,0.));
#13262 = PCURVE('',#8853,#13263);
#13263 = DEFINITIONAL_REPRESENTATION('',(#13264),#13268);
#13264 = LINE('',#13265,#13266);
#13265 = CARTESIAN_POINT('',(9.399494936612,-15.));
#13266 = VECTOR('',#13267,1.);
#13267 = DIRECTION('',(0.,1.));
#13268 = ( GEOMETRIC_REPRESENTATION_CONTEXT(2) 
PARAMETRIC_REPRESENTATION_CONTEXT() REPRESENTATION_CONTEXT('2D SPACE',''
  ) );
#13269 = PCURVE('',#8961,#13270);
#13270 = DEFINITIONAL_REPRESENTATION('',(#13271),#13275);
#13271 = LINE('',#13272,#13273);
#13272 = CARTESIAN_POINT('',(-0.,-0.461939766256));
#13273 = VECTOR('',#13274,1.);
#13274 = DIRECTION('',(-1.,0.));
#13275 = ( GEOMETRIC_REPRESENTATION_CONTEXT(2) 
PARAMETRIC_REPRESENTATION_CONTEXT() REPRESENTATION_CONTEXT('2D SPACE',''
  ) );
#13276 = ORIENTED_EDGE('',*,*,#13277,.F.);
#13277 = EDGE_CURVE('',#13147,#13255,#13278,.T.);
#13278 = SURFACE_CURVE('',#13279,(#13283,#13290),.PCURVE_S1.);
#13279 = LINE('',#13280,#13281);
#13280 = CARTESIAN_POINT('',(29.5,38.,31.));
#13281 = VECTOR('',#13282,1.);
#13282 = DIRECTION('',(0.,-0.707106781187,0.707106781187));
#13283 = PCURVE('',#8853,#13284);
#13284 = DEFINITIONAL_REPRESENTATION('',(#13285),#13289);
#13285 = LINE('',#13286,#13287);
#13286 = CARTESIAN_POINT('',(0.,14.5));
#13287 = VECTOR('',#13288,1.);
#13288 = DIRECTION('',(1.,0.));
#13289 = ( GEOMETRIC_REPRESENTATION_CONTEXT(2) 
PARAMETRIC_REPRESENTATION_CONTEXT() REPRESENTATION_CONTEXT('2D SPACE',''
  ) );
#13290 = PCURVE('',#13291,#13296);
#13291 = PLANE('',#13292);
#13292 = AXIS2_PLACEMENT_3D('',#13293,#13294,#13295);
#13293 = CARTESIAN_POINT('',(29.75,37.823223304703,30.823223304703));
#13294 = DIRECTION('',(0.707106781187,0.5,0.5));
#13295 = DIRECTION('',(-6.902532920684E-31,-0.707106781187,
    0.707106781187));
#13296 = DEFINITIONAL_REPRESENTATION('',(#13297),#13301);
#13297 = LINE('',#13298,#13299);
#13298 = CARTESIAN_POINT('',(8.881784197001E-16,-0.353553390593));
#13299 = VECTOR('',#13300,1.);
#13300 = DIRECTION('',(1.,0.));
#13301 = ( GEOMETRIC_REPRESENTATION_CONTEXT(2) 
PARAMETRIC_REPRESENTATION_CONTEXT() REPRESENTATION_CONTEXT('2D SPACE',''
  ) );
#13302 = ORIENTED_EDGE('',*,*,#13174,.F.);
#13303 = ADVANCED_FACE('',(#13304),#8907,.T.);
#13304 = FACE_BOUND('',#13305,.T.);
#13305 = EDGE_LOOP('',(#13306,#13307,#13335,#13356));
#13306 = ORIENTED_EDGE('',*,*,#13229,.T.);
#13307 = ORIENTED_EDGE('',*,*,#13308,.T.);
#13308 = EDGE_CURVE('',#13202,#13309,#13311,.T.);
#13309 = VERTEX_POINT('',#13310);
#13310 = CARTESIAN_POINT('',(29.5,-30.5,38.));
#13311 = SURFACE_CURVE('',#13312,(#13316,#13323),.PCURVE_S1.);
#13312 = LINE('',#13313,#13314);
#13313 = CARTESIAN_POINT('',(29.5,-31.05177669529,37.771446609407));
#13314 = VECTOR('',#13315,1.);
#13315 = DIRECTION('',(1.609132463899E-15,0.923879532511,0.382683432365)
  );
#13316 = PCURVE('',#8907,#13317);
#13317 = DEFINITIONAL_REPRESENTATION('',(#13318),#13322);
#13318 = LINE('',#13319,#13320);
#13319 = CARTESIAN_POINT('',(29.5,-0.135299025037));
#13320 = VECTOR('',#13321,1.);
#13321 = DIRECTION('',(1.609132463899E-15,1.));
#13322 = ( GEOMETRIC_REPRESENTATION_CONTEXT(2) 
PARAMETRIC_REPRESENTATION_CONTEXT() REPRESENTATION_CONTEXT('2D SPACE',''
  ) );
#13323 = PCURVE('',#13324,#13329);
#13324 = PLANE('',#13325);
#13325 = AXIS2_PLACEMENT_3D('',#13326,#13327,#13328);
#13326 = CARTESIAN_POINT('',(30.,-31.,37.292893218813));
#13327 = DIRECTION('',(0.678598344546,-0.281084637715,0.678598344546));
#13328 = DIRECTION('',(1.680743862533E-18,0.923879532511,0.382683432365)
  );
#13329 = DEFINITIONAL_REPRESENTATION('',(#13330),#13334);
#13330 = LINE('',#13331,#13332);
#13331 = CARTESIAN_POINT('',(0.135299025037,0.680726338295));
#13332 = VECTOR('',#13333,1.);
#13333 = DIRECTION('',(1.,-2.182826977357E-15));
#13334 = ( GEOMETRIC_REPRESENTATION_CONTEXT(2) 
PARAMETRIC_REPRESENTATION_CONTEXT() REPRESENTATION_CONTEXT('2D SPACE',''
  ) );
#13335 = ORIENTED_EDGE('',*,*,#13336,.F.);
#13336 = EDGE_CURVE('',#8871,#13309,#13337,.T.);
#13337 = SURFACE_CURVE('',#13338,(#13342,#13349),.PCURVE_S1.);
#13338 = LINE('',#13339,#13340);
#13339 = CARTESIAN_POINT('',(0.,-30.5,38.));
#13340 = VECTOR('',#13341,1.);
#13341 = DIRECTION('',(1.,0.,0.));
#13342 = PCURVE('',#8907,#13343);
#13343 = DEFINITIONAL_REPRESENTATION('',(#13344),#13348);
#13344 = LINE('',#13345,#13346);
#13345 = CARTESIAN_POINT('',(-4.930380657631E-32,0.461939766256));
#13346 = VECTOR('',#13347,1.);
#13347 = DIRECTION('',(1.,0.));
#13348 = ( GEOMETRIC_REPRESENTATION_CONTEXT(2) 
PARAMETRIC_REPRESENTATION_CONTEXT() REPRESENTATION_CONTEXT('2D SPACE',''
  ) );
#13349 = PCURVE('',#8993,#13350);
#13350 = DEFINITIONAL_REPRESENTATION('',(#13351),#13355);
#13351 = LINE('',#13352,#13353);
#13352 = CARTESIAN_POINT('',(61.5,-15.));
#13353 = VECTOR('',#13354,1.);
#13354 = DIRECTION('',(0.,1.));
#13355 = ( GEOMETRIC_REPRESENTATION_CONTEXT(2) 
PARAMETRIC_REPRESENTATION_CONTEXT() REPRESENTATION_CONTEXT('2D SPACE',''
  ) );
#13356 = ORIENTED_EDGE('',*,*,#8893,.F.);
#13357 = ADVANCED_FACE('',(#13358),#8961,.T.);
#13358 = FACE_BOUND('',#13359,.F.);
#13359 = EDGE_LOOP('',(#13360,#13361,#13389,#13410));
#13360 = ORIENTED_EDGE('',*,*,#13254,.T.);
#13361 = ORIENTED_EDGE('',*,*,#13362,.T.);
#13362 = EDGE_CURVE('',#13255,#13363,#13365,.T.);
#13363 = VERTEX_POINT('',#13364);
#13364 = CARTESIAN_POINT('',(29.5,30.5,38.));
#13365 = SURFACE_CURVE('',#13366,(#13370,#13377),.PCURVE_S1.);
#13366 = LINE('',#13367,#13368);
#13367 = CARTESIAN_POINT('',(29.5,31.051776695297,37.771446609407));
#13368 = VECTOR('',#13369,1.);
#13369 = DIRECTION('',(2.334380829217E-15,-0.923879532511,0.382683432365
    ));
#13370 = PCURVE('',#8961,#13371);
#13371 = DEFINITIONAL_REPRESENTATION('',(#13372),#13376);
#13372 = LINE('',#13373,#13374);
#13373 = CARTESIAN_POINT('',(-29.5,-0.135299025037));
#13374 = VECTOR('',#13375,1.);
#13375 = DIRECTION('',(-2.334380829217E-15,1.));
#13376 = ( GEOMETRIC_REPRESENTATION_CONTEXT(2) 
PARAMETRIC_REPRESENTATION_CONTEXT() REPRESENTATION_CONTEXT('2D SPACE',''
  ) );
#13377 = PCURVE('',#13378,#13383);
#13378 = PLANE('',#13379);
#13379 = AXIS2_PLACEMENT_3D('',#13380,#13381,#13382);
#13380 = CARTESIAN_POINT('',(30.,31.,37.292893218813));
#13381 = DIRECTION('',(-0.678598344546,-0.281084637715,-0.678598344546)
  );
#13382 = DIRECTION('',(3.859710920251E-15,-0.923879532511,0.382683432365
    ));
#13383 = DEFINITIONAL_REPRESENTATION('',(#13384),#13388);
#13384 = LINE('',#13385,#13386);
#13385 = CARTESIAN_POINT('',(0.135299025037,0.680726338295));
#13386 = VECTOR('',#13387,1.);
#13387 = DIRECTION('',(1.,2.115028851492E-15));
#13388 = ( GEOMETRIC_REPRESENTATION_CONTEXT(2) 
PARAMETRIC_REPRESENTATION_CONTEXT() REPRESENTATION_CONTEXT('2D SPACE',''
  ) );
#13389 = ORIENTED_EDGE('',*,*,#13390,.F.);
#13390 = EDGE_CURVE('',#8925,#13363,#13391,.T.);
#13391 = SURFACE_CURVE('',#13392,(#13396,#13403),.PCURVE_S1.);
#13392 = LINE('',#13393,#13394);
#13393 = CARTESIAN_POINT('',(0.,30.5,38.));
#13394 = VECTOR('',#13395,1.);
#13395 = DIRECTION('',(1.,0.,0.));
#13396 = PCURVE('',#8961,#13397);
#13397 = DEFINITIONAL_REPRESENTATION('',(#13398),#13402);
#13398 = LINE('',#13399,#13400);
#13399 = CARTESIAN_POINT('',(-0.,0.461939766256));
#13400 = VECTOR('',#13401,1.);
#13401 = DIRECTION('',(-1.,0.));
#13402 = ( GEOMETRIC_REPRESENTATION_CONTEXT(2) 
PARAMETRIC_REPRESENTATION_CONTEXT() REPRESENTATION_CONTEXT('2D SPACE',''
  ) );
#13403 = PCURVE('',#8993,#13404);
#13404 = DEFINITIONAL_REPRESENTATION('',(#13405),#13409);
#13405 = LINE('',#13406,#13407);
#13406 = CARTESIAN_POINT('',(0.5,-15.));
#13407 = VECTOR('',#13408,1.);
#13408 = DIRECTION('',(0.,1.));
#13409 = ( GEOMETRIC_REPRESENTATION_CONTEXT(2) 
PARAMETRIC_REPRESENTATION_CONTEXT() REPRESENTATION_CONTEXT('2D SPACE',''
  ) );
#13410 = ORIENTED_EDGE('',*,*,#8947,.F.);
#13411 = ADVANCED_FACE('',(#13412),#8993,.T.);
#13412 = FACE_BOUND('',#13413,.T.);
#13413 = EDGE_LOOP('',(#13414,#13415,#13416,#13442));
#13414 = ORIENTED_EDGE('',*,*,#8979,.T.);
#13415 = ORIENTED_EDGE('',*,*,#13336,.T.);
#13416 = ORIENTED_EDGE('',*,*,#13417,.F.);
#13417 = EDGE_CURVE('',#13363,#13309,#13418,.T.);
#13418 = SURFACE_CURVE('',#13419,(#13423,#13430),.PCURVE_S1.);
#13419 = LINE('',#13420,#13421);
#13420 = CARTESIAN_POINT('',(29.5,31.,38.));
#13421 = VECTOR('',#13422,1.);
#13422 = DIRECTION('',(0.,-1.,0.));
#13423 = PCURVE('',#8993,#13424);
#13424 = DEFINITIONAL_REPRESENTATION('',(#13425),#13429);
#13425 = LINE('',#13426,#13427);
#13426 = CARTESIAN_POINT('',(0.,14.5));
#13427 = VECTOR('',#13428,1.);
#13428 = DIRECTION('',(1.,0.));
#13429 = ( GEOMETRIC_REPRESENTATION_CONTEXT(2) 
PARAMETRIC_REPRESENTATION_CONTEXT() REPRESENTATION_CONTEXT('2D SPACE',''
  ) );
#13430 = PCURVE('',#13431,#13436);
#13431 = PLANE('',#13432);
#13432 = AXIS2_PLACEMENT_3D('',#13433,#13434,#13435);
#13433 = CARTESIAN_POINT('',(29.75,31.,37.75));
#13434 = DIRECTION('',(0.707106781187,-1.889513820523E-18,0.707106781187
    ));
#13435 = DIRECTION('',(-1.336088035637E-18,-1.,-1.336088035637E-18));
#13436 = DEFINITIONAL_REPRESENTATION('',(#13437),#13441);
#13437 = LINE('',#13438,#13439);
#13438 = CARTESIAN_POINT('',(0.,-0.353553390593));
#13439 = VECTOR('',#13440,1.);
#13440 = DIRECTION('',(1.,0.));
#13441 = ( GEOMETRIC_REPRESENTATION_CONTEXT(2) 
PARAMETRIC_REPRESENTATION_CONTEXT() REPRESENTATION_CONTEXT('2D SPACE',''
  ) );
#13442 = ORIENTED_EDGE('',*,*,#13390,.F.);
#13443 = ADVANCED_FACE('',(#13444),#9046,.F.);
#13444 = FACE_BOUND('',#13445,.F.);
#13445 = EDGE_LOOP('',(#13446,#13469,#13470,#13471));
#13446 = ORIENTED_EDGE('',*,*,#13447,.T.);
#13447 = EDGE_CURVE('',#13448,#9009,#13450,.T.);
#13448 = VERTEX_POINT('',#13449);
#13449 = CARTESIAN_POINT('',(-2.3,-52.,47.25));
#13450 = SEAM_CURVE('',#13451,(#13455,#13462),.PCURVE_S1.);
#13451 = LINE('',#13452,#13453);
#13452 = CARTESIAN_POINT('',(-7.5,-52.,47.25));
#13453 = VECTOR('',#13454,1.);
#13454 = DIRECTION('',(1.,0.,2.22044604925E-16));
#13455 = PCURVE('',#9046,#13456);
#13456 = DEFINITIONAL_REPRESENTATION('',(#13457),#13461);
#13457 = LINE('',#13458,#13459);
#13458 = CARTESIAN_POINT('',(6.28318530718,-0.));
#13459 = VECTOR('',#13460,1.);
#13460 = DIRECTION('',(0.,1.));
#13461 = ( GEOMETRIC_REPRESENTATION_CONTEXT(2) 
PARAMETRIC_REPRESENTATION_CONTEXT() REPRESENTATION_CONTEXT('2D SPACE',''
  ) );
#13462 = PCURVE('',#9046,#13463);
#13463 = DEFINITIONAL_REPRESENTATION('',(#13464),#13468);
#13464 = LINE('',#13465,#13466);
#13465 = CARTESIAN_POINT('',(0.,-0.));
#13466 = VECTOR('',#13467,1.);
#13467 = DIRECTION('',(0.,1.));
#13468 = ( GEOMETRIC_REPRESENTATION_CONTEXT(2) 
PARAMETRIC_REPRESENTATION_CONTEXT() REPRESENTATION_CONTEXT('2D SPACE',''
  ) );
#13469 = ORIENTED_EDGE('',*,*,#9031,.F.);
#13470 = ORIENTED_EDGE('',*,*,#13447,.F.);
#13471 = ORIENTED_EDGE('',*,*,#13472,.T.);
#13472 = EDGE_CURVE('',#13448,#13448,#13473,.T.);
#13473 = SURFACE_CURVE('',#13474,(#13479,#13486),.PCURVE_S1.);
#13474 = CIRCLE('',#13475,2.75);
#13475 = AXIS2_PLACEMENT_3D('',#13476,#13477,#13478);
#13476 = CARTESIAN_POINT('',(-2.3,-52.,50.));
#13477 = DIRECTION('',(1.,-0.,2.22044604925E-16));
#13478 = DIRECTION('',(2.22044604925E-16,0.,-1.));
#13479 = PCURVE('',#9046,#13480);
#13480 = DEFINITIONAL_REPRESENTATION('',(#13481),#13485);
#13481 = LINE('',#13482,#13483);
#13482 = CARTESIAN_POINT('',(0.,5.2));
#13483 = VECTOR('',#13484,1.);
#13484 = DIRECTION('',(1.,0.));
#13485 = ( GEOMETRIC_REPRESENTATION_CONTEXT(2) 
PARAMETRIC_REPRESENTATION_CONTEXT() REPRESENTATION_CONTEXT('2D SPACE',''
  ) );
#13486 = PCURVE('',#13487,#13492);
#13487 = CONICAL_SURFACE('',#13488,2.75,0.785398163397);
#13488 = AXIS2_PLACEMENT_3D('',#13489,#13490,#13491);
#13489 = CARTESIAN_POINT('',(-2.3,-52.,50.));
#13490 = DIRECTION('',(-1.,0.,-2.22044604925E-16));
#13491 = DIRECTION('',(2.22044604925E-16,0.,-1.));
#13492 = DEFINITIONAL_REPRESENTATION('',(#13493),#13497);
#13493 = LINE('',#13494,#13495);
#13494 = CARTESIAN_POINT('',(-0.,0.));
#13495 = VECTOR('',#13496,1.);
#13496 = DIRECTION('',(-1.,0.));
#13497 = ( GEOMETRIC_REPRESENTATION_CONTEXT(2) 
PARAMETRIC_REPRESENTATION_CONTEXT() REPRESENTATION_CONTEXT('2D SPACE',''
  ) );
#13498 = ADVANCED_FACE('',(#13499),#9099,.F.);
#13499 = FACE_BOUND('',#13500,.F.);
#13500 = EDGE_LOOP('',(#13501,#13524,#13525,#13526));
#13501 = ORIENTED_EDGE('',*,*,#13502,.T.);
#13502 = EDGE_CURVE('',#13503,#9062,#13505,.T.);
#13503 = VERTEX_POINT('',#13504);
#13504 = CARTESIAN_POINT('',(-2.3,52.,47.25));
#13505 = SEAM_CURVE('',#13506,(#13510,#13517),.PCURVE_S1.);
#13506 = LINE('',#13507,#13508);
#13507 = CARTESIAN_POINT('',(-7.5,52.,47.25));
#13508 = VECTOR('',#13509,1.);
#13509 = DIRECTION('',(1.,0.,2.22044604925E-16));
#13510 = PCURVE('',#9099,#13511);
#13511 = DEFINITIONAL_REPRESENTATION('',(#13512),#13516);
#13512 = LINE('',#13513,#13514);
#13513 = CARTESIAN_POINT('',(6.28318530718,-0.));
#13514 = VECTOR('',#13515,1.);
#13515 = DIRECTION('',(0.,1.));
#13516 = ( GEOMETRIC_REPRESENTATION_CONTEXT(2) 
PARAMETRIC_REPRESENTATION_CONTEXT() REPRESENTATION_CONTEXT('2D SPACE',''
  ) );
#13517 = PCURVE('',#9099,#13518);
#13518 = DEFINITIONAL_REPRESENTATION('',(#13519),#13523);
#13519 = LINE('',#13520,#13521);
#13520 = CARTESIAN_POINT('',(0.,-0.));
#13521 = VECTOR('',#13522,1.);
#13522 = DIRECTION('',(0.,1.));
#13523 = ( GEOMETRIC_REPRESENTATION_CONTEXT(2) 
PARAMETRIC_REPRESENTATION_CONTEXT() REPRESENTATION_CONTEXT('2D SPACE',''
  ) );
#13524 = ORIENTED_EDGE('',*,*,#9084,.F.);
#13525 = ORIENTED_EDGE('',*,*,#13502,.F.);
#13526 = ORIENTED_EDGE('',*,*,#13527,.T.);
#13527 = EDGE_CURVE('',#13503,#13503,#13528,.T.);
#13528 = SURFACE_CURVE('',#13529,(#13534,#13541),.PCURVE_S1.);
#13529 = CIRCLE('',#13530,2.75);
#13530 = AXIS2_PLACEMENT_3D('',#13531,#13532,#13533);
#13531 = CARTESIAN_POINT('',(-2.3,52.,50.));
#13532 = DIRECTION('',(1.,-0.,2.22044604925E-16));
#13533 = DIRECTION('',(2.22044604925E-16,0.,-1.));
#13534 = PCURVE('',#9099,#13535);
#13535 = DEFINITIONAL_REPRESENTATION('',(#13536),#13540);
#13536 = LINE('',#13537,#13538);
#13537 = CARTESIAN_POINT('',(0.,5.2));
#13538 = VECTOR('',#13539,1.);
#13539 = DIRECTION('',(1.,0.));
#13540 = ( GEOMETRIC_REPRESENTATION_CONTEXT(2) 
PARAMETRIC_REPRESENTATION_CONTEXT() REPRESENTATION_CONTEXT('2D SPACE',''
  ) );
#13541 = PCURVE('',#13542,#13547);
#13542 = CONICAL_SURFACE('',#13543,2.75,0.785398163397);
#13543 = AXIS2_PLACEMENT_3D('',#13544,#13545,#13546);
#13544 = CARTESIAN_POINT('',(-2.3,52.,50.));
#13545 = DIRECTION('',(-1.,0.,-2.22044604925E-16));
#13546 = DIRECTION('',(2.22044604925E-16,0.,-1.));
#13547 = DEFINITIONAL_REPRESENTATION('',(#13548),#13552);
#13548 = LINE('',#13549,#13550);
#13549 = CARTESIAN_POINT('',(-0.,0.));
#13550 = VECTOR('',#13551,1.);
#13551 = DIRECTION('',(-1.,0.));
#13552 = ( GEOMETRIC_REPRESENTATION_CONTEXT(2) 
PARAMETRIC_REPRESENTATION_CONTEXT() REPRESENTATION_CONTEXT('2D SPACE',''
  ) );
#13553 = ADVANCED_FACE('',(#13554),#9375,.F.);
#13554 = FACE_BOUND('',#13555,.F.);
#13555 = EDGE_LOOP('',(#13556,#13577,#13578,#13579));
#13556 = ORIENTED_EDGE('',*,*,#13557,.F.);
#13557 = EDGE_CURVE('',#9338,#13558,#13560,.T.);
#13558 = VERTEX_POINT('',#13559);
#13559 = CARTESIAN_POINT('',(-2.8,-52.,-39.));
#13560 = SEAM_CURVE('',#13561,(#13565,#13571),.PCURVE_S1.);
#13561 = LINE('',#13562,#13563);
#13562 = CARTESIAN_POINT('',(-3.3,-52.,-39.5));
#13563 = VECTOR('',#13564,1.);
#13564 = DIRECTION('',(0.707106781187,-0.,0.707106781187));
#13565 = PCURVE('',#9375,#13566);
#13566 = DEFINITIONAL_REPRESENTATION('',(#13567),#13570);
#13567 = B_SPLINE_CURVE_WITH_KNOTS('',1,(#13568,#13569),.UNSPECIFIED.,
  .F.,.F.,(2,2),(0.,0.707106781187),.PIECEWISE_BEZIER_KNOTS.);
#13568 = CARTESIAN_POINT('',(0.,0.));
#13569 = CARTESIAN_POINT('',(0.,-0.5));
#13570 = ( GEOMETRIC_REPRESENTATION_CONTEXT(2) 
PARAMETRIC_REPRESENTATION_CONTEXT() REPRESENTATION_CONTEXT('2D SPACE',''
  ) );
#13571 = PCURVE('',#9375,#13572);
#13572 = DEFINITIONAL_REPRESENTATION('',(#13573),#13576);
#13573 = B_SPLINE_CURVE_WITH_KNOTS('',1,(#13574,#13575),.UNSPECIFIED.,
  .F.,.F.,(2,2),(0.,0.707106781187),.PIECEWISE_BEZIER_KNOTS.);
#13574 = CARTESIAN_POINT('',(-6.28318530718,0.));
#13575 = CARTESIAN_POINT('',(-6.28318530718,-0.5));
#13576 = ( GEOMETRIC_REPRESENTATION_CONTEXT(2) 
PARAMETRIC_REPRESENTATION_CONTEXT() REPRESENTATION_CONTEXT('2D SPACE',''
  ) );
#13577 = ORIENTED_EDGE('',*,*,#9360,.T.);
#13578 = ORIENTED_EDGE('',*,*,#13557,.T.);
#13579 = ORIENTED_EDGE('',*,*,#13580,.F.);
#13580 = EDGE_CURVE('',#13558,#13558,#13581,.T.);
#13581 = SURFACE_CURVE('',#13582,(#13587,#13594),.PCURVE_S1.);
#13582 = CIRCLE('',#13583,5.);
#13583 = AXIS2_PLACEMENT_3D('',#13584,#13585,#13586);
#13584 = CARTESIAN_POINT('',(-2.8,-52.,-34.));
#13585 = DIRECTION('',(1.,-0.,2.22044604925E-16));
#13586 = DIRECTION('',(2.22044604925E-16,0.,-1.));
#13587 = PCURVE('',#9375,#13588);
#13588 = DEFINITIONAL_REPRESENTATION('',(#13589),#13593);
#13589 = LINE('',#13590,#13591);
#13590 = CARTESIAN_POINT('',(-0.,-0.5));
#13591 = VECTOR('',#13592,1.);
#13592 = DIRECTION('',(-1.,-0.));
#13593 = ( GEOMETRIC_REPRESENTATION_CONTEXT(2) 
PARAMETRIC_REPRESENTATION_CONTEXT() REPRESENTATION_CONTEXT('2D SPACE',''
  ) );
#13594 = PCURVE('',#13595,#13600);
#13595 = PLANE('',#13596);
#13596 = AXIS2_PLACEMENT_3D('',#13597,#13598,#13599);
#13597 = CARTESIAN_POINT('',(-2.8,-52.,-34.));
#13598 = DIRECTION('',(1.,0.,2.22044604925E-16));
#13599 = DIRECTION('',(2.22044604925E-16,0.,-1.));
#13600 = DEFINITIONAL_REPRESENTATION('',(#13601),#13605);
#13601 = CIRCLE('',#13602,5.);
#13602 = AXIS2_PLACEMENT_2D('',#13603,#13604);
#13603 = CARTESIAN_POINT('',(0.,0.));
#13604 = DIRECTION('',(1.,0.));
#13605 = ( GEOMETRIC_REPRESENTATION_CONTEXT(2) 
PARAMETRIC_REPRESENTATION_CONTEXT() REPRESENTATION_CONTEXT('2D SPACE',''
  ) );
#13606 = ADVANCED_FACE('',(#13607),#9430,.F.);
#13607 = FACE_BOUND('',#13608,.F.);
#13608 = EDGE_LOOP('',(#13609,#13630,#13631,#13632));
#13609 = ORIENTED_EDGE('',*,*,#13610,.F.);
#13610 = EDGE_CURVE('',#9393,#13611,#13613,.T.);
#13611 = VERTEX_POINT('',#13612);
#13612 = CARTESIAN_POINT('',(-2.8,52.,-39.));
#13613 = SEAM_CURVE('',#13614,(#13618,#13624),.PCURVE_S1.);
#13614 = LINE('',#13615,#13616);
#13615 = CARTESIAN_POINT('',(-3.3,52.,-39.5));
#13616 = VECTOR('',#13617,1.);
#13617 = DIRECTION('',(0.707106781187,-0.,0.707106781187));
#13618 = PCURVE('',#9430,#13619);
#13619 = DEFINITIONAL_REPRESENTATION('',(#13620),#13623);
#13620 = B_SPLINE_CURVE_WITH_KNOTS('',1,(#13621,#13622),.UNSPECIFIED.,
  .F.,.F.,(2,2),(0.,0.707106781187),.PIECEWISE_BEZIER_KNOTS.);
#13621 = CARTESIAN_POINT('',(0.,0.));
#13622 = CARTESIAN_POINT('',(0.,-0.5));
#13623 = ( GEOMETRIC_REPRESENTATION_CONTEXT(2) 
PARAMETRIC_REPRESENTATION_CONTEXT() REPRESENTATION_CONTEXT('2D SPACE',''
  ) );
#13624 = PCURVE('',#9430,#13625);
#13625 = DEFINITIONAL_REPRESENTATION('',(#13626),#13629);
#13626 = B_SPLINE_CURVE_WITH_KNOTS('',1,(#13627,#13628),.UNSPECIFIED.,
  .F.,.F.,(2,2),(0.,0.707106781187),.PIECEWISE_BEZIER_KNOTS.);
#13627 = CARTESIAN_POINT('',(-6.28318530718,0.));
#13628 = CARTESIAN_POINT('',(-6.28318530718,-0.5));
#13629 = ( GEOMETRIC_REPRESENTATION_CONTEXT(2) 
PARAMETRIC_REPRESENTATION_CONTEXT() REPRESENTATION_CONTEXT('2D SPACE',''
  ) );
#13630 = ORIENTED_EDGE('',*,*,#9415,.T.);
#13631 = ORIENTED_EDGE('',*,*,#13610,.T.);
#13632 = ORIENTED_EDGE('',*,*,#13633,.F.);
#13633 = EDGE_CURVE('',#13611,#13611,#13634,.T.);
#13634 = SURFACE_CURVE('',#13635,(#13640,#13647),.PCURVE_S1.);
#13635 = CIRCLE('',#13636,5.);
#13636 = AXIS2_PLACEMENT_3D('',#13637,#13638,#13639);
#13637 = CARTESIAN_POINT('',(-2.8,52.,-34.));
#13638 = DIRECTION('',(1.,-0.,2.22044604925E-16));
#13639 = DIRECTION('',(2.22044604925E-16,0.,-1.));
#13640 = PCURVE('',#9430,#13641);
#13641 = DEFINITIONAL_REPRESENTATION('',(#13642),#13646);
#13642 = LINE('',#13643,#13644);
#13643 = CARTESIAN_POINT('',(-0.,-0.5));
#13644 = VECTOR('',#13645,1.);
#13645 = DIRECTION('',(-1.,-0.));
#13646 = ( GEOMETRIC_REPRESENTATION_CONTEXT(2) 
PARAMETRIC_REPRESENTATION_CONTEXT() REPRESENTATION_CONTEXT('2D SPACE',''
  ) );
#13647 = PCURVE('',#13648,#13653);
#13648 = PLANE('',#13649);
#13649 = AXIS2_PLACEMENT_3D('',#13650,#13651,#13652);
#13650 = CARTESIAN_POINT('',(-2.8,52.,-34.));
#13651 = DIRECTION('',(1.,0.,2.22044604925E-16));
#13652 = DIRECTION('',(2.22044604925E-16,0.,-1.));
#13653 = DEFINITIONAL_REPRESENTATION('',(#13654),#13658);
#13654 = CIRCLE('',#13655,5.);
#13655 = AXIS2_PLACEMENT_2D('',#13656,#13657);
#13656 = CARTESIAN_POINT('',(0.,0.));
#13657 = DIRECTION('',(1.,0.));
#13658 = ( GEOMETRIC_REPRESENTATION_CONTEXT(2) 
PARAMETRIC_REPRESENTATION_CONTEXT() REPRESENTATION_CONTEXT('2D SPACE',''
  ) );
#13659 = ADVANCED_FACE('',(#13660),#9487,.T.);
#13660 = FACE_BOUND('',#13661,.T.);
#13661 = EDGE_LOOP('',(#13662,#13685,#13686,#13709));
#13662 = ORIENTED_EDGE('',*,*,#13663,.T.);
#13663 = EDGE_CURVE('',#13664,#9472,#13666,.T.);
#13664 = VERTEX_POINT('',#13665);
#13665 = CARTESIAN_POINT('',(30.,-4.961455849863,6.75));
#13666 = SURFACE_CURVE('',#13667,(#13671,#13678),.PCURVE_S1.);
#13667 = LINE('',#13668,#13669);
#13668 = CARTESIAN_POINT('',(29.875,-4.961455849863,6.625));
#13669 = VECTOR('',#13670,1.);
#13670 = DIRECTION('',(-0.707106781187,3.935502033168E-17,
    -0.707106781187));
#13671 = PCURVE('',#9487,#13672);
#13672 = DEFINITIONAL_REPRESENTATION('',(#13673),#13677);
#13673 = LINE('',#13674,#13675);
#13674 = CARTESIAN_POINT('',(0.5,0.176776695297));
#13675 = VECTOR('',#13676,1.);
#13676 = DIRECTION('',(1.543494468616E-16,-1.));
#13677 = ( GEOMETRIC_REPRESENTATION_CONTEXT(2) 
PARAMETRIC_REPRESENTATION_CONTEXT() REPRESENTATION_CONTEXT('2D SPACE',''
  ) );
#13678 = PCURVE('',#9540,#13679);
#13679 = DEFINITIONAL_REPRESENTATION('',(#13680),#13684);
#13680 = LINE('',#13681,#13682);
#13681 = CARTESIAN_POINT('',(4.599886416231E-02,0.170687153869));
#13682 = VECTOR('',#13683,1.);
#13683 = DIRECTION('',(0.260208870208,0.965552351696));
#13684 = ( GEOMETRIC_REPRESENTATION_CONTEXT(2) 
PARAMETRIC_REPRESENTATION_CONTEXT() REPRESENTATION_CONTEXT('2D SPACE',''
  ) );
#13685 = ORIENTED_EDGE('',*,*,#9471,.T.);
#13686 = ORIENTED_EDGE('',*,*,#13687,.F.);
#13687 = EDGE_CURVE('',#13688,#9449,#13690,.T.);
#13688 = VERTEX_POINT('',#13689);
#13689 = CARTESIAN_POINT('',(30.,4.961455849863,6.75));
#13690 = SURFACE_CURVE('',#13691,(#13695,#13702),.PCURVE_S1.);
#13691 = LINE('',#13692,#13693);
#13692 = CARTESIAN_POINT('',(29.755603480658,4.961455849863,
    6.505603480658));
#13693 = VECTOR('',#13694,1.);
#13694 = DIRECTION('',(-0.707106781187,-2.561145881216E-15,
    -0.707106781187));
#13695 = PCURVE('',#9487,#13696);
#13696 = DEFINITIONAL_REPRESENTATION('',(#13697),#13701);
#13697 = LINE('',#13698,#13699);
#13698 = CARTESIAN_POINT('',(10.422911699725,7.92451834341E-03));
#13699 = VECTOR('',#13700,1.);
#13700 = DIRECTION('',(-2.446151454686E-15,-1.));
#13701 = ( GEOMETRIC_REPRESENTATION_CONTEXT(2) 
PARAMETRIC_REPRESENTATION_CONTEXT() REPRESENTATION_CONTEXT('2D SPACE',''
  ) );
#13702 = PCURVE('',#9594,#13703);
#13703 = DEFINITIONAL_REPRESENTATION('',(#13704),#13708);
#13704 = LINE('',#13705,#13706);
#13705 = CARTESIAN_POINT('',(1.207884601294,0.333722770415));
#13706 = VECTOR('',#13707,1.);
#13707 = DIRECTION('',(-0.260208870208,0.965552351696));
#13708 = ( GEOMETRIC_REPRESENTATION_CONTEXT(2) 
PARAMETRIC_REPRESENTATION_CONTEXT() REPRESENTATION_CONTEXT('2D SPACE',''
  ) );
#13709 = ORIENTED_EDGE('',*,*,#13710,.F.);
#13710 = EDGE_CURVE('',#13664,#13688,#13711,.T.);
#13711 = SURFACE_CURVE('',#13712,(#13716,#13723),.PCURVE_S1.);
#13712 = LINE('',#13713,#13714);
#13713 = CARTESIAN_POINT('',(30.,-5.461455849863,6.75));
#13714 = VECTOR('',#13715,1.);
#13715 = DIRECTION('',(0.,1.,-1.626266775959E-16));
#13716 = PCURVE('',#9487,#13717);
#13717 = DEFINITIONAL_REPRESENTATION('',(#13718),#13722);
#13718 = LINE('',#13719,#13720);
#13719 = CARTESIAN_POINT('',(0.,0.353553390593));
#13720 = VECTOR('',#13721,1.);
#13721 = DIRECTION('',(1.,0.));
#13722 = ( GEOMETRIC_REPRESENTATION_CONTEXT(2) 
PARAMETRIC_REPRESENTATION_CONTEXT() REPRESENTATION_CONTEXT('2D SPACE',''
  ) );
#13723 = PCURVE('',#13724,#13729);
#13724 = PLANE('',#13725);
#13725 = AXIS2_PLACEMENT_3D('',#13726,#13727,#13728);
#13726 = CARTESIAN_POINT('',(30.,-2.964733214273E-16,-2.964733214273E-16
    ));
#13727 = DIRECTION('',(1.,0.,0.));
#13728 = DIRECTION('',(0.,1.,0.));
#13729 = DEFINITIONAL_REPRESENTATION('',(#13730),#13734);
#13730 = LINE('',#13731,#13732);
#13731 = CARTESIAN_POINT('',(-5.461455849863,6.75));
#13732 = VECTOR('',#13733,1.);
#13733 = DIRECTION('',(1.,-1.626266775959E-16));
#13734 = ( GEOMETRIC_REPRESENTATION_CONTEXT(2) 
PARAMETRIC_REPRESENTATION_CONTEXT() REPRESENTATION_CONTEXT('2D SPACE',''
  ) );
#13735 = ADVANCED_FACE('',(#13736),#9540,.T.);
#13736 = FACE_BOUND('',#13737,.T.);
#13737 = EDGE_LOOP('',(#13738,#13739,#13762,#13783));
#13738 = ORIENTED_EDGE('',*,*,#13663,.F.);
#13739 = ORIENTED_EDGE('',*,*,#13740,.T.);
#13740 = EDGE_CURVE('',#13664,#13741,#13743,.T.);
#13741 = VERTEX_POINT('',#13742);
#13742 = CARTESIAN_POINT('',(30.,-6.168207302689,6.272413922633));
#13743 = SURFACE_CURVE('',#13744,(#13748,#13755),.PCURVE_S1.);
#13744 = LINE('',#13745,#13746);
#13745 = CARTESIAN_POINT('',(30.,-3.971481015201,7.141794181702));
#13746 = VECTOR('',#13747,1.);
#13747 = DIRECTION('',(0.,-0.929829386355,-0.367990913299));
#13748 = PCURVE('',#9540,#13749);
#13749 = DEFINITIONAL_REPRESENTATION('',(#13750),#13754);
#13750 = LINE('',#13751,#13752);
#13751 = CARTESIAN_POINT('',(-1.064684391771,2.089785195621E-15));
#13752 = VECTOR('',#13753,1.);
#13753 = DIRECTION('',(1.,-3.517360994155E-17));
#13754 = ( GEOMETRIC_REPRESENTATION_CONTEXT(2) 
PARAMETRIC_REPRESENTATION_CONTEXT() REPRESENTATION_CONTEXT('2D SPACE',''
  ) );
#13755 = PCURVE('',#13724,#13756);
#13756 = DEFINITIONAL_REPRESENTATION('',(#13757),#13761);
#13757 = LINE('',#13758,#13759);
#13758 = CARTESIAN_POINT('',(-3.971481015201,7.141794181702));
#13759 = VECTOR('',#13760,1.);
#13760 = DIRECTION('',(-0.929829386355,-0.367990913299));
#13761 = ( GEOMETRIC_REPRESENTATION_CONTEXT(2) 
PARAMETRIC_REPRESENTATION_CONTEXT() REPRESENTATION_CONTEXT('2D SPACE',''
  ) );
#13762 = ORIENTED_EDGE('',*,*,#13763,.T.);
#13763 = EDGE_CURVE('',#13741,#9525,#13764,.T.);
#13764 = SURFACE_CURVE('',#13765,(#13769,#13776),.PCURVE_S1.);
#13765 = LINE('',#13766,#13767);
#13766 = CARTESIAN_POINT('',(29.755603480658,-6.000957592255,
    6.094208442846));
#13767 = VECTOR('',#13768,1.);
#13768 = DIRECTION('',(-0.707106781187,0.48389970822,-0.515597781594));
#13769 = PCURVE('',#9540,#13770);
#13770 = DEFINITIONAL_REPRESENTATION('',(#13771),#13775);
#13771 = LINE('',#13772,#13773);
#13772 = CARTESIAN_POINT('',(1.207884601294,0.333722770415));
#13773 = VECTOR('',#13774,1.);
#13774 = DIRECTION('',(-0.260208870208,0.965552351696));
#13775 = ( GEOMETRIC_REPRESENTATION_CONTEXT(2) 
PARAMETRIC_REPRESENTATION_CONTEXT() REPRESENTATION_CONTEXT('2D SPACE',''
  ) );
#13776 = PCURVE('',#9670,#13777);
#13777 = DEFINITIONAL_REPRESENTATION('',(#13778),#13782);
#13778 = LINE('',#13779,#13780);
#13779 = CARTESIAN_POINT('',(8.961011677533E-02,7.924518343423E-03));
#13780 = VECTOR('',#13781,1.);
#13781 = DIRECTION('',(-4.185166482046E-16,-1.));
#13782 = ( GEOMETRIC_REPRESENTATION_CONTEXT(2) 
PARAMETRIC_REPRESENTATION_CONTEXT() REPRESENTATION_CONTEXT('2D SPACE',''
  ) );
#13783 = ORIENTED_EDGE('',*,*,#9524,.F.);
#13784 = ADVANCED_FACE('',(#13785),#9594,.T.);
#13785 = FACE_BOUND('',#13786,.T.);
#13786 = EDGE_LOOP('',(#13787,#13810,#13831,#13832));
#13787 = ORIENTED_EDGE('',*,*,#13788,.F.);
#13788 = EDGE_CURVE('',#13789,#9579,#13791,.T.);
#13789 = VERTEX_POINT('',#13790);
#13790 = CARTESIAN_POINT('',(30.,6.168207302689,6.272413922633));
#13791 = SURFACE_CURVE('',#13792,(#13796,#13803),.PCURVE_S1.);
#13792 = LINE('',#13793,#13794);
#13793 = CARTESIAN_POINT('',(29.875,6.082665111415,6.181268250701));
#13794 = VECTOR('',#13795,1.);
#13795 = DIRECTION('',(-0.707106781187,-0.48389970822,-0.515597781594));
#13796 = PCURVE('',#9594,#13797);
#13797 = DEFINITIONAL_REPRESENTATION('',(#13798),#13802);
#13798 = LINE('',#13799,#13800);
#13799 = CARTESIAN_POINT('',(4.599886416232E-02,0.170687153869));
#13800 = VECTOR('',#13801,1.);
#13801 = DIRECTION('',(0.260208870208,0.965552351696));
#13802 = ( GEOMETRIC_REPRESENTATION_CONTEXT(2) 
PARAMETRIC_REPRESENTATION_CONTEXT() REPRESENTATION_CONTEXT('2D SPACE',''
  ) );
#13803 = PCURVE('',#9722,#13804);
#13804 = DEFINITIONAL_REPRESENTATION('',(#13805),#13809);
#13805 = LINE('',#13806,#13807);
#13806 = CARTESIAN_POINT('',(0.5,0.176776695297));
#13807 = VECTOR('',#13808,1.);
#13808 = DIRECTION('',(1.583524439901E-15,-1.));
#13809 = ( GEOMETRIC_REPRESENTATION_CONTEXT(2) 
PARAMETRIC_REPRESENTATION_CONTEXT() REPRESENTATION_CONTEXT('2D SPACE',''
  ) );
#13810 = ORIENTED_EDGE('',*,*,#13811,.T.);
#13811 = EDGE_CURVE('',#13789,#13688,#13812,.T.);
#13812 = SURFACE_CURVE('',#13813,(#13817,#13824),.PCURVE_S1.);
#13813 = LINE('',#13814,#13815);
#13814 = CARTESIAN_POINT('',(30.,4.574856741614,6.903001143019));
#13815 = VECTOR('',#13816,1.);
#13816 = DIRECTION('',(0.,-0.929829386355,0.367990913299));
#13817 = PCURVE('',#9594,#13818);
#13818 = DEFINITIONAL_REPRESENTATION('',(#13819),#13823);
#13819 = LINE('',#13820,#13821);
#13820 = CARTESIAN_POINT('',(1.713594541598,-1.297392663237E-16));
#13821 = VECTOR('',#13822,1.);
#13822 = DIRECTION('',(1.,-5.675827558444E-17));
#13823 = ( GEOMETRIC_REPRESENTATION_CONTEXT(2) 
PARAMETRIC_REPRESENTATION_CONTEXT() REPRESENTATION_CONTEXT('2D SPACE',''
  ) );
#13824 = PCURVE('',#13724,#13825);
#13825 = DEFINITIONAL_REPRESENTATION('',(#13826),#13830);
#13826 = LINE('',#13827,#13828);
#13827 = CARTESIAN_POINT('',(4.574856741614,6.903001143019));
#13828 = VECTOR('',#13829,1.);
#13829 = DIRECTION('',(-0.929829386355,0.367990913299));
#13830 = ( GEOMETRIC_REPRESENTATION_CONTEXT(2) 
PARAMETRIC_REPRESENTATION_CONTEXT() REPRESENTATION_CONTEXT('2D SPACE',''
  ) );
#13831 = ORIENTED_EDGE('',*,*,#13687,.T.);
#13832 = ORIENTED_EDGE('',*,*,#9578,.F.);
#13833 = ADVANCED_FACE('',(#13834),#9670,.T.);
#13834 = FACE_BOUND('',#13835,.T.);
#13835 = EDGE_LOOP('',(#13836,#13857,#13858,#13859));
#13836 = ORIENTED_EDGE('',*,*,#13837,.F.);
#13837 = EDGE_CURVE('',#9632,#13838,#13840,.T.);
#13838 = VERTEX_POINT('',#13839);
#13839 = CARTESIAN_POINT('',(30.,-6.258567203776,6.185879028884));
#13840 = SURFACE_CURVE('',#13841,(#13845,#13851),.PCURVE_S1.);
#13841 = LINE('',#13842,#13843);
#13842 = CARTESIAN_POINT('',(29.75,-6.074973167906,6.016193348897));
#13843 = VECTOR('',#13844,1.);
#13844 = DIRECTION('',(0.707106781187,-0.519282350997,0.479943579958));
#13845 = PCURVE('',#9670,#13846);
#13846 = DEFINITIONAL_REPRESENTATION('',(#13847),#13850);
#13847 = B_SPLINE_CURVE_WITH_KNOTS('',1,(#13848,#13849),.UNSPECIFIED.,
  .F.,.F.,(2,2),(-0.353553390593,0.353553390593),
  .PIECEWISE_BEZIER_KNOTS.);
#13848 = CARTESIAN_POINT('',(-2.22044604925E-16,-0.353553390593));
#13849 = CARTESIAN_POINT('',(-2.22044604925E-16,0.353553390593));
#13850 = ( GEOMETRIC_REPRESENTATION_CONTEXT(2) 
PARAMETRIC_REPRESENTATION_CONTEXT() REPRESENTATION_CONTEXT('2D SPACE',''
  ) );
#13851 = PCURVE('',#9778,#13852);
#13852 = DEFINITIONAL_REPRESENTATION('',(#13853),#13856);
#13853 = B_SPLINE_CURVE_WITH_KNOTS('',1,(#13854,#13855),.UNSPECIFIED.,
  .F.,.F.,(2,2),(-0.353553390593,0.353553390593),
  .PIECEWISE_BEZIER_KNOTS.);
#13854 = CARTESIAN_POINT('',(0.589610116775,-0.353553390593));
#13855 = CARTESIAN_POINT('',(0.589610116775,0.353553390593));
#13856 = ( GEOMETRIC_REPRESENTATION_CONTEXT(2) 
PARAMETRIC_REPRESENTATION_CONTEXT() REPRESENTATION_CONTEXT('2D SPACE',''
  ) );
#13857 = ORIENTED_EDGE('',*,*,#9656,.T.);
#13858 = ORIENTED_EDGE('',*,*,#13763,.F.);
#13859 = ORIENTED_EDGE('',*,*,#13860,.F.);
#13860 = EDGE_CURVE('',#13838,#13741,#13861,.T.);
#13861 = SURFACE_CURVE('',#13862,(#13866,#13873),.PCURVE_S1.);
#13862 = LINE('',#13863,#13864);
#13863 = CARTESIAN_POINT('',(30.,-6.233547897133,6.211090356639));
#13864 = VECTOR('',#13865,1.);
#13865 = DIRECTION('',(-0.,0.729165375459,0.684337530193));
#13866 = PCURVE('',#9670,#13867);
#13867 = DEFINITIONAL_REPRESENTATION('',(#13868),#13872);
#13868 = LINE('',#13869,#13870);
#13869 = CARTESIAN_POINT('',(-3.885780586188E-16,0.353553390593));
#13870 = VECTOR('',#13871,1.);
#13871 = DIRECTION('',(1.,0.));
#13872 = ( GEOMETRIC_REPRESENTATION_CONTEXT(2) 
PARAMETRIC_REPRESENTATION_CONTEXT() REPRESENTATION_CONTEXT('2D SPACE',''
  ) );
#13873 = PCURVE('',#13724,#13874);
#13874 = DEFINITIONAL_REPRESENTATION('',(#13875),#13879);
#13875 = LINE('',#13876,#13877);
#13876 = CARTESIAN_POINT('',(-6.233547897133,6.211090356639));
#13877 = VECTOR('',#13878,1.);
#13878 = DIRECTION('',(0.729165375459,0.684337530193));
#13879 = ( GEOMETRIC_REPRESENTATION_CONTEXT(2) 
PARAMETRIC_REPRESENTATION_CONTEXT() REPRESENTATION_CONTEXT('2D SPACE',''
  ) );
#13880 = ADVANCED_FACE('',(#13881),#9722,.T.);
#13881 = FACE_BOUND('',#13882,.T.);
#13882 = EDGE_LOOP('',(#13883,#13884,#13885,#13906));
#13883 = ORIENTED_EDGE('',*,*,#13788,.T.);
#13884 = ORIENTED_EDGE('',*,*,#9708,.T.);
#13885 = ORIENTED_EDGE('',*,*,#13886,.T.);
#13886 = EDGE_CURVE('',#9686,#13887,#13889,.T.);
#13887 = VERTEX_POINT('',#13888);
#13888 = CARTESIAN_POINT('',(30.,6.233547897133,6.211090356639));
#13889 = SURFACE_CURVE('',#13890,(#13894,#13900),.PCURVE_S1.);
#13890 = LINE('',#13891,#13892);
#13891 = CARTESIAN_POINT('',(29.75,6.062463514584,6.028799012774));
#13892 = VECTOR('',#13893,1.);
#13893 = DIRECTION('',(0.707106781187,0.48389970822,0.515597781594));
#13894 = PCURVE('',#9722,#13895);
#13895 = DEFINITIONAL_REPRESENTATION('',(#13896),#13899);
#13896 = B_SPLINE_CURVE_WITH_KNOTS('',1,(#13897,#13898),.UNSPECIFIED.,
  .F.,.F.,(2,2),(-0.353553390593,0.353553390593),
  .PIECEWISE_BEZIER_KNOTS.);
#13897 = CARTESIAN_POINT('',(0.589610116775,-0.353553390593));
#13898 = CARTESIAN_POINT('',(0.589610116775,0.353553390593));
#13899 = ( GEOMETRIC_REPRESENTATION_CONTEXT(2) 
PARAMETRIC_REPRESENTATION_CONTEXT() REPRESENTATION_CONTEXT('2D SPACE',''
  ) );
#13900 = PCURVE('',#9832,#13901);
#13901 = DEFINITIONAL_REPRESENTATION('',(#13902),#13905);
#13902 = B_SPLINE_CURVE_WITH_KNOTS('',1,(#13903,#13904),.UNSPECIFIED.,
  .F.,.F.,(2,2),(-0.353553390593,0.353553390593),
  .PIECEWISE_BEZIER_KNOTS.);
#13903 = CARTESIAN_POINT('',(3.330669073875E-16,-0.353553390593));
#13904 = CARTESIAN_POINT('',(3.330669073875E-16,0.353553390593));
#13905 = ( GEOMETRIC_REPRESENTATION_CONTEXT(2) 
PARAMETRIC_REPRESENTATION_CONTEXT() REPRESENTATION_CONTEXT('2D SPACE',''
  ) );
#13906 = ORIENTED_EDGE('',*,*,#13907,.F.);
#13907 = EDGE_CURVE('',#13789,#13887,#13908,.T.);
#13908 = SURFACE_CURVE('',#13909,(#13913,#13920),.PCURVE_S1.);
#13909 = LINE('',#13910,#13911);
#13910 = CARTESIAN_POINT('',(30.,5.803624614959,6.61458268773));
#13911 = VECTOR('',#13912,1.);
#13912 = DIRECTION('',(0.,0.729165375459,-0.684337530193));
#13913 = PCURVE('',#9722,#13914);
#13914 = DEFINITIONAL_REPRESENTATION('',(#13915),#13919);
#13915 = LINE('',#13916,#13917);
#13916 = CARTESIAN_POINT('',(2.22044604925E-16,0.353553390593));
#13917 = VECTOR('',#13918,1.);
#13918 = DIRECTION('',(1.,0.));
#13919 = ( GEOMETRIC_REPRESENTATION_CONTEXT(2) 
PARAMETRIC_REPRESENTATION_CONTEXT() REPRESENTATION_CONTEXT('2D SPACE',''
  ) );
#13920 = PCURVE('',#13724,#13921);
#13921 = DEFINITIONAL_REPRESENTATION('',(#13922),#13926);
#13922 = LINE('',#13923,#13924);
#13923 = CARTESIAN_POINT('',(5.803624614959,6.61458268773));
#13924 = VECTOR('',#13925,1.);
#13925 = DIRECTION('',(0.729165375459,-0.684337530193));
#13926 = ( GEOMETRIC_REPRESENTATION_CONTEXT(2) 
PARAMETRIC_REPRESENTATION_CONTEXT() REPRESENTATION_CONTEXT('2D SPACE',''
  ) );
#13927 = ADVANCED_FACE('',(#13928),#9778,.T.);
#13928 = FACE_BOUND('',#13929,.T.);
#13929 = EDGE_LOOP('',(#13930,#13951,#13952,#13953));
#13930 = ORIENTED_EDGE('',*,*,#13931,.F.);
#13931 = EDGE_CURVE('',#9740,#13932,#13934,.T.);
#13932 = VERTEX_POINT('',#13933);
#13933 = CARTESIAN_POINT('',(30.,-6.681927141051,5.725959525343));
#13934 = SURFACE_CURVE('',#13935,(#13939,#13945),.PCURVE_S1.);
#13935 = LINE('',#13936,#13937);
#13936 = CARTESIAN_POINT('',(29.75,-6.486749923729,5.569735795268));
#13937 = VECTOR('',#13938,1.);
#13938 = DIRECTION('',(0.707106781187,-0.552044535607,0.441867435671));
#13939 = PCURVE('',#9778,#13940);
#13940 = DEFINITIONAL_REPRESENTATION('',(#13941),#13944);
#13941 = B_SPLINE_CURVE_WITH_KNOTS('',1,(#13942,#13943),.UNSPECIFIED.,
  .F.,.F.,(2,2),(-0.353553390593,0.353553390593),
  .PIECEWISE_BEZIER_KNOTS.);
#13942 = CARTESIAN_POINT('',(-2.775557561563E-16,-0.353553390593));
#13943 = CARTESIAN_POINT('',(-2.775557561563E-16,0.353553390593));
#13944 = ( GEOMETRIC_REPRESENTATION_CONTEXT(2) 
PARAMETRIC_REPRESENTATION_CONTEXT() REPRESENTATION_CONTEXT('2D SPACE',''
  ) );
#13945 = PCURVE('',#9886,#13946);
#13946 = DEFINITIONAL_REPRESENTATION('',(#13947),#13950);
#13947 = B_SPLINE_CURVE_WITH_KNOTS('',1,(#13948,#13949),.UNSPECIFIED.,
  .F.,.F.,(2,2),(-0.353553390593,0.353553390593),
  .PIECEWISE_BEZIER_KNOTS.);
#13948 = CARTESIAN_POINT('',(0.589610116775,-0.353553390593));
#13949 = CARTESIAN_POINT('',(0.589610116775,0.353553390593));
#13950 = ( GEOMETRIC_REPRESENTATION_CONTEXT(2) 
PARAMETRIC_REPRESENTATION_CONTEXT() REPRESENTATION_CONTEXT('2D SPACE',''
  ) );
#13951 = ORIENTED_EDGE('',*,*,#9764,.T.);
#13952 = ORIENTED_EDGE('',*,*,#13837,.T.);
#13953 = ORIENTED_EDGE('',*,*,#13954,.F.);
#13954 = EDGE_CURVE('',#13932,#13838,#13955,.T.);
#13955 = SURFACE_CURVE('',#13956,(#13960,#13967),.PCURVE_S1.);
#13956 = LINE('',#13957,#13958);
#13957 = CARTESIAN_POINT('',(30.,-6.658760778147,5.752883425169));
#13958 = VECTOR('',#13959,1.);
#13959 = DIRECTION('',(-0.,0.678742719951,0.734376143481));
#13960 = PCURVE('',#9778,#13961);
#13961 = DEFINITIONAL_REPRESENTATION('',(#13962),#13966);
#13962 = LINE('',#13963,#13964);
#13963 = CARTESIAN_POINT('',(8.881784197001E-16,0.353553390593));
#13964 = VECTOR('',#13965,1.);
#13965 = DIRECTION('',(1.,0.));
#13966 = ( GEOMETRIC_REPRESENTATION_CONTEXT(2) 
PARAMETRIC_REPRESENTATION_CONTEXT() REPRESENTATION_CONTEXT('2D SPACE',''
  ) );
#13967 = PCURVE('',#13724,#13968);
#13968 = DEFINITIONAL_REPRESENTATION('',(#13969),#13973);
#13969 = LINE('',#13970,#13971);
#13970 = CARTESIAN_POINT('',(-6.658760778147,5.752883425169));
#13971 = VECTOR('',#13972,1.);
#13972 = DIRECTION('',(0.678742719951,0.734376143481));
#13973 = ( GEOMETRIC_REPRESENTATION_CONTEXT(2) 
PARAMETRIC_REPRESENTATION_CONTEXT() REPRESENTATION_CONTEXT('2D SPACE',''
  ) );
#13974 = ADVANCED_FACE('',(#13975),#9832,.T.);
#13975 = FACE_BOUND('',#13976,.T.);
#13976 = EDGE_LOOP('',(#13977,#13978,#13979,#14000));
#13977 = ORIENTED_EDGE('',*,*,#13886,.F.);
#13978 = ORIENTED_EDGE('',*,*,#9818,.T.);
#13979 = ORIENTED_EDGE('',*,*,#13980,.T.);
#13980 = EDGE_CURVE('',#9796,#13981,#13983,.T.);
#13981 = VERTEX_POINT('',#13982);
#13982 = CARTESIAN_POINT('',(30.,6.658760778147,5.752883425169));
#13983 = SURFACE_CURVE('',#13984,(#13988,#13994),.PCURVE_S1.);
#13984 = LINE('',#13985,#13986);
#13985 = CARTESIAN_POINT('',(29.75,6.475166742277,5.583197745182));
#13986 = VECTOR('',#13987,1.);
#13987 = DIRECTION('',(0.707106781187,0.519282350997,0.479943579958));
#13988 = PCURVE('',#9832,#13989);
#13989 = DEFINITIONAL_REPRESENTATION('',(#13990),#13993);
#13990 = B_SPLINE_CURVE_WITH_KNOTS('',1,(#13991,#13992),.UNSPECIFIED.,
  .F.,.F.,(2,2),(-0.353553390593,0.353553390593),
  .PIECEWISE_BEZIER_KNOTS.);
#13991 = CARTESIAN_POINT('',(0.589610116775,-0.353553390593));
#13992 = CARTESIAN_POINT('',(0.589610116775,0.353553390593));
#13993 = ( GEOMETRIC_REPRESENTATION_CONTEXT(2) 
PARAMETRIC_REPRESENTATION_CONTEXT() REPRESENTATION_CONTEXT('2D SPACE',''
  ) );
#13994 = PCURVE('',#9940,#13995);
#13995 = DEFINITIONAL_REPRESENTATION('',(#13996),#13999);
#13996 = B_SPLINE_CURVE_WITH_KNOTS('',1,(#13997,#13998),.UNSPECIFIED.,
  .F.,.F.,(2,2),(-0.353553390593,0.353553390593),
  .PIECEWISE_BEZIER_KNOTS.);
#13997 = CARTESIAN_POINT('',(0.,-0.353553390593));
#13998 = CARTESIAN_POINT('',(0.,0.353553390593));
#13999 = ( GEOMETRIC_REPRESENTATION_CONTEXT(2) 
PARAMETRIC_REPRESENTATION_CONTEXT() REPRESENTATION_CONTEXT('2D SPACE',''
  ) );
#14000 = ORIENTED_EDGE('',*,*,#14001,.F.);
#14001 = EDGE_CURVE('',#13887,#13981,#14002,.T.);
#14002 = SURFACE_CURVE('',#14003,(#14007,#14014),.PCURVE_S1.);
#14003 = LINE('',#14004,#14005);
#14004 = CARTESIAN_POINT('',(30.,6.258567203776,6.185879028884));
#14005 = VECTOR('',#14006,1.);
#14006 = DIRECTION('',(0.,0.678742719951,-0.734376143481));
#14007 = PCURVE('',#9832,#14008);
#14008 = DEFINITIONAL_REPRESENTATION('',(#14009),#14013);
#14009 = LINE('',#14010,#14011);
#14010 = CARTESIAN_POINT('',(7.771561172376E-16,0.353553390593));
#14011 = VECTOR('',#14012,1.);
#14012 = DIRECTION('',(1.,0.));
#14013 = ( GEOMETRIC_REPRESENTATION_CONTEXT(2) 
PARAMETRIC_REPRESENTATION_CONTEXT() REPRESENTATION_CONTEXT('2D SPACE',''
  ) );
#14014 = PCURVE('',#13724,#14015);
#14015 = DEFINITIONAL_REPRESENTATION('',(#14016),#14020);
#14016 = LINE('',#14017,#14018);
#14017 = CARTESIAN_POINT('',(6.258567203776,6.185879028884));
#14018 = VECTOR('',#14019,1.);
#14019 = DIRECTION('',(0.678742719951,-0.734376143481));
#14020 = ( GEOMETRIC_REPRESENTATION_CONTEXT(2) 
PARAMETRIC_REPRESENTATION_CONTEXT() REPRESENTATION_CONTEXT('2D SPACE',''
  ) );
#14021 = ADVANCED_FACE('',(#14022),#9886,.T.);
#14022 = FACE_BOUND('',#14023,.T.);
#14023 = EDGE_LOOP('',(#14024,#14045,#14046,#14047));
#14024 = ORIENTED_EDGE('',*,*,#14025,.F.);
#14025 = EDGE_CURVE('',#9848,#14026,#14028,.T.);
#14026 = VERTEX_POINT('',#14027);
#14027 = CARTESIAN_POINT('',(30.,-7.071568022565,5.237145072119));
#14028 = SURFACE_CURVE('',#14029,(#14033,#14039),.PCURVE_S1.);
#14029 = LINE('',#14030,#14031);
#14030 = CARTESIAN_POINT('',(29.75,-6.86579254795,5.095171644862));
#14031 = VECTOR('',#14032,1.);
#14032 = DIRECTION('',(0.707106781187,-0.582020934008,0.401561492647));
#14033 = PCURVE('',#9886,#14034);
#14034 = DEFINITIONAL_REPRESENTATION('',(#14035),#14038);
#14035 = B_SPLINE_CURVE_WITH_KNOTS('',1,(#14036,#14037),.UNSPECIFIED.,
  .F.,.F.,(2,2),(-0.353553390593,0.353553390593),
  .PIECEWISE_BEZIER_KNOTS.);
#14036 = CARTESIAN_POINT('',(-5.551115123126E-17,-0.353553390593));
#14037 = CARTESIAN_POINT('',(-5.551115123126E-17,0.353553390593));
#14038 = ( GEOMETRIC_REPRESENTATION_CONTEXT(2) 
PARAMETRIC_REPRESENTATION_CONTEXT() REPRESENTATION_CONTEXT('2D SPACE',''
  ) );
#14039 = PCURVE('',#9994,#14040);
#14040 = DEFINITIONAL_REPRESENTATION('',(#14041),#14044);
#14041 = B_SPLINE_CURVE_WITH_KNOTS('',1,(#14042,#14043),.UNSPECIFIED.,
  .F.,.F.,(2,2),(-0.353553390593,0.353553390593),
  .PIECEWISE_BEZIER_KNOTS.);
#14042 = CARTESIAN_POINT('',(0.589610116775,-0.353553390593));
#14043 = CARTESIAN_POINT('',(0.589610116775,0.353553390593));
#14044 = ( GEOMETRIC_REPRESENTATION_CONTEXT(2) 
PARAMETRIC_REPRESENTATION_CONTEXT() REPRESENTATION_CONTEXT('2D SPACE',''
  ) );
#14045 = ORIENTED_EDGE('',*,*,#9872,.T.);
#14046 = ORIENTED_EDGE('',*,*,#13931,.T.);
#14047 = ORIENTED_EDGE('',*,*,#14048,.F.);
#14048 = EDGE_CURVE('',#14026,#13932,#14049,.T.);
#14049 = SURFACE_CURVE('',#14050,(#14054,#14061),.PCURVE_S1.);
#14050 = LINE('',#14051,#14052);
#14051 = CARTESIAN_POINT('',(30.,-7.05037150798,5.265645677754));
#14052 = VECTOR('',#14053,1.);
#14053 = DIRECTION('',(-0.,0.624894920297,0.780708869289));
#14054 = PCURVE('',#9886,#14055);
#14055 = DEFINITIONAL_REPRESENTATION('',(#14056),#14060);
#14056 = LINE('',#14057,#14058);
#14057 = CARTESIAN_POINT('',(2.775557561563E-16,0.353553390593));
#14058 = VECTOR('',#14059,1.);
#14059 = DIRECTION('',(1.,0.));
#14060 = ( GEOMETRIC_REPRESENTATION_CONTEXT(2) 
PARAMETRIC_REPRESENTATION_CONTEXT() REPRESENTATION_CONTEXT('2D SPACE',''
  ) );
#14061 = PCURVE('',#13724,#14062);
#14062 = DEFINITIONAL_REPRESENTATION('',(#14063),#14067);
#14063 = LINE('',#14064,#14065);
#14064 = CARTESIAN_POINT('',(-7.05037150798,5.265645677754));
#14065 = VECTOR('',#14066,1.);
#14066 = DIRECTION('',(0.624894920297,0.780708869289));
#14067 = ( GEOMETRIC_REPRESENTATION_CONTEXT(2) 
PARAMETRIC_REPRESENTATION_CONTEXT() REPRESENTATION_CONTEXT('2D SPACE',''
  ) );
#14068 = ADVANCED_FACE('',(#14069),#9940,.T.);
#14069 = FACE_BOUND('',#14070,.T.);
#14070 = EDGE_LOOP('',(#14071,#14072,#14073,#14094));
#14071 = ORIENTED_EDGE('',*,*,#13980,.F.);
#14072 = ORIENTED_EDGE('',*,*,#9926,.T.);
#14073 = ORIENTED_EDGE('',*,*,#14074,.T.);
#14074 = EDGE_CURVE('',#9904,#14075,#14077,.T.);
#14075 = VERTEX_POINT('',#14076);
#14076 = CARTESIAN_POINT('',(30.,7.05037150798,5.265645677754));
#14077 = SURFACE_CURVE('',#14078,(#14082,#14088),.PCURVE_S1.);
#14078 = LINE('',#14079,#14080);
#14079 = CARTESIAN_POINT('',(29.75,6.855194290657,5.109421947679));
#14080 = VECTOR('',#14081,1.);
#14081 = DIRECTION('',(0.707106781187,0.552044535607,0.441867435671));
#14082 = PCURVE('',#9940,#14083);
#14083 = DEFINITIONAL_REPRESENTATION('',(#14084),#14087);
#14084 = B_SPLINE_CURVE_WITH_KNOTS('',1,(#14085,#14086),.UNSPECIFIED.,
  .F.,.F.,(2,2),(-0.353553390593,0.353553390593),
  .PIECEWISE_BEZIER_KNOTS.);
#14085 = CARTESIAN_POINT('',(0.589610116775,-0.353553390593));
#14086 = CARTESIAN_POINT('',(0.589610116775,0.353553390593));
#14087 = ( GEOMETRIC_REPRESENTATION_CONTEXT(2) 
PARAMETRIC_REPRESENTATION_CONTEXT() REPRESENTATION_CONTEXT('2D SPACE',''
  ) );
#14088 = PCURVE('',#10048,#14089);
#14089 = DEFINITIONAL_REPRESENTATION('',(#14090),#14093);
#14090 = B_SPLINE_CURVE_WITH_KNOTS('',1,(#14091,#14092),.UNSPECIFIED.,
  .F.,.F.,(2,2),(-0.353553390593,0.353553390593),
  .PIECEWISE_BEZIER_KNOTS.);
#14091 = CARTESIAN_POINT('',(-3.330669073875E-16,-0.353553390593));
#14092 = CARTESIAN_POINT('',(-3.330669073875E-16,0.353553390593));
#14093 = ( GEOMETRIC_REPRESENTATION_CONTEXT(2) 
PARAMETRIC_REPRESENTATION_CONTEXT() REPRESENTATION_CONTEXT('2D SPACE',''
  ) );
#14094 = ORIENTED_EDGE('',*,*,#14095,.F.);
#14095 = EDGE_CURVE('',#13981,#14075,#14096,.T.);
#14096 = SURFACE_CURVE('',#14097,(#14101,#14108),.PCURVE_S1.);
#14097 = LINE('',#14098,#14099);
#14098 = CARTESIAN_POINT('',(30.,6.681927141051,5.725959525343));
#14099 = VECTOR('',#14100,1.);
#14100 = DIRECTION('',(0.,0.624894920297,-0.780708869289));
#14101 = PCURVE('',#9940,#14102);
#14102 = DEFINITIONAL_REPRESENTATION('',(#14103),#14107);
#14103 = LINE('',#14104,#14105);
#14104 = CARTESIAN_POINT('',(-2.775557561563E-16,0.353553390593));
#14105 = VECTOR('',#14106,1.);
#14106 = DIRECTION('',(1.,0.));
#14107 = ( GEOMETRIC_REPRESENTATION_CONTEXT(2) 
PARAMETRIC_REPRESENTATION_CONTEXT() REPRESENTATION_CONTEXT('2D SPACE',''
  ) );
#14108 = PCURVE('',#13724,#14109);
#14109 = DEFINITIONAL_REPRESENTATION('',(#14110),#14114);
#14110 = LINE('',#14111,#14112);
#14111 = CARTESIAN_POINT('',(6.681927141051,5.725959525343));
#14112 = VECTOR('',#14113,1.);
#14113 = DIRECTION('',(0.624894920297,-0.780708869289));
#14114 = ( GEOMETRIC_REPRESENTATION_CONTEXT(2) 
PARAMETRIC_REPRESENTATION_CONTEXT() REPRESENTATION_CONTEXT('2D SPACE',''
  ) );
#14115 = ADVANCED_FACE('',(#14116),#9994,.T.);
#14116 = FACE_BOUND('',#14117,.T.);
#14117 = EDGE_LOOP('',(#14118,#14139,#14140,#14141));
#14118 = ORIENTED_EDGE('',*,*,#14119,.F.);
#14119 = EDGE_CURVE('',#9956,#14120,#14122,.T.);
#14120 = VERTEX_POINT('',#14121);
#14121 = CARTESIAN_POINT('',(30.,-7.425523600806,4.721902377014));
#14122 = SURFACE_CURVE('',#14123,(#14127,#14133),.PCURVE_S1.);
#14123 = LINE('',#14124,#14125);
#14124 = CARTESIAN_POINT('',(29.75,-7.210188275118,4.594895694075));
#14125 = VECTOR('',#14126,1.);
#14126 = DIRECTION('',(0.707106781187,-0.60906027609,0.359229147048));
#14127 = PCURVE('',#9994,#14128);
#14128 = DEFINITIONAL_REPRESENTATION('',(#14129),#14132);
#14129 = B_SPLINE_CURVE_WITH_KNOTS('',1,(#14130,#14131),.UNSPECIFIED.,
  .F.,.F.,(2,2),(-0.353553390593,0.353553390593),
  .PIECEWISE_BEZIER_KNOTS.);
#14130 = CARTESIAN_POINT('',(1.110223024625E-16,-0.353553390593));
#14131 = CARTESIAN_POINT('',(1.110223024625E-16,0.353553390593));
#14132 = ( GEOMETRIC_REPRESENTATION_CONTEXT(2) 
PARAMETRIC_REPRESENTATION_CONTEXT() REPRESENTATION_CONTEXT('2D SPACE',''
  ) );
#14133 = PCURVE('',#10102,#14134);
#14134 = DEFINITIONAL_REPRESENTATION('',(#14135),#14138);
#14135 = B_SPLINE_CURVE_WITH_KNOTS('',1,(#14136,#14137),.UNSPECIFIED.,
  .F.,.F.,(2,2),(-0.353553390593,0.353553390593),
  .PIECEWISE_BEZIER_KNOTS.);
#14136 = CARTESIAN_POINT('',(0.589610116775,-0.353553390593));
#14137 = CARTESIAN_POINT('',(0.589610116775,0.353553390593));
#14138 = ( GEOMETRIC_REPRESENTATION_CONTEXT(2) 
PARAMETRIC_REPRESENTATION_CONTEXT() REPRESENTATION_CONTEXT('2D SPACE',''
  ) );
#14139 = ORIENTED_EDGE('',*,*,#9980,.T.);
#14140 = ORIENTED_EDGE('',*,*,#14025,.T.);
#14141 = ORIENTED_EDGE('',*,*,#14142,.F.);
#14142 = EDGE_CURVE('',#14120,#14026,#14143,.T.);
#14143 = SURFACE_CURVE('',#14144,(#14148,#14155),.PCURVE_S1.);
#14144 = LINE('',#14145,#14146);
#14145 = CARTESIAN_POINT('',(30.,-7.40640389866,4.751835865651));
#14146 = VECTOR('',#14147,1.);
#14147 = DIRECTION('',(-0.,0.567893709028,0.823101898459));
#14148 = PCURVE('',#9994,#14149);
#14149 = DEFINITIONAL_REPRESENTATION('',(#14150),#14154);
#14150 = LINE('',#14151,#14152);
#14151 = CARTESIAN_POINT('',(6.106226635438E-16,0.353553390593));
#14152 = VECTOR('',#14153,1.);
#14153 = DIRECTION('',(1.,0.));
#14154 = ( GEOMETRIC_REPRESENTATION_CONTEXT(2) 
PARAMETRIC_REPRESENTATION_CONTEXT() REPRESENTATION_CONTEXT('2D SPACE',''
  ) );
#14155 = PCURVE('',#13724,#14156);
#14156 = DEFINITIONAL_REPRESENTATION('',(#14157),#14161);
#14157 = LINE('',#14158,#14159);
#14158 = CARTESIAN_POINT('',(-7.40640389866,4.751835865651));
#14159 = VECTOR('',#14160,1.);
#14160 = DIRECTION('',(0.567893709028,0.823101898459));
#14161 = ( GEOMETRIC_REPRESENTATION_CONTEXT(2) 
PARAMETRIC_REPRESENTATION_CONTEXT() REPRESENTATION_CONTEXT('2D SPACE',''
  ) );
#14162 = ADVANCED_FACE('',(#14163),#10048,.T.);
#14163 = FACE_BOUND('',#14164,.T.);
#14164 = EDGE_LOOP('',(#14165,#14166,#14167,#14188));
#14165 = ORIENTED_EDGE('',*,*,#14074,.F.);
#14166 = ORIENTED_EDGE('',*,*,#10034,.T.);
#14167 = ORIENTED_EDGE('',*,*,#14168,.T.);
#14168 = EDGE_CURVE('',#10012,#14169,#14171,.T.);
#14169 = VERTEX_POINT('',#14170);
#14170 = CARTESIAN_POINT('',(30.,7.40640389866,4.751835865651));
#14171 = SURFACE_CURVE('',#14172,(#14176,#14182),.PCURVE_S1.);
#14172 = LINE('',#14173,#14174);
#14173 = CARTESIAN_POINT('',(29.75,7.200628424046,4.609862438394));
#14174 = VECTOR('',#14175,1.);
#14175 = DIRECTION('',(0.707106781187,0.582020934008,0.401561492647));
#14176 = PCURVE('',#10048,#14177);
#14177 = DEFINITIONAL_REPRESENTATION('',(#14178),#14181);
#14178 = B_SPLINE_CURVE_WITH_KNOTS('',1,(#14179,#14180),.UNSPECIFIED.,
  .F.,.F.,(2,2),(-0.353553390593,0.353553390593),
  .PIECEWISE_BEZIER_KNOTS.);
#14179 = CARTESIAN_POINT('',(0.589610116775,-0.353553390593));
#14180 = CARTESIAN_POINT('',(0.589610116775,0.353553390593));
#14181 = ( GEOMETRIC_REPRESENTATION_CONTEXT(2) 
PARAMETRIC_REPRESENTATION_CONTEXT() REPRESENTATION_CONTEXT('2D SPACE',''
  ) );
#14182 = PCURVE('',#10156,#14183);
#14183 = DEFINITIONAL_REPRESENTATION('',(#14184),#14187);
#14184 = B_SPLINE_CURVE_WITH_KNOTS('',1,(#14185,#14186),.UNSPECIFIED.,
  .F.,.F.,(2,2),(-0.353553390593,0.353553390593),
  .PIECEWISE_BEZIER_KNOTS.);
#14185 = CARTESIAN_POINT('',(3.885780586188E-16,-0.353553390593));
#14186 = CARTESIAN_POINT('',(3.885780586188E-16,0.353553390593));
#14187 = ( GEOMETRIC_REPRESENTATION_CONTEXT(2) 
PARAMETRIC_REPRESENTATION_CONTEXT() REPRESENTATION_CONTEXT('2D SPACE',''
  ) );
#14188 = ORIENTED_EDGE('',*,*,#14189,.F.);
#14189 = EDGE_CURVE('',#14075,#14169,#14190,.T.);
#14190 = SURFACE_CURVE('',#14191,(#14195,#14202),.PCURVE_S1.);
#14191 = LINE('',#14192,#14193);
#14192 = CARTESIAN_POINT('',(30.,7.071568022565,5.237145072119));
#14193 = VECTOR('',#14194,1.);
#14194 = DIRECTION('',(0.,0.567893709028,-0.823101898459));
#14195 = PCURVE('',#10048,#14196);
#14196 = DEFINITIONAL_REPRESENTATION('',(#14197),#14201);
#14197 = LINE('',#14198,#14199);
#14198 = CARTESIAN_POINT('',(-4.996003610813E-16,0.353553390593));
#14199 = VECTOR('',#14200,1.);
#14200 = DIRECTION('',(1.,0.));
#14201 = ( GEOMETRIC_REPRESENTATION_CONTEXT(2) 
PARAMETRIC_REPRESENTATION_CONTEXT() REPRESENTATION_CONTEXT('2D SPACE',''
  ) );
#14202 = PCURVE('',#13724,#14203);
#14203 = DEFINITIONAL_REPRESENTATION('',(#14204),#14208);
#14204 = LINE('',#14205,#14206);
#14205 = CARTESIAN_POINT('',(7.071568022565,5.237145072119));
#14206 = VECTOR('',#14207,1.);
#14207 = DIRECTION('',(0.567893709028,-0.823101898459));
#14208 = ( GEOMETRIC_REPRESENTATION_CONTEXT(2) 
PARAMETRIC_REPRESENTATION_CONTEXT() REPRESENTATION_CONTEXT('2D SPACE',''
  ) );
#14209 = ADVANCED_FACE('',(#14210),#10102,.T.);
#14210 = FACE_BOUND('',#14211,.T.);
#14211 = EDGE_LOOP('',(#14212,#14233,#14234,#14235));
#14212 = ORIENTED_EDGE('',*,*,#14213,.F.);
#14213 = EDGE_CURVE('',#10064,#14214,#14216,.T.);
#14214 = VERTEX_POINT('',#14215);
#14215 = CARTESIAN_POINT('',(30.,-7.74200770726,4.182831512852));
#14216 = SURFACE_CURVE('',#14217,(#14221,#14227),.PCURVE_S1.);
#14217 = LINE('',#14218,#14219);
#14218 = CARTESIAN_POINT('',(29.75,-7.518199178663,4.071432488945));
#14219 = VECTOR('',#14220,1.);
#14220 = DIRECTION('',(0.707106781187,-0.633026113033,0.315084020887));
#14221 = PCURVE('',#10102,#14222);
#14222 = DEFINITIONAL_REPRESENTATION('',(#14223),#14226);
#14223 = B_SPLINE_CURVE_WITH_KNOTS('',1,(#14224,#14225),.UNSPECIFIED.,
  .F.,.F.,(2,2),(-0.353553390593,0.353553390593),
  .PIECEWISE_BEZIER_KNOTS.);
#14224 = CARTESIAN_POINT('',(4.440892098501E-16,-0.353553390593));
#14225 = CARTESIAN_POINT('',(4.440892098501E-16,0.353553390593));
#14226 = ( GEOMETRIC_REPRESENTATION_CONTEXT(2) 
PARAMETRIC_REPRESENTATION_CONTEXT() REPRESENTATION_CONTEXT('2D SPACE',''
  ) );
#14227 = PCURVE('',#10210,#14228);
#14228 = DEFINITIONAL_REPRESENTATION('',(#14229),#14232);
#14229 = B_SPLINE_CURVE_WITH_KNOTS('',1,(#14230,#14231),.UNSPECIFIED.,
  .F.,.F.,(2,2),(-0.353553390593,0.353553390593),
  .PIECEWISE_BEZIER_KNOTS.);
#14230 = CARTESIAN_POINT('',(0.589610116775,-0.353553390593));
#14231 = CARTESIAN_POINT('',(0.589610116775,0.353553390593));
#14232 = ( GEOMETRIC_REPRESENTATION_CONTEXT(2) 
PARAMETRIC_REPRESENTATION_CONTEXT() REPRESENTATION_CONTEXT('2D SPACE',''
  ) );
#14233 = ORIENTED_EDGE('',*,*,#10088,.T.);
#14234 = ORIENTED_EDGE('',*,*,#14119,.T.);
#14235 = ORIENTED_EDGE('',*,*,#14236,.F.);
#14236 = EDGE_CURVE('',#14214,#14120,#14237,.T.);
#14237 = SURFACE_CURVE('',#14238,(#14242,#14249),.PCURVE_S1.);
#14238 = LINE('',#14239,#14240);
#14239 = CARTESIAN_POINT('',(30.,-7.725061301441,4.214046830916));
#14240 = VECTOR('',#14241,1.);
#14241 = DIRECTION('',(-0.,0.508026731755,0.86134130275));
#14242 = PCURVE('',#10102,#14243);
#14243 = DEFINITIONAL_REPRESENTATION('',(#14244),#14248);
#14244 = LINE('',#14245,#14246);
#14245 = CARTESIAN_POINT('',(3.885780586188E-16,0.353553390593));
#14246 = VECTOR('',#14247,1.);
#14247 = DIRECTION('',(1.,0.));
#14248 = ( GEOMETRIC_REPRESENTATION_CONTEXT(2) 
PARAMETRIC_REPRESENTATION_CONTEXT() REPRESENTATION_CONTEXT('2D SPACE',''
  ) );
#14249 = PCURVE('',#13724,#14250);
#14250 = DEFINITIONAL_REPRESENTATION('',(#14251),#14255);
#14251 = LINE('',#14252,#14253);
#14252 = CARTESIAN_POINT('',(-7.725061301441,4.214046830916));
#14253 = VECTOR('',#14254,1.);
#14254 = DIRECTION('',(0.508026731755,0.86134130275));
#14255 = ( GEOMETRIC_REPRESENTATION_CONTEXT(2) 
PARAMETRIC_REPRESENTATION_CONTEXT() REPRESENTATION_CONTEXT('2D SPACE',''
  ) );
#14256 = ADVANCED_FACE('',(#14257),#10156,.T.);
#14257 = FACE_BOUND('',#14258,.T.);
#14258 = EDGE_LOOP('',(#14259,#14260,#14261,#14282));
#14259 = ORIENTED_EDGE('',*,*,#14168,.F.);
#14260 = ORIENTED_EDGE('',*,*,#10142,.T.);
#14261 = ORIENTED_EDGE('',*,*,#14262,.T.);
#14262 = EDGE_CURVE('',#10120,#14263,#14265,.T.);
#14263 = VERTEX_POINT('',#14264);
#14264 = CARTESIAN_POINT('',(30.,7.725061301441,4.214046830916));
#14265 = SURFACE_CURVE('',#14266,(#14270,#14276),.PCURVE_S1.);
#14266 = LINE('',#14267,#14268);
#14267 = CARTESIAN_POINT('',(29.75,7.509725975753,4.087040147978));
#14268 = VECTOR('',#14269,1.);
#14269 = DIRECTION('',(0.707106781187,0.60906027609,0.359229147048));
#14270 = PCURVE('',#10156,#14271);
#14271 = DEFINITIONAL_REPRESENTATION('',(#14272),#14275);
#14272 = B_SPLINE_CURVE_WITH_KNOTS('',1,(#14273,#14274),.UNSPECIFIED.,
  .F.,.F.,(2,2),(-0.353553390593,0.353553390593),
  .PIECEWISE_BEZIER_KNOTS.);
#14273 = CARTESIAN_POINT('',(0.589610116775,-0.353553390593));
#14274 = CARTESIAN_POINT('',(0.589610116775,0.353553390593));
#14275 = ( GEOMETRIC_REPRESENTATION_CONTEXT(2) 
PARAMETRIC_REPRESENTATION_CONTEXT() REPRESENTATION_CONTEXT('2D SPACE',''
  ) );
#14276 = PCURVE('',#10264,#14277);
#14277 = DEFINITIONAL_REPRESENTATION('',(#14278),#14281);
#14278 = B_SPLINE_CURVE_WITH_KNOTS('',1,(#14279,#14280),.UNSPECIFIED.,
  .F.,.F.,(2,2),(-0.353553390593,0.353553390593),
  .PIECEWISE_BEZIER_KNOTS.);
#14279 = CARTESIAN_POINT('',(4.440892098501E-16,-0.353553390593));
#14280 = CARTESIAN_POINT('',(4.440892098501E-16,0.353553390593));
#14281 = ( GEOMETRIC_REPRESENTATION_CONTEXT(2) 
PARAMETRIC_REPRESENTATION_CONTEXT() REPRESENTATION_CONTEXT('2D SPACE',''
  ) );
#14282 = ORIENTED_EDGE('',*,*,#14283,.F.);
#14283 = EDGE_CURVE('',#14169,#14263,#14284,.T.);
#14284 = SURFACE_CURVE('',#14285,(#14289,#14296),.PCURVE_S1.);
#14285 = LINE('',#14286,#14287);
#14286 = CARTESIAN_POINT('',(30.,7.425523600806,4.721902377014));
#14287 = VECTOR('',#14288,1.);
#14288 = DIRECTION('',(0.,0.508026731755,-0.86134130275));
#14289 = PCURVE('',#10156,#14290);
#14290 = DEFINITIONAL_REPRESENTATION('',(#14291),#14295);
#14291 = LINE('',#14292,#14293);
#14292 = CARTESIAN_POINT('',(3.885780586188E-16,0.353553390593));
#14293 = VECTOR('',#14294,1.);
#14294 = DIRECTION('',(1.,0.));
#14295 = ( GEOMETRIC_REPRESENTATION_CONTEXT(2) 
PARAMETRIC_REPRESENTATION_CONTEXT() REPRESENTATION_CONTEXT('2D SPACE',''
  ) );
#14296 = PCURVE('',#13724,#14297);
#14297 = DEFINITIONAL_REPRESENTATION('',(#14298),#14302);
#14298 = LINE('',#14299,#14300);
#14299 = CARTESIAN_POINT('',(7.425523600806,4.721902377014));
#14300 = VECTOR('',#14301,1.);
#14301 = DIRECTION('',(0.508026731755,-0.86134130275));
#14302 = ( GEOMETRIC_REPRESENTATION_CONTEXT(2) 
PARAMETRIC_REPRESENTATION_CONTEXT() REPRESENTATION_CONTEXT('2D SPACE',''
  ) );
#14303 = ADVANCED_FACE('',(#14304),#10210,.T.);
#14304 = FACE_BOUND('',#14305,.T.);
#14305 = EDGE_LOOP('',(#14306,#14327,#14328,#14329));
#14306 = ORIENTED_EDGE('',*,*,#14307,.F.);
#14307 = EDGE_CURVE('',#10172,#14308,#14310,.T.);
#14308 = VERTEX_POINT('',#14309);
#14309 = CARTESIAN_POINT('',(30.,-8.019423265962,3.622652796711));
#14310 = SURFACE_CURVE('',#14311,(#14315,#14321),.PCURVE_S1.);
#14311 = LINE('',#14312,#14313);
#14312 = CARTESIAN_POINT('',(29.75,-7.788270941002,3.527423585512));
#14313 = VECTOR('',#14314,1.);
#14314 = DIRECTION('',(0.707106781187,-0.653797505865,0.269348884023));
#14315 = PCURVE('',#10210,#14316);
#14316 = DEFINITIONAL_REPRESENTATION('',(#14317),#14320);
#14317 = B_SPLINE_CURVE_WITH_KNOTS('',1,(#14318,#14319),.UNSPECIFIED.,
  .F.,.F.,(2,2),(-0.353553390593,0.353553390593),
  .PIECEWISE_BEZIER_KNOTS.);
#14318 = CARTESIAN_POINT('',(-5.551115123126E-16,-0.353553390593));
#14319 = CARTESIAN_POINT('',(-5.551115123126E-16,0.353553390593));
#14320 = ( GEOMETRIC_REPRESENTATION_CONTEXT(2) 
PARAMETRIC_REPRESENTATION_CONTEXT() REPRESENTATION_CONTEXT('2D SPACE',''
  ) );
#14321 = PCURVE('',#10318,#14322);
#14322 = DEFINITIONAL_REPRESENTATION('',(#14323),#14326);
#14323 = B_SPLINE_CURVE_WITH_KNOTS('',1,(#14324,#14325),.UNSPECIFIED.,
  .F.,.F.,(2,2),(-0.353553390593,0.353553390593),
  .PIECEWISE_BEZIER_KNOTS.);
#14324 = CARTESIAN_POINT('',(0.589610116775,-0.353553390593));
#14325 = CARTESIAN_POINT('',(0.589610116775,0.353553390593));
#14326 = ( GEOMETRIC_REPRESENTATION_CONTEXT(2) 
PARAMETRIC_REPRESENTATION_CONTEXT() REPRESENTATION_CONTEXT('2D SPACE',''
  ) );
#14327 = ORIENTED_EDGE('',*,*,#10196,.T.);
#14328 = ORIENTED_EDGE('',*,*,#14213,.T.);
#14329 = ORIENTED_EDGE('',*,*,#14330,.F.);
#14330 = EDGE_CURVE('',#14308,#14214,#14331,.T.);
#14331 = SURFACE_CURVE('',#14332,(#14336,#14343),.PCURVE_S1.);
#14332 = LINE('',#14333,#14334);
#14333 = CARTESIAN_POINT('',(30.,-8.004735673236,3.654992422126));
#14334 = VECTOR('',#14335,1.);
#14335 = DIRECTION('',(-0.,0.445596095625,0.895234114388));
#14336 = PCURVE('',#10210,#14337);
#14337 = DEFINITIONAL_REPRESENTATION('',(#14338),#14342);
#14338 = LINE('',#14339,#14340);
#14339 = CARTESIAN_POINT('',(-3.330669073875E-16,0.353553390593));
#14340 = VECTOR('',#14341,1.);
#14341 = DIRECTION('',(1.,0.));
#14342 = ( GEOMETRIC_REPRESENTATION_CONTEXT(2) 
PARAMETRIC_REPRESENTATION_CONTEXT() REPRESENTATION_CONTEXT('2D SPACE',''
  ) );
#14343 = PCURVE('',#13724,#14344);
#14344 = DEFINITIONAL_REPRESENTATION('',(#14345),#14349);
#14345 = LINE('',#14346,#14347);
#14346 = CARTESIAN_POINT('',(-8.004735673236,3.654992422126));
#14347 = VECTOR('',#14348,1.);
#14348 = DIRECTION('',(0.445596095625,0.895234114388));
#14349 = ( GEOMETRIC_REPRESENTATION_CONTEXT(2) 
PARAMETRIC_REPRESENTATION_CONTEXT() REPRESENTATION_CONTEXT('2D SPACE',''
  ) );
#14350 = ADVANCED_FACE('',(#14351),#10264,.T.);
#14351 = FACE_BOUND('',#14352,.T.);
#14352 = EDGE_LOOP('',(#14353,#14354,#14355,#14376));
#14353 = ORIENTED_EDGE('',*,*,#14262,.F.);
#14354 = ORIENTED_EDGE('',*,*,#10250,.T.);
#14355 = ORIENTED_EDGE('',*,*,#14356,.T.);
#14356 = EDGE_CURVE('',#10228,#14357,#14359,.T.);
#14357 = VERTEX_POINT('',#14358);
#14358 = CARTESIAN_POINT('',(30.,8.004735673236,3.654992422126));
#14359 = SURFACE_CURVE('',#14360,(#14364,#14370),.PCURVE_S1.);
#14360 = LINE('',#14361,#14362);
#14361 = CARTESIAN_POINT('',(29.75,7.780927144639,3.54359339822));
#14362 = VECTOR('',#14363,1.);
#14363 = DIRECTION('',(0.707106781187,0.633026113033,0.315084020887));
#14364 = PCURVE('',#10264,#14365);
#14365 = DEFINITIONAL_REPRESENTATION('',(#14366),#14369);
#14366 = B_SPLINE_CURVE_WITH_KNOTS('',1,(#14367,#14368),.UNSPECIFIED.,
  .F.,.F.,(2,2),(-0.353553390593,0.353553390593),
  .PIECEWISE_BEZIER_KNOTS.);
#14367 = CARTESIAN_POINT('',(0.589610116775,-0.353553390593));
#14368 = CARTESIAN_POINT('',(0.589610116775,0.353553390593));
#14369 = ( GEOMETRIC_REPRESENTATION_CONTEXT(2) 
PARAMETRIC_REPRESENTATION_CONTEXT() REPRESENTATION_CONTEXT('2D SPACE',''
  ) );
#14370 = PCURVE('',#10372,#14371);
#14371 = DEFINITIONAL_REPRESENTATION('',(#14372),#14375);
#14372 = B_SPLINE_CURVE_WITH_KNOTS('',1,(#14373,#14374),.UNSPECIFIED.,
  .F.,.F.,(2,2),(-0.353553390593,0.353553390593),
  .PIECEWISE_BEZIER_KNOTS.);
#14373 = CARTESIAN_POINT('',(-5.551115123126E-16,-0.353553390593));
#14374 = CARTESIAN_POINT('',(-5.551115123126E-16,0.353553390593));
#14375 = ( GEOMETRIC_REPRESENTATION_CONTEXT(2) 
PARAMETRIC_REPRESENTATION_CONTEXT() REPRESENTATION_CONTEXT('2D SPACE',''
  ) );
#14376 = ORIENTED_EDGE('',*,*,#14377,.F.);
#14377 = EDGE_CURVE('',#14263,#14357,#14378,.T.);
#14378 = SURFACE_CURVE('',#14379,(#14383,#14390),.PCURVE_S1.);
#14379 = LINE('',#14380,#14381);
#14380 = CARTESIAN_POINT('',(30.,7.74200770726,4.182831512852));
#14381 = VECTOR('',#14382,1.);
#14382 = DIRECTION('',(0.,0.445596095625,-0.895234114388));
#14383 = PCURVE('',#10264,#14384);
#14384 = DEFINITIONAL_REPRESENTATION('',(#14385),#14389);
#14385 = LINE('',#14386,#14387);
#14386 = CARTESIAN_POINT('',(-5.551115123126E-17,0.353553390593));
#14387 = VECTOR('',#14388,1.);
#14388 = DIRECTION('',(1.,0.));
#14389 = ( GEOMETRIC_REPRESENTATION_CONTEXT(2) 
PARAMETRIC_REPRESENTATION_CONTEXT() REPRESENTATION_CONTEXT('2D SPACE',''
  ) );
#14390 = PCURVE('',#13724,#14391);
#14391 = DEFINITIONAL_REPRESENTATION('',(#14392),#14396);
#14392 = LINE('',#14393,#14394);
#14393 = CARTESIAN_POINT('',(7.74200770726,4.182831512852));
#14394 = VECTOR('',#14395,1.);
#14395 = DIRECTION('',(0.445596095625,-0.895234114388));
#14396 = ( GEOMETRIC_REPRESENTATION_CONTEXT(2) 
PARAMETRIC_REPRESENTATION_CONTEXT() REPRESENTATION_CONTEXT('2D SPACE',''
  ) );
#14397 = ADVANCED_FACE('',(#14398),#10318,.T.);
#14398 = FACE_BOUND('',#14399,.T.);
#14399 = EDGE_LOOP('',(#14400,#14421,#14422,#14423));
#14400 = ORIENTED_EDGE('',*,*,#14401,.F.);
#14401 = EDGE_CURVE('',#10280,#14402,#14404,.T.);
#14402 = VERTEX_POINT('',#14403);
#14403 = CARTESIAN_POINT('',(30.,-8.256370352835,3.044193062374));
#14404 = SURFACE_CURVE('',#14405,(#14409,#14415),.PCURVE_S1.);
#14405 = LINE('',#14406,#14407);
#14406 = CARTESIAN_POINT('',(29.75,-8.019040697109,2.965614219718));
#14407 = VECTOR('',#14408,1.);
#14408 = DIRECTION('',(0.707106781187,-0.671269635762,0.222254529997));
#14409 = PCURVE('',#10318,#14410);
#14410 = DEFINITIONAL_REPRESENTATION('',(#14411),#14414);
#14411 = B_SPLINE_CURVE_WITH_KNOTS('',1,(#14412,#14413),.UNSPECIFIED.,
  .F.,.F.,(2,2),(-0.353553390593,0.353553390593),
  .PIECEWISE_BEZIER_KNOTS.);
#14412 = CARTESIAN_POINT('',(1.665334536938E-16,-0.353553390593));
#14413 = CARTESIAN_POINT('',(1.665334536938E-16,0.353553390593));
#14414 = ( GEOMETRIC_REPRESENTATION_CONTEXT(2) 
PARAMETRIC_REPRESENTATION_CONTEXT() REPRESENTATION_CONTEXT('2D SPACE',''
  ) );
#14415 = PCURVE('',#10426,#14416);
#14416 = DEFINITIONAL_REPRESENTATION('',(#14417),#14420);
#14417 = B_SPLINE_CURVE_WITH_KNOTS('',1,(#14418,#14419),.UNSPECIFIED.,
  .F.,.F.,(2,2),(-0.353553390593,0.353553390593),
  .PIECEWISE_BEZIER_KNOTS.);
#14418 = CARTESIAN_POINT('',(0.589610116775,-0.353553390593));
#14419 = CARTESIAN_POINT('',(0.589610116775,0.353553390593));
#14420 = ( GEOMETRIC_REPRESENTATION_CONTEXT(2) 
PARAMETRIC_REPRESENTATION_CONTEXT() REPRESENTATION_CONTEXT('2D SPACE',''
  ) );
#14421 = ORIENTED_EDGE('',*,*,#10304,.T.);
#14422 = ORIENTED_EDGE('',*,*,#14307,.T.);
#14423 = ORIENTED_EDGE('',*,*,#14424,.F.);
#14424 = EDGE_CURVE('',#14402,#14308,#14425,.T.);
#14425 = SURFACE_CURVE('',#14426,(#14430,#14437),.PCURVE_S1.);
#14426 = LINE('',#14427,#14428);
#14427 = CARTESIAN_POINT('',(30.,-8.244015691304,3.07749379946));
#14428 = VECTOR('',#14429,1.);
#14429 = DIRECTION('',(-0.,0.380916844795,0.924609299841));
#14430 = PCURVE('',#10318,#14431);
#14431 = DEFINITIONAL_REPRESENTATION('',(#14432),#14436);
#14432 = LINE('',#14433,#14434);
#14433 = CARTESIAN_POINT('',(-2.22044604925E-16,0.353553390593));
#14434 = VECTOR('',#14435,1.);
#14435 = DIRECTION('',(1.,0.));
#14436 = ( GEOMETRIC_REPRESENTATION_CONTEXT(2) 
PARAMETRIC_REPRESENTATION_CONTEXT() REPRESENTATION_CONTEXT('2D SPACE',''
  ) );
#14437 = PCURVE('',#13724,#14438);
#14438 = DEFINITIONAL_REPRESENTATION('',(#14439),#14443);
#14439 = LINE('',#14440,#14441);
#14440 = CARTESIAN_POINT('',(-8.244015691304,3.07749379946));
#14441 = VECTOR('',#14442,1.);
#14442 = DIRECTION('',(0.380916844795,0.924609299841));
#14443 = ( GEOMETRIC_REPRESENTATION_CONTEXT(2) 
PARAMETRIC_REPRESENTATION_CONTEXT() REPRESENTATION_CONTEXT('2D SPACE',''
  ) );
#14444 = ADVANCED_FACE('',(#14445),#10372,.T.);
#14445 = FACE_BOUND('',#14446,.T.);
#14446 = EDGE_LOOP('',(#14447,#14448,#14449,#14470));
#14447 = ORIENTED_EDGE('',*,*,#14356,.F.);
#14448 = ORIENTED_EDGE('',*,*,#10358,.T.);
#14449 = ORIENTED_EDGE('',*,*,#14450,.T.);
#14450 = EDGE_CURVE('',#10336,#14451,#14453,.T.);
#14451 = VERTEX_POINT('',#14452);
#14452 = CARTESIAN_POINT('',(30.,8.244015691304,3.07749379946));
#14453 = SURFACE_CURVE('',#14454,(#14458,#14464),.PCURVE_S1.);
#14454 = LINE('',#14455,#14456);
#14455 = CARTESIAN_POINT('',(29.75,8.012863366343,2.982264588262));
#14456 = VECTOR('',#14457,1.);
#14457 = DIRECTION('',(0.707106781187,0.653797505865,0.269348884023));
#14458 = PCURVE('',#10372,#14459);
#14459 = DEFINITIONAL_REPRESENTATION('',(#14460),#14463);
#14460 = B_SPLINE_CURVE_WITH_KNOTS('',1,(#14461,#14462),.UNSPECIFIED.,
  .F.,.F.,(2,2),(-0.353553390593,0.353553390593),
  .PIECEWISE_BEZIER_KNOTS.);
#14461 = CARTESIAN_POINT('',(0.589610116775,-0.353553390593));
#14462 = CARTESIAN_POINT('',(0.589610116775,0.353553390593));
#14463 = ( GEOMETRIC_REPRESENTATION_CONTEXT(2) 
PARAMETRIC_REPRESENTATION_CONTEXT() REPRESENTATION_CONTEXT('2D SPACE',''
  ) );
#14464 = PCURVE('',#10480,#14465);
#14465 = DEFINITIONAL_REPRESENTATION('',(#14466),#14469);
#14466 = B_SPLINE_CURVE_WITH_KNOTS('',1,(#14467,#14468),.UNSPECIFIED.,
  .F.,.F.,(2,2),(-0.353553390593,0.353553390593),
  .PIECEWISE_BEZIER_KNOTS.);
#14467 = CARTESIAN_POINT('',(-2.22044604925E-16,-0.353553390593));
#14468 = CARTESIAN_POINT('',(-2.22044604925E-16,0.353553390593));
#14469 = ( GEOMETRIC_REPRESENTATION_CONTEXT(2) 
PARAMETRIC_REPRESENTATION_CONTEXT() REPRESENTATION_CONTEXT('2D SPACE',''
  ) );
#14470 = ORIENTED_EDGE('',*,*,#14471,.F.);
#14471 = EDGE_CURVE('',#14357,#14451,#14472,.T.);
#14472 = SURFACE_CURVE('',#14473,(#14477,#14484),.PCURVE_S1.);
#14473 = LINE('',#14474,#14475);
#14474 = CARTESIAN_POINT('',(30.,8.019423265962,3.622652796711));
#14475 = VECTOR('',#14476,1.);
#14476 = DIRECTION('',(0.,0.380916844795,-0.924609299841));
#14477 = PCURVE('',#10372,#14478);
#14478 = DEFINITIONAL_REPRESENTATION('',(#14479),#14483);
#14479 = LINE('',#14480,#14481);
#14480 = CARTESIAN_POINT('',(-3.330669073875E-16,0.353553390593));
#14481 = VECTOR('',#14482,1.);
#14482 = DIRECTION('',(1.,0.));
#14483 = ( GEOMETRIC_REPRESENTATION_CONTEXT(2) 
PARAMETRIC_REPRESENTATION_CONTEXT() REPRESENTATION_CONTEXT('2D SPACE',''
  ) );
#14484 = PCURVE('',#13724,#14485);
#14485 = DEFINITIONAL_REPRESENTATION('',(#14486),#14490);
#14486 = LINE('',#14487,#14488);
#14487 = CARTESIAN_POINT('',(8.019423265962,3.622652796711));
#14488 = VECTOR('',#14489,1.);
#14489 = DIRECTION('',(0.380916844795,-0.924609299841));
#14490 = ( GEOMETRIC_REPRESENTATION_CONTEXT(2) 
PARAMETRIC_REPRESENTATION_CONTEXT() REPRESENTATION_CONTEXT('2D SPACE',''
  ) );
#14491 = ADVANCED_FACE('',(#14492),#10426,.T.);
#14492 = FACE_BOUND('',#14493,.T.);
#14493 = EDGE_LOOP('',(#14494,#14515,#14516,#14517));
#14494 = ORIENTED_EDGE('',*,*,#14495,.F.);
#14495 = EDGE_CURVE('',#10388,#14496,#14498,.T.);
#14496 = VERTEX_POINT('',#14497);
#14497 = CARTESIAN_POINT('',(30.,-8.451653260133,2.450371395251));
#14498 = SURFACE_CURVE('',#14499,(#14503,#14509),.PCURVE_S1.);
#14499 = LINE('',#14500,#14501);
#14500 = CARTESIAN_POINT('',(29.75,-8.209343911946,2.388839454103));
#14501 = VECTOR('',#14502,1.);
#14502 = DIRECTION('',(0.707106781187,-0.685354332991,0.17403861138));
#14503 = PCURVE('',#10426,#14504);
#14504 = DEFINITIONAL_REPRESENTATION('',(#14505),#14508);
#14505 = B_SPLINE_CURVE_WITH_KNOTS('',1,(#14506,#14507),.UNSPECIFIED.,
  .F.,.F.,(2,2),(-0.353553390593,0.353553390593),
  .PIECEWISE_BEZIER_KNOTS.);
#14506 = CARTESIAN_POINT('',(2.775557561563E-16,-0.353553390593));
#14507 = CARTESIAN_POINT('',(2.775557561563E-16,0.353553390593));
#14508 = ( GEOMETRIC_REPRESENTATION_CONTEXT(2) 
PARAMETRIC_REPRESENTATION_CONTEXT() REPRESENTATION_CONTEXT('2D SPACE',''
  ) );
#14509 = PCURVE('',#10534,#14510);
#14510 = DEFINITIONAL_REPRESENTATION('',(#14511),#14514);
#14511 = B_SPLINE_CURVE_WITH_KNOTS('',1,(#14512,#14513),.UNSPECIFIED.,
  .F.,.F.,(2,2),(-0.353553390593,0.353553390593),
  .PIECEWISE_BEZIER_KNOTS.);
#14512 = CARTESIAN_POINT('',(0.589610116775,-0.353553390593));
#14513 = CARTESIAN_POINT('',(0.589610116775,0.353553390593));
#14514 = ( GEOMETRIC_REPRESENTATION_CONTEXT(2) 
PARAMETRIC_REPRESENTATION_CONTEXT() REPRESENTATION_CONTEXT('2D SPACE',''
  ) );
#14515 = ORIENTED_EDGE('',*,*,#10412,.T.);
#14516 = ORIENTED_EDGE('',*,*,#14401,.T.);
#14517 = ORIENTED_EDGE('',*,*,#14518,.F.);
#14518 = EDGE_CURVE('',#14496,#14402,#14519,.T.);
#14519 = SURFACE_CURVE('',#14520,(#14524,#14531),.PCURVE_S1.);
#14520 = LINE('',#14521,#14522);
#14521 = CARTESIAN_POINT('',(30.,-8.441693875211,2.484465198267));
#14522 = VECTOR('',#14523,1.);
#14523 = DIRECTION('',(-0.,0.314315370621,0.949318622903));
#14524 = PCURVE('',#10426,#14525);
#14525 = DEFINITIONAL_REPRESENTATION('',(#14526),#14530);
#14526 = LINE('',#14527,#14528);
#14527 = CARTESIAN_POINT('',(2.22044604925E-16,0.353553390593));
#14528 = VECTOR('',#14529,1.);
#14529 = DIRECTION('',(1.,0.));
#14530 = ( GEOMETRIC_REPRESENTATION_CONTEXT(2) 
PARAMETRIC_REPRESENTATION_CONTEXT() REPRESENTATION_CONTEXT('2D SPACE',''
  ) );
#14531 = PCURVE('',#13724,#14532);
#14532 = DEFINITIONAL_REPRESENTATION('',(#14533),#14537);
#14533 = LINE('',#14534,#14535);
#14534 = CARTESIAN_POINT('',(-8.441693875211,2.484465198267));
#14535 = VECTOR('',#14536,1.);
#14536 = DIRECTION('',(0.314315370621,0.949318622903));
#14537 = ( GEOMETRIC_REPRESENTATION_CONTEXT(2) 
PARAMETRIC_REPRESENTATION_CONTEXT() REPRESENTATION_CONTEXT('2D SPACE',''
  ) );
#14538 = ADVANCED_FACE('',(#14539),#10480,.T.);
#14539 = FACE_BOUND('',#14540,.T.);
#14540 = EDGE_LOOP('',(#14541,#14542,#14543,#14564));
#14541 = ORIENTED_EDGE('',*,*,#14450,.F.);
#14542 = ORIENTED_EDGE('',*,*,#10466,.T.);
#14543 = ORIENTED_EDGE('',*,*,#14544,.T.);
#14544 = EDGE_CURVE('',#10444,#14545,#14547,.T.);
#14545 = VERTEX_POINT('',#14546);
#14546 = CARTESIAN_POINT('',(30.,8.441693875211,2.484465198267));
#14547 = SURFACE_CURVE('',#14548,(#14552,#14558),.PCURVE_S1.);
#14548 = LINE('',#14549,#14550);
#14549 = CARTESIAN_POINT('',(29.75,8.204364219485,2.405886355611));
#14550 = VECTOR('',#14551,1.);
#14551 = DIRECTION('',(0.707106781187,0.671269635762,0.222254529997));
#14552 = PCURVE('',#10480,#14553);
#14553 = DEFINITIONAL_REPRESENTATION('',(#14554),#14557);
#14554 = B_SPLINE_CURVE_WITH_KNOTS('',1,(#14555,#14556),.UNSPECIFIED.,
  .F.,.F.,(2,2),(-0.353553390593,0.353553390593),
  .PIECEWISE_BEZIER_KNOTS.);
#14555 = CARTESIAN_POINT('',(0.589610116775,-0.353553390593));
#14556 = CARTESIAN_POINT('',(0.589610116775,0.353553390593));
#14557 = ( GEOMETRIC_REPRESENTATION_CONTEXT(2) 
PARAMETRIC_REPRESENTATION_CONTEXT() REPRESENTATION_CONTEXT('2D SPACE',''
  ) );
#14558 = PCURVE('',#10588,#14559);
#14559 = DEFINITIONAL_REPRESENTATION('',(#14560),#14563);
#14560 = B_SPLINE_CURVE_WITH_KNOTS('',1,(#14561,#14562),.UNSPECIFIED.,
  .F.,.F.,(2,2),(-0.353553390593,0.353553390593),
  .PIECEWISE_BEZIER_KNOTS.);
#14561 = CARTESIAN_POINT('',(3.885780586188E-16,-0.353553390593));
#14562 = CARTESIAN_POINT('',(3.885780586188E-16,0.353553390593));
#14563 = ( GEOMETRIC_REPRESENTATION_CONTEXT(2) 
PARAMETRIC_REPRESENTATION_CONTEXT() REPRESENTATION_CONTEXT('2D SPACE',''
  ) );
#14564 = ORIENTED_EDGE('',*,*,#14565,.F.);
#14565 = EDGE_CURVE('',#14451,#14545,#14566,.T.);
#14566 = SURFACE_CURVE('',#14567,(#14571,#14578),.PCURVE_S1.);
#14567 = LINE('',#14568,#14569);
#14568 = CARTESIAN_POINT('',(30.,8.256370352835,3.044193062374));
#14569 = VECTOR('',#14570,1.);
#14570 = DIRECTION('',(0.,0.314315370621,-0.949318622903));
#14571 = PCURVE('',#10480,#14572);
#14572 = DEFINITIONAL_REPRESENTATION('',(#14573),#14577);
#14573 = LINE('',#14574,#14575);
#14574 = CARTESIAN_POINT('',(2.775557561563E-16,0.353553390593));
#14575 = VECTOR('',#14576,1.);
#14576 = DIRECTION('',(1.,0.));
#14577 = ( GEOMETRIC_REPRESENTATION_CONTEXT(2) 
PARAMETRIC_REPRESENTATION_CONTEXT() REPRESENTATION_CONTEXT('2D SPACE',''
  ) );
#14578 = PCURVE('',#13724,#14579);
#14579 = DEFINITIONAL_REPRESENTATION('',(#14580),#14584);
#14580 = LINE('',#14581,#14582);
#14581 = CARTESIAN_POINT('',(8.256370352835,3.044193062374));
#14582 = VECTOR('',#14583,1.);
#14583 = DIRECTION('',(0.314315370621,-0.949318622903));
#14584 = ( GEOMETRIC_REPRESENTATION_CONTEXT(2) 
PARAMETRIC_REPRESENTATION_CONTEXT() REPRESENTATION_CONTEXT('2D SPACE',''
  ) );
#14585 = ADVANCED_FACE('',(#14586),#10534,.T.);
#14586 = FACE_BOUND('',#14587,.T.);
#14587 = EDGE_LOOP('',(#14588,#14609,#14610,#14611));
#14588 = ORIENTED_EDGE('',*,*,#14589,.F.);
#14589 = EDGE_CURVE('',#10496,#14590,#14592,.T.);
#14590 = VERTEX_POINT('',#14591);
#14591 = CARTESIAN_POINT('',(30.,-8.604286530352,1.844184401783));
#14592 = SURFACE_CURVE('',#14593,(#14597,#14603),.PCURVE_S1.);
#14593 = LINE('',#14594,#14595);
#14594 = CARTESIAN_POINT('',(29.75,-8.358220257066,1.80000987121));
#14595 = VECTOR('',#14596,1.);
#14596 = DIRECTION('',(0.707106781187,-0.695980521846,0.124944440498));
#14597 = PCURVE('',#10534,#14598);
#14598 = DEFINITIONAL_REPRESENTATION('',(#14599),#14602);
#14599 = B_SPLINE_CURVE_WITH_KNOTS('',1,(#14600,#14601),.UNSPECIFIED.,
  .F.,.F.,(2,2),(-0.353553390593,0.353553390593),
  .PIECEWISE_BEZIER_KNOTS.);
#14600 = CARTESIAN_POINT('',(7.216449660064E-16,-0.353553390593));
#14601 = CARTESIAN_POINT('',(7.216449660064E-16,0.353553390593));
#14602 = ( GEOMETRIC_REPRESENTATION_CONTEXT(2) 
PARAMETRIC_REPRESENTATION_CONTEXT() REPRESENTATION_CONTEXT('2D SPACE',''
  ) );
#14603 = PCURVE('',#10642,#14604);
#14604 = DEFINITIONAL_REPRESENTATION('',(#14605),#14608);
#14605 = B_SPLINE_CURVE_WITH_KNOTS('',1,(#14606,#14607),.UNSPECIFIED.,
  .F.,.F.,(2,2),(-0.353553390593,0.353553390593),
  .PIECEWISE_BEZIER_KNOTS.);
#14606 = CARTESIAN_POINT('',(0.589610116775,-0.353553390593));
#14607 = CARTESIAN_POINT('',(0.589610116775,0.353553390593));
#14608 = ( GEOMETRIC_REPRESENTATION_CONTEXT(2) 
PARAMETRIC_REPRESENTATION_CONTEXT() REPRESENTATION_CONTEXT('2D SPACE',''
  ) );
#14609 = ORIENTED_EDGE('',*,*,#10520,.T.);
#14610 = ORIENTED_EDGE('',*,*,#14495,.T.);
#14611 = ORIENTED_EDGE('',*,*,#14612,.F.);
#14612 = EDGE_CURVE('',#14590,#14496,#14613,.T.);
#14613 = SURFACE_CURVE('',#14614,(#14618,#14625),.PCURVE_S1.);
#14614 = LINE('',#14615,#14616);
#14615 = CARTESIAN_POINT('',(30.,-8.596772680154,1.878899222931));
#14616 = VECTOR('',#14617,1.);
#14617 = DIRECTION('',(-0.,0.24612776459,0.969237392746));
#14618 = PCURVE('',#10534,#14619);
#14619 = DEFINITIONAL_REPRESENTATION('',(#14620),#14624);
#14620 = LINE('',#14621,#14622);
#14621 = CARTESIAN_POINT('',(3.885780586188E-16,0.353553390593));
#14622 = VECTOR('',#14623,1.);
#14623 = DIRECTION('',(1.,0.));
#14624 = ( GEOMETRIC_REPRESENTATION_CONTEXT(2) 
PARAMETRIC_REPRESENTATION_CONTEXT() REPRESENTATION_CONTEXT('2D SPACE',''
  ) );
#14625 = PCURVE('',#13724,#14626);
#14626 = DEFINITIONAL_REPRESENTATION('',(#14627),#14631);
#14627 = LINE('',#14628,#14629);
#14628 = CARTESIAN_POINT('',(-8.596772680154,1.878899222931));
#14629 = VECTOR('',#14630,1.);
#14630 = DIRECTION('',(0.24612776459,0.969237392746));
#14631 = ( GEOMETRIC_REPRESENTATION_CONTEXT(2) 
PARAMETRIC_REPRESENTATION_CONTEXT() REPRESENTATION_CONTEXT('2D SPACE',''
  ) );
#14632 = ADVANCED_FACE('',(#14633),#10588,.T.);
#14633 = FACE_BOUND('',#14634,.T.);
#14634 = EDGE_LOOP('',(#14635,#14636,#14637,#14658));
#14635 = ORIENTED_EDGE('',*,*,#14544,.F.);
#14636 = ORIENTED_EDGE('',*,*,#10574,.T.);
#14637 = ORIENTED_EDGE('',*,*,#14638,.T.);
#14638 = EDGE_CURVE('',#10552,#14639,#14641,.T.);
#14639 = VERTEX_POINT('',#14640);
#14640 = CARTESIAN_POINT('',(30.,8.596772680154,1.878899222931));
#14641 = SURFACE_CURVE('',#14642,(#14646,#14652),.PCURVE_S1.);
#14642 = LINE('',#14643,#14644);
#14643 = CARTESIAN_POINT('',(29.75,8.354463331968,1.817367281783));
#14644 = VECTOR('',#14645,1.);
#14645 = DIRECTION('',(0.707106781187,0.685354332991,0.17403861138));
#14646 = PCURVE('',#10588,#14647);
#14647 = DEFINITIONAL_REPRESENTATION('',(#14648),#14651);
#14648 = B_SPLINE_CURVE_WITH_KNOTS('',1,(#14649,#14650),.UNSPECIFIED.,
  .F.,.F.,(2,2),(-0.353553390593,0.353553390593),
  .PIECEWISE_BEZIER_KNOTS.);
#14649 = CARTESIAN_POINT('',(0.589610116775,-0.353553390593));
#14650 = CARTESIAN_POINT('',(0.589610116775,0.353553390593));
#14651 = ( GEOMETRIC_REPRESENTATION_CONTEXT(2) 
PARAMETRIC_REPRESENTATION_CONTEXT() REPRESENTATION_CONTEXT('2D SPACE',''
  ) );
#14652 = PCURVE('',#10696,#14653);
#14653 = DEFINITIONAL_REPRESENTATION('',(#14654),#14657);
#14654 = B_SPLINE_CURVE_WITH_KNOTS('',1,(#14655,#14656),.UNSPECIFIED.,
  .F.,.F.,(2,2),(-0.353553390593,0.353553390593),
  .PIECEWISE_BEZIER_KNOTS.);
#14655 = CARTESIAN_POINT('',(-2.775557561563E-16,-0.353553390593));
#14656 = CARTESIAN_POINT('',(-2.775557561563E-16,0.353553390593));
#14657 = ( GEOMETRIC_REPRESENTATION_CONTEXT(2) 
PARAMETRIC_REPRESENTATION_CONTEXT() REPRESENTATION_CONTEXT('2D SPACE',''
  ) );
#14658 = ORIENTED_EDGE('',*,*,#14659,.F.);
#14659 = EDGE_CURVE('',#14545,#14639,#14660,.T.);
#14660 = SURFACE_CURVE('',#14661,(#14665,#14672),.PCURVE_S1.);
#14661 = LINE('',#14662,#14663);
#14662 = CARTESIAN_POINT('',(30.,8.451653260133,2.450371395251));
#14663 = VECTOR('',#14664,1.);
#14664 = DIRECTION('',(0.,0.24612776459,-0.969237392746));
#14665 = PCURVE('',#10588,#14666);
#14666 = DEFINITIONAL_REPRESENTATION('',(#14667),#14671);
#14667 = LINE('',#14668,#14669);
#14668 = CARTESIAN_POINT('',(7.771561172376E-16,0.353553390593));
#14669 = VECTOR('',#14670,1.);
#14670 = DIRECTION('',(1.,0.));
#14671 = ( GEOMETRIC_REPRESENTATION_CONTEXT(2) 
PARAMETRIC_REPRESENTATION_CONTEXT() REPRESENTATION_CONTEXT('2D SPACE',''
  ) );
#14672 = PCURVE('',#13724,#14673);
#14673 = DEFINITIONAL_REPRESENTATION('',(#14674),#14678);
#14674 = LINE('',#14675,#14676);
#14675 = CARTESIAN_POINT('',(8.451653260133,2.450371395251));
#14676 = VECTOR('',#14677,1.);
#14677 = DIRECTION('',(0.24612776459,-0.969237392746));
#14678 = ( GEOMETRIC_REPRESENTATION_CONTEXT(2) 
PARAMETRIC_REPRESENTATION_CONTEXT() REPRESENTATION_CONTEXT('2D SPACE',''
  ) );
#14679 = ADVANCED_FACE('',(#14680),#10642,.T.);
#14680 = FACE_BOUND('',#14681,.T.);
#14681 = EDGE_LOOP('',(#14682,#14703,#14704,#14705));
#14682 = ORIENTED_EDGE('',*,*,#14683,.F.);
#14683 = EDGE_CURVE('',#10604,#14684,#14686,.T.);
#14684 = VERTEX_POINT('',#14685);
#14685 = CARTESIAN_POINT('',(30.,-8.713499929151,1.228691087644));
#14686 = SURFACE_CURVE('',#14687,(#14691,#14697),.PCURVE_S1.);
#14687 = LINE('',#14688,#14689);
#14688 = CARTESIAN_POINT('',(29.75,-8.464918456726,1.202096885887));
#14689 = VECTOR('',#14690,1.);
#14690 = DIRECTION('',(0.707106781187,-0.703094579316,7.521976161033E-02
    ));
#14691 = PCURVE('',#10642,#14692);
#14692 = DEFINITIONAL_REPRESENTATION('',(#14693),#14696);
#14693 = B_SPLINE_CURVE_WITH_KNOTS('',1,(#14694,#14695),.UNSPECIFIED.,
  .F.,.F.,(2,2),(-0.353553390593,0.353553390593),
  .PIECEWISE_BEZIER_KNOTS.);
#14694 = CARTESIAN_POINT('',(1.110223024625E-16,-0.353553390593));
#14695 = CARTESIAN_POINT('',(1.110223024625E-16,0.353553390593));
#14696 = ( GEOMETRIC_REPRESENTATION_CONTEXT(2) 
PARAMETRIC_REPRESENTATION_CONTEXT() REPRESENTATION_CONTEXT('2D SPACE',''
  ) );
#14697 = PCURVE('',#10750,#14698);
#14698 = DEFINITIONAL_REPRESENTATION('',(#14699),#14702);
#14699 = B_SPLINE_CURVE_WITH_KNOTS('',1,(#14700,#14701),.UNSPECIFIED.,
  .F.,.F.,(2,2),(-0.353553390593,0.353553390593),
  .PIECEWISE_BEZIER_KNOTS.);
#14700 = CARTESIAN_POINT('',(0.589610116775,-0.353553390593));
#14701 = CARTESIAN_POINT('',(0.589610116775,0.353553390593));
#14702 = ( GEOMETRIC_REPRESENTATION_CONTEXT(2) 
PARAMETRIC_REPRESENTATION_CONTEXT() REPRESENTATION_CONTEXT('2D SPACE',''
  ) );
#14703 = ORIENTED_EDGE('',*,*,#10628,.T.);
#14704 = ORIENTED_EDGE('',*,*,#14589,.T.);
#14705 = ORIENTED_EDGE('',*,*,#14706,.F.);
#14706 = EDGE_CURVE('',#14684,#14590,#14707,.T.);
#14707 = SURFACE_CURVE('',#14708,(#14712,#14719),.PCURVE_S1.);
#14708 = LINE('',#14709,#14710);
#14709 = CARTESIAN_POINT('',(30.,-8.708469530872,1.263851745278));
#14710 = VECTOR('',#14711,1.);
#14711 = DIRECTION('',(-0.,0.176698122295,0.984265093142));
#14712 = PCURVE('',#10642,#14713);
#14713 = DEFINITIONAL_REPRESENTATION('',(#14714),#14718);
#14714 = LINE('',#14715,#14716);
#14715 = CARTESIAN_POINT('',(1.110223024625E-16,0.353553390593));
#14716 = VECTOR('',#14717,1.);
#14717 = DIRECTION('',(1.,0.));
#14718 = ( GEOMETRIC_REPRESENTATION_CONTEXT(2) 
PARAMETRIC_REPRESENTATION_CONTEXT() REPRESENTATION_CONTEXT('2D SPACE',''
  ) );
#14719 = PCURVE('',#13724,#14720);
#14720 = DEFINITIONAL_REPRESENTATION('',(#14721),#14725);
#14721 = LINE('',#14722,#14723);
#14722 = CARTESIAN_POINT('',(-8.708469530872,1.263851745278));
#14723 = VECTOR('',#14724,1.);
#14724 = DIRECTION('',(0.176698122295,0.984265093142));
#14725 = ( GEOMETRIC_REPRESENTATION_CONTEXT(2) 
PARAMETRIC_REPRESENTATION_CONTEXT() REPRESENTATION_CONTEXT('2D SPACE',''
  ) );
#14726 = ADVANCED_FACE('',(#14727),#10696,.T.);
#14727 = FACE_BOUND('',#14728,.T.);
#14728 = EDGE_LOOP('',(#14729,#14730,#14731,#14752));
#14729 = ORIENTED_EDGE('',*,*,#14638,.F.);
#14730 = ORIENTED_EDGE('',*,*,#10682,.T.);
#14731 = ORIENTED_EDGE('',*,*,#14732,.T.);
#14732 = EDGE_CURVE('',#10660,#14733,#14735,.T.);
#14733 = VERTEX_POINT('',#14734);
#14734 = CARTESIAN_POINT('',(30.,8.708469530872,1.263851745278));
#14735 = SURFACE_CURVE('',#14736,(#14740,#14746),.PCURVE_S1.);
#14736 = LINE('',#14737,#14738);
#14737 = CARTESIAN_POINT('',(29.75,8.462403257587,1.219677214704));
#14738 = VECTOR('',#14739,1.);
#14739 = DIRECTION('',(0.707106781187,0.695980521846,0.124944440498));
#14740 = PCURVE('',#10696,#14741);
#14741 = DEFINITIONAL_REPRESENTATION('',(#14742),#14745);
#14742 = B_SPLINE_CURVE_WITH_KNOTS('',1,(#14743,#14744),.UNSPECIFIED.,
  .F.,.F.,(2,2),(-0.353553390593,0.353553390593),
  .PIECEWISE_BEZIER_KNOTS.);
#14743 = CARTESIAN_POINT('',(0.589610116775,-0.353553390593));
#14744 = CARTESIAN_POINT('',(0.589610116775,0.353553390593));
#14745 = ( GEOMETRIC_REPRESENTATION_CONTEXT(2) 
PARAMETRIC_REPRESENTATION_CONTEXT() REPRESENTATION_CONTEXT('2D SPACE',''
  ) );
#14746 = PCURVE('',#10804,#14747);
#14747 = DEFINITIONAL_REPRESENTATION('',(#14748),#14751);
#14748 = B_SPLINE_CURVE_WITH_KNOTS('',1,(#14749,#14750),.UNSPECIFIED.,
  .F.,.F.,(2,2),(-0.353553390593,0.353553390593),
  .PIECEWISE_BEZIER_KNOTS.);
#14749 = CARTESIAN_POINT('',(5.551115123126E-17,-0.353553390593));
#14750 = CARTESIAN_POINT('',(5.551115123126E-17,0.353553390593));
#14751 = ( GEOMETRIC_REPRESENTATION_CONTEXT(2) 
PARAMETRIC_REPRESENTATION_CONTEXT() REPRESENTATION_CONTEXT('2D SPACE',''
  ) );
#14752 = ORIENTED_EDGE('',*,*,#14753,.F.);
#14753 = EDGE_CURVE('',#14639,#14733,#14754,.T.);
#14754 = SURFACE_CURVE('',#14755,(#14759,#14766),.PCURVE_S1.);
#14755 = LINE('',#14756,#14757);
#14756 = CARTESIAN_POINT('',(30.,8.604286530352,1.844184401783));
#14757 = VECTOR('',#14758,1.);
#14758 = DIRECTION('',(0.,0.176698122295,-0.984265093142));
#14759 = PCURVE('',#10696,#14760);
#14760 = DEFINITIONAL_REPRESENTATION('',(#14761),#14765);
#14761 = LINE('',#14762,#14763);
#14762 = CARTESIAN_POINT('',(-1.110223024625E-16,0.353553390593));
#14763 = VECTOR('',#14764,1.);
#14764 = DIRECTION('',(1.,0.));
#14765 = ( GEOMETRIC_REPRESENTATION_CONTEXT(2) 
PARAMETRIC_REPRESENTATION_CONTEXT() REPRESENTATION_CONTEXT('2D SPACE',''
  ) );
#14766 = PCURVE('',#13724,#14767);
#14767 = DEFINITIONAL_REPRESENTATION('',(#14768),#14772);
#14768 = LINE('',#14769,#14770);
#14769 = CARTESIAN_POINT('',(8.604286530352,1.844184401783));
#14770 = VECTOR('',#14771,1.);
#14771 = DIRECTION('',(0.176698122295,-0.984265093142));
#14772 = ( GEOMETRIC_REPRESENTATION_CONTEXT(2) 
PARAMETRIC_REPRESENTATION_CONTEXT() REPRESENTATION_CONTEXT('2D SPACE',''
  ) );
#14773 = ADVANCED_FACE('',(#14774),#10750,.T.);
#14774 = FACE_BOUND('',#14775,.T.);
#14775 = EDGE_LOOP('',(#14776,#14797,#14798,#14799));
#14776 = ORIENTED_EDGE('',*,*,#14777,.F.);
#14777 = EDGE_CURVE('',#10712,#14778,#14780,.T.);
#14778 = VERTEX_POINT('',#14779);
#14779 = CARTESIAN_POINT('',(30.,-8.778742332191,0.606997421059));
#14780 = SURFACE_CURVE('',#14781,(#14785,#14791),.PCURVE_S1.);
#14781 = LINE('',#14782,#14783);
#14782 = CARTESIAN_POINT('',(29.75,-8.528900079053,0.598117750625));
#14783 = VECTOR('',#14784,1.);
#14784 = DIRECTION('',(0.707106781187,-0.706660605683,2.511550071253E-02
    ));
#14785 = PCURVE('',#10750,#14786);
#14786 = DEFINITIONAL_REPRESENTATION('',(#14787),#14790);
#14787 = B_SPLINE_CURVE_WITH_KNOTS('',1,(#14788,#14789),.UNSPECIFIED.,
  .F.,.F.,(2,2),(-0.353553390593,0.353553390593),
  .PIECEWISE_BEZIER_KNOTS.);
#14788 = CARTESIAN_POINT('',(1.665334536938E-16,-0.353553390593));
#14789 = CARTESIAN_POINT('',(1.665334536938E-16,0.353553390593));
#14790 = ( GEOMETRIC_REPRESENTATION_CONTEXT(2) 
PARAMETRIC_REPRESENTATION_CONTEXT() REPRESENTATION_CONTEXT('2D SPACE',''
  ) );
#14791 = PCURVE('',#10858,#14792);
#14792 = DEFINITIONAL_REPRESENTATION('',(#14793),#14796);
#14793 = B_SPLINE_CURVE_WITH_KNOTS('',1,(#14794,#14795),.UNSPECIFIED.,
  .F.,.F.,(2,2),(-0.353553390593,0.353553390593),
  .PIECEWISE_BEZIER_KNOTS.);
#14794 = CARTESIAN_POINT('',(0.589610116775,-0.353553390593));
#14795 = CARTESIAN_POINT('',(0.589610116775,0.353553390593));
#14796 = ( GEOMETRIC_REPRESENTATION_CONTEXT(2) 
PARAMETRIC_REPRESENTATION_CONTEXT() REPRESENTATION_CONTEXT('2D SPACE',''
  ) );
#14797 = ORIENTED_EDGE('',*,*,#10736,.T.);
#14798 = ORIENTED_EDGE('',*,*,#14683,.T.);
#14799 = ORIENTED_EDGE('',*,*,#14800,.F.);
#14800 = EDGE_CURVE('',#14778,#14684,#14801,.T.);
#14801 = SURFACE_CURVE('',#14802,(#14806,#14813),.PCURVE_S1.);
#14802 = LINE('',#14803,#14804);
#14803 = CARTESIAN_POINT('',(30.,-8.776220770765,0.642426483706));
#14804 = VECTOR('',#14805,1.);
#14805 = DIRECTION('',(-0.,0.106376807028,0.994325889699));
#14806 = PCURVE('',#10750,#14807);
#14807 = DEFINITIONAL_REPRESENTATION('',(#14808),#14812);
#14808 = LINE('',#14809,#14810);
#14809 = CARTESIAN_POINT('',(-5.551115123126E-17,0.353553390593));
#14810 = VECTOR('',#14811,1.);
#14811 = DIRECTION('',(1.,0.));
#14812 = ( GEOMETRIC_REPRESENTATION_CONTEXT(2) 
PARAMETRIC_REPRESENTATION_CONTEXT() REPRESENTATION_CONTEXT('2D SPACE',''
  ) );
#14813 = PCURVE('',#13724,#14814);
#14814 = DEFINITIONAL_REPRESENTATION('',(#14815),#14819);
#14815 = LINE('',#14816,#14817);
#14816 = CARTESIAN_POINT('',(-8.776220770765,0.642426483706));
#14817 = VECTOR('',#14818,1.);
#14818 = DIRECTION('',(0.106376807028,0.994325889699));
#14819 = ( GEOMETRIC_REPRESENTATION_CONTEXT(2) 
PARAMETRIC_REPRESENTATION_CONTEXT() REPRESENTATION_CONTEXT('2D SPACE',''
  ) );
#14820 = ADVANCED_FACE('',(#14821),#10804,.T.);
#14821 = FACE_BOUND('',#14822,.T.);
#14822 = EDGE_LOOP('',(#14823,#14824,#14825,#14846));
#14823 = ORIENTED_EDGE('',*,*,#14732,.F.);
#14824 = ORIENTED_EDGE('',*,*,#10790,.T.);
#14825 = ORIENTED_EDGE('',*,*,#14826,.T.);
#14826 = EDGE_CURVE('',#10768,#14827,#14829,.T.);
#14827 = VERTEX_POINT('',#14828);
#14828 = CARTESIAN_POINT('',(30.,8.776220770765,0.642426483706));
#14829 = SURFACE_CURVE('',#14830,(#14834,#14840),.PCURVE_S1.);
#14830 = LINE('',#14831,#14832);
#14831 = CARTESIAN_POINT('',(29.75,8.52763929834,0.615832281949));
#14832 = VECTOR('',#14833,1.);
#14833 = DIRECTION('',(0.707106781187,0.703094579316,7.521976161033E-02)
  );
#14834 = PCURVE('',#10804,#14835);
#14835 = DEFINITIONAL_REPRESENTATION('',(#14836),#14839);
#14836 = B_SPLINE_CURVE_WITH_KNOTS('',1,(#14837,#14838),.UNSPECIFIED.,
  .F.,.F.,(2,2),(-0.353553390593,0.353553390593),
  .PIECEWISE_BEZIER_KNOTS.);
#14837 = CARTESIAN_POINT('',(0.589610116775,-0.353553390593));
#14838 = CARTESIAN_POINT('',(0.589610116775,0.353553390593));
#14839 = ( GEOMETRIC_REPRESENTATION_CONTEXT(2) 
PARAMETRIC_REPRESENTATION_CONTEXT() REPRESENTATION_CONTEXT('2D SPACE',''
  ) );
#14840 = PCURVE('',#10912,#14841);
#14841 = DEFINITIONAL_REPRESENTATION('',(#14842),#14845);
#14842 = B_SPLINE_CURVE_WITH_KNOTS('',1,(#14843,#14844),.UNSPECIFIED.,
  .F.,.F.,(2,2),(-0.353553390593,0.353553390593),
  .PIECEWISE_BEZIER_KNOTS.);
#14843 = CARTESIAN_POINT('',(-1.110223024625E-16,-0.353553390593));
#14844 = CARTESIAN_POINT('',(-1.110223024625E-16,0.353553390593));
#14845 = ( GEOMETRIC_REPRESENTATION_CONTEXT(2) 
PARAMETRIC_REPRESENTATION_CONTEXT() REPRESENTATION_CONTEXT('2D SPACE',''
  ) );
#14846 = ORIENTED_EDGE('',*,*,#14847,.F.);
#14847 = EDGE_CURVE('',#14733,#14827,#14848,.T.);
#14848 = SURFACE_CURVE('',#14849,(#14853,#14860),.PCURVE_S1.);
#14849 = LINE('',#14850,#14851);
#14850 = CARTESIAN_POINT('',(30.,8.713499929151,1.228691087644));
#14851 = VECTOR('',#14852,1.);
#14852 = DIRECTION('',(0.,0.106376807028,-0.994325889699));
#14853 = PCURVE('',#10804,#14854);
#14854 = DEFINITIONAL_REPRESENTATION('',(#14855),#14859);
#14855 = LINE('',#14856,#14857);
#14856 = CARTESIAN_POINT('',(-5.551115123126E-17,0.353553390593));
#14857 = VECTOR('',#14858,1.);
#14858 = DIRECTION('',(1.,0.));
#14859 = ( GEOMETRIC_REPRESENTATION_CONTEXT(2) 
PARAMETRIC_REPRESENTATION_CONTEXT() REPRESENTATION_CONTEXT('2D SPACE',''
  ) );
#14860 = PCURVE('',#13724,#14861);
#14861 = DEFINITIONAL_REPRESENTATION('',(#14862),#14866);
#14862 = LINE('',#14863,#14864);
#14863 = CARTESIAN_POINT('',(8.713499929151,1.228691087644));
#14864 = VECTOR('',#14865,1.);
#14865 = DIRECTION('',(0.106376807028,-0.994325889699));
#14866 = ( GEOMETRIC_REPRESENTATION_CONTEXT(2) 
PARAMETRIC_REPRESENTATION_CONTEXT() REPRESENTATION_CONTEXT('2D SPACE',''
  ) );
#14867 = ADVANCED_FACE('',(#14868),#10858,.T.);
#14868 = FACE_BOUND('',#14869,.T.);
#14869 = EDGE_LOOP('',(#14870,#14891,#14892,#14893));
#14870 = ORIENTED_EDGE('',*,*,#14871,.F.);
#14871 = EDGE_CURVE('',#10820,#14872,#14874,.T.);
#14872 = VERTEX_POINT('',#14873);
#14873 = CARTESIAN_POINT('',(30.,-8.799684506276,-1.775934086673E-02));
#14874 = SURFACE_CURVE('',#14875,(#14879,#14885),.PCURVE_S1.);
#14875 = LINE('',#14876,#14877);
#14876 = CARTESIAN_POINT('',(29.75,-8.549842253138,-8.879670433362E-03)
  );
#14877 = VECTOR('',#14878,1.);
#14878 = DIRECTION('',(0.707106781187,-0.706660605683,
    -2.511550071253E-02));
#14879 = PCURVE('',#10858,#14880);
#14880 = DEFINITIONAL_REPRESENTATION('',(#14881),#14884);
#14881 = B_SPLINE_CURVE_WITH_KNOTS('',1,(#14882,#14883),.UNSPECIFIED.,
  .F.,.F.,(2,2),(-0.353553390593,0.353553390593),
  .PIECEWISE_BEZIER_KNOTS.);
#14882 = CARTESIAN_POINT('',(1.110223024625E-16,-0.353553390593));
#14883 = CARTESIAN_POINT('',(1.110223024625E-16,0.353553390593));
#14884 = ( GEOMETRIC_REPRESENTATION_CONTEXT(2) 
PARAMETRIC_REPRESENTATION_CONTEXT() REPRESENTATION_CONTEXT('2D SPACE',''
  ) );
#14885 = PCURVE('',#10966,#14886);
#14886 = DEFINITIONAL_REPRESENTATION('',(#14887),#14890);
#14887 = B_SPLINE_CURVE_WITH_KNOTS('',1,(#14888,#14889),.UNSPECIFIED.,
  .F.,.F.,(2,2),(-0.353553390593,0.353553390593),
  .PIECEWISE_BEZIER_KNOTS.);
#14888 = CARTESIAN_POINT('',(0.589610116775,-0.353553390593));
#14889 = CARTESIAN_POINT('',(0.589610116775,0.353553390593));
#14890 = ( GEOMETRIC_REPRESENTATION_CONTEXT(2) 
PARAMETRIC_REPRESENTATION_CONTEXT() REPRESENTATION_CONTEXT('2D SPACE',''
  ) );
#14891 = ORIENTED_EDGE('',*,*,#10844,.T.);
#14892 = ORIENTED_EDGE('',*,*,#14777,.T.);
#14893 = ORIENTED_EDGE('',*,*,#14894,.F.);
#14894 = EDGE_CURVE('',#14872,#14778,#14895,.T.);
#14895 = SURFACE_CURVE('',#14896,(#14900,#14907),.PCURVE_S1.);
#14896 = LINE('',#14897,#14898);
#14897 = CARTESIAN_POINT('',(30.,-8.799684506276,1.775934086673E-02));
#14898 = VECTOR('',#14899,1.);
#14899 = DIRECTION('',(-0.,3.551868173345E-02,0.999369012551));
#14900 = PCURVE('',#10858,#14901);
#14901 = DEFINITIONAL_REPRESENTATION('',(#14902),#14906);
#14902 = LINE('',#14903,#14904);
#14903 = CARTESIAN_POINT('',(5.551115123126E-17,0.353553390593));
#14904 = VECTOR('',#14905,1.);
#14905 = DIRECTION('',(1.,0.));
#14906 = ( GEOMETRIC_REPRESENTATION_CONTEXT(2) 
PARAMETRIC_REPRESENTATION_CONTEXT() REPRESENTATION_CONTEXT('2D SPACE',''
  ) );
#14907 = PCURVE('',#13724,#14908);
#14908 = DEFINITIONAL_REPRESENTATION('',(#14909),#14913);
#14909 = LINE('',#14910,#14911);
#14910 = CARTESIAN_POINT('',(-8.799684506276,1.775934086673E-02));
#14911 = VECTOR('',#14912,1.);
#14912 = DIRECTION('',(3.551868173345E-02,0.999369012551));
#14913 = ( GEOMETRIC_REPRESENTATION_CONTEXT(2) 
PARAMETRIC_REPRESENTATION_CONTEXT() REPRESENTATION_CONTEXT('2D SPACE',''
  ) );
#14914 = ADVANCED_FACE('',(#14915),#10912,.T.);
#14915 = FACE_BOUND('',#14916,.T.);
#14916 = EDGE_LOOP('',(#14917,#14918,#14919,#14940));
#14917 = ORIENTED_EDGE('',*,*,#14826,.F.);
#14918 = ORIENTED_EDGE('',*,*,#10898,.T.);
#14919 = ORIENTED_EDGE('',*,*,#14920,.T.);
#14920 = EDGE_CURVE('',#10876,#14921,#14923,.T.);
#14921 = VERTEX_POINT('',#14922);
#14922 = CARTESIAN_POINT('',(30.,8.799684506276,1.775934086673E-02));
#14923 = SURFACE_CURVE('',#14924,(#14928,#14934),.PCURVE_S1.);
#14924 = LINE('',#14925,#14926);
#14925 = CARTESIAN_POINT('',(29.75,8.549842253138,8.879670433363E-03));
#14926 = VECTOR('',#14927,1.);
#14927 = DIRECTION('',(0.707106781187,0.706660605683,2.511550071253E-02)
  );
#14928 = PCURVE('',#10912,#14929);
#14929 = DEFINITIONAL_REPRESENTATION('',(#14930),#14933);
#14930 = B_SPLINE_CURVE_WITH_KNOTS('',1,(#14931,#14932),.UNSPECIFIED.,
  .F.,.F.,(2,2),(-0.353553390593,0.353553390593),
  .PIECEWISE_BEZIER_KNOTS.);
#14931 = CARTESIAN_POINT('',(0.589610116775,-0.353553390593));
#14932 = CARTESIAN_POINT('',(0.589610116775,0.353553390593));
#14933 = ( GEOMETRIC_REPRESENTATION_CONTEXT(2) 
PARAMETRIC_REPRESENTATION_CONTEXT() REPRESENTATION_CONTEXT('2D SPACE',''
  ) );
#14934 = PCURVE('',#11020,#14935);
#14935 = DEFINITIONAL_REPRESENTATION('',(#14936),#14939);
#14936 = B_SPLINE_CURVE_WITH_KNOTS('',1,(#14937,#14938),.UNSPECIFIED.,
  .F.,.F.,(2,2),(-0.353553390593,0.353553390593),
  .PIECEWISE_BEZIER_KNOTS.);
#14937 = CARTESIAN_POINT('',(1.110223024625E-16,-0.353553390593));
#14938 = CARTESIAN_POINT('',(1.110223024625E-16,0.353553390593));
#14939 = ( GEOMETRIC_REPRESENTATION_CONTEXT(2) 
PARAMETRIC_REPRESENTATION_CONTEXT() REPRESENTATION_CONTEXT('2D SPACE',''
  ) );
#14940 = ORIENTED_EDGE('',*,*,#14941,.F.);
#14941 = EDGE_CURVE('',#14827,#14921,#14942,.T.);
#14942 = SURFACE_CURVE('',#14943,(#14947,#14954),.PCURVE_S1.);
#14943 = LINE('',#14944,#14945);
#14944 = CARTESIAN_POINT('',(30.,8.778742332191,0.606997421059));
#14945 = VECTOR('',#14946,1.);
#14946 = DIRECTION('',(0.,3.551868173345E-02,-0.999369012551));
#14947 = PCURVE('',#10912,#14948);
#14948 = DEFINITIONAL_REPRESENTATION('',(#14949),#14953);
#14949 = LINE('',#14950,#14951);
#14950 = CARTESIAN_POINT('',(-1.110223024625E-16,0.353553390593));
#14951 = VECTOR('',#14952,1.);
#14952 = DIRECTION('',(1.,0.));
#14953 = ( GEOMETRIC_REPRESENTATION_CONTEXT(2) 
PARAMETRIC_REPRESENTATION_CONTEXT() REPRESENTATION_CONTEXT('2D SPACE',''
  ) );
#14954 = PCURVE('',#13724,#14955);
#14955 = DEFINITIONAL_REPRESENTATION('',(#14956),#14960);
#14956 = LINE('',#14957,#14958);
#14957 = CARTESIAN_POINT('',(8.778742332191,0.606997421059));
#14958 = VECTOR('',#14959,1.);
#14959 = DIRECTION('',(3.551868173345E-02,-0.999369012551));
#14960 = ( GEOMETRIC_REPRESENTATION_CONTEXT(2) 
PARAMETRIC_REPRESENTATION_CONTEXT() REPRESENTATION_CONTEXT('2D SPACE',''
  ) );
#14961 = ADVANCED_FACE('',(#14962),#10966,.T.);
#14962 = FACE_BOUND('',#14963,.T.);
#14963 = EDGE_LOOP('',(#14964,#14985,#14986,#14987));
#14964 = ORIENTED_EDGE('',*,*,#14965,.F.);
#14965 = EDGE_CURVE('',#10928,#14966,#14968,.T.);
#14966 = VERTEX_POINT('',#14967);
#14967 = CARTESIAN_POINT('',(30.,-8.776220770765,-0.642426483706));
#14968 = SURFACE_CURVE('',#14969,(#14973,#14979),.PCURVE_S1.);
#14969 = LINE('',#14970,#14971);
#14970 = CARTESIAN_POINT('',(29.75,-8.52763929834,-0.615832281949));
#14971 = VECTOR('',#14972,1.);
#14972 = DIRECTION('',(0.707106781187,-0.703094579316,
    -7.521976161033E-02));
#14973 = PCURVE('',#10966,#14974);
#14974 = DEFINITIONAL_REPRESENTATION('',(#14975),#14978);
#14975 = B_SPLINE_CURVE_WITH_KNOTS('',1,(#14976,#14977),.UNSPECIFIED.,
  .F.,.F.,(2,2),(-0.353553390593,0.353553390593),
  .PIECEWISE_BEZIER_KNOTS.);
#14976 = CARTESIAN_POINT('',(-1.665334536938E-16,-0.353553390593));
#14977 = CARTESIAN_POINT('',(-1.665334536938E-16,0.353553390593));
#14978 = ( GEOMETRIC_REPRESENTATION_CONTEXT(2) 
PARAMETRIC_REPRESENTATION_CONTEXT() REPRESENTATION_CONTEXT('2D SPACE',''
  ) );
#14979 = PCURVE('',#11074,#14980);
#14980 = DEFINITIONAL_REPRESENTATION('',(#14981),#14984);
#14981 = B_SPLINE_CURVE_WITH_KNOTS('',1,(#14982,#14983),.UNSPECIFIED.,
  .F.,.F.,(2,2),(-0.353553390593,0.353553390593),
  .PIECEWISE_BEZIER_KNOTS.);
#14982 = CARTESIAN_POINT('',(0.589610116775,-0.353553390593));
#14983 = CARTESIAN_POINT('',(0.589610116775,0.353553390593));
#14984 = ( GEOMETRIC_REPRESENTATION_CONTEXT(2) 
PARAMETRIC_REPRESENTATION_CONTEXT() REPRESENTATION_CONTEXT('2D SPACE',''
  ) );
#14985 = ORIENTED_EDGE('',*,*,#10952,.T.);
#14986 = ORIENTED_EDGE('',*,*,#14871,.T.);
#14987 = ORIENTED_EDGE('',*,*,#14988,.F.);
#14988 = EDGE_CURVE('',#14966,#14872,#14989,.T.);
#14989 = SURFACE_CURVE('',#14990,(#14994,#15001),.PCURVE_S1.);
#14990 = LINE('',#14991,#14992);
#14991 = CARTESIAN_POINT('',(30.,-8.778742332191,-0.606997421059));
#14992 = VECTOR('',#14993,1.);
#14993 = DIRECTION('',(0.,-3.551868173345E-02,0.999369012551));
#14994 = PCURVE('',#10966,#14995);
#14995 = DEFINITIONAL_REPRESENTATION('',(#14996),#15000);
#14996 = LINE('',#14997,#14998);
#14997 = CARTESIAN_POINT('',(-1.110223024625E-16,0.353553390593));
#14998 = VECTOR('',#14999,1.);
#14999 = DIRECTION('',(1.,0.));
#15000 = ( GEOMETRIC_REPRESENTATION_CONTEXT(2) 
PARAMETRIC_REPRESENTATION_CONTEXT() REPRESENTATION_CONTEXT('2D SPACE',''
  ) );
#15001 = PCURVE('',#13724,#15002);
#15002 = DEFINITIONAL_REPRESENTATION('',(#15003),#15007);
#15003 = LINE('',#15004,#15005);
#15004 = CARTESIAN_POINT('',(-8.778742332191,-0.606997421059));
#15005 = VECTOR('',#15006,1.);
#15006 = DIRECTION('',(-3.551868173345E-02,0.999369012551));
#15007 = ( GEOMETRIC_REPRESENTATION_CONTEXT(2) 
PARAMETRIC_REPRESENTATION_CONTEXT() REPRESENTATION_CONTEXT('2D SPACE',''
  ) );
#15008 = ADVANCED_FACE('',(#15009),#11020,.T.);
#15009 = FACE_BOUND('',#15010,.T.);
#15010 = EDGE_LOOP('',(#15011,#15012,#15013,#15034));
#15011 = ORIENTED_EDGE('',*,*,#14920,.F.);
#15012 = ORIENTED_EDGE('',*,*,#11006,.T.);
#15013 = ORIENTED_EDGE('',*,*,#15014,.T.);
#15014 = EDGE_CURVE('',#10984,#15015,#15017,.T.);
#15015 = VERTEX_POINT('',#15016);
#15016 = CARTESIAN_POINT('',(30.,8.778742332191,-0.606997421059));
#15017 = SURFACE_CURVE('',#15018,(#15022,#15028),.PCURVE_S1.);
#15018 = LINE('',#15019,#15020);
#15019 = CARTESIAN_POINT('',(29.75,8.528900079053,-0.598117750625));
#15020 = VECTOR('',#15021,1.);
#15021 = DIRECTION('',(0.707106781187,0.706660605683,-2.511550071253E-02
    ));
#15022 = PCURVE('',#11020,#15023);
#15023 = DEFINITIONAL_REPRESENTATION('',(#15024),#15027);
#15024 = B_SPLINE_CURVE_WITH_KNOTS('',1,(#15025,#15026),.UNSPECIFIED.,
  .F.,.F.,(2,2),(-0.353553390593,0.353553390593),
  .PIECEWISE_BEZIER_KNOTS.);
#15025 = CARTESIAN_POINT('',(0.589610116775,-0.353553390593));
#15026 = CARTESIAN_POINT('',(0.589610116775,0.353553390593));
#15027 = ( GEOMETRIC_REPRESENTATION_CONTEXT(2) 
PARAMETRIC_REPRESENTATION_CONTEXT() REPRESENTATION_CONTEXT('2D SPACE',''
  ) );
#15028 = PCURVE('',#11128,#15029);
#15029 = DEFINITIONAL_REPRESENTATION('',(#15030),#15033);
#15030 = B_SPLINE_CURVE_WITH_KNOTS('',1,(#15031,#15032),.UNSPECIFIED.,
  .F.,.F.,(2,2),(-0.353553390593,0.353553390593),
  .PIECEWISE_BEZIER_KNOTS.);
#15031 = CARTESIAN_POINT('',(-5.551115123126E-17,-0.353553390593));
#15032 = CARTESIAN_POINT('',(-5.551115123126E-17,0.353553390593));
#15033 = ( GEOMETRIC_REPRESENTATION_CONTEXT(2) 
PARAMETRIC_REPRESENTATION_CONTEXT() REPRESENTATION_CONTEXT('2D SPACE',''
  ) );
#15034 = ORIENTED_EDGE('',*,*,#15035,.F.);
#15035 = EDGE_CURVE('',#14921,#15015,#15036,.T.);
#15036 = SURFACE_CURVE('',#15037,(#15041,#15048),.PCURVE_S1.);
#15037 = LINE('',#15038,#15039);
#15038 = CARTESIAN_POINT('',(30.,8.799684506276,-1.775934086673E-02));
#15039 = VECTOR('',#15040,1.);
#15040 = DIRECTION('',(0.,-3.551868173345E-02,-0.999369012551));
#15041 = PCURVE('',#11020,#15042);
#15042 = DEFINITIONAL_REPRESENTATION('',(#15043),#15047);
#15043 = LINE('',#15044,#15045);
#15044 = CARTESIAN_POINT('',(-5.551115123126E-17,0.353553390593));
#15045 = VECTOR('',#15046,1.);
#15046 = DIRECTION('',(1.,0.));
#15047 = ( GEOMETRIC_REPRESENTATION_CONTEXT(2) 
PARAMETRIC_REPRESENTATION_CONTEXT() REPRESENTATION_CONTEXT('2D SPACE',''
  ) );
#15048 = PCURVE('',#13724,#15049);
#15049 = DEFINITIONAL_REPRESENTATION('',(#15050),#15054);
#15050 = LINE('',#15051,#15052);
#15051 = CARTESIAN_POINT('',(8.799684506276,-1.775934086673E-02));
#15052 = VECTOR('',#15053,1.);
#15053 = DIRECTION('',(-3.551868173345E-02,-0.999369012551));
#15054 = ( GEOMETRIC_REPRESENTATION_CONTEXT(2) 
PARAMETRIC_REPRESENTATION_CONTEXT() REPRESENTATION_CONTEXT('2D SPACE',''
  ) );
#15055 = ADVANCED_FACE('',(#15056),#11074,.T.);
#15056 = FACE_BOUND('',#15057,.T.);
#15057 = EDGE_LOOP('',(#15058,#15079,#15080,#15081));
#15058 = ORIENTED_EDGE('',*,*,#15059,.F.);
#15059 = EDGE_CURVE('',#11036,#15060,#15062,.T.);
#15060 = VERTEX_POINT('',#15061);
#15061 = CARTESIAN_POINT('',(30.,-8.708469530872,-1.263851745278));
#15062 = SURFACE_CURVE('',#15063,(#15067,#15073),.PCURVE_S1.);
#15063 = LINE('',#15064,#15065);
#15064 = CARTESIAN_POINT('',(29.75,-8.462403257587,-1.219677214704));
#15065 = VECTOR('',#15066,1.);
#15066 = DIRECTION('',(0.707106781187,-0.695980521846,-0.124944440498));
#15067 = PCURVE('',#11074,#15068);
#15068 = DEFINITIONAL_REPRESENTATION('',(#15069),#15072);
#15069 = B_SPLINE_CURVE_WITH_KNOTS('',1,(#15070,#15071),.UNSPECIFIED.,
  .F.,.F.,(2,2),(-0.353553390593,0.353553390593),
  .PIECEWISE_BEZIER_KNOTS.);
#15070 = CARTESIAN_POINT('',(-5.551115123126E-17,-0.353553390593));
#15071 = CARTESIAN_POINT('',(-5.551115123126E-17,0.353553390593));
#15072 = ( GEOMETRIC_REPRESENTATION_CONTEXT(2) 
PARAMETRIC_REPRESENTATION_CONTEXT() REPRESENTATION_CONTEXT('2D SPACE',''
  ) );
#15073 = PCURVE('',#11182,#15074);
#15074 = DEFINITIONAL_REPRESENTATION('',(#15075),#15078);
#15075 = B_SPLINE_CURVE_WITH_KNOTS('',1,(#15076,#15077),.UNSPECIFIED.,
  .F.,.F.,(2,2),(-0.353553390593,0.353553390593),
  .PIECEWISE_BEZIER_KNOTS.);
#15076 = CARTESIAN_POINT('',(0.589610116775,-0.353553390593));
#15077 = CARTESIAN_POINT('',(0.589610116775,0.353553390593));
#15078 = ( GEOMETRIC_REPRESENTATION_CONTEXT(2) 
PARAMETRIC_REPRESENTATION_CONTEXT() REPRESENTATION_CONTEXT('2D SPACE',''
  ) );
#15079 = ORIENTED_EDGE('',*,*,#11060,.T.);
#15080 = ORIENTED_EDGE('',*,*,#14965,.T.);
#15081 = ORIENTED_EDGE('',*,*,#15082,.F.);
#15082 = EDGE_CURVE('',#15060,#14966,#15083,.T.);
#15083 = SURFACE_CURVE('',#15084,(#15088,#15095),.PCURVE_S1.);
#15084 = LINE('',#15085,#15086);
#15085 = CARTESIAN_POINT('',(30.,-8.713499929151,-1.228691087644));
#15086 = VECTOR('',#15087,1.);
#15087 = DIRECTION('',(0.,-0.106376807028,0.994325889699));
#15088 = PCURVE('',#11074,#15089);
#15089 = DEFINITIONAL_REPRESENTATION('',(#15090),#15094);
#15090 = LINE('',#15091,#15092);
#15091 = CARTESIAN_POINT('',(-5.551115123126E-17,0.353553390593));
#15092 = VECTOR('',#15093,1.);
#15093 = DIRECTION('',(1.,0.));
#15094 = ( GEOMETRIC_REPRESENTATION_CONTEXT(2) 
PARAMETRIC_REPRESENTATION_CONTEXT() REPRESENTATION_CONTEXT('2D SPACE',''
  ) );
#15095 = PCURVE('',#13724,#15096);
#15096 = DEFINITIONAL_REPRESENTATION('',(#15097),#15101);
#15097 = LINE('',#15098,#15099);
#15098 = CARTESIAN_POINT('',(-8.713499929151,-1.228691087644));
#15099 = VECTOR('',#15100,1.);
#15100 = DIRECTION('',(-0.106376807028,0.994325889699));
#15101 = ( GEOMETRIC_REPRESENTATION_CONTEXT(2) 
PARAMETRIC_REPRESENTATION_CONTEXT() REPRESENTATION_CONTEXT('2D SPACE',''
  ) );
#15102 = ADVANCED_FACE('',(#15103),#11128,.T.);
#15103 = FACE_BOUND('',#15104,.T.);
#15104 = EDGE_LOOP('',(#15105,#15106,#15107,#15128));
#15105 = ORIENTED_EDGE('',*,*,#15014,.F.);
#15106 = ORIENTED_EDGE('',*,*,#11114,.T.);
#15107 = ORIENTED_EDGE('',*,*,#15108,.T.);
#15108 = EDGE_CURVE('',#11092,#15109,#15111,.T.);
#15109 = VERTEX_POINT('',#15110);
#15110 = CARTESIAN_POINT('',(30.,8.713499929151,-1.228691087644));
#15111 = SURFACE_CURVE('',#15112,(#15116,#15122),.PCURVE_S1.);
#15112 = LINE('',#15113,#15114);
#15113 = CARTESIAN_POINT('',(29.75,8.464918456726,-1.202096885887));
#15114 = VECTOR('',#15115,1.);
#15115 = DIRECTION('',(0.707106781187,0.703094579316,-7.521976161033E-02
    ));
#15116 = PCURVE('',#11128,#15117);
#15117 = DEFINITIONAL_REPRESENTATION('',(#15118),#15121);
#15118 = B_SPLINE_CURVE_WITH_KNOTS('',1,(#15119,#15120),.UNSPECIFIED.,
  .F.,.F.,(2,2),(-0.353553390593,0.353553390593),
  .PIECEWISE_BEZIER_KNOTS.);
#15119 = CARTESIAN_POINT('',(0.589610116775,-0.353553390593));
#15120 = CARTESIAN_POINT('',(0.589610116775,0.353553390593));
#15121 = ( GEOMETRIC_REPRESENTATION_CONTEXT(2) 
PARAMETRIC_REPRESENTATION_CONTEXT() REPRESENTATION_CONTEXT('2D SPACE',''
  ) );
#15122 = PCURVE('',#11236,#15123);
#15123 = DEFINITIONAL_REPRESENTATION('',(#15124),#15127);
#15124 = B_SPLINE_CURVE_WITH_KNOTS('',1,(#15125,#15126),.UNSPECIFIED.,
  .F.,.F.,(2,2),(-0.353553390593,0.353553390593),
  .PIECEWISE_BEZIER_KNOTS.);
#15125 = CARTESIAN_POINT('',(1.110223024625E-16,-0.353553390593));
#15126 = CARTESIAN_POINT('',(1.110223024625E-16,0.353553390593));
#15127 = ( GEOMETRIC_REPRESENTATION_CONTEXT(2) 
PARAMETRIC_REPRESENTATION_CONTEXT() REPRESENTATION_CONTEXT('2D SPACE',''
  ) );
#15128 = ORIENTED_EDGE('',*,*,#15129,.F.);
#15129 = EDGE_CURVE('',#15015,#15109,#15130,.T.);
#15130 = SURFACE_CURVE('',#15131,(#15135,#15142),.PCURVE_S1.);
#15131 = LINE('',#15132,#15133);
#15132 = CARTESIAN_POINT('',(30.,8.776220770765,-0.642426483706));
#15133 = VECTOR('',#15134,1.);
#15134 = DIRECTION('',(0.,-0.106376807028,-0.994325889699));
#15135 = PCURVE('',#11128,#15136);
#15136 = DEFINITIONAL_REPRESENTATION('',(#15137),#15141);
#15137 = LINE('',#15138,#15139);
#15138 = CARTESIAN_POINT('',(0.,0.353553390593));
#15139 = VECTOR('',#15140,1.);
#15140 = DIRECTION('',(1.,0.));
#15141 = ( GEOMETRIC_REPRESENTATION_CONTEXT(2) 
PARAMETRIC_REPRESENTATION_CONTEXT() REPRESENTATION_CONTEXT('2D SPACE',''
  ) );
#15142 = PCURVE('',#13724,#15143);
#15143 = DEFINITIONAL_REPRESENTATION('',(#15144),#15148);
#15144 = LINE('',#15145,#15146);
#15145 = CARTESIAN_POINT('',(8.776220770765,-0.642426483706));
#15146 = VECTOR('',#15147,1.);
#15147 = DIRECTION('',(-0.106376807028,-0.994325889699));
#15148 = ( GEOMETRIC_REPRESENTATION_CONTEXT(2) 
PARAMETRIC_REPRESENTATION_CONTEXT() REPRESENTATION_CONTEXT('2D SPACE',''
  ) );
#15149 = ADVANCED_FACE('',(#15150),#11182,.T.);
#15150 = FACE_BOUND('',#15151,.T.);
#15151 = EDGE_LOOP('',(#15152,#15173,#15174,#15175));
#15152 = ORIENTED_EDGE('',*,*,#15153,.F.);
#15153 = EDGE_CURVE('',#11144,#15154,#15156,.T.);
#15154 = VERTEX_POINT('',#15155);
#15155 = CARTESIAN_POINT('',(30.,-8.596772680154,-1.878899222931));
#15156 = SURFACE_CURVE('',#15157,(#15161,#15167),.PCURVE_S1.);
#15157 = LINE('',#15158,#15159);
#15158 = CARTESIAN_POINT('',(29.75,-8.354463331968,-1.817367281783));
#15159 = VECTOR('',#15160,1.);
#15160 = DIRECTION('',(0.707106781187,-0.685354332991,-0.17403861138));
#15161 = PCURVE('',#11182,#15162);
#15162 = DEFINITIONAL_REPRESENTATION('',(#15163),#15166);
#15163 = B_SPLINE_CURVE_WITH_KNOTS('',1,(#15164,#15165),.UNSPECIFIED.,
  .F.,.F.,(2,2),(-0.353553390593,0.353553390593),
  .PIECEWISE_BEZIER_KNOTS.);
#15164 = CARTESIAN_POINT('',(-3.330669073875E-16,-0.353553390593));
#15165 = CARTESIAN_POINT('',(-3.330669073875E-16,0.353553390593));
#15166 = ( GEOMETRIC_REPRESENTATION_CONTEXT(2) 
PARAMETRIC_REPRESENTATION_CONTEXT() REPRESENTATION_CONTEXT('2D SPACE',''
  ) );
#15167 = PCURVE('',#11290,#15168);
#15168 = DEFINITIONAL_REPRESENTATION('',(#15169),#15172);
#15169 = B_SPLINE_CURVE_WITH_KNOTS('',1,(#15170,#15171),.UNSPECIFIED.,
  .F.,.F.,(2,2),(-0.353553390593,0.353553390593),
  .PIECEWISE_BEZIER_KNOTS.);
#15170 = CARTESIAN_POINT('',(0.589610116775,-0.353553390593));
#15171 = CARTESIAN_POINT('',(0.589610116775,0.353553390593));
#15172 = ( GEOMETRIC_REPRESENTATION_CONTEXT(2) 
PARAMETRIC_REPRESENTATION_CONTEXT() REPRESENTATION_CONTEXT('2D SPACE',''
  ) );
#15173 = ORIENTED_EDGE('',*,*,#11168,.T.);
#15174 = ORIENTED_EDGE('',*,*,#15059,.T.);
#15175 = ORIENTED_EDGE('',*,*,#15176,.F.);
#15176 = EDGE_CURVE('',#15154,#15060,#15177,.T.);
#15177 = SURFACE_CURVE('',#15178,(#15182,#15189),.PCURVE_S1.);
#15178 = LINE('',#15179,#15180);
#15179 = CARTESIAN_POINT('',(30.,-8.604286530352,-1.844184401783));
#15180 = VECTOR('',#15181,1.);
#15181 = DIRECTION('',(0.,-0.176698122295,0.984265093142));
#15182 = PCURVE('',#11182,#15183);
#15183 = DEFINITIONAL_REPRESENTATION('',(#15184),#15188);
#15184 = LINE('',#15185,#15186);
#15185 = CARTESIAN_POINT('',(-3.885780586188E-16,0.353553390593));
#15186 = VECTOR('',#15187,1.);
#15187 = DIRECTION('',(1.,0.));
#15188 = ( GEOMETRIC_REPRESENTATION_CONTEXT(2) 
PARAMETRIC_REPRESENTATION_CONTEXT() REPRESENTATION_CONTEXT('2D SPACE',''
  ) );
#15189 = PCURVE('',#13724,#15190);
#15190 = DEFINITIONAL_REPRESENTATION('',(#15191),#15195);
#15191 = LINE('',#15192,#15193);
#15192 = CARTESIAN_POINT('',(-8.604286530352,-1.844184401783));
#15193 = VECTOR('',#15194,1.);
#15194 = DIRECTION('',(-0.176698122295,0.984265093142));
#15195 = ( GEOMETRIC_REPRESENTATION_CONTEXT(2) 
PARAMETRIC_REPRESENTATION_CONTEXT() REPRESENTATION_CONTEXT('2D SPACE',''
  ) );
#15196 = ADVANCED_FACE('',(#15197),#11236,.T.);
#15197 = FACE_BOUND('',#15198,.T.);
#15198 = EDGE_LOOP('',(#15199,#15200,#15201,#15222));
#15199 = ORIENTED_EDGE('',*,*,#15108,.F.);
#15200 = ORIENTED_EDGE('',*,*,#11222,.T.);
#15201 = ORIENTED_EDGE('',*,*,#15202,.T.);
#15202 = EDGE_CURVE('',#11200,#15203,#15205,.T.);
#15203 = VERTEX_POINT('',#15204);
#15204 = CARTESIAN_POINT('',(30.,8.604286530352,-1.844184401783));
#15205 = SURFACE_CURVE('',#15206,(#15210,#15216),.PCURVE_S1.);
#15206 = LINE('',#15207,#15208);
#15207 = CARTESIAN_POINT('',(29.75,8.358220257066,-1.80000987121));
#15208 = VECTOR('',#15209,1.);
#15209 = DIRECTION('',(0.707106781187,0.695980521846,-0.124944440498));
#15210 = PCURVE('',#11236,#15211);
#15211 = DEFINITIONAL_REPRESENTATION('',(#15212),#15215);
#15212 = B_SPLINE_CURVE_WITH_KNOTS('',1,(#15213,#15214),.UNSPECIFIED.,
  .F.,.F.,(2,2),(-0.353553390593,0.353553390593),
  .PIECEWISE_BEZIER_KNOTS.);
#15213 = CARTESIAN_POINT('',(0.589610116775,-0.353553390593));
#15214 = CARTESIAN_POINT('',(0.589610116775,0.353553390593));
#15215 = ( GEOMETRIC_REPRESENTATION_CONTEXT(2) 
PARAMETRIC_REPRESENTATION_CONTEXT() REPRESENTATION_CONTEXT('2D SPACE',''
  ) );
#15216 = PCURVE('',#11344,#15217);
#15217 = DEFINITIONAL_REPRESENTATION('',(#15218),#15221);
#15218 = B_SPLINE_CURVE_WITH_KNOTS('',1,(#15219,#15220),.UNSPECIFIED.,
  .F.,.F.,(2,2),(-0.353553390593,0.353553390593),
  .PIECEWISE_BEZIER_KNOTS.);
#15219 = CARTESIAN_POINT('',(-1.110223024625E-16,-0.353553390593));
#15220 = CARTESIAN_POINT('',(-1.110223024625E-16,0.353553390593));
#15221 = ( GEOMETRIC_REPRESENTATION_CONTEXT(2) 
PARAMETRIC_REPRESENTATION_CONTEXT() REPRESENTATION_CONTEXT('2D SPACE',''
  ) );
#15222 = ORIENTED_EDGE('',*,*,#15223,.F.);
#15223 = EDGE_CURVE('',#15109,#15203,#15224,.T.);
#15224 = SURFACE_CURVE('',#15225,(#15229,#15236),.PCURVE_S1.);
#15225 = LINE('',#15226,#15227);
#15226 = CARTESIAN_POINT('',(30.,8.708469530872,-1.263851745278));
#15227 = VECTOR('',#15228,1.);
#15228 = DIRECTION('',(0.,-0.176698122295,-0.984265093142));
#15229 = PCURVE('',#11236,#15230);
#15230 = DEFINITIONAL_REPRESENTATION('',(#15231),#15235);
#15231 = LINE('',#15232,#15233);
#15232 = CARTESIAN_POINT('',(1.110223024625E-16,0.353553390593));
#15233 = VECTOR('',#15234,1.);
#15234 = DIRECTION('',(1.,0.));
#15235 = ( GEOMETRIC_REPRESENTATION_CONTEXT(2) 
PARAMETRIC_REPRESENTATION_CONTEXT() REPRESENTATION_CONTEXT('2D SPACE',''
  ) );
#15236 = PCURVE('',#13724,#15237);
#15237 = DEFINITIONAL_REPRESENTATION('',(#15238),#15242);
#15238 = LINE('',#15239,#15240);
#15239 = CARTESIAN_POINT('',(8.708469530872,-1.263851745278));
#15240 = VECTOR('',#15241,1.);
#15241 = DIRECTION('',(-0.176698122295,-0.984265093142));
#15242 = ( GEOMETRIC_REPRESENTATION_CONTEXT(2) 
PARAMETRIC_REPRESENTATION_CONTEXT() REPRESENTATION_CONTEXT('2D SPACE',''
  ) );
#15243 = ADVANCED_FACE('',(#15244),#11290,.T.);
#15244 = FACE_BOUND('',#15245,.T.);
#15245 = EDGE_LOOP('',(#15246,#15267,#15268,#15269));
#15246 = ORIENTED_EDGE('',*,*,#15247,.F.);
#15247 = EDGE_CURVE('',#11252,#15248,#15250,.T.);
#15248 = VERTEX_POINT('',#15249);
#15249 = CARTESIAN_POINT('',(30.,-8.441693875211,-2.484465198267));
#15250 = SURFACE_CURVE('',#15251,(#15255,#15261),.PCURVE_S1.);
#15251 = LINE('',#15252,#15253);
#15252 = CARTESIAN_POINT('',(29.75,-8.204364219485,-2.405886355611));
#15253 = VECTOR('',#15254,1.);
#15254 = DIRECTION('',(0.707106781187,-0.671269635762,-0.222254529997));
#15255 = PCURVE('',#11290,#15256);
#15256 = DEFINITIONAL_REPRESENTATION('',(#15257),#15260);
#15257 = B_SPLINE_CURVE_WITH_KNOTS('',1,(#15258,#15259),.UNSPECIFIED.,
  .F.,.F.,(2,2),(-0.353553390593,0.353553390593),
  .PIECEWISE_BEZIER_KNOTS.);
#15258 = CARTESIAN_POINT('',(0.,-0.353553390593));
#15259 = CARTESIAN_POINT('',(0.,0.353553390593));
#15260 = ( GEOMETRIC_REPRESENTATION_CONTEXT(2) 
PARAMETRIC_REPRESENTATION_CONTEXT() REPRESENTATION_CONTEXT('2D SPACE',''
  ) );
#15261 = PCURVE('',#11398,#15262);
#15262 = DEFINITIONAL_REPRESENTATION('',(#15263),#15266);
#15263 = B_SPLINE_CURVE_WITH_KNOTS('',1,(#15264,#15265),.UNSPECIFIED.,
  .F.,.F.,(2,2),(-0.353553390593,0.353553390593),
  .PIECEWISE_BEZIER_KNOTS.);
#15264 = CARTESIAN_POINT('',(0.589610116775,-0.353553390593));
#15265 = CARTESIAN_POINT('',(0.589610116775,0.353553390593));
#15266 = ( GEOMETRIC_REPRESENTATION_CONTEXT(2) 
PARAMETRIC_REPRESENTATION_CONTEXT() REPRESENTATION_CONTEXT('2D SPACE',''
  ) );
#15267 = ORIENTED_EDGE('',*,*,#11276,.T.);
#15268 = ORIENTED_EDGE('',*,*,#15153,.T.);
#15269 = ORIENTED_EDGE('',*,*,#15270,.F.);
#15270 = EDGE_CURVE('',#15248,#15154,#15271,.T.);
#15271 = SURFACE_CURVE('',#15272,(#15276,#15283),.PCURVE_S1.);
#15272 = LINE('',#15273,#15274);
#15273 = CARTESIAN_POINT('',(30.,-8.451653260133,-2.450371395251));
#15274 = VECTOR('',#15275,1.);
#15275 = DIRECTION('',(0.,-0.24612776459,0.969237392746));
#15276 = PCURVE('',#11290,#15277);
#15277 = DEFINITIONAL_REPRESENTATION('',(#15278),#15282);
#15278 = LINE('',#15279,#15280);
#15279 = CARTESIAN_POINT('',(2.22044604925E-16,0.353553390593));
#15280 = VECTOR('',#15281,1.);
#15281 = DIRECTION('',(1.,0.));
#15282 = ( GEOMETRIC_REPRESENTATION_CONTEXT(2) 
PARAMETRIC_REPRESENTATION_CONTEXT() REPRESENTATION_CONTEXT('2D SPACE',''
  ) );
#15283 = PCURVE('',#13724,#15284);
#15284 = DEFINITIONAL_REPRESENTATION('',(#15285),#15289);
#15285 = LINE('',#15286,#15287);
#15286 = CARTESIAN_POINT('',(-8.451653260133,-2.450371395251));
#15287 = VECTOR('',#15288,1.);
#15288 = DIRECTION('',(-0.24612776459,0.969237392746));
#15289 = ( GEOMETRIC_REPRESENTATION_CONTEXT(2) 
PARAMETRIC_REPRESENTATION_CONTEXT() REPRESENTATION_CONTEXT('2D SPACE',''
  ) );
#15290 = ADVANCED_FACE('',(#15291),#11344,.T.);
#15291 = FACE_BOUND('',#15292,.T.);
#15292 = EDGE_LOOP('',(#15293,#15294,#15295,#15316));
#15293 = ORIENTED_EDGE('',*,*,#15202,.F.);
#15294 = ORIENTED_EDGE('',*,*,#11330,.T.);
#15295 = ORIENTED_EDGE('',*,*,#15296,.T.);
#15296 = EDGE_CURVE('',#11308,#15297,#15299,.T.);
#15297 = VERTEX_POINT('',#15298);
#15298 = CARTESIAN_POINT('',(30.,8.451653260133,-2.450371395251));
#15299 = SURFACE_CURVE('',#15300,(#15304,#15310),.PCURVE_S1.);
#15300 = LINE('',#15301,#15302);
#15301 = CARTESIAN_POINT('',(29.75,8.209343911946,-2.388839454103));
#15302 = VECTOR('',#15303,1.);
#15303 = DIRECTION('',(0.707106781187,0.685354332991,-0.17403861138));
#15304 = PCURVE('',#11344,#15305);
#15305 = DEFINITIONAL_REPRESENTATION('',(#15306),#15309);
#15306 = B_SPLINE_CURVE_WITH_KNOTS('',1,(#15307,#15308),.UNSPECIFIED.,
  .F.,.F.,(2,2),(-0.353553390593,0.353553390593),
  .PIECEWISE_BEZIER_KNOTS.);
#15307 = CARTESIAN_POINT('',(0.589610116775,-0.353553390593));
#15308 = CARTESIAN_POINT('',(0.589610116775,0.353553390593));
#15309 = ( GEOMETRIC_REPRESENTATION_CONTEXT(2) 
PARAMETRIC_REPRESENTATION_CONTEXT() REPRESENTATION_CONTEXT('2D SPACE',''
  ) );
#15310 = PCURVE('',#11452,#15311);
#15311 = DEFINITIONAL_REPRESENTATION('',(#15312),#15315);
#15312 = B_SPLINE_CURVE_WITH_KNOTS('',1,(#15313,#15314),.UNSPECIFIED.,
  .F.,.F.,(2,2),(-0.353553390593,0.353553390593),
  .PIECEWISE_BEZIER_KNOTS.);
#15313 = CARTESIAN_POINT('',(2.775557561563E-16,-0.353553390593));
#15314 = CARTESIAN_POINT('',(2.775557561563E-16,0.353553390593));
#15315 = ( GEOMETRIC_REPRESENTATION_CONTEXT(2) 
PARAMETRIC_REPRESENTATION_CONTEXT() REPRESENTATION_CONTEXT('2D SPACE',''
  ) );
#15316 = ORIENTED_EDGE('',*,*,#15317,.F.);
#15317 = EDGE_CURVE('',#15203,#15297,#15318,.T.);
#15318 = SURFACE_CURVE('',#15319,(#15323,#15330),.PCURVE_S1.);
#15319 = LINE('',#15320,#15321);
#15320 = CARTESIAN_POINT('',(30.,8.596772680154,-1.878899222931));
#15321 = VECTOR('',#15322,1.);
#15322 = DIRECTION('',(0.,-0.24612776459,-0.969237392746));
#15323 = PCURVE('',#11344,#15324);
#15324 = DEFINITIONAL_REPRESENTATION('',(#15325),#15329);
#15325 = LINE('',#15326,#15327);
#15326 = CARTESIAN_POINT('',(-5.551115123126E-17,0.353553390593));
#15327 = VECTOR('',#15328,1.);
#15328 = DIRECTION('',(1.,0.));
#15329 = ( GEOMETRIC_REPRESENTATION_CONTEXT(2) 
PARAMETRIC_REPRESENTATION_CONTEXT() REPRESENTATION_CONTEXT('2D SPACE',''
  ) );
#15330 = PCURVE('',#13724,#15331);
#15331 = DEFINITIONAL_REPRESENTATION('',(#15332),#15336);
#15332 = LINE('',#15333,#15334);
#15333 = CARTESIAN_POINT('',(8.596772680154,-1.878899222931));
#15334 = VECTOR('',#15335,1.);
#15335 = DIRECTION('',(-0.24612776459,-0.969237392746));
#15336 = ( GEOMETRIC_REPRESENTATION_CONTEXT(2) 
PARAMETRIC_REPRESENTATION_CONTEXT() REPRESENTATION_CONTEXT('2D SPACE',''
  ) );
#15337 = ADVANCED_FACE('',(#15338),#11398,.T.);
#15338 = FACE_BOUND('',#15339,.T.);
#15339 = EDGE_LOOP('',(#15340,#15361,#15362,#15363));
#15340 = ORIENTED_EDGE('',*,*,#15341,.F.);
#15341 = EDGE_CURVE('',#11360,#15342,#15344,.T.);
#15342 = VERTEX_POINT('',#15343);
#15343 = CARTESIAN_POINT('',(30.,-8.244015691304,-3.07749379946));
#15344 = SURFACE_CURVE('',#15345,(#15349,#15355),.PCURVE_S1.);
#15345 = LINE('',#15346,#15347);
#15346 = CARTESIAN_POINT('',(29.75,-8.012863366343,-2.982264588262));
#15347 = VECTOR('',#15348,1.);
#15348 = DIRECTION('',(0.707106781187,-0.653797505865,-0.269348884023));
#15349 = PCURVE('',#11398,#15350);
#15350 = DEFINITIONAL_REPRESENTATION('',(#15351),#15354);
#15351 = B_SPLINE_CURVE_WITH_KNOTS('',1,(#15352,#15353),.UNSPECIFIED.,
  .F.,.F.,(2,2),(-0.353553390593,0.353553390593),
  .PIECEWISE_BEZIER_KNOTS.);
#15352 = CARTESIAN_POINT('',(-3.330669073875E-16,-0.353553390593));
#15353 = CARTESIAN_POINT('',(-3.330669073875E-16,0.353553390593));
#15354 = ( GEOMETRIC_REPRESENTATION_CONTEXT(2) 
PARAMETRIC_REPRESENTATION_CONTEXT() REPRESENTATION_CONTEXT('2D SPACE',''
  ) );
#15355 = PCURVE('',#11506,#15356);
#15356 = DEFINITIONAL_REPRESENTATION('',(#15357),#15360);
#15357 = B_SPLINE_CURVE_WITH_KNOTS('',1,(#15358,#15359),.UNSPECIFIED.,
  .F.,.F.,(2,2),(-0.353553390593,0.353553390593),
  .PIECEWISE_BEZIER_KNOTS.);
#15358 = CARTESIAN_POINT('',(0.589610116775,-0.353553390593));
#15359 = CARTESIAN_POINT('',(0.589610116775,0.353553390593));
#15360 = ( GEOMETRIC_REPRESENTATION_CONTEXT(2) 
PARAMETRIC_REPRESENTATION_CONTEXT() REPRESENTATION_CONTEXT('2D SPACE',''
  ) );
#15361 = ORIENTED_EDGE('',*,*,#11384,.T.);
#15362 = ORIENTED_EDGE('',*,*,#15247,.T.);
#15363 = ORIENTED_EDGE('',*,*,#15364,.F.);
#15364 = EDGE_CURVE('',#15342,#15248,#15365,.T.);
#15365 = SURFACE_CURVE('',#15366,(#15370,#15377),.PCURVE_S1.);
#15366 = LINE('',#15367,#15368);
#15367 = CARTESIAN_POINT('',(30.,-8.256370352835,-3.044193062374));
#15368 = VECTOR('',#15369,1.);
#15369 = DIRECTION('',(0.,-0.314315370621,0.949318622903));
#15370 = PCURVE('',#11398,#15371);
#15371 = DEFINITIONAL_REPRESENTATION('',(#15372),#15376);
#15372 = LINE('',#15373,#15374);
#15373 = CARTESIAN_POINT('',(-1.110223024625E-16,0.353553390593));
#15374 = VECTOR('',#15375,1.);
#15375 = DIRECTION('',(1.,0.));
#15376 = ( GEOMETRIC_REPRESENTATION_CONTEXT(2) 
PARAMETRIC_REPRESENTATION_CONTEXT() REPRESENTATION_CONTEXT('2D SPACE',''
  ) );
#15377 = PCURVE('',#13724,#15378);
#15378 = DEFINITIONAL_REPRESENTATION('',(#15379),#15383);
#15379 = LINE('',#15380,#15381);
#15380 = CARTESIAN_POINT('',(-8.256370352835,-3.044193062374));
#15381 = VECTOR('',#15382,1.);
#15382 = DIRECTION('',(-0.314315370621,0.949318622903));
#15383 = ( GEOMETRIC_REPRESENTATION_CONTEXT(2) 
PARAMETRIC_REPRESENTATION_CONTEXT() REPRESENTATION_CONTEXT('2D SPACE',''
  ) );
#15384 = ADVANCED_FACE('',(#15385),#11452,.T.);
#15385 = FACE_BOUND('',#15386,.T.);
#15386 = EDGE_LOOP('',(#15387,#15388,#15389,#15410));
#15387 = ORIENTED_EDGE('',*,*,#15296,.F.);
#15388 = ORIENTED_EDGE('',*,*,#11438,.T.);
#15389 = ORIENTED_EDGE('',*,*,#15390,.T.);
#15390 = EDGE_CURVE('',#11416,#15391,#15393,.T.);
#15391 = VERTEX_POINT('',#15392);
#15392 = CARTESIAN_POINT('',(30.,8.256370352835,-3.044193062374));
#15393 = SURFACE_CURVE('',#15394,(#15398,#15404),.PCURVE_S1.);
#15394 = LINE('',#15395,#15396);
#15395 = CARTESIAN_POINT('',(29.75,8.019040697109,-2.965614219718));
#15396 = VECTOR('',#15397,1.);
#15397 = DIRECTION('',(0.707106781187,0.671269635762,-0.222254529997));
#15398 = PCURVE('',#11452,#15399);
#15399 = DEFINITIONAL_REPRESENTATION('',(#15400),#15403);
#15400 = B_SPLINE_CURVE_WITH_KNOTS('',1,(#15401,#15402),.UNSPECIFIED.,
  .F.,.F.,(2,2),(-0.353553390593,0.353553390593),
  .PIECEWISE_BEZIER_KNOTS.);
#15401 = CARTESIAN_POINT('',(0.589610116775,-0.353553390593));
#15402 = CARTESIAN_POINT('',(0.589610116775,0.353553390593));
#15403 = ( GEOMETRIC_REPRESENTATION_CONTEXT(2) 
PARAMETRIC_REPRESENTATION_CONTEXT() REPRESENTATION_CONTEXT('2D SPACE',''
  ) );
#15404 = PCURVE('',#11560,#15405);
#15405 = DEFINITIONAL_REPRESENTATION('',(#15406),#15409);
#15406 = B_SPLINE_CURVE_WITH_KNOTS('',1,(#15407,#15408),.UNSPECIFIED.,
  .F.,.F.,(2,2),(-0.353553390593,0.353553390593),
  .PIECEWISE_BEZIER_KNOTS.);
#15407 = CARTESIAN_POINT('',(4.996003610813E-16,-0.353553390593));
#15408 = CARTESIAN_POINT('',(4.996003610813E-16,0.353553390593));
#15409 = ( GEOMETRIC_REPRESENTATION_CONTEXT(2) 
PARAMETRIC_REPRESENTATION_CONTEXT() REPRESENTATION_CONTEXT('2D SPACE',''
  ) );
#15410 = ORIENTED_EDGE('',*,*,#15411,.F.);
#15411 = EDGE_CURVE('',#15297,#15391,#15412,.T.);
#15412 = SURFACE_CURVE('',#15413,(#15417,#15424),.PCURVE_S1.);
#15413 = LINE('',#15414,#15415);
#15414 = CARTESIAN_POINT('',(30.,8.441693875211,-2.484465198267));
#15415 = VECTOR('',#15416,1.);
#15416 = DIRECTION('',(0.,-0.314315370621,-0.949318622903));
#15417 = PCURVE('',#11452,#15418);
#15418 = DEFINITIONAL_REPRESENTATION('',(#15419),#15423);
#15419 = LINE('',#15420,#15421);
#15420 = CARTESIAN_POINT('',(1.665334536938E-16,0.353553390593));
#15421 = VECTOR('',#15422,1.);
#15422 = DIRECTION('',(1.,0.));
#15423 = ( GEOMETRIC_REPRESENTATION_CONTEXT(2) 
PARAMETRIC_REPRESENTATION_CONTEXT() REPRESENTATION_CONTEXT('2D SPACE',''
  ) );
#15424 = PCURVE('',#13724,#15425);
#15425 = DEFINITIONAL_REPRESENTATION('',(#15426),#15430);
#15426 = LINE('',#15427,#15428);
#15427 = CARTESIAN_POINT('',(8.441693875211,-2.484465198267));
#15428 = VECTOR('',#15429,1.);
#15429 = DIRECTION('',(-0.314315370621,-0.949318622903));
#15430 = ( GEOMETRIC_REPRESENTATION_CONTEXT(2) 
PARAMETRIC_REPRESENTATION_CONTEXT() REPRESENTATION_CONTEXT('2D SPACE',''
  ) );
#15431 = ADVANCED_FACE('',(#15432),#11506,.T.);
#15432 = FACE_BOUND('',#15433,.T.);
#15433 = EDGE_LOOP('',(#15434,#15455,#15456,#15457));
#15434 = ORIENTED_EDGE('',*,*,#15435,.F.);
#15435 = EDGE_CURVE('',#11468,#15436,#15438,.T.);
#15436 = VERTEX_POINT('',#15437);
#15437 = CARTESIAN_POINT('',(30.,-8.004735673236,-3.654992422126));
#15438 = SURFACE_CURVE('',#15439,(#15443,#15449),.PCURVE_S1.);
#15439 = LINE('',#15440,#15441);
#15440 = CARTESIAN_POINT('',(29.75,-7.780927144639,-3.54359339822));
#15441 = VECTOR('',#15442,1.);
#15442 = DIRECTION('',(0.707106781187,-0.633026113033,-0.315084020887));
#15443 = PCURVE('',#11506,#15444);
#15444 = DEFINITIONAL_REPRESENTATION('',(#15445),#15448);
#15445 = B_SPLINE_CURVE_WITH_KNOTS('',1,(#15446,#15447),.UNSPECIFIED.,
  .F.,.F.,(2,2),(-0.353553390593,0.353553390593),
  .PIECEWISE_BEZIER_KNOTS.);
#15446 = CARTESIAN_POINT('',(-5.551115123126E-17,-0.353553390593));
#15447 = CARTESIAN_POINT('',(-5.551115123126E-17,0.353553390593));
#15448 = ( GEOMETRIC_REPRESENTATION_CONTEXT(2) 
PARAMETRIC_REPRESENTATION_CONTEXT() REPRESENTATION_CONTEXT('2D SPACE',''
  ) );
#15449 = PCURVE('',#11614,#15450);
#15450 = DEFINITIONAL_REPRESENTATION('',(#15451),#15454);
#15451 = B_SPLINE_CURVE_WITH_KNOTS('',1,(#15452,#15453),.UNSPECIFIED.,
  .F.,.F.,(2,2),(-0.353553390593,0.353553390593),
  .PIECEWISE_BEZIER_KNOTS.);
#15452 = CARTESIAN_POINT('',(0.589610116775,-0.353553390593));
#15453 = CARTESIAN_POINT('',(0.589610116775,0.353553390593));
#15454 = ( GEOMETRIC_REPRESENTATION_CONTEXT(2) 
PARAMETRIC_REPRESENTATION_CONTEXT() REPRESENTATION_CONTEXT('2D SPACE',''
  ) );
#15455 = ORIENTED_EDGE('',*,*,#11492,.T.);
#15456 = ORIENTED_EDGE('',*,*,#15341,.T.);
#15457 = ORIENTED_EDGE('',*,*,#15458,.F.);
#15458 = EDGE_CURVE('',#15436,#15342,#15459,.T.);
#15459 = SURFACE_CURVE('',#15460,(#15464,#15471),.PCURVE_S1.);
#15460 = LINE('',#15461,#15462);
#15461 = CARTESIAN_POINT('',(30.,-8.019423265962,-3.622652796711));
#15462 = VECTOR('',#15463,1.);
#15463 = DIRECTION('',(0.,-0.380916844795,0.924609299841));
#15464 = PCURVE('',#11506,#15465);
#15465 = DEFINITIONAL_REPRESENTATION('',(#15466),#15470);
#15466 = LINE('',#15467,#15468);
#15467 = CARTESIAN_POINT('',(5.551115123126E-17,0.353553390593));
#15468 = VECTOR('',#15469,1.);
#15469 = DIRECTION('',(1.,0.));
#15470 = ( GEOMETRIC_REPRESENTATION_CONTEXT(2) 
PARAMETRIC_REPRESENTATION_CONTEXT() REPRESENTATION_CONTEXT('2D SPACE',''
  ) );
#15471 = PCURVE('',#13724,#15472);
#15472 = DEFINITIONAL_REPRESENTATION('',(#15473),#15477);
#15473 = LINE('',#15474,#15475);
#15474 = CARTESIAN_POINT('',(-8.019423265962,-3.622652796711));
#15475 = VECTOR('',#15476,1.);
#15476 = DIRECTION('',(-0.380916844795,0.924609299841));
#15477 = ( GEOMETRIC_REPRESENTATION_CONTEXT(2) 
PARAMETRIC_REPRESENTATION_CONTEXT() REPRESENTATION_CONTEXT('2D SPACE',''
  ) );
#15478 = ADVANCED_FACE('',(#15479),#11560,.T.);
#15479 = FACE_BOUND('',#15480,.T.);
#15480 = EDGE_LOOP('',(#15481,#15482,#15483,#15504));
#15481 = ORIENTED_EDGE('',*,*,#15390,.F.);
#15482 = ORIENTED_EDGE('',*,*,#11546,.T.);
#15483 = ORIENTED_EDGE('',*,*,#15484,.T.);
#15484 = EDGE_CURVE('',#11524,#15485,#15487,.T.);
#15485 = VERTEX_POINT('',#15486);
#15486 = CARTESIAN_POINT('',(30.,8.019423265962,-3.622652796711));
#15487 = SURFACE_CURVE('',#15488,(#15492,#15498),.PCURVE_S1.);
#15488 = LINE('',#15489,#15490);
#15489 = CARTESIAN_POINT('',(29.75,7.788270941002,-3.527423585512));
#15490 = VECTOR('',#15491,1.);
#15491 = DIRECTION('',(0.707106781187,0.653797505865,-0.269348884023));
#15492 = PCURVE('',#11560,#15493);
#15493 = DEFINITIONAL_REPRESENTATION('',(#15494),#15497);
#15494 = B_SPLINE_CURVE_WITH_KNOTS('',1,(#15495,#15496),.UNSPECIFIED.,
  .F.,.F.,(2,2),(-0.353553390593,0.353553390593),
  .PIECEWISE_BEZIER_KNOTS.);
#15495 = CARTESIAN_POINT('',(0.589610116775,-0.353553390593));
#15496 = CARTESIAN_POINT('',(0.589610116775,0.353553390593));
#15497 = ( GEOMETRIC_REPRESENTATION_CONTEXT(2) 
PARAMETRIC_REPRESENTATION_CONTEXT() REPRESENTATION_CONTEXT('2D SPACE',''
  ) );
#15498 = PCURVE('',#11668,#15499);
#15499 = DEFINITIONAL_REPRESENTATION('',(#15500),#15503);
#15500 = B_SPLINE_CURVE_WITH_KNOTS('',1,(#15501,#15502),.UNSPECIFIED.,
  .F.,.F.,(2,2),(-0.353553390593,0.353553390593),
  .PIECEWISE_BEZIER_KNOTS.);
#15501 = CARTESIAN_POINT('',(5.551115123126E-17,-0.353553390593));
#15502 = CARTESIAN_POINT('',(5.551115123126E-17,0.353553390593));
#15503 = ( GEOMETRIC_REPRESENTATION_CONTEXT(2) 
PARAMETRIC_REPRESENTATION_CONTEXT() REPRESENTATION_CONTEXT('2D SPACE',''
  ) );
#15504 = ORIENTED_EDGE('',*,*,#15505,.F.);
#15505 = EDGE_CURVE('',#15391,#15485,#15506,.T.);
#15506 = SURFACE_CURVE('',#15507,(#15511,#15518),.PCURVE_S1.);
#15507 = LINE('',#15508,#15509);
#15508 = CARTESIAN_POINT('',(30.,8.244015691304,-3.07749379946));
#15509 = VECTOR('',#15510,1.);
#15510 = DIRECTION('',(0.,-0.380916844795,-0.924609299841));
#15511 = PCURVE('',#11560,#15512);
#15512 = DEFINITIONAL_REPRESENTATION('',(#15513),#15517);
#15513 = LINE('',#15514,#15515);
#15514 = CARTESIAN_POINT('',(0.,0.353553390593));
#15515 = VECTOR('',#15516,1.);
#15516 = DIRECTION('',(1.,0.));
#15517 = ( GEOMETRIC_REPRESENTATION_CONTEXT(2) 
PARAMETRIC_REPRESENTATION_CONTEXT() REPRESENTATION_CONTEXT('2D SPACE',''
  ) );
#15518 = PCURVE('',#13724,#15519);
#15519 = DEFINITIONAL_REPRESENTATION('',(#15520),#15524);
#15520 = LINE('',#15521,#15522);
#15521 = CARTESIAN_POINT('',(8.244015691304,-3.07749379946));
#15522 = VECTOR('',#15523,1.);
#15523 = DIRECTION('',(-0.380916844795,-0.924609299841));
#15524 = ( GEOMETRIC_REPRESENTATION_CONTEXT(2) 
PARAMETRIC_REPRESENTATION_CONTEXT() REPRESENTATION_CONTEXT('2D SPACE',''
  ) );
#15525 = ADVANCED_FACE('',(#15526),#11614,.T.);
#15526 = FACE_BOUND('',#15527,.T.);
#15527 = EDGE_LOOP('',(#15528,#15549,#15550,#15551));
#15528 = ORIENTED_EDGE('',*,*,#15529,.F.);
#15529 = EDGE_CURVE('',#11576,#15530,#15532,.T.);
#15530 = VERTEX_POINT('',#15531);
#15531 = CARTESIAN_POINT('',(30.,-7.725061301441,-4.214046830916));
#15532 = SURFACE_CURVE('',#15533,(#15537,#15543),.PCURVE_S1.);
#15533 = LINE('',#15534,#15535);
#15534 = CARTESIAN_POINT('',(29.75,-7.509725975753,-4.087040147978));
#15535 = VECTOR('',#15536,1.);
#15536 = DIRECTION('',(0.707106781187,-0.60906027609,-0.359229147048));
#15537 = PCURVE('',#11614,#15538);
#15538 = DEFINITIONAL_REPRESENTATION('',(#15539),#15542);
#15539 = B_SPLINE_CURVE_WITH_KNOTS('',1,(#15540,#15541),.UNSPECIFIED.,
  .F.,.F.,(2,2),(-0.353553390593,0.353553390593),
  .PIECEWISE_BEZIER_KNOTS.);
#15540 = CARTESIAN_POINT('',(3.330669073875E-16,-0.353553390593));
#15541 = CARTESIAN_POINT('',(3.330669073875E-16,0.353553390593));
#15542 = ( GEOMETRIC_REPRESENTATION_CONTEXT(2) 
PARAMETRIC_REPRESENTATION_CONTEXT() REPRESENTATION_CONTEXT('2D SPACE',''
  ) );
#15543 = PCURVE('',#11722,#15544);
#15544 = DEFINITIONAL_REPRESENTATION('',(#15545),#15548);
#15545 = B_SPLINE_CURVE_WITH_KNOTS('',1,(#15546,#15547),.UNSPECIFIED.,
  .F.,.F.,(2,2),(-0.353553390593,0.353553390593),
  .PIECEWISE_BEZIER_KNOTS.);
#15546 = CARTESIAN_POINT('',(0.589610116775,-0.353553390593));
#15547 = CARTESIAN_POINT('',(0.589610116775,0.353553390593));
#15548 = ( GEOMETRIC_REPRESENTATION_CONTEXT(2) 
PARAMETRIC_REPRESENTATION_CONTEXT() REPRESENTATION_CONTEXT('2D SPACE',''
  ) );
#15549 = ORIENTED_EDGE('',*,*,#11600,.T.);
#15550 = ORIENTED_EDGE('',*,*,#15435,.T.);
#15551 = ORIENTED_EDGE('',*,*,#15552,.F.);
#15552 = EDGE_CURVE('',#15530,#15436,#15553,.T.);
#15553 = SURFACE_CURVE('',#15554,(#15558,#15565),.PCURVE_S1.);
#15554 = LINE('',#15555,#15556);
#15555 = CARTESIAN_POINT('',(30.,-7.74200770726,-4.182831512852));
#15556 = VECTOR('',#15557,1.);
#15557 = DIRECTION('',(0.,-0.445596095625,0.895234114388));
#15558 = PCURVE('',#11614,#15559);
#15559 = DEFINITIONAL_REPRESENTATION('',(#15560),#15564);
#15560 = LINE('',#15561,#15562);
#15561 = CARTESIAN_POINT('',(0.,0.353553390593));
#15562 = VECTOR('',#15563,1.);
#15563 = DIRECTION('',(1.,0.));
#15564 = ( GEOMETRIC_REPRESENTATION_CONTEXT(2) 
PARAMETRIC_REPRESENTATION_CONTEXT() REPRESENTATION_CONTEXT('2D SPACE',''
  ) );
#15565 = PCURVE('',#13724,#15566);
#15566 = DEFINITIONAL_REPRESENTATION('',(#15567),#15571);
#15567 = LINE('',#15568,#15569);
#15568 = CARTESIAN_POINT('',(-7.74200770726,-4.182831512852));
#15569 = VECTOR('',#15570,1.);
#15570 = DIRECTION('',(-0.445596095625,0.895234114388));
#15571 = ( GEOMETRIC_REPRESENTATION_CONTEXT(2) 
PARAMETRIC_REPRESENTATION_CONTEXT() REPRESENTATION_CONTEXT('2D SPACE',''
  ) );
#15572 = ADVANCED_FACE('',(#15573),#11668,.T.);
#15573 = FACE_BOUND('',#15574,.T.);
#15574 = EDGE_LOOP('',(#15575,#15576,#15577,#15598));
#15575 = ORIENTED_EDGE('',*,*,#15484,.F.);
#15576 = ORIENTED_EDGE('',*,*,#11654,.T.);
#15577 = ORIENTED_EDGE('',*,*,#15578,.T.);
#15578 = EDGE_CURVE('',#11632,#15579,#15581,.T.);
#15579 = VERTEX_POINT('',#15580);
#15580 = CARTESIAN_POINT('',(30.,7.74200770726,-4.182831512852));
#15581 = SURFACE_CURVE('',#15582,(#15586,#15592),.PCURVE_S1.);
#15582 = LINE('',#15583,#15584);
#15583 = CARTESIAN_POINT('',(29.75,7.518199178663,-4.071432488945));
#15584 = VECTOR('',#15585,1.);
#15585 = DIRECTION('',(0.707106781187,0.633026113033,-0.315084020887));
#15586 = PCURVE('',#11668,#15587);
#15587 = DEFINITIONAL_REPRESENTATION('',(#15588),#15591);
#15588 = B_SPLINE_CURVE_WITH_KNOTS('',1,(#15589,#15590),.UNSPECIFIED.,
  .F.,.F.,(2,2),(-0.353553390593,0.353553390593),
  .PIECEWISE_BEZIER_KNOTS.);
#15589 = CARTESIAN_POINT('',(0.589610116775,-0.353553390593));
#15590 = CARTESIAN_POINT('',(0.589610116775,0.353553390593));
#15591 = ( GEOMETRIC_REPRESENTATION_CONTEXT(2) 
PARAMETRIC_REPRESENTATION_CONTEXT() REPRESENTATION_CONTEXT('2D SPACE',''
  ) );
#15592 = PCURVE('',#11776,#15593);
#15593 = DEFINITIONAL_REPRESENTATION('',(#15594),#15597);
#15594 = B_SPLINE_CURVE_WITH_KNOTS('',1,(#15595,#15596),.UNSPECIFIED.,
  .F.,.F.,(2,2),(-0.353553390593,0.353553390593),
  .PIECEWISE_BEZIER_KNOTS.);
#15595 = CARTESIAN_POINT('',(-4.996003610813E-16,-0.353553390593));
#15596 = CARTESIAN_POINT('',(-4.996003610813E-16,0.353553390593));
#15597 = ( GEOMETRIC_REPRESENTATION_CONTEXT(2) 
PARAMETRIC_REPRESENTATION_CONTEXT() REPRESENTATION_CONTEXT('2D SPACE',''
  ) );
#15598 = ORIENTED_EDGE('',*,*,#15599,.F.);
#15599 = EDGE_CURVE('',#15485,#15579,#15600,.T.);
#15600 = SURFACE_CURVE('',#15601,(#15605,#15612),.PCURVE_S1.);
#15601 = LINE('',#15602,#15603);
#15602 = CARTESIAN_POINT('',(30.,8.004735673236,-3.654992422126));
#15603 = VECTOR('',#15604,1.);
#15604 = DIRECTION('',(0.,-0.445596095625,-0.895234114388));
#15605 = PCURVE('',#11668,#15606);
#15606 = DEFINITIONAL_REPRESENTATION('',(#15607),#15611);
#15607 = LINE('',#15608,#15609);
#15608 = CARTESIAN_POINT('',(-1.110223024625E-16,0.353553390593));
#15609 = VECTOR('',#15610,1.);
#15610 = DIRECTION('',(1.,0.));
#15611 = ( GEOMETRIC_REPRESENTATION_CONTEXT(2) 
PARAMETRIC_REPRESENTATION_CONTEXT() REPRESENTATION_CONTEXT('2D SPACE',''
  ) );
#15612 = PCURVE('',#13724,#15613);
#15613 = DEFINITIONAL_REPRESENTATION('',(#15614),#15618);
#15614 = LINE('',#15615,#15616);
#15615 = CARTESIAN_POINT('',(8.004735673236,-3.654992422126));
#15616 = VECTOR('',#15617,1.);
#15617 = DIRECTION('',(-0.445596095625,-0.895234114388));
#15618 = ( GEOMETRIC_REPRESENTATION_CONTEXT(2) 
PARAMETRIC_REPRESENTATION_CONTEXT() REPRESENTATION_CONTEXT('2D SPACE',''
  ) );
#15619 = ADVANCED_FACE('',(#15620),#11722,.T.);
#15620 = FACE_BOUND('',#15621,.T.);
#15621 = EDGE_LOOP('',(#15622,#15643,#15644,#15645));
#15622 = ORIENTED_EDGE('',*,*,#15623,.F.);
#15623 = EDGE_CURVE('',#11684,#15624,#15626,.T.);
#15624 = VERTEX_POINT('',#15625);
#15625 = CARTESIAN_POINT('',(30.,-7.40640389866,-4.751835865651));
#15626 = SURFACE_CURVE('',#15627,(#15631,#15637),.PCURVE_S1.);
#15627 = LINE('',#15628,#15629);
#15628 = CARTESIAN_POINT('',(29.75,-7.200628424046,-4.609862438394));
#15629 = VECTOR('',#15630,1.);
#15630 = DIRECTION('',(0.707106781187,-0.582020934008,-0.401561492647));
#15631 = PCURVE('',#11722,#15632);
#15632 = DEFINITIONAL_REPRESENTATION('',(#15633),#15636);
#15633 = B_SPLINE_CURVE_WITH_KNOTS('',1,(#15634,#15635),.UNSPECIFIED.,
  .F.,.F.,(2,2),(-0.353553390593,0.353553390593),
  .PIECEWISE_BEZIER_KNOTS.);
#15634 = CARTESIAN_POINT('',(8.881784197001E-16,-0.353553390593));
#15635 = CARTESIAN_POINT('',(8.881784197001E-16,0.353553390593));
#15636 = ( GEOMETRIC_REPRESENTATION_CONTEXT(2) 
PARAMETRIC_REPRESENTATION_CONTEXT() REPRESENTATION_CONTEXT('2D SPACE',''
  ) );
#15637 = PCURVE('',#11830,#15638);
#15638 = DEFINITIONAL_REPRESENTATION('',(#15639),#15642);
#15639 = B_SPLINE_CURVE_WITH_KNOTS('',1,(#15640,#15641),.UNSPECIFIED.,
  .F.,.F.,(2,2),(-0.353553390593,0.353553390593),
  .PIECEWISE_BEZIER_KNOTS.);
#15640 = CARTESIAN_POINT('',(0.589610116775,-0.353553390593));
#15641 = CARTESIAN_POINT('',(0.589610116775,0.353553390593));
#15642 = ( GEOMETRIC_REPRESENTATION_CONTEXT(2) 
PARAMETRIC_REPRESENTATION_CONTEXT() REPRESENTATION_CONTEXT('2D SPACE',''
  ) );
#15643 = ORIENTED_EDGE('',*,*,#11708,.T.);
#15644 = ORIENTED_EDGE('',*,*,#15529,.T.);
#15645 = ORIENTED_EDGE('',*,*,#15646,.F.);
#15646 = EDGE_CURVE('',#15624,#15530,#15647,.T.);
#15647 = SURFACE_CURVE('',#15648,(#15652,#15659),.PCURVE_S1.);
#15648 = LINE('',#15649,#15650);
#15649 = CARTESIAN_POINT('',(30.,-7.425523600806,-4.721902377014));
#15650 = VECTOR('',#15651,1.);
#15651 = DIRECTION('',(0.,-0.508026731755,0.86134130275));
#15652 = PCURVE('',#11722,#15653);
#15653 = DEFINITIONAL_REPRESENTATION('',(#15654),#15658);
#15654 = LINE('',#15655,#15656);
#15655 = CARTESIAN_POINT('',(3.330669073875E-16,0.353553390593));
#15656 = VECTOR('',#15657,1.);
#15657 = DIRECTION('',(1.,0.));
#15658 = ( GEOMETRIC_REPRESENTATION_CONTEXT(2) 
PARAMETRIC_REPRESENTATION_CONTEXT() REPRESENTATION_CONTEXT('2D SPACE',''
  ) );
#15659 = PCURVE('',#13724,#15660);
#15660 = DEFINITIONAL_REPRESENTATION('',(#15661),#15665);
#15661 = LINE('',#15662,#15663);
#15662 = CARTESIAN_POINT('',(-7.425523600806,-4.721902377014));
#15663 = VECTOR('',#15664,1.);
#15664 = DIRECTION('',(-0.508026731755,0.86134130275));
#15665 = ( GEOMETRIC_REPRESENTATION_CONTEXT(2) 
PARAMETRIC_REPRESENTATION_CONTEXT() REPRESENTATION_CONTEXT('2D SPACE',''
  ) );
#15666 = ADVANCED_FACE('',(#15667),#11776,.T.);
#15667 = FACE_BOUND('',#15668,.T.);
#15668 = EDGE_LOOP('',(#15669,#15670,#15671,#15692));
#15669 = ORIENTED_EDGE('',*,*,#15578,.F.);
#15670 = ORIENTED_EDGE('',*,*,#11762,.T.);
#15671 = ORIENTED_EDGE('',*,*,#15672,.T.);
#15672 = EDGE_CURVE('',#11740,#15673,#15675,.T.);
#15673 = VERTEX_POINT('',#15674);
#15674 = CARTESIAN_POINT('',(30.,7.425523600806,-4.721902377014));
#15675 = SURFACE_CURVE('',#15676,(#15680,#15686),.PCURVE_S1.);
#15676 = LINE('',#15677,#15678);
#15677 = CARTESIAN_POINT('',(29.75,7.210188275118,-4.594895694075));
#15678 = VECTOR('',#15679,1.);
#15679 = DIRECTION('',(0.707106781187,0.60906027609,-0.359229147048));
#15680 = PCURVE('',#11776,#15681);
#15681 = DEFINITIONAL_REPRESENTATION('',(#15682),#15685);
#15682 = B_SPLINE_CURVE_WITH_KNOTS('',1,(#15683,#15684),.UNSPECIFIED.,
  .F.,.F.,(2,2),(-0.353553390593,0.353553390593),
  .PIECEWISE_BEZIER_KNOTS.);
#15683 = CARTESIAN_POINT('',(0.589610116775,-0.353553390593));
#15684 = CARTESIAN_POINT('',(0.589610116775,0.353553390593));
#15685 = ( GEOMETRIC_REPRESENTATION_CONTEXT(2) 
PARAMETRIC_REPRESENTATION_CONTEXT() REPRESENTATION_CONTEXT('2D SPACE',''
  ) );
#15686 = PCURVE('',#11884,#15687);
#15687 = DEFINITIONAL_REPRESENTATION('',(#15688),#15691);
#15688 = B_SPLINE_CURVE_WITH_KNOTS('',1,(#15689,#15690),.UNSPECIFIED.,
  .F.,.F.,(2,2),(-0.353553390593,0.353553390593),
  .PIECEWISE_BEZIER_KNOTS.);
#15689 = CARTESIAN_POINT('',(-3.885780586188E-16,-0.353553390593));
#15690 = CARTESIAN_POINT('',(-3.885780586188E-16,0.353553390593));
#15691 = ( GEOMETRIC_REPRESENTATION_CONTEXT(2) 
PARAMETRIC_REPRESENTATION_CONTEXT() REPRESENTATION_CONTEXT('2D SPACE',''
  ) );
#15692 = ORIENTED_EDGE('',*,*,#15693,.F.);
#15693 = EDGE_CURVE('',#15579,#15673,#15694,.T.);
#15694 = SURFACE_CURVE('',#15695,(#15699,#15706),.PCURVE_S1.);
#15695 = LINE('',#15696,#15697);
#15696 = CARTESIAN_POINT('',(30.,7.725061301441,-4.214046830916));
#15697 = VECTOR('',#15698,1.);
#15698 = DIRECTION('',(0.,-0.508026731755,-0.86134130275));
#15699 = PCURVE('',#11776,#15700);
#15700 = DEFINITIONAL_REPRESENTATION('',(#15701),#15705);
#15701 = LINE('',#15702,#15703);
#15702 = CARTESIAN_POINT('',(-7.771561172376E-16,0.353553390593));
#15703 = VECTOR('',#15704,1.);
#15704 = DIRECTION('',(1.,0.));
#15705 = ( GEOMETRIC_REPRESENTATION_CONTEXT(2) 
PARAMETRIC_REPRESENTATION_CONTEXT() REPRESENTATION_CONTEXT('2D SPACE',''
  ) );
#15706 = PCURVE('',#13724,#15707);
#15707 = DEFINITIONAL_REPRESENTATION('',(#15708),#15712);
#15708 = LINE('',#15709,#15710);
#15709 = CARTESIAN_POINT('',(7.725061301441,-4.214046830916));
#15710 = VECTOR('',#15711,1.);
#15711 = DIRECTION('',(-0.508026731755,-0.86134130275));
#15712 = ( GEOMETRIC_REPRESENTATION_CONTEXT(2) 
PARAMETRIC_REPRESENTATION_CONTEXT() REPRESENTATION_CONTEXT('2D SPACE',''
  ) );
#15713 = ADVANCED_FACE('',(#15714),#11830,.T.);
#15714 = FACE_BOUND('',#15715,.T.);
#15715 = EDGE_LOOP('',(#15716,#15737,#15738,#15739));
#15716 = ORIENTED_EDGE('',*,*,#15717,.F.);
#15717 = EDGE_CURVE('',#11792,#15718,#15720,.T.);
#15718 = VERTEX_POINT('',#15719);
#15719 = CARTESIAN_POINT('',(30.,-7.05037150798,-5.265645677754));
#15720 = SURFACE_CURVE('',#15721,(#15725,#15731),.PCURVE_S1.);
#15721 = LINE('',#15722,#15723);
#15722 = CARTESIAN_POINT('',(29.75,-6.855194290657,-5.109421947679));
#15723 = VECTOR('',#15724,1.);
#15724 = DIRECTION('',(0.707106781187,-0.552044535607,-0.441867435671));
#15725 = PCURVE('',#11830,#15726);
#15726 = DEFINITIONAL_REPRESENTATION('',(#15727),#15730);
#15727 = B_SPLINE_CURVE_WITH_KNOTS('',1,(#15728,#15729),.UNSPECIFIED.,
  .F.,.F.,(2,2),(-0.353553390593,0.353553390593),
  .PIECEWISE_BEZIER_KNOTS.);
#15728 = CARTESIAN_POINT('',(5.551115123126E-17,-0.353553390593));
#15729 = CARTESIAN_POINT('',(5.551115123126E-17,0.353553390593));
#15730 = ( GEOMETRIC_REPRESENTATION_CONTEXT(2) 
PARAMETRIC_REPRESENTATION_CONTEXT() REPRESENTATION_CONTEXT('2D SPACE',''
  ) );
#15731 = PCURVE('',#11938,#15732);
#15732 = DEFINITIONAL_REPRESENTATION('',(#15733),#15736);
#15733 = B_SPLINE_CURVE_WITH_KNOTS('',1,(#15734,#15735),.UNSPECIFIED.,
  .F.,.F.,(2,2),(-0.353553390593,0.353553390593),
  .PIECEWISE_BEZIER_KNOTS.);
#15734 = CARTESIAN_POINT('',(0.589610116775,-0.353553390593));
#15735 = CARTESIAN_POINT('',(0.589610116775,0.353553390593));
#15736 = ( GEOMETRIC_REPRESENTATION_CONTEXT(2) 
PARAMETRIC_REPRESENTATION_CONTEXT() REPRESENTATION_CONTEXT('2D SPACE',''
  ) );
#15737 = ORIENTED_EDGE('',*,*,#11816,.T.);
#15738 = ORIENTED_EDGE('',*,*,#15623,.T.);
#15739 = ORIENTED_EDGE('',*,*,#15740,.F.);
#15740 = EDGE_CURVE('',#15718,#15624,#15741,.T.);
#15741 = SURFACE_CURVE('',#15742,(#15746,#15753),.PCURVE_S1.);
#15742 = LINE('',#15743,#15744);
#15743 = CARTESIAN_POINT('',(30.,-7.071568022565,-5.237145072119));
#15744 = VECTOR('',#15745,1.);
#15745 = DIRECTION('',(0.,-0.567893709028,0.823101898459));
#15746 = PCURVE('',#11830,#15747);
#15747 = DEFINITIONAL_REPRESENTATION('',(#15748),#15752);
#15748 = LINE('',#15749,#15750);
#15749 = CARTESIAN_POINT('',(0.,0.353553390593));
#15750 = VECTOR('',#15751,1.);
#15751 = DIRECTION('',(1.,0.));
#15752 = ( GEOMETRIC_REPRESENTATION_CONTEXT(2) 
PARAMETRIC_REPRESENTATION_CONTEXT() REPRESENTATION_CONTEXT('2D SPACE',''
  ) );
#15753 = PCURVE('',#13724,#15754);
#15754 = DEFINITIONAL_REPRESENTATION('',(#15755),#15759);
#15755 = LINE('',#15756,#15757);
#15756 = CARTESIAN_POINT('',(-7.071568022565,-5.237145072119));
#15757 = VECTOR('',#15758,1.);
#15758 = DIRECTION('',(-0.567893709028,0.823101898459));
#15759 = ( GEOMETRIC_REPRESENTATION_CONTEXT(2) 
PARAMETRIC_REPRESENTATION_CONTEXT() REPRESENTATION_CONTEXT('2D SPACE',''
  ) );
#15760 = ADVANCED_FACE('',(#15761),#11884,.T.);
#15761 = FACE_BOUND('',#15762,.T.);
#15762 = EDGE_LOOP('',(#15763,#15764,#15765,#15786));
#15763 = ORIENTED_EDGE('',*,*,#15672,.F.);
#15764 = ORIENTED_EDGE('',*,*,#11870,.T.);
#15765 = ORIENTED_EDGE('',*,*,#15766,.T.);
#15766 = EDGE_CURVE('',#11848,#15767,#15769,.T.);
#15767 = VERTEX_POINT('',#15768);
#15768 = CARTESIAN_POINT('',(30.,7.071568022565,-5.237145072119));
#15769 = SURFACE_CURVE('',#15770,(#15774,#15780),.PCURVE_S1.);
#15770 = LINE('',#15771,#15772);
#15771 = CARTESIAN_POINT('',(29.75,6.86579254795,-5.095171644862));
#15772 = VECTOR('',#15773,1.);
#15773 = DIRECTION('',(0.707106781187,0.582020934008,-0.401561492647));
#15774 = PCURVE('',#11884,#15775);
#15775 = DEFINITIONAL_REPRESENTATION('',(#15776),#15779);
#15776 = B_SPLINE_CURVE_WITH_KNOTS('',1,(#15777,#15778),.UNSPECIFIED.,
  .F.,.F.,(2,2),(-0.353553390593,0.353553390593),
  .PIECEWISE_BEZIER_KNOTS.);
#15777 = CARTESIAN_POINT('',(0.589610116775,-0.353553390593));
#15778 = CARTESIAN_POINT('',(0.589610116775,0.353553390593));
#15779 = ( GEOMETRIC_REPRESENTATION_CONTEXT(2) 
PARAMETRIC_REPRESENTATION_CONTEXT() REPRESENTATION_CONTEXT('2D SPACE',''
  ) );
#15780 = PCURVE('',#11992,#15781);
#15781 = DEFINITIONAL_REPRESENTATION('',(#15782),#15785);
#15782 = B_SPLINE_CURVE_WITH_KNOTS('',1,(#15783,#15784),.UNSPECIFIED.,
  .F.,.F.,(2,2),(-0.353553390593,0.353553390593),
  .PIECEWISE_BEZIER_KNOTS.);
#15783 = CARTESIAN_POINT('',(-3.885780586188E-16,-0.353553390593));
#15784 = CARTESIAN_POINT('',(-3.885780586188E-16,0.353553390593));
#15785 = ( GEOMETRIC_REPRESENTATION_CONTEXT(2) 
PARAMETRIC_REPRESENTATION_CONTEXT() REPRESENTATION_CONTEXT('2D SPACE',''
  ) );
#15786 = ORIENTED_EDGE('',*,*,#15787,.F.);
#15787 = EDGE_CURVE('',#15673,#15767,#15788,.T.);
#15788 = SURFACE_CURVE('',#15789,(#15793,#15800),.PCURVE_S1.);
#15789 = LINE('',#15790,#15791);
#15790 = CARTESIAN_POINT('',(30.,7.40640389866,-4.751835865651));
#15791 = VECTOR('',#15792,1.);
#15792 = DIRECTION('',(0.,-0.567893709028,-0.823101898459));
#15793 = PCURVE('',#11884,#15794);
#15794 = DEFINITIONAL_REPRESENTATION('',(#15795),#15799);
#15795 = LINE('',#15796,#15797);
#15796 = CARTESIAN_POINT('',(5.551115123126E-17,0.353553390593));
#15797 = VECTOR('',#15798,1.);
#15798 = DIRECTION('',(1.,0.));
#15799 = ( GEOMETRIC_REPRESENTATION_CONTEXT(2) 
PARAMETRIC_REPRESENTATION_CONTEXT() REPRESENTATION_CONTEXT('2D SPACE',''
  ) );
#15800 = PCURVE('',#13724,#15801);
#15801 = DEFINITIONAL_REPRESENTATION('',(#15802),#15806);
#15802 = LINE('',#15803,#15804);
#15803 = CARTESIAN_POINT('',(7.40640389866,-4.751835865651));
#15804 = VECTOR('',#15805,1.);
#15805 = DIRECTION('',(-0.567893709028,-0.823101898459));
#15806 = ( GEOMETRIC_REPRESENTATION_CONTEXT(2) 
PARAMETRIC_REPRESENTATION_CONTEXT() REPRESENTATION_CONTEXT('2D SPACE',''
  ) );
#15807 = ADVANCED_FACE('',(#15808),#11938,.T.);
#15808 = FACE_BOUND('',#15809,.T.);
#15809 = EDGE_LOOP('',(#15810,#15831,#15832,#15833));
#15810 = ORIENTED_EDGE('',*,*,#15811,.F.);
#15811 = EDGE_CURVE('',#11900,#15812,#15814,.T.);
#15812 = VERTEX_POINT('',#15813);
#15813 = CARTESIAN_POINT('',(30.,-6.658760778147,-5.752883425169));
#15814 = SURFACE_CURVE('',#15815,(#15819,#15825),.PCURVE_S1.);
#15815 = LINE('',#15816,#15817);
#15816 = CARTESIAN_POINT('',(29.75,-6.475166742277,-5.583197745182));
#15817 = VECTOR('',#15818,1.);
#15818 = DIRECTION('',(0.707106781187,-0.519282350997,-0.479943579958));
#15819 = PCURVE('',#11938,#15820);
#15820 = DEFINITIONAL_REPRESENTATION('',(#15821),#15824);
#15821 = B_SPLINE_CURVE_WITH_KNOTS('',1,(#15822,#15823),.UNSPECIFIED.,
  .F.,.F.,(2,2),(-0.353553390593,0.353553390593),
  .PIECEWISE_BEZIER_KNOTS.);
#15822 = CARTESIAN_POINT('',(-8.881784197001E-16,-0.353553390593));
#15823 = CARTESIAN_POINT('',(-8.881784197001E-16,0.353553390593));
#15824 = ( GEOMETRIC_REPRESENTATION_CONTEXT(2) 
PARAMETRIC_REPRESENTATION_CONTEXT() REPRESENTATION_CONTEXT('2D SPACE',''
  ) );
#15825 = PCURVE('',#12046,#15826);
#15826 = DEFINITIONAL_REPRESENTATION('',(#15827),#15830);
#15827 = B_SPLINE_CURVE_WITH_KNOTS('',1,(#15828,#15829),.UNSPECIFIED.,
  .F.,.F.,(2,2),(-0.353553390593,0.353553390593),
  .PIECEWISE_BEZIER_KNOTS.);
#15828 = CARTESIAN_POINT('',(0.589610116775,-0.353553390593));
#15829 = CARTESIAN_POINT('',(0.589610116775,0.353553390593));
#15830 = ( GEOMETRIC_REPRESENTATION_CONTEXT(2) 
PARAMETRIC_REPRESENTATION_CONTEXT() REPRESENTATION_CONTEXT('2D SPACE',''
  ) );
#15831 = ORIENTED_EDGE('',*,*,#11924,.T.);
#15832 = ORIENTED_EDGE('',*,*,#15717,.T.);
#15833 = ORIENTED_EDGE('',*,*,#15834,.F.);
#15834 = EDGE_CURVE('',#15812,#15718,#15835,.T.);
#15835 = SURFACE_CURVE('',#15836,(#15840,#15847),.PCURVE_S1.);
#15836 = LINE('',#15837,#15838);
#15837 = CARTESIAN_POINT('',(30.,-6.681927141051,-5.725959525343));
#15838 = VECTOR('',#15839,1.);
#15839 = DIRECTION('',(0.,-0.624894920297,0.780708869289));
#15840 = PCURVE('',#11938,#15841);
#15841 = DEFINITIONAL_REPRESENTATION('',(#15842),#15846);
#15842 = LINE('',#15843,#15844);
#15843 = CARTESIAN_POINT('',(-2.775557561563E-16,0.353553390593));
#15844 = VECTOR('',#15845,1.);
#15845 = DIRECTION('',(1.,0.));
#15846 = ( GEOMETRIC_REPRESENTATION_CONTEXT(2) 
PARAMETRIC_REPRESENTATION_CONTEXT() REPRESENTATION_CONTEXT('2D SPACE',''
  ) );
#15847 = PCURVE('',#13724,#15848);
#15848 = DEFINITIONAL_REPRESENTATION('',(#15849),#15853);
#15849 = LINE('',#15850,#15851);
#15850 = CARTESIAN_POINT('',(-6.681927141051,-5.725959525343));
#15851 = VECTOR('',#15852,1.);
#15852 = DIRECTION('',(-0.624894920297,0.780708869289));
#15853 = ( GEOMETRIC_REPRESENTATION_CONTEXT(2) 
PARAMETRIC_REPRESENTATION_CONTEXT() REPRESENTATION_CONTEXT('2D SPACE',''
  ) );
#15854 = ADVANCED_FACE('',(#15855),#11992,.T.);
#15855 = FACE_BOUND('',#15856,.T.);
#15856 = EDGE_LOOP('',(#15857,#15858,#15859,#15880));
#15857 = ORIENTED_EDGE('',*,*,#15766,.F.);
#15858 = ORIENTED_EDGE('',*,*,#11978,.T.);
#15859 = ORIENTED_EDGE('',*,*,#15860,.T.);
#15860 = EDGE_CURVE('',#11956,#15861,#15863,.T.);
#15861 = VERTEX_POINT('',#15862);
#15862 = CARTESIAN_POINT('',(30.,6.681927141051,-5.725959525343));
#15863 = SURFACE_CURVE('',#15864,(#15868,#15874),.PCURVE_S1.);
#15864 = LINE('',#15865,#15866);
#15865 = CARTESIAN_POINT('',(29.75,6.486749923729,-5.569735795268));
#15866 = VECTOR('',#15867,1.);
#15867 = DIRECTION('',(0.707106781187,0.552044535607,-0.441867435671));
#15868 = PCURVE('',#11992,#15869);
#15869 = DEFINITIONAL_REPRESENTATION('',(#15870),#15873);
#15870 = B_SPLINE_CURVE_WITH_KNOTS('',1,(#15871,#15872),.UNSPECIFIED.,
  .F.,.F.,(2,2),(-0.353553390593,0.353553390593),
  .PIECEWISE_BEZIER_KNOTS.);
#15871 = CARTESIAN_POINT('',(0.589610116775,-0.353553390593));
#15872 = CARTESIAN_POINT('',(0.589610116775,0.353553390593));
#15873 = ( GEOMETRIC_REPRESENTATION_CONTEXT(2) 
PARAMETRIC_REPRESENTATION_CONTEXT() REPRESENTATION_CONTEXT('2D SPACE',''
  ) );
#15874 = PCURVE('',#12100,#15875);
#15875 = DEFINITIONAL_REPRESENTATION('',(#15876),#15879);
#15876 = B_SPLINE_CURVE_WITH_KNOTS('',1,(#15877,#15878),.UNSPECIFIED.,
  .F.,.F.,(2,2),(-0.353553390593,0.353553390593),
  .PIECEWISE_BEZIER_KNOTS.);
#15877 = CARTESIAN_POINT('',(4.996003610813E-16,-0.353553390593));
#15878 = CARTESIAN_POINT('',(4.996003610813E-16,0.353553390593));
#15879 = ( GEOMETRIC_REPRESENTATION_CONTEXT(2) 
PARAMETRIC_REPRESENTATION_CONTEXT() REPRESENTATION_CONTEXT('2D SPACE',''
  ) );
#15880 = ORIENTED_EDGE('',*,*,#15881,.F.);
#15881 = EDGE_CURVE('',#15767,#15861,#15882,.T.);
#15882 = SURFACE_CURVE('',#15883,(#15887,#15894),.PCURVE_S1.);
#15883 = LINE('',#15884,#15885);
#15884 = CARTESIAN_POINT('',(30.,7.05037150798,-5.265645677754));
#15885 = VECTOR('',#15886,1.);
#15886 = DIRECTION('',(0.,-0.624894920297,-0.780708869289));
#15887 = PCURVE('',#11992,#15888);
#15888 = DEFINITIONAL_REPRESENTATION('',(#15889),#15893);
#15889 = LINE('',#15890,#15891);
#15890 = CARTESIAN_POINT('',(-5.551115123126E-16,0.353553390593));
#15891 = VECTOR('',#15892,1.);
#15892 = DIRECTION('',(1.,0.));
#15893 = ( GEOMETRIC_REPRESENTATION_CONTEXT(2) 
PARAMETRIC_REPRESENTATION_CONTEXT() REPRESENTATION_CONTEXT('2D SPACE',''
  ) );
#15894 = PCURVE('',#13724,#15895);
#15895 = DEFINITIONAL_REPRESENTATION('',(#15896),#15900);
#15896 = LINE('',#15897,#15898);
#15897 = CARTESIAN_POINT('',(7.05037150798,-5.265645677754));
#15898 = VECTOR('',#15899,1.);
#15899 = DIRECTION('',(-0.624894920297,-0.780708869289));
#15900 = ( GEOMETRIC_REPRESENTATION_CONTEXT(2) 
PARAMETRIC_REPRESENTATION_CONTEXT() REPRESENTATION_CONTEXT('2D SPACE',''
  ) );
#15901 = ADVANCED_FACE('',(#15902),#12046,.T.);
#15902 = FACE_BOUND('',#15903,.T.);
#15903 = EDGE_LOOP('',(#15904,#15925,#15926,#15927));
#15904 = ORIENTED_EDGE('',*,*,#15905,.F.);
#15905 = EDGE_CURVE('',#12008,#15906,#15908,.T.);
#15906 = VERTEX_POINT('',#15907);
#15907 = CARTESIAN_POINT('',(30.,-6.233547897133,-6.211090356639));
#15908 = SURFACE_CURVE('',#15909,(#15913,#15919),.PCURVE_S1.);
#15909 = LINE('',#15910,#15911);
#15910 = CARTESIAN_POINT('',(29.75,-6.062463514584,-6.028799012774));
#15911 = VECTOR('',#15912,1.);
#15912 = DIRECTION('',(0.707106781187,-0.48389970822,-0.515597781594));
#15913 = PCURVE('',#12046,#15914);
#15914 = DEFINITIONAL_REPRESENTATION('',(#15915),#15918);
#15915 = B_SPLINE_CURVE_WITH_KNOTS('',1,(#15916,#15917),.UNSPECIFIED.,
  .F.,.F.,(2,2),(-0.353553390593,0.353553390593),
  .PIECEWISE_BEZIER_KNOTS.);
#15916 = CARTESIAN_POINT('',(2.22044604925E-16,-0.353553390593));
#15917 = CARTESIAN_POINT('',(2.22044604925E-16,0.353553390593));
#15918 = ( GEOMETRIC_REPRESENTATION_CONTEXT(2) 
PARAMETRIC_REPRESENTATION_CONTEXT() REPRESENTATION_CONTEXT('2D SPACE',''
  ) );
#15919 = PCURVE('',#12132,#15920);
#15920 = DEFINITIONAL_REPRESENTATION('',(#15921),#15924);
#15921 = B_SPLINE_CURVE_WITH_KNOTS('',1,(#15922,#15923),.UNSPECIFIED.,
  .F.,.F.,(2,2),(-0.353553390593,0.353553390593),
  .PIECEWISE_BEZIER_KNOTS.);
#15922 = CARTESIAN_POINT('',(0.589610116775,-0.353553390593));
#15923 = CARTESIAN_POINT('',(0.589610116775,0.353553390593));
#15924 = ( GEOMETRIC_REPRESENTATION_CONTEXT(2) 
PARAMETRIC_REPRESENTATION_CONTEXT() REPRESENTATION_CONTEXT('2D SPACE',''
  ) );
#15925 = ORIENTED_EDGE('',*,*,#12032,.T.);
#15926 = ORIENTED_EDGE('',*,*,#15811,.T.);
#15927 = ORIENTED_EDGE('',*,*,#15928,.F.);
#15928 = EDGE_CURVE('',#15906,#15812,#15929,.T.);
#15929 = SURFACE_CURVE('',#15930,(#15934,#15941),.PCURVE_S1.);
#15930 = LINE('',#15931,#15932);
#15931 = CARTESIAN_POINT('',(30.,-6.258567203776,-6.185879028884));
#15932 = VECTOR('',#15933,1.);
#15933 = DIRECTION('',(0.,-0.678742719951,0.734376143481));
#15934 = PCURVE('',#12046,#15935);
#15935 = DEFINITIONAL_REPRESENTATION('',(#15936),#15940);
#15936 = LINE('',#15937,#15938);
#15937 = CARTESIAN_POINT('',(-2.775557561563E-16,0.353553390593));
#15938 = VECTOR('',#15939,1.);
#15939 = DIRECTION('',(1.,0.));
#15940 = ( GEOMETRIC_REPRESENTATION_CONTEXT(2) 
PARAMETRIC_REPRESENTATION_CONTEXT() REPRESENTATION_CONTEXT('2D SPACE',''
  ) );
#15941 = PCURVE('',#13724,#15942);
#15942 = DEFINITIONAL_REPRESENTATION('',(#15943),#15947);
#15943 = LINE('',#15944,#15945);
#15944 = CARTESIAN_POINT('',(-6.258567203776,-6.185879028884));
#15945 = VECTOR('',#15946,1.);
#15946 = DIRECTION('',(-0.678742719951,0.734376143481));
#15947 = ( GEOMETRIC_REPRESENTATION_CONTEXT(2) 
PARAMETRIC_REPRESENTATION_CONTEXT() REPRESENTATION_CONTEXT('2D SPACE',''
  ) );
#15948 = ADVANCED_FACE('',(#15949),#12100,.T.);
#15949 = FACE_BOUND('',#15950,.T.);
#15950 = EDGE_LOOP('',(#15951,#15952,#15953,#15974));
#15951 = ORIENTED_EDGE('',*,*,#15860,.F.);
#15952 = ORIENTED_EDGE('',*,*,#12086,.T.);
#15953 = ORIENTED_EDGE('',*,*,#15954,.T.);
#15954 = EDGE_CURVE('',#12064,#15955,#15957,.T.);
#15955 = VERTEX_POINT('',#15956);
#15956 = CARTESIAN_POINT('',(30.,6.258567203776,-6.185879028884));
#15957 = SURFACE_CURVE('',#15958,(#15962,#15968),.PCURVE_S1.);
#15958 = LINE('',#15959,#15960);
#15959 = CARTESIAN_POINT('',(29.75,6.074973167906,-6.016193348897));
#15960 = VECTOR('',#15961,1.);
#15961 = DIRECTION('',(0.707106781187,0.519282350997,-0.479943579958));
#15962 = PCURVE('',#12100,#15963);
#15963 = DEFINITIONAL_REPRESENTATION('',(#15964),#15967);
#15964 = B_SPLINE_CURVE_WITH_KNOTS('',1,(#15965,#15966),.UNSPECIFIED.,
  .F.,.F.,(2,2),(-0.353553390593,0.353553390593),
  .PIECEWISE_BEZIER_KNOTS.);
#15965 = CARTESIAN_POINT('',(0.589610116775,-0.353553390593));
#15966 = CARTESIAN_POINT('',(0.589610116775,0.353553390593));
#15967 = ( GEOMETRIC_REPRESENTATION_CONTEXT(2) 
PARAMETRIC_REPRESENTATION_CONTEXT() REPRESENTATION_CONTEXT('2D SPACE',''
  ) );
#15968 = PCURVE('',#12208,#15969);
#15969 = DEFINITIONAL_REPRESENTATION('',(#15970),#15973);
#15970 = B_SPLINE_CURVE_WITH_KNOTS('',1,(#15971,#15972),.UNSPECIFIED.,
  .F.,.F.,(2,2),(-0.353553390593,0.353553390593),
  .PIECEWISE_BEZIER_KNOTS.);
#15971 = CARTESIAN_POINT('',(2.775557561563E-16,-0.353553390593));
#15972 = CARTESIAN_POINT('',(2.775557561563E-16,0.353553390593));
#15973 = ( GEOMETRIC_REPRESENTATION_CONTEXT(2) 
PARAMETRIC_REPRESENTATION_CONTEXT() REPRESENTATION_CONTEXT('2D SPACE',''
  ) );
#15974 = ORIENTED_EDGE('',*,*,#15975,.F.);
#15975 = EDGE_CURVE('',#15861,#15955,#15976,.T.);
#15976 = SURFACE_CURVE('',#15977,(#15981,#15988),.PCURVE_S1.);
#15977 = LINE('',#15978,#15979);
#15978 = CARTESIAN_POINT('',(30.,6.658760778147,-5.752883425169));
#15979 = VECTOR('',#15980,1.);
#15980 = DIRECTION('',(0.,-0.678742719951,-0.734376143481));
#15981 = PCURVE('',#12100,#15982);
#15982 = DEFINITIONAL_REPRESENTATION('',(#15983),#15987);
#15983 = LINE('',#15984,#15985);
#15984 = CARTESIAN_POINT('',(6.661338147751E-16,0.353553390593));
#15985 = VECTOR('',#15986,1.);
#15986 = DIRECTION('',(1.,0.));
#15987 = ( GEOMETRIC_REPRESENTATION_CONTEXT(2) 
PARAMETRIC_REPRESENTATION_CONTEXT() REPRESENTATION_CONTEXT('2D SPACE',''
  ) );
#15988 = PCURVE('',#13724,#15989);
#15989 = DEFINITIONAL_REPRESENTATION('',(#15990),#15994);
#15990 = LINE('',#15991,#15992);
#15991 = CARTESIAN_POINT('',(6.658760778147,-5.752883425169));
#15992 = VECTOR('',#15993,1.);
#15993 = DIRECTION('',(-0.678742719951,-0.734376143481));
#15994 = ( GEOMETRIC_REPRESENTATION_CONTEXT(2) 
PARAMETRIC_REPRESENTATION_CONTEXT() REPRESENTATION_CONTEXT('2D SPACE',''
  ) );
#15995 = ADVANCED_FACE('',(#15996),#12132,.T.);
#15996 = FACE_BOUND('',#15997,.T.);
#15997 = EDGE_LOOP('',(#15998,#16021,#16022,#16023));
#15998 = ORIENTED_EDGE('',*,*,#15999,.T.);
#15999 = EDGE_CURVE('',#16000,#12117,#16002,.T.);
#16000 = VERTEX_POINT('',#16001);
#16001 = CARTESIAN_POINT('',(30.,-6.168207302689,-6.272413922633));
#16002 = SURFACE_CURVE('',#16003,(#16007,#16014),.PCURVE_S1.);
#16003 = LINE('',#16004,#16005);
#16004 = CARTESIAN_POINT('',(29.755603480658,-6.000957592255,
    -6.094208442846));
#16005 = VECTOR('',#16006,1.);
#16006 = DIRECTION('',(-0.707106781187,0.48389970822,0.515597781594));
#16007 = PCURVE('',#12132,#16008);
#16008 = DEFINITIONAL_REPRESENTATION('',(#16009),#16013);
#16009 = LINE('',#16010,#16011);
#16010 = CARTESIAN_POINT('',(0.5,7.924518343409E-03));
#16011 = VECTOR('',#16012,1.);
#16012 = DIRECTION('',(-1.456286567607E-14,-1.));
#16013 = ( GEOMETRIC_REPRESENTATION_CONTEXT(2) 
PARAMETRIC_REPRESENTATION_CONTEXT() REPRESENTATION_CONTEXT('2D SPACE',''
  ) );
#16014 = PCURVE('',#12262,#16015);
#16015 = DEFINITIONAL_REPRESENTATION('',(#16016),#16020);
#16016 = LINE('',#16017,#16018);
#16017 = CARTESIAN_POINT('',(1.207884601294,0.333722770415));
#16018 = VECTOR('',#16019,1.);
#16019 = DIRECTION('',(-0.260208870208,0.965552351696));
#16020 = ( GEOMETRIC_REPRESENTATION_CONTEXT(2) 
PARAMETRIC_REPRESENTATION_CONTEXT() REPRESENTATION_CONTEXT('2D SPACE',''
  ) );
#16021 = ORIENTED_EDGE('',*,*,#12116,.T.);
#16022 = ORIENTED_EDGE('',*,*,#15905,.T.);
#16023 = ORIENTED_EDGE('',*,*,#16024,.F.);
#16024 = EDGE_CURVE('',#16000,#15906,#16025,.T.);
#16025 = SURFACE_CURVE('',#16026,(#16030,#16037),.PCURVE_S1.);
#16026 = LINE('',#16027,#16028);
#16027 = CARTESIAN_POINT('',(30.,-5.803624614959,-6.61458268773));
#16028 = VECTOR('',#16029,1.);
#16029 = DIRECTION('',(0.,-0.729165375459,0.684337530193));
#16030 = PCURVE('',#12132,#16031);
#16031 = DEFINITIONAL_REPRESENTATION('',(#16032),#16036);
#16032 = LINE('',#16033,#16034);
#16033 = CARTESIAN_POINT('',(2.22044604925E-16,0.353553390593));
#16034 = VECTOR('',#16035,1.);
#16035 = DIRECTION('',(1.,0.));
#16036 = ( GEOMETRIC_REPRESENTATION_CONTEXT(2) 
PARAMETRIC_REPRESENTATION_CONTEXT() REPRESENTATION_CONTEXT('2D SPACE',''
  ) );
#16037 = PCURVE('',#13724,#16038);
#16038 = DEFINITIONAL_REPRESENTATION('',(#16039),#16043);
#16039 = LINE('',#16040,#16041);
#16040 = CARTESIAN_POINT('',(-5.803624614959,-6.61458268773));
#16041 = VECTOR('',#16042,1.);
#16042 = DIRECTION('',(-0.729165375459,0.684337530193));
#16043 = ( GEOMETRIC_REPRESENTATION_CONTEXT(2) 
PARAMETRIC_REPRESENTATION_CONTEXT() REPRESENTATION_CONTEXT('2D SPACE',''
  ) );
#16044 = ADVANCED_FACE('',(#16045),#12208,.T.);
#16045 = FACE_BOUND('',#16046,.T.);
#16046 = EDGE_LOOP('',(#16047,#16048,#16049,#16072));
#16047 = ORIENTED_EDGE('',*,*,#15954,.F.);
#16048 = ORIENTED_EDGE('',*,*,#12194,.T.);
#16049 = ORIENTED_EDGE('',*,*,#16050,.F.);
#16050 = EDGE_CURVE('',#16051,#12172,#16053,.T.);
#16051 = VERTEX_POINT('',#16052);
#16052 = CARTESIAN_POINT('',(30.,6.168207302689,-6.272413922633));
#16053 = SURFACE_CURVE('',#16054,(#16058,#16065),.PCURVE_S1.);
#16054 = LINE('',#16055,#16056);
#16055 = CARTESIAN_POINT('',(29.755603480658,6.000957592255,
    -6.094208442846));
#16056 = VECTOR('',#16057,1.);
#16057 = DIRECTION('',(-0.707106781187,-0.48389970822,0.515597781594));
#16058 = PCURVE('',#12208,#16059);
#16059 = DEFINITIONAL_REPRESENTATION('',(#16060),#16064);
#16060 = LINE('',#16061,#16062);
#16061 = CARTESIAN_POINT('',(8.961011677532E-02,7.924518343411E-03));
#16062 = VECTOR('',#16063,1.);
#16063 = DIRECTION('',(1.643631938658E-14,-1.));
#16064 = ( GEOMETRIC_REPRESENTATION_CONTEXT(2) 
PARAMETRIC_REPRESENTATION_CONTEXT() REPRESENTATION_CONTEXT('2D SPACE',''
  ) );
#16065 = PCURVE('',#12316,#16066);
#16066 = DEFINITIONAL_REPRESENTATION('',(#16067),#16071);
#16067 = LINE('',#16068,#16069);
#16068 = CARTESIAN_POINT('',(1.207884601294,0.333722770415));
#16069 = VECTOR('',#16070,1.);
#16070 = DIRECTION('',(-0.260208870208,0.965552351696));
#16071 = ( GEOMETRIC_REPRESENTATION_CONTEXT(2) 
PARAMETRIC_REPRESENTATION_CONTEXT() REPRESENTATION_CONTEXT('2D SPACE',''
  ) );
#16072 = ORIENTED_EDGE('',*,*,#16073,.F.);
#16073 = EDGE_CURVE('',#15955,#16051,#16074,.T.);
#16074 = SURFACE_CURVE('',#16075,(#16079,#16086),.PCURVE_S1.);
#16075 = LINE('',#16076,#16077);
#16076 = CARTESIAN_POINT('',(30.,6.233547897133,-6.211090356639));
#16077 = VECTOR('',#16078,1.);
#16078 = DIRECTION('',(0.,-0.729165375459,-0.684337530193));
#16079 = PCURVE('',#12208,#16080);
#16080 = DEFINITIONAL_REPRESENTATION('',(#16081),#16085);
#16081 = LINE('',#16082,#16083);
#16082 = CARTESIAN_POINT('',(0.,0.353553390593));
#16083 = VECTOR('',#16084,1.);
#16084 = DIRECTION('',(1.,0.));
#16085 = ( GEOMETRIC_REPRESENTATION_CONTEXT(2) 
PARAMETRIC_REPRESENTATION_CONTEXT() REPRESENTATION_CONTEXT('2D SPACE',''
  ) );
#16086 = PCURVE('',#13724,#16087);
#16087 = DEFINITIONAL_REPRESENTATION('',(#16088),#16092);
#16088 = LINE('',#16089,#16090);
#16089 = CARTESIAN_POINT('',(6.233547897133,-6.211090356639));
#16090 = VECTOR('',#16091,1.);
#16091 = DIRECTION('',(-0.729165375459,-0.684337530193));
#16092 = ( GEOMETRIC_REPRESENTATION_CONTEXT(2) 
PARAMETRIC_REPRESENTATION_CONTEXT() REPRESENTATION_CONTEXT('2D SPACE',''
  ) );
#16093 = ADVANCED_FACE('',(#16094),#12262,.F.);
#16094 = FACE_BOUND('',#16095,.F.);
#16095 = EDGE_LOOP('',(#16096,#16119,#16140,#16141));
#16096 = ORIENTED_EDGE('',*,*,#16097,.F.);
#16097 = EDGE_CURVE('',#16098,#12226,#16100,.T.);
#16098 = VERTEX_POINT('',#16099);
#16099 = CARTESIAN_POINT('',(30.,-4.961455849863,-6.75));
#16100 = SURFACE_CURVE('',#16101,(#16105,#16112),.PCURVE_S1.);
#16101 = LINE('',#16102,#16103);
#16102 = CARTESIAN_POINT('',(29.875,-4.961455849863,-6.625));
#16103 = VECTOR('',#16104,1.);
#16104 = DIRECTION('',(-0.707106781187,-9.338470677167E-15,
    0.707106781187));
#16105 = PCURVE('',#12262,#16106);
#16106 = DEFINITIONAL_REPRESENTATION('',(#16107),#16111);
#16107 = LINE('',#16108,#16109);
#16108 = CARTESIAN_POINT('',(4.59988641623E-02,0.170687153869));
#16109 = VECTOR('',#16110,1.);
#16110 = DIRECTION('',(0.260208870208,0.965552351696));
#16111 = ( GEOMETRIC_REPRESENTATION_CONTEXT(2) 
PARAMETRIC_REPRESENTATION_CONTEXT() REPRESENTATION_CONTEXT('2D SPACE',''
  ) );
#16112 = PCURVE('',#12347,#16113);
#16113 = DEFINITIONAL_REPRESENTATION('',(#16114),#16118);
#16114 = LINE('',#16115,#16116);
#16115 = CARTESIAN_POINT('',(10.422911699725,0.176776695297));
#16116 = VECTOR('',#16117,1.);
#16117 = DIRECTION('',(9.338470677167E-15,-1.));
#16118 = ( GEOMETRIC_REPRESENTATION_CONTEXT(2) 
PARAMETRIC_REPRESENTATION_CONTEXT() REPRESENTATION_CONTEXT('2D SPACE',''
  ) );
#16119 = ORIENTED_EDGE('',*,*,#16120,.T.);
#16120 = EDGE_CURVE('',#16098,#16000,#16121,.T.);
#16121 = SURFACE_CURVE('',#16122,(#16126,#16133),.PCURVE_S1.);
#16122 = LINE('',#16123,#16124);
#16123 = CARTESIAN_POINT('',(30.,-3.971481015201,-7.141794181702));
#16124 = VECTOR('',#16125,1.);
#16125 = DIRECTION('',(0.,-0.929829386355,0.367990913299));
#16126 = PCURVE('',#12262,#16127);
#16127 = DEFINITIONAL_REPRESENTATION('',(#16128),#16132);
#16128 = LINE('',#16129,#16130);
#16129 = CARTESIAN_POINT('',(-1.064684391771,-7.318524228629E-15));
#16130 = VECTOR('',#16131,1.);
#16131 = DIRECTION('',(1.,5.21860594938E-15));
#16132 = ( GEOMETRIC_REPRESENTATION_CONTEXT(2) 
PARAMETRIC_REPRESENTATION_CONTEXT() REPRESENTATION_CONTEXT('2D SPACE',''
  ) );
#16133 = PCURVE('',#13724,#16134);
#16134 = DEFINITIONAL_REPRESENTATION('',(#16135),#16139);
#16135 = LINE('',#16136,#16137);
#16136 = CARTESIAN_POINT('',(-3.971481015201,-7.141794181702));
#16137 = VECTOR('',#16138,1.);
#16138 = DIRECTION('',(-0.929829386355,0.367990913299));
#16139 = ( GEOMETRIC_REPRESENTATION_CONTEXT(2) 
PARAMETRIC_REPRESENTATION_CONTEXT() REPRESENTATION_CONTEXT('2D SPACE',''
  ) );
#16140 = ORIENTED_EDGE('',*,*,#15999,.T.);
#16141 = ORIENTED_EDGE('',*,*,#12248,.F.);
#16142 = ADVANCED_FACE('',(#16143),#12316,.T.);
#16143 = FACE_BOUND('',#16144,.T.);
#16144 = EDGE_LOOP('',(#16145,#16168,#16189,#16190));
#16145 = ORIENTED_EDGE('',*,*,#16146,.F.);
#16146 = EDGE_CURVE('',#16147,#12280,#16149,.T.);
#16147 = VERTEX_POINT('',#16148);
#16148 = CARTESIAN_POINT('',(30.,4.961455849863,-6.75));
#16149 = SURFACE_CURVE('',#16150,(#16154,#16161),.PCURVE_S1.);
#16150 = LINE('',#16151,#16152);
#16151 = CARTESIAN_POINT('',(29.875,4.961455849863,-6.625));
#16152 = VECTOR('',#16153,1.);
#16153 = DIRECTION('',(-0.707106781187,9.423792137034E-15,0.707106781187
    ));
#16154 = PCURVE('',#12316,#16155);
#16155 = DEFINITIONAL_REPRESENTATION('',(#16156),#16160);
#16156 = LINE('',#16157,#16158);
#16157 = CARTESIAN_POINT('',(4.599886416232E-02,0.170687153869));
#16158 = VECTOR('',#16159,1.);
#16159 = DIRECTION('',(0.260208870208,0.965552351696));
#16160 = ( GEOMETRIC_REPRESENTATION_CONTEXT(2) 
PARAMETRIC_REPRESENTATION_CONTEXT() REPRESENTATION_CONTEXT('2D SPACE',''
  ) );
#16161 = PCURVE('',#12347,#16162);
#16162 = DEFINITIONAL_REPRESENTATION('',(#16163),#16167);
#16163 = LINE('',#16164,#16165);
#16164 = CARTESIAN_POINT('',(0.5,0.176776695297));
#16165 = VECTOR('',#16166,1.);
#16166 = DIRECTION('',(-9.423792137034E-15,-1.));
#16167 = ( GEOMETRIC_REPRESENTATION_CONTEXT(2) 
PARAMETRIC_REPRESENTATION_CONTEXT() REPRESENTATION_CONTEXT('2D SPACE',''
  ) );
#16168 = ORIENTED_EDGE('',*,*,#16169,.T.);
#16169 = EDGE_CURVE('',#16147,#16051,#16170,.T.);
#16170 = SURFACE_CURVE('',#16171,(#16175,#16182),.PCURVE_S1.);
#16171 = LINE('',#16172,#16173);
#16172 = CARTESIAN_POINT('',(30.,3.971481015201,-7.141794181702));
#16173 = VECTOR('',#16174,1.);
#16174 = DIRECTION('',(-0.,0.929829386355,0.367990913299));
#16175 = PCURVE('',#12316,#16176);
#16176 = DEFINITIONAL_REPRESENTATION('',(#16177),#16181);
#16177 = LINE('',#16178,#16179);
#16178 = CARTESIAN_POINT('',(-1.064684391771,-1.14862126605E-14));
#16179 = VECTOR('',#16180,1.);
#16180 = DIRECTION('',(1.,1.044040233968E-14));
#16181 = ( GEOMETRIC_REPRESENTATION_CONTEXT(2) 
PARAMETRIC_REPRESENTATION_CONTEXT() REPRESENTATION_CONTEXT('2D SPACE',''
  ) );
#16182 = PCURVE('',#13724,#16183);
#16183 = DEFINITIONAL_REPRESENTATION('',(#16184),#16188);
#16184 = LINE('',#16185,#16186);
#16185 = CARTESIAN_POINT('',(3.971481015201,-7.141794181702));
#16186 = VECTOR('',#16187,1.);
#16187 = DIRECTION('',(0.929829386355,0.367990913299));
#16188 = ( GEOMETRIC_REPRESENTATION_CONTEXT(2) 
PARAMETRIC_REPRESENTATION_CONTEXT() REPRESENTATION_CONTEXT('2D SPACE',''
  ) );
#16189 = ORIENTED_EDGE('',*,*,#16050,.T.);
#16190 = ORIENTED_EDGE('',*,*,#12302,.F.);
#16191 = ADVANCED_FACE('',(#16192),#12347,.T.);
#16192 = FACE_BOUND('',#16193,.T.);
#16193 = EDGE_LOOP('',(#16194,#16195,#16196,#16197));
#16194 = ORIENTED_EDGE('',*,*,#16146,.T.);
#16195 = ORIENTED_EDGE('',*,*,#12333,.T.);
#16196 = ORIENTED_EDGE('',*,*,#16097,.F.);
#16197 = ORIENTED_EDGE('',*,*,#16198,.F.);
#16198 = EDGE_CURVE('',#16147,#16098,#16199,.T.);
#16199 = SURFACE_CURVE('',#16200,(#16204,#16211),.PCURVE_S1.);
#16200 = LINE('',#16201,#16202);
#16201 = CARTESIAN_POINT('',(30.,5.461455849863,-6.75));
#16202 = VECTOR('',#16203,1.);
#16203 = DIRECTION('',(0.,-1.,0.));
#16204 = PCURVE('',#12347,#16205);
#16205 = DEFINITIONAL_REPRESENTATION('',(#16206),#16210);
#16206 = LINE('',#16207,#16208);
#16207 = CARTESIAN_POINT('',(0.,0.353553390593));
#16208 = VECTOR('',#16209,1.);
#16209 = DIRECTION('',(1.,0.));
#16210 = ( GEOMETRIC_REPRESENTATION_CONTEXT(2) 
PARAMETRIC_REPRESENTATION_CONTEXT() REPRESENTATION_CONTEXT('2D SPACE',''
  ) );
#16211 = PCURVE('',#13724,#16212);
#16212 = DEFINITIONAL_REPRESENTATION('',(#16213),#16217);
#16213 = LINE('',#16214,#16215);
#16214 = CARTESIAN_POINT('',(5.461455849863,-6.75));
#16215 = VECTOR('',#16216,1.);
#16216 = DIRECTION('',(-1.,0.));
#16217 = ( GEOMETRIC_REPRESENTATION_CONTEXT(2) 
PARAMETRIC_REPRESENTATION_CONTEXT() REPRESENTATION_CONTEXT('2D SPACE',''
  ) );
#16218 = ADVANCED_FACE('',(#16219),#12401,.F.);
#16219 = FACE_BOUND('',#16220,.F.);
#16220 = EDGE_LOOP('',(#16221,#16242,#16243,#16244));
#16221 = ORIENTED_EDGE('',*,*,#16222,.F.);
#16222 = EDGE_CURVE('',#12364,#16223,#16225,.T.);
#16223 = VERTEX_POINT('',#16224);
#16224 = CARTESIAN_POINT('',(-2.8,-52.,45.));
#16225 = SEAM_CURVE('',#16226,(#16230,#16236),.PCURVE_S1.);
#16226 = LINE('',#16227,#16228);
#16227 = CARTESIAN_POINT('',(-3.3,-52.,44.5));
#16228 = VECTOR('',#16229,1.);
#16229 = DIRECTION('',(0.707106781187,-0.,0.707106781187));
#16230 = PCURVE('',#12401,#16231);
#16231 = DEFINITIONAL_REPRESENTATION('',(#16232),#16235);
#16232 = B_SPLINE_CURVE_WITH_KNOTS('',1,(#16233,#16234),.UNSPECIFIED.,
  .F.,.F.,(2,2),(0.,0.707106781187),.PIECEWISE_BEZIER_KNOTS.);
#16233 = CARTESIAN_POINT('',(0.,0.));
#16234 = CARTESIAN_POINT('',(0.,-0.5));
#16235 = ( GEOMETRIC_REPRESENTATION_CONTEXT(2) 
PARAMETRIC_REPRESENTATION_CONTEXT() REPRESENTATION_CONTEXT('2D SPACE',''
  ) );
#16236 = PCURVE('',#12401,#16237);
#16237 = DEFINITIONAL_REPRESENTATION('',(#16238),#16241);
#16238 = B_SPLINE_CURVE_WITH_KNOTS('',1,(#16239,#16240),.UNSPECIFIED.,
  .F.,.F.,(2,2),(0.,0.707106781187),.PIECEWISE_BEZIER_KNOTS.);
#16239 = CARTESIAN_POINT('',(-6.28318530718,0.));
#16240 = CARTESIAN_POINT('',(-6.28318530718,-0.5));
#16241 = ( GEOMETRIC_REPRESENTATION_CONTEXT(2) 
PARAMETRIC_REPRESENTATION_CONTEXT() REPRESENTATION_CONTEXT('2D SPACE',''
  ) );
#16242 = ORIENTED_EDGE('',*,*,#12386,.T.);
#16243 = ORIENTED_EDGE('',*,*,#16222,.T.);
#16244 = ORIENTED_EDGE('',*,*,#16245,.F.);
#16245 = EDGE_CURVE('',#16223,#16223,#16246,.T.);
#16246 = SURFACE_CURVE('',#16247,(#16252,#16259),.PCURVE_S1.);
#16247 = CIRCLE('',#16248,5.);
#16248 = AXIS2_PLACEMENT_3D('',#16249,#16250,#16251);
#16249 = CARTESIAN_POINT('',(-2.8,-52.,50.));
#16250 = DIRECTION('',(1.,-0.,2.22044604925E-16));
#16251 = DIRECTION('',(2.22044604925E-16,0.,-1.));
#16252 = PCURVE('',#12401,#16253);
#16253 = DEFINITIONAL_REPRESENTATION('',(#16254),#16258);
#16254 = LINE('',#16255,#16256);
#16255 = CARTESIAN_POINT('',(-0.,-0.5));
#16256 = VECTOR('',#16257,1.);
#16257 = DIRECTION('',(-1.,-0.));
#16258 = ( GEOMETRIC_REPRESENTATION_CONTEXT(2) 
PARAMETRIC_REPRESENTATION_CONTEXT() REPRESENTATION_CONTEXT('2D SPACE',''
  ) );
#16259 = PCURVE('',#16260,#16265);
#16260 = PLANE('',#16261);
#16261 = AXIS2_PLACEMENT_3D('',#16262,#16263,#16264);
#16262 = CARTESIAN_POINT('',(-2.8,-52.,50.));
#16263 = DIRECTION('',(1.,0.,2.22044604925E-16));
#16264 = DIRECTION('',(2.22044604925E-16,0.,-1.));
#16265 = DEFINITIONAL_REPRESENTATION('',(#16266),#16270);
#16266 = CIRCLE('',#16267,5.);
#16267 = AXIS2_PLACEMENT_2D('',#16268,#16269);
#16268 = CARTESIAN_POINT('',(0.,0.));
#16269 = DIRECTION('',(1.,0.));
#16270 = ( GEOMETRIC_REPRESENTATION_CONTEXT(2) 
PARAMETRIC_REPRESENTATION_CONTEXT() REPRESENTATION_CONTEXT('2D SPACE',''
  ) );
#16271 = ADVANCED_FACE('',(#16272),#12456,.F.);
#16272 = FACE_BOUND('',#16273,.F.);
#16273 = EDGE_LOOP('',(#16274,#16295,#16296,#16297));
#16274 = ORIENTED_EDGE('',*,*,#16275,.F.);
#16275 = EDGE_CURVE('',#12419,#16276,#16278,.T.);
#16276 = VERTEX_POINT('',#16277);
#16277 = CARTESIAN_POINT('',(-2.8,52.,45.));
#16278 = SEAM_CURVE('',#16279,(#16283,#16289),.PCURVE_S1.);
#16279 = LINE('',#16280,#16281);
#16280 = CARTESIAN_POINT('',(-3.3,52.,44.5));
#16281 = VECTOR('',#16282,1.);
#16282 = DIRECTION('',(0.707106781187,-0.,0.707106781187));
#16283 = PCURVE('',#12456,#16284);
#16284 = DEFINITIONAL_REPRESENTATION('',(#16285),#16288);
#16285 = B_SPLINE_CURVE_WITH_KNOTS('',1,(#16286,#16287),.UNSPECIFIED.,
  .F.,.F.,(2,2),(0.,0.707106781187),.PIECEWISE_BEZIER_KNOTS.);
#16286 = CARTESIAN_POINT('',(0.,0.));
#16287 = CARTESIAN_POINT('',(0.,-0.5));
#16288 = ( GEOMETRIC_REPRESENTATION_CONTEXT(2) 
PARAMETRIC_REPRESENTATION_CONTEXT() REPRESENTATION_CONTEXT('2D SPACE',''
  ) );
#16289 = PCURVE('',#12456,#16290);
#16290 = DEFINITIONAL_REPRESENTATION('',(#16291),#16294);
#16291 = B_SPLINE_CURVE_WITH_KNOTS('',1,(#16292,#16293),.UNSPECIFIED.,
  .F.,.F.,(2,2),(0.,0.707106781187),.PIECEWISE_BEZIER_KNOTS.);
#16292 = CARTESIAN_POINT('',(-6.28318530718,0.));
#16293 = CARTESIAN_POINT('',(-6.28318530718,-0.5));
#16294 = ( GEOMETRIC_REPRESENTATION_CONTEXT(2) 
PARAMETRIC_REPRESENTATION_CONTEXT() REPRESENTATION_CONTEXT('2D SPACE',''
  ) );
#16295 = ORIENTED_EDGE('',*,*,#12441,.T.);
#16296 = ORIENTED_EDGE('',*,*,#16275,.T.);
#16297 = ORIENTED_EDGE('',*,*,#16298,.F.);
#16298 = EDGE_CURVE('',#16276,#16276,#16299,.T.);
#16299 = SURFACE_CURVE('',#16300,(#16305,#16312),.PCURVE_S1.);
#16300 = CIRCLE('',#16301,5.);
#16301 = AXIS2_PLACEMENT_3D('',#16302,#16303,#16304);
#16302 = CARTESIAN_POINT('',(-2.8,52.,50.));
#16303 = DIRECTION('',(1.,-0.,2.22044604925E-16));
#16304 = DIRECTION('',(2.22044604925E-16,0.,-1.));
#16305 = PCURVE('',#12456,#16306);
#16306 = DEFINITIONAL_REPRESENTATION('',(#16307),#16311);
#16307 = LINE('',#16308,#16309);
#16308 = CARTESIAN_POINT('',(-0.,-0.5));
#16309 = VECTOR('',#16310,1.);
#16310 = DIRECTION('',(-1.,-0.));
#16311 = ( GEOMETRIC_REPRESENTATION_CONTEXT(2) 
PARAMETRIC_REPRESENTATION_CONTEXT() REPRESENTATION_CONTEXT('2D SPACE',''
  ) );
#16312 = PCURVE('',#16313,#16318);
#16313 = PLANE('',#16314);
#16314 = AXIS2_PLACEMENT_3D('',#16315,#16316,#16317);
#16315 = CARTESIAN_POINT('',(-2.8,52.,50.));
#16316 = DIRECTION('',(1.,0.,2.22044604925E-16));
#16317 = DIRECTION('',(2.22044604925E-16,0.,-1.));
#16318 = DEFINITIONAL_REPRESENTATION('',(#16319),#16323);
#16319 = CIRCLE('',#16320,5.);
#16320 = AXIS2_PLACEMENT_2D('',#16321,#16322);
#16321 = CARTESIAN_POINT('',(0.,0.));
#16322 = DIRECTION('',(1.,0.));
#16323 = ( GEOMETRIC_REPRESENTATION_CONTEXT(2) 
PARAMETRIC_REPRESENTATION_CONTEXT() REPRESENTATION_CONTEXT('2D SPACE',''
  ) );
#16324 = ADVANCED_FACE('',(#16325),#12513,.F.);
#16325 = FACE_BOUND('',#16326,.T.);
#16326 = EDGE_LOOP('',(#16327,#16348,#16349,#16350));
#16327 = ORIENTED_EDGE('',*,*,#16328,.F.);
#16328 = EDGE_CURVE('',#12474,#16329,#16331,.T.);
#16329 = VERTEX_POINT('',#16330);
#16330 = CARTESIAN_POINT('',(-2.8,-52.,-37.25));
#16331 = SEAM_CURVE('',#16332,(#16336,#16342),.PCURVE_S1.);
#16332 = LINE('',#16333,#16334);
#16333 = CARTESIAN_POINT('',(-2.3,-52.,-36.75));
#16334 = VECTOR('',#16335,1.);
#16335 = DIRECTION('',(-0.707106781187,0.,-0.707106781187));
#16336 = PCURVE('',#12513,#16337);
#16337 = DEFINITIONAL_REPRESENTATION('',(#16338),#16341);
#16338 = B_SPLINE_CURVE_WITH_KNOTS('',1,(#16339,#16340),.UNSPECIFIED.,
  .F.,.F.,(2,2),(0.,0.707106781187),.PIECEWISE_BEZIER_KNOTS.);
#16339 = CARTESIAN_POINT('',(0.,0.));
#16340 = CARTESIAN_POINT('',(0.,0.5));
#16341 = ( GEOMETRIC_REPRESENTATION_CONTEXT(2) 
PARAMETRIC_REPRESENTATION_CONTEXT() REPRESENTATION_CONTEXT('2D SPACE',''
  ) );
#16342 = PCURVE('',#12513,#16343);
#16343 = DEFINITIONAL_REPRESENTATION('',(#16344),#16347);
#16344 = B_SPLINE_CURVE_WITH_KNOTS('',1,(#16345,#16346),.UNSPECIFIED.,
  .F.,.F.,(2,2),(0.,0.707106781187),.PIECEWISE_BEZIER_KNOTS.);
#16345 = CARTESIAN_POINT('',(-6.28318530718,0.));
#16346 = CARTESIAN_POINT('',(-6.28318530718,0.5));
#16347 = ( GEOMETRIC_REPRESENTATION_CONTEXT(2) 
PARAMETRIC_REPRESENTATION_CONTEXT() REPRESENTATION_CONTEXT('2D SPACE',''
  ) );
#16348 = ORIENTED_EDGE('',*,*,#12498,.T.);
#16349 = ORIENTED_EDGE('',*,*,#16328,.T.);
#16350 = ORIENTED_EDGE('',*,*,#16351,.F.);
#16351 = EDGE_CURVE('',#16329,#16329,#16352,.T.);
#16352 = SURFACE_CURVE('',#16353,(#16358,#16365),.PCURVE_S1.);
#16353 = CIRCLE('',#16354,3.25);
#16354 = AXIS2_PLACEMENT_3D('',#16355,#16356,#16357);
#16355 = CARTESIAN_POINT('',(-2.8,-52.,-34.));
#16356 = DIRECTION('',(1.,-0.,2.22044604925E-16));
#16357 = DIRECTION('',(2.22044604925E-16,0.,-1.));
#16358 = PCURVE('',#12513,#16359);
#16359 = DEFINITIONAL_REPRESENTATION('',(#16360),#16364);
#16360 = LINE('',#16361,#16362);
#16361 = CARTESIAN_POINT('',(-0.,0.5));
#16362 = VECTOR('',#16363,1.);
#16363 = DIRECTION('',(-1.,0.));
#16364 = ( GEOMETRIC_REPRESENTATION_CONTEXT(2) 
PARAMETRIC_REPRESENTATION_CONTEXT() REPRESENTATION_CONTEXT('2D SPACE',''
  ) );
#16365 = PCURVE('',#13595,#16366);
#16366 = DEFINITIONAL_REPRESENTATION('',(#16367),#16371);
#16367 = CIRCLE('',#16368,3.25);
#16368 = AXIS2_PLACEMENT_2D('',#16369,#16370);
#16369 = CARTESIAN_POINT('',(0.,0.));
#16370 = DIRECTION('',(1.,0.));
#16371 = ( GEOMETRIC_REPRESENTATION_CONTEXT(2) 
PARAMETRIC_REPRESENTATION_CONTEXT() REPRESENTATION_CONTEXT('2D SPACE',''
  ) );
#16372 = ADVANCED_FACE('',(#16373),#12568,.F.);
#16373 = FACE_BOUND('',#16374,.T.);
#16374 = EDGE_LOOP('',(#16375,#16396,#16397,#16398));
#16375 = ORIENTED_EDGE('',*,*,#16376,.F.);
#16376 = EDGE_CURVE('',#12529,#16377,#16379,.T.);
#16377 = VERTEX_POINT('',#16378);
#16378 = CARTESIAN_POINT('',(-2.8,52.,-37.25));
#16379 = SEAM_CURVE('',#16380,(#16384,#16390),.PCURVE_S1.);
#16380 = LINE('',#16381,#16382);
#16381 = CARTESIAN_POINT('',(-2.3,52.,-36.75));
#16382 = VECTOR('',#16383,1.);
#16383 = DIRECTION('',(-0.707106781187,0.,-0.707106781187));
#16384 = PCURVE('',#12568,#16385);
#16385 = DEFINITIONAL_REPRESENTATION('',(#16386),#16389);
#16386 = B_SPLINE_CURVE_WITH_KNOTS('',1,(#16387,#16388),.UNSPECIFIED.,
  .F.,.F.,(2,2),(0.,0.707106781187),.PIECEWISE_BEZIER_KNOTS.);
#16387 = CARTESIAN_POINT('',(0.,0.));
#16388 = CARTESIAN_POINT('',(0.,0.5));
#16389 = ( GEOMETRIC_REPRESENTATION_CONTEXT(2) 
PARAMETRIC_REPRESENTATION_CONTEXT() REPRESENTATION_CONTEXT('2D SPACE',''
  ) );
#16390 = PCURVE('',#12568,#16391);
#16391 = DEFINITIONAL_REPRESENTATION('',(#16392),#16395);
#16392 = B_SPLINE_CURVE_WITH_KNOTS('',1,(#16393,#16394),.UNSPECIFIED.,
  .F.,.F.,(2,2),(0.,0.707106781187),.PIECEWISE_BEZIER_KNOTS.);
#16393 = CARTESIAN_POINT('',(-6.28318530718,0.));
#16394 = CARTESIAN_POINT('',(-6.28318530718,0.5));
#16395 = ( GEOMETRIC_REPRESENTATION_CONTEXT(2) 
PARAMETRIC_REPRESENTATION_CONTEXT() REPRESENTATION_CONTEXT('2D SPACE',''
  ) );
#16396 = ORIENTED_EDGE('',*,*,#12553,.T.);
#16397 = ORIENTED_EDGE('',*,*,#16376,.T.);
#16398 = ORIENTED_EDGE('',*,*,#16399,.F.);
#16399 = EDGE_CURVE('',#16377,#16377,#16400,.T.);
#16400 = SURFACE_CURVE('',#16401,(#16406,#16413),.PCURVE_S1.);
#16401 = CIRCLE('',#16402,3.25);
#16402 = AXIS2_PLACEMENT_3D('',#16403,#16404,#16405);
#16403 = CARTESIAN_POINT('',(-2.8,52.,-34.));
#16404 = DIRECTION('',(1.,-0.,2.22044604925E-16));
#16405 = DIRECTION('',(2.22044604925E-16,0.,-1.));
#16406 = PCURVE('',#12568,#16407);
#16407 = DEFINITIONAL_REPRESENTATION('',(#16408),#16412);
#16408 = LINE('',#16409,#16410);
#16409 = CARTESIAN_POINT('',(-0.,0.5));
#16410 = VECTOR('',#16411,1.);
#16411 = DIRECTION('',(-1.,0.));
#16412 = ( GEOMETRIC_REPRESENTATION_CONTEXT(2) 
PARAMETRIC_REPRESENTATION_CONTEXT() REPRESENTATION_CONTEXT('2D SPACE',''
  ) );
#16413 = PCURVE('',#13648,#16414);
#16414 = DEFINITIONAL_REPRESENTATION('',(#16415),#16419);
#16415 = CIRCLE('',#16416,3.25);
#16416 = AXIS2_PLACEMENT_2D('',#16417,#16418);
#16417 = CARTESIAN_POINT('',(0.,0.));
#16418 = DIRECTION('',(1.,0.));
#16419 = ( GEOMETRIC_REPRESENTATION_CONTEXT(2) 
PARAMETRIC_REPRESENTATION_CONTEXT() REPRESENTATION_CONTEXT('2D SPACE',''
  ) );
#16420 = ADVANCED_FACE('',(#16421),#12623,.T.);
#16421 = FACE_BOUND('',#16422,.T.);
#16422 = EDGE_LOOP('',(#16423,#16446,#16447,#16470));
#16423 = ORIENTED_EDGE('',*,*,#16424,.T.);
#16424 = EDGE_CURVE('',#16425,#12608,#16427,.T.);
#16425 = VERTEX_POINT('',#16426);
#16426 = CARTESIAN_POINT('',(30.,-30.5,-37.5));
#16427 = SURFACE_CURVE('',#16428,(#16432,#16439),.PCURVE_S1.);
#16428 = LINE('',#16429,#16430);
#16429 = CARTESIAN_POINT('',(29.926776695297,-30.5,-37.5732233047));
#16430 = VECTOR('',#16431,1.);
#16431 = DIRECTION('',(-0.707106781187,-9.161401556148E-15,
    -0.707106781187));
#16432 = PCURVE('',#12623,#16433);
#16433 = DEFINITIONAL_REPRESENTATION('',(#16434),#16438);
#16434 = LINE('',#16435,#16436);
#16435 = CARTESIAN_POINT('',(0.5,0.25));
#16436 = VECTOR('',#16437,1.);
#16437 = DIRECTION('',(-9.161401556148E-15,-1.));
#16438 = ( GEOMETRIC_REPRESENTATION_CONTEXT(2) 
PARAMETRIC_REPRESENTATION_CONTEXT() REPRESENTATION_CONTEXT('2D SPACE',''
  ) );
#16439 = PCURVE('',#12698,#16440);
#16440 = DEFINITIONAL_REPRESENTATION('',(#16441),#16445);
#16441 = LINE('',#16442,#16443);
#16442 = CARTESIAN_POINT('',(0.569217445719,9.969006417714E-02));
#16443 = VECTOR('',#16444,1.);
#16444 = DIRECTION('',(0.270598050073,0.962692419881));
#16445 = ( GEOMETRIC_REPRESENTATION_CONTEXT(2) 
PARAMETRIC_REPRESENTATION_CONTEXT() REPRESENTATION_CONTEXT('2D SPACE',''
  ) );
#16446 = ORIENTED_EDGE('',*,*,#12607,.T.);
#16447 = ORIENTED_EDGE('',*,*,#16448,.F.);
#16448 = EDGE_CURVE('',#16449,#12585,#16451,.T.);
#16449 = VERTEX_POINT('',#16450);
#16450 = CARTESIAN_POINT('',(30.,30.5,-37.5));
#16451 = SURFACE_CURVE('',#16452,(#16456,#16463),.PCURVE_S1.);
#16452 = LINE('',#16453,#16454);
#16453 = CARTESIAN_POINT('',(29.875,30.5,-37.625));
#16454 = VECTOR('',#16455,1.);
#16455 = DIRECTION('',(-0.707106781187,6.868152083254E-17,
    -0.707106781187));
#16456 = PCURVE('',#12623,#16457);
#16457 = DEFINITIONAL_REPRESENTATION('',(#16458),#16462);
#16458 = LINE('',#16459,#16460);
#16459 = CARTESIAN_POINT('',(61.5,0.176776695297));
#16460 = VECTOR('',#16461,1.);
#16461 = DIRECTION('',(6.868152083254E-17,-1.));
#16462 = ( GEOMETRIC_REPRESENTATION_CONTEXT(2) 
PARAMETRIC_REPRESENTATION_CONTEXT() REPRESENTATION_CONTEXT('2D SPACE',''
  ) );
#16463 = PCURVE('',#12730,#16464);
#16464 = DEFINITIONAL_REPRESENTATION('',(#16465),#16469);
#16465 = LINE('',#16466,#16467);
#16466 = CARTESIAN_POINT('',(-4.783542904575E-02,0.170181584574));
#16467 = VECTOR('',#16468,1.);
#16468 = DIRECTION('',(-0.270598050073,0.962692419881));
#16469 = ( GEOMETRIC_REPRESENTATION_CONTEXT(2) 
PARAMETRIC_REPRESENTATION_CONTEXT() REPRESENTATION_CONTEXT('2D SPACE',''
  ) );
#16470 = ORIENTED_EDGE('',*,*,#16471,.F.);
#16471 = EDGE_CURVE('',#16425,#16449,#16472,.T.);
#16472 = SURFACE_CURVE('',#16473,(#16477,#16484),.PCURVE_S1.);
#16473 = LINE('',#16474,#16475);
#16474 = CARTESIAN_POINT('',(30.,-31.,-37.5));
#16475 = VECTOR('',#16476,1.);
#16476 = DIRECTION('',(0.,1.,0.));
#16477 = PCURVE('',#12623,#16478);
#16478 = DEFINITIONAL_REPRESENTATION('',(#16479),#16483);
#16479 = LINE('',#16480,#16481);
#16480 = CARTESIAN_POINT('',(0.,0.353553390593));
#16481 = VECTOR('',#16482,1.);
#16482 = DIRECTION('',(1.,0.));
#16483 = ( GEOMETRIC_REPRESENTATION_CONTEXT(2) 
PARAMETRIC_REPRESENTATION_CONTEXT() REPRESENTATION_CONTEXT('2D SPACE',''
  ) );
#16484 = PCURVE('',#13724,#16485);
#16485 = DEFINITIONAL_REPRESENTATION('',(#16486),#16490);
#16486 = LINE('',#16487,#16488);
#16487 = CARTESIAN_POINT('',(-31.,-37.5));
#16488 = VECTOR('',#16489,1.);
#16489 = DIRECTION('',(1.,0.));
#16490 = ( GEOMETRIC_REPRESENTATION_CONTEXT(2) 
PARAMETRIC_REPRESENTATION_CONTEXT() REPRESENTATION_CONTEXT('2D SPACE',''
  ) );
#16491 = ADVANCED_FACE('',(#16492),#12698,.F.);
#16492 = FACE_BOUND('',#16493,.F.);
#16493 = EDGE_LOOP('',(#16494,#16517,#16538,#16539));
#16494 = ORIENTED_EDGE('',*,*,#16495,.F.);
#16495 = EDGE_CURVE('',#16496,#12662,#16498,.T.);
#16496 = VERTEX_POINT('',#16497);
#16497 = CARTESIAN_POINT('',(30.,-31.,-37.29289321881));
#16498 = SURFACE_CURVE('',#16499,(#16503,#16510),.PCURVE_S1.);
#16499 = LINE('',#16500,#16501);
#16500 = CARTESIAN_POINT('',(29.875,-31.08838834764,-37.38128156646));
#16501 = VECTOR('',#16502,1.);
#16502 = DIRECTION('',(-0.707106781187,-0.5,-0.5));
#16503 = PCURVE('',#12698,#16504);
#16504 = DEFINITIONAL_REPRESENTATION('',(#16505),#16509);
#16505 = LINE('',#16506,#16507);
#16506 = CARTESIAN_POINT('',(-4.783542904565E-02,0.170181584574));
#16507 = VECTOR('',#16508,1.);
#16508 = DIRECTION('',(-0.270598050073,0.962692419881));
#16509 = ( GEOMETRIC_REPRESENTATION_CONTEXT(2) 
PARAMETRIC_REPRESENTATION_CONTEXT() REPRESENTATION_CONTEXT('2D SPACE',''
  ) );
#16510 = PCURVE('',#12785,#16511);
#16511 = DEFINITIONAL_REPRESENTATION('',(#16512),#16516);
#16512 = LINE('',#16513,#16514);
#16513 = CARTESIAN_POINT('',(9.399494936612,0.176776695297));
#16514 = VECTOR('',#16515,1.);
#16515 = DIRECTION('',(-3.777069244057E-15,-1.));
#16516 = ( GEOMETRIC_REPRESENTATION_CONTEXT(2) 
PARAMETRIC_REPRESENTATION_CONTEXT() REPRESENTATION_CONTEXT('2D SPACE',''
  ) );
#16517 = ORIENTED_EDGE('',*,*,#16518,.T.);
#16518 = EDGE_CURVE('',#16496,#16425,#16519,.T.);
#16519 = SURFACE_CURVE('',#16520,(#16524,#16531),.PCURVE_S1.);
#16520 = LINE('',#16521,#16522);
#16521 = CARTESIAN_POINT('',(30.,-24.36243686707,-40.04226188957));
#16522 = VECTOR('',#16523,1.);
#16523 = DIRECTION('',(0.,0.923879532511,-0.382683432365));
#16524 = PCURVE('',#12698,#16525);
#16525 = DEFINITIONAL_REPRESENTATION('',(#16526),#16530);
#16526 = LINE('',#16527,#16528);
#16527 = CARTESIAN_POINT('',(7.184446564025,3.585338620802E-14));
#16528 = VECTOR('',#16529,1.);
#16529 = DIRECTION('',(1.,5.255292032515E-15));
#16530 = ( GEOMETRIC_REPRESENTATION_CONTEXT(2) 
PARAMETRIC_REPRESENTATION_CONTEXT() REPRESENTATION_CONTEXT('2D SPACE',''
  ) );
#16531 = PCURVE('',#13724,#16532);
#16532 = DEFINITIONAL_REPRESENTATION('',(#16533),#16537);
#16533 = LINE('',#16534,#16535);
#16534 = CARTESIAN_POINT('',(-24.36243686707,-40.04226188957));
#16535 = VECTOR('',#16536,1.);
#16536 = DIRECTION('',(0.923879532511,-0.382683432365));
#16537 = ( GEOMETRIC_REPRESENTATION_CONTEXT(2) 
PARAMETRIC_REPRESENTATION_CONTEXT() REPRESENTATION_CONTEXT('2D SPACE',''
  ) );
#16538 = ORIENTED_EDGE('',*,*,#16424,.T.);
#16539 = ORIENTED_EDGE('',*,*,#12684,.F.);
#16540 = ADVANCED_FACE('',(#16541),#12730,.F.);
#16541 = FACE_BOUND('',#16542,.F.);
#16542 = EDGE_LOOP('',(#16543,#16544,#16567,#16588));
#16543 = ORIENTED_EDGE('',*,*,#16448,.F.);
#16544 = ORIENTED_EDGE('',*,*,#16545,.T.);
#16545 = EDGE_CURVE('',#16449,#16546,#16548,.T.);
#16546 = VERTEX_POINT('',#16547);
#16547 = CARTESIAN_POINT('',(30.,31.,-37.29289321881));
#16548 = SURFACE_CURVE('',#16549,(#16553,#16560),.PCURVE_S1.);
#16549 = LINE('',#16550,#16551);
#16550 = CARTESIAN_POINT('',(30.,24.112436867077,-40.14581528017));
#16551 = VECTOR('',#16552,1.);
#16552 = DIRECTION('',(-0.,0.923879532511,0.382683432365));
#16553 = PCURVE('',#12730,#16554);
#16554 = DEFINITIONAL_REPRESENTATION('',(#16555),#16559);
#16555 = LINE('',#16556,#16557);
#16556 = CARTESIAN_POINT('',(-6.913848513952,-5.321586631387E-15));
#16557 = VECTOR('',#16558,1.);
#16558 = DIRECTION('',(1.,1.205641411609E-17));
#16559 = ( GEOMETRIC_REPRESENTATION_CONTEXT(2) 
PARAMETRIC_REPRESENTATION_CONTEXT() REPRESENTATION_CONTEXT('2D SPACE',''
  ) );
#16560 = PCURVE('',#13724,#16561);
#16561 = DEFINITIONAL_REPRESENTATION('',(#16562),#16566);
#16562 = LINE('',#16563,#16564);
#16563 = CARTESIAN_POINT('',(24.112436867077,-40.14581528017));
#16564 = VECTOR('',#16565,1.);
#16565 = DIRECTION('',(0.923879532511,0.382683432365));
#16566 = ( GEOMETRIC_REPRESENTATION_CONTEXT(2) 
PARAMETRIC_REPRESENTATION_CONTEXT() REPRESENTATION_CONTEXT('2D SPACE',''
  ) );
#16567 = ORIENTED_EDGE('',*,*,#16568,.T.);
#16568 = EDGE_CURVE('',#16546,#12715,#16569,.T.);
#16569 = SURFACE_CURVE('',#16570,(#16574,#16581),.PCURVE_S1.);
#16570 = LINE('',#16571,#16572);
#16571 = CARTESIAN_POINT('',(29.926776695297,31.051776695297,
    -37.34466991411));
#16572 = VECTOR('',#16573,1.);
#16573 = DIRECTION('',(-0.707106781187,0.5,-0.5));
#16574 = PCURVE('',#12730,#16575);
#16575 = DEFINITIONAL_REPRESENTATION('',(#16576),#16580);
#16576 = LINE('',#16577,#16578);
#16577 = CARTESIAN_POINT('',(0.569217445719,9.969006417714E-02));
#16578 = VECTOR('',#16579,1.);
#16579 = DIRECTION('',(0.270598050073,0.962692419881));
#16580 = ( GEOMETRIC_REPRESENTATION_CONTEXT(2) 
PARAMETRIC_REPRESENTATION_CONTEXT() REPRESENTATION_CONTEXT('2D SPACE',''
  ) );
#16581 = PCURVE('',#12859,#16582);
#16582 = DEFINITIONAL_REPRESENTATION('',(#16583),#16587);
#16583 = LINE('',#16584,#16585);
#16584 = CARTESIAN_POINT('',(0.5,0.25));
#16585 = VECTOR('',#16586,1.);
#16586 = DIRECTION('',(1.195087598798E-14,-1.));
#16587 = ( GEOMETRIC_REPRESENTATION_CONTEXT(2) 
PARAMETRIC_REPRESENTATION_CONTEXT() REPRESENTATION_CONTEXT('2D SPACE',''
  ) );
#16588 = ORIENTED_EDGE('',*,*,#12714,.F.);
#16589 = ADVANCED_FACE('',(#16590),#12785,.T.);
#16590 = FACE_BOUND('',#16591,.T.);
#16591 = EDGE_LOOP('',(#16592,#16615,#16616,#16617));
#16592 = ORIENTED_EDGE('',*,*,#16593,.T.);
#16593 = EDGE_CURVE('',#16594,#12770,#16596,.T.);
#16594 = VERTEX_POINT('',#16595);
#16595 = CARTESIAN_POINT('',(30.,-37.29289321881,-31.));
#16596 = SURFACE_CURVE('',#16597,(#16601,#16608),.PCURVE_S1.);
#16597 = LINE('',#16598,#16599);
#16598 = CARTESIAN_POINT('',(29.926776695297,-37.34466991411,
    -31.05177669529));
#16599 = VECTOR('',#16600,1.);
#16600 = DIRECTION('',(-0.707106781187,-0.5,-0.5));
#16601 = PCURVE('',#12785,#16602);
#16602 = DEFINITIONAL_REPRESENTATION('',(#16603),#16607);
#16603 = LINE('',#16604,#16605);
#16604 = CARTESIAN_POINT('',(0.5,0.25));
#16605 = VECTOR('',#16606,1.);
#16606 = DIRECTION('',(1.706762435814E-14,-1.));
#16607 = ( GEOMETRIC_REPRESENTATION_CONTEXT(2) 
PARAMETRIC_REPRESENTATION_CONTEXT() REPRESENTATION_CONTEXT('2D SPACE',''
  ) );
#16608 = PCURVE('',#12914,#16609);
#16609 = DEFINITIONAL_REPRESENTATION('',(#16610),#16614);
#16610 = LINE('',#16611,#16612);
#16611 = CARTESIAN_POINT('',(0.569217445719,9.969006417713E-02));
#16612 = VECTOR('',#16613,1.);
#16613 = DIRECTION('',(0.270598050073,0.962692419881));
#16614 = ( GEOMETRIC_REPRESENTATION_CONTEXT(2) 
PARAMETRIC_REPRESENTATION_CONTEXT() REPRESENTATION_CONTEXT('2D SPACE',''
  ) );
#16615 = ORIENTED_EDGE('',*,*,#12769,.T.);
#16616 = ORIENTED_EDGE('',*,*,#16495,.F.);
#16617 = ORIENTED_EDGE('',*,*,#16618,.F.);
#16618 = EDGE_CURVE('',#16594,#16496,#16619,.T.);
#16619 = SURFACE_CURVE('',#16620,(#16624,#16631),.PCURVE_S1.);
#16620 = LINE('',#16621,#16622);
#16621 = CARTESIAN_POINT('',(30.,-37.6464466094,-30.6464466094));
#16622 = VECTOR('',#16623,1.);
#16623 = DIRECTION('',(0.,0.707106781187,-0.707106781187));
#16624 = PCURVE('',#12785,#16625);
#16625 = DEFINITIONAL_REPRESENTATION('',(#16626),#16630);
#16626 = LINE('',#16627,#16628);
#16627 = CARTESIAN_POINT('',(1.7763568394E-15,0.353553390593));
#16628 = VECTOR('',#16629,1.);
#16629 = DIRECTION('',(1.,0.));
#16630 = ( GEOMETRIC_REPRESENTATION_CONTEXT(2) 
PARAMETRIC_REPRESENTATION_CONTEXT() REPRESENTATION_CONTEXT('2D SPACE',''
  ) );
#16631 = PCURVE('',#13724,#16632);
#16632 = DEFINITIONAL_REPRESENTATION('',(#16633),#16637);
#16633 = LINE('',#16634,#16635);
#16634 = CARTESIAN_POINT('',(-37.6464466094,-30.6464466094));
#16635 = VECTOR('',#16636,1.);
#16636 = DIRECTION('',(0.707106781187,-0.707106781187));
#16637 = ( GEOMETRIC_REPRESENTATION_CONTEXT(2) 
PARAMETRIC_REPRESENTATION_CONTEXT() REPRESENTATION_CONTEXT('2D SPACE',''
  ) );
#16638 = ADVANCED_FACE('',(#16639),#12859,.T.);
#16639 = FACE_BOUND('',#16640,.T.);
#16640 = EDGE_LOOP('',(#16641,#16642,#16643,#16666));
#16641 = ORIENTED_EDGE('',*,*,#16568,.T.);
#16642 = ORIENTED_EDGE('',*,*,#12845,.T.);
#16643 = ORIENTED_EDGE('',*,*,#16644,.F.);
#16644 = EDGE_CURVE('',#16645,#12823,#16647,.T.);
#16645 = VERTEX_POINT('',#16646);
#16646 = CARTESIAN_POINT('',(30.,37.292893218813,-31.));
#16647 = SURFACE_CURVE('',#16648,(#16652,#16659),.PCURVE_S1.);
#16648 = LINE('',#16649,#16650);
#16649 = CARTESIAN_POINT('',(29.875,37.381281566462,-31.08838834764));
#16650 = VECTOR('',#16651,1.);
#16651 = DIRECTION('',(-0.707106781187,0.5,-0.5));
#16652 = PCURVE('',#12859,#16653);
#16653 = DEFINITIONAL_REPRESENTATION('',(#16654),#16658);
#16654 = LINE('',#16655,#16656);
#16655 = CARTESIAN_POINT('',(9.399494936612,0.176776695297));
#16656 = VECTOR('',#16657,1.);
#16657 = DIRECTION('',(8.345919349394E-15,-1.));
#16658 = ( GEOMETRIC_REPRESENTATION_CONTEXT(2) 
PARAMETRIC_REPRESENTATION_CONTEXT() REPRESENTATION_CONTEXT('2D SPACE',''
  ) );
#16659 = PCURVE('',#12946,#16660);
#16660 = DEFINITIONAL_REPRESENTATION('',(#16661),#16665);
#16661 = LINE('',#16662,#16663);
#16662 = CARTESIAN_POINT('',(-4.783542904563E-02,0.170181584574));
#16663 = VECTOR('',#16664,1.);
#16664 = DIRECTION('',(-0.270598050073,0.962692419881));
#16665 = ( GEOMETRIC_REPRESENTATION_CONTEXT(2) 
PARAMETRIC_REPRESENTATION_CONTEXT() REPRESENTATION_CONTEXT('2D SPACE',''
  ) );
#16666 = ORIENTED_EDGE('',*,*,#16667,.F.);
#16667 = EDGE_CURVE('',#16546,#16645,#16668,.T.);
#16668 = SURFACE_CURVE('',#16669,(#16673,#16680),.PCURVE_S1.);
#16669 = LINE('',#16670,#16671);
#16670 = CARTESIAN_POINT('',(30.,30.646446609407,-37.6464466094));
#16671 = VECTOR('',#16672,1.);
#16672 = DIRECTION('',(0.,0.707106781187,0.707106781187));
#16673 = PCURVE('',#12859,#16674);
#16674 = DEFINITIONAL_REPRESENTATION('',(#16675),#16679);
#16675 = LINE('',#16676,#16677);
#16676 = CARTESIAN_POINT('',(5.329070518201E-15,0.353553390593));
#16677 = VECTOR('',#16678,1.);
#16678 = DIRECTION('',(1.,0.));
#16679 = ( GEOMETRIC_REPRESENTATION_CONTEXT(2) 
PARAMETRIC_REPRESENTATION_CONTEXT() REPRESENTATION_CONTEXT('2D SPACE',''
  ) );
#16680 = PCURVE('',#13724,#16681);
#16681 = DEFINITIONAL_REPRESENTATION('',(#16682),#16686);
#16682 = LINE('',#16683,#16684);
#16683 = CARTESIAN_POINT('',(30.646446609407,-37.6464466094));
#16684 = VECTOR('',#16685,1.);
#16685 = DIRECTION('',(0.707106781187,0.707106781187));
#16686 = ( GEOMETRIC_REPRESENTATION_CONTEXT(2) 
PARAMETRIC_REPRESENTATION_CONTEXT() REPRESENTATION_CONTEXT('2D SPACE',''
  ) );
#16687 = ADVANCED_FACE('',(#16688),#12914,.F.);
#16688 = FACE_BOUND('',#16689,.F.);
#16689 = EDGE_LOOP('',(#16690,#16713,#16734,#16735));
#16690 = ORIENTED_EDGE('',*,*,#16691,.F.);
#16691 = EDGE_CURVE('',#16692,#12878,#16694,.T.);
#16692 = VERTEX_POINT('',#16693);
#16693 = CARTESIAN_POINT('',(30.,-37.5,-30.5));
#16694 = SURFACE_CURVE('',#16695,(#16699,#16706),.PCURVE_S1.);
#16695 = LINE('',#16696,#16697);
#16696 = CARTESIAN_POINT('',(29.875,-37.625,-30.5));
#16697 = VECTOR('',#16698,1.);
#16698 = DIRECTION('',(-0.707106781187,-0.707106781187,
    5.464640285451E-17));
#16699 = PCURVE('',#12914,#16700);
#16700 = DEFINITIONAL_REPRESENTATION('',(#16701),#16705);
#16701 = LINE('',#16702,#16703);
#16702 = CARTESIAN_POINT('',(-4.783542904574E-02,0.170181584574));
#16703 = VECTOR('',#16704,1.);
#16704 = DIRECTION('',(-0.270598050073,0.962692419881));
#16705 = ( GEOMETRIC_REPRESENTATION_CONTEXT(2) 
PARAMETRIC_REPRESENTATION_CONTEXT() REPRESENTATION_CONTEXT('2D SPACE',''
  ) );
#16706 = PCURVE('',#13001,#16707);
#16707 = DEFINITIONAL_REPRESENTATION('',(#16708),#16712);
#16708 = LINE('',#16709,#16710);
#16709 = CARTESIAN_POINT('',(61.5,0.176776695297));
#16710 = VECTOR('',#16711,1.);
#16711 = DIRECTION('',(-5.464640285451E-17,-1.));
#16712 = ( GEOMETRIC_REPRESENTATION_CONTEXT(2) 
PARAMETRIC_REPRESENTATION_CONTEXT() REPRESENTATION_CONTEXT('2D SPACE',''
  ) );
#16713 = ORIENTED_EDGE('',*,*,#16714,.T.);
#16714 = EDGE_CURVE('',#16692,#16594,#16715,.T.);
#16715 = SURFACE_CURVE('',#16716,(#16720,#16727),.PCURVE_S1.);
#16716 = LINE('',#16717,#16718);
#16717 = CARTESIAN_POINT('',(30.,-40.14581528017,-24.11243686707));
#16718 = VECTOR('',#16719,1.);
#16719 = DIRECTION('',(0.,0.382683432365,-0.923879532511));
#16720 = PCURVE('',#12914,#16721);
#16721 = DEFINITIONAL_REPRESENTATION('',(#16722),#16726);
#16722 = LINE('',#16723,#16724);
#16723 = CARTESIAN_POINT('',(-6.913848513952,3.63639861365E-14));
#16724 = VECTOR('',#16725,1.);
#16725 = DIRECTION('',(1.,-5.246695013077E-15));
#16726 = ( GEOMETRIC_REPRESENTATION_CONTEXT(2) 
PARAMETRIC_REPRESENTATION_CONTEXT() REPRESENTATION_CONTEXT('2D SPACE',''
  ) );
#16727 = PCURVE('',#13724,#16728);
#16728 = DEFINITIONAL_REPRESENTATION('',(#16729),#16733);
#16729 = LINE('',#16730,#16731);
#16730 = CARTESIAN_POINT('',(-40.14581528017,-24.11243686707));
#16731 = VECTOR('',#16732,1.);
#16732 = DIRECTION('',(0.382683432365,-0.923879532511));
#16733 = ( GEOMETRIC_REPRESENTATION_CONTEXT(2) 
PARAMETRIC_REPRESENTATION_CONTEXT() REPRESENTATION_CONTEXT('2D SPACE',''
  ) );
#16734 = ORIENTED_EDGE('',*,*,#16593,.T.);
#16735 = ORIENTED_EDGE('',*,*,#12900,.F.);
#16736 = ADVANCED_FACE('',(#16737),#12946,.F.);
#16737 = FACE_BOUND('',#16738,.F.);
#16738 = EDGE_LOOP('',(#16739,#16740,#16763,#16784));
#16739 = ORIENTED_EDGE('',*,*,#16644,.F.);
#16740 = ORIENTED_EDGE('',*,*,#16741,.T.);
#16741 = EDGE_CURVE('',#16645,#16742,#16744,.T.);
#16742 = VERTEX_POINT('',#16743);
#16743 = CARTESIAN_POINT('',(30.,37.5,-30.5));
#16744 = SURFACE_CURVE('',#16745,(#16749,#16756),.PCURVE_S1.);
#16745 = LINE('',#16746,#16747);
#16746 = CARTESIAN_POINT('',(30.,40.042261889578,-24.36243686707));
#16747 = VECTOR('',#16748,1.);
#16748 = DIRECTION('',(-0.,0.382683432365,0.923879532511));
#16749 = PCURVE('',#12946,#16750);
#16750 = DEFINITIONAL_REPRESENTATION('',(#16751),#16755);
#16751 = LINE('',#16752,#16753);
#16752 = CARTESIAN_POINT('',(7.184446564025,-6.975379782609E-15));
#16753 = VECTOR('',#16754,1.);
#16754 = DIRECTION('',(1.,-2.32477891346E-19));
#16755 = ( GEOMETRIC_REPRESENTATION_CONTEXT(2) 
PARAMETRIC_REPRESENTATION_CONTEXT() REPRESENTATION_CONTEXT('2D SPACE',''
  ) );
#16756 = PCURVE('',#13724,#16757);
#16757 = DEFINITIONAL_REPRESENTATION('',(#16758),#16762);
#16758 = LINE('',#16759,#16760);
#16759 = CARTESIAN_POINT('',(40.042261889578,-24.36243686707));
#16760 = VECTOR('',#16761,1.);
#16761 = DIRECTION('',(0.382683432365,0.923879532511));
#16762 = ( GEOMETRIC_REPRESENTATION_CONTEXT(2) 
PARAMETRIC_REPRESENTATION_CONTEXT() REPRESENTATION_CONTEXT('2D SPACE',''
  ) );
#16763 = ORIENTED_EDGE('',*,*,#16764,.T.);
#16764 = EDGE_CURVE('',#16742,#12931,#16765,.T.);
#16765 = SURFACE_CURVE('',#16766,(#16770,#16777),.PCURVE_S1.);
#16766 = LINE('',#16767,#16768);
#16767 = CARTESIAN_POINT('',(29.926776695297,37.573223304703,-30.5));
#16768 = VECTOR('',#16769,1.);
#16769 = DIRECTION('',(-0.707106781187,0.707106781187,
    -1.622948378017E-14));
#16770 = PCURVE('',#12946,#16771);
#16771 = DEFINITIONAL_REPRESENTATION('',(#16772),#16776);
#16772 = LINE('',#16773,#16774);
#16773 = CARTESIAN_POINT('',(0.569217445719,9.969006417715E-02));
#16774 = VECTOR('',#16775,1.);
#16775 = DIRECTION('',(0.270598050073,0.962692419881));
#16776 = ( GEOMETRIC_REPRESENTATION_CONTEXT(2) 
PARAMETRIC_REPRESENTATION_CONTEXT() REPRESENTATION_CONTEXT('2D SPACE',''
  ) );
#16777 = PCURVE('',#13075,#16778);
#16778 = DEFINITIONAL_REPRESENTATION('',(#16779),#16783);
#16779 = LINE('',#16780,#16781);
#16780 = CARTESIAN_POINT('',(0.5,0.25));
#16781 = VECTOR('',#16782,1.);
#16782 = DIRECTION('',(-1.622948378017E-14,-1.));
#16783 = ( GEOMETRIC_REPRESENTATION_CONTEXT(2) 
PARAMETRIC_REPRESENTATION_CONTEXT() REPRESENTATION_CONTEXT('2D SPACE',''
  ) );
#16784 = ORIENTED_EDGE('',*,*,#12930,.F.);
#16785 = ADVANCED_FACE('',(#16786),#13001,.T.);
#16786 = FACE_BOUND('',#16787,.T.);
#16787 = EDGE_LOOP('',(#16788,#16811,#16812,#16813));
#16788 = ORIENTED_EDGE('',*,*,#16789,.T.);
#16789 = EDGE_CURVE('',#16790,#12986,#16792,.T.);
#16790 = VERTEX_POINT('',#16791);
#16791 = CARTESIAN_POINT('',(30.,-37.5,30.5));
#16792 = SURFACE_CURVE('',#16793,(#16797,#16804),.PCURVE_S1.);
#16793 = LINE('',#16794,#16795);
#16794 = CARTESIAN_POINT('',(29.926776695297,-37.5732233047,30.5));
#16795 = VECTOR('',#16796,1.);
#16796 = DIRECTION('',(-0.707106781187,-0.707106781187,
    1.622948378017E-14));
#16797 = PCURVE('',#13001,#16798);
#16798 = DEFINITIONAL_REPRESENTATION('',(#16799),#16803);
#16799 = LINE('',#16800,#16801);
#16800 = CARTESIAN_POINT('',(0.5,0.25));
#16801 = VECTOR('',#16802,1.);
#16802 = DIRECTION('',(-1.622948378017E-14,-1.));
#16803 = ( GEOMETRIC_REPRESENTATION_CONTEXT(2) 
PARAMETRIC_REPRESENTATION_CONTEXT() REPRESENTATION_CONTEXT('2D SPACE',''
  ) );
#16804 = PCURVE('',#13130,#16805);
#16805 = DEFINITIONAL_REPRESENTATION('',(#16806),#16810);
#16806 = LINE('',#16807,#16808);
#16807 = CARTESIAN_POINT('',(0.569217445719,9.969006417715E-02));
#16808 = VECTOR('',#16809,1.);
#16809 = DIRECTION('',(0.270598050073,0.962692419881));
#16810 = ( GEOMETRIC_REPRESENTATION_CONTEXT(2) 
PARAMETRIC_REPRESENTATION_CONTEXT() REPRESENTATION_CONTEXT('2D SPACE',''
  ) );
#16811 = ORIENTED_EDGE('',*,*,#12985,.T.);
#16812 = ORIENTED_EDGE('',*,*,#16691,.F.);
#16813 = ORIENTED_EDGE('',*,*,#16814,.F.);
#16814 = EDGE_CURVE('',#16790,#16692,#16815,.T.);
#16815 = SURFACE_CURVE('',#16816,(#16820,#16827),.PCURVE_S1.);
#16816 = LINE('',#16817,#16818);
#16817 = CARTESIAN_POINT('',(30.,-37.5,31.));
#16818 = VECTOR('',#16819,1.);
#16819 = DIRECTION('',(0.,0.,-1.));
#16820 = PCURVE('',#13001,#16821);
#16821 = DEFINITIONAL_REPRESENTATION('',(#16822),#16826);
#16822 = LINE('',#16823,#16824);
#16823 = CARTESIAN_POINT('',(0.,0.353553390593));
#16824 = VECTOR('',#16825,1.);
#16825 = DIRECTION('',(1.,0.));
#16826 = ( GEOMETRIC_REPRESENTATION_CONTEXT(2) 
PARAMETRIC_REPRESENTATION_CONTEXT() REPRESENTATION_CONTEXT('2D SPACE',''
  ) );
#16827 = PCURVE('',#13724,#16828);
#16828 = DEFINITIONAL_REPRESENTATION('',(#16829),#16833);
#16829 = LINE('',#16830,#16831);
#16830 = CARTESIAN_POINT('',(-37.5,31.));
#16831 = VECTOR('',#16832,1.);
#16832 = DIRECTION('',(0.,-1.));
#16833 = ( GEOMETRIC_REPRESENTATION_CONTEXT(2) 
PARAMETRIC_REPRESENTATION_CONTEXT() REPRESENTATION_CONTEXT('2D SPACE',''
  ) );
#16834 = ADVANCED_FACE('',(#16835),#13075,.T.);
#16835 = FACE_BOUND('',#16836,.T.);
#16836 = EDGE_LOOP('',(#16837,#16838,#16839,#16862));
#16837 = ORIENTED_EDGE('',*,*,#16764,.T.);
#16838 = ORIENTED_EDGE('',*,*,#13061,.T.);
#16839 = ORIENTED_EDGE('',*,*,#16840,.F.);
#16840 = EDGE_CURVE('',#16841,#13039,#16843,.T.);
#16841 = VERTEX_POINT('',#16842);
#16842 = CARTESIAN_POINT('',(30.,37.5,30.5));
#16843 = SURFACE_CURVE('',#16844,(#16848,#16855),.PCURVE_S1.);
#16844 = LINE('',#16845,#16846);
#16845 = CARTESIAN_POINT('',(29.875,37.625,30.5));
#16846 = VECTOR('',#16847,1.);
#16847 = DIRECTION('',(-0.707106781187,0.707106781187,
    -5.464640285451E-17));
#16848 = PCURVE('',#13075,#16849);
#16849 = DEFINITIONAL_REPRESENTATION('',(#16850),#16854);
#16850 = LINE('',#16851,#16852);
#16851 = CARTESIAN_POINT('',(61.5,0.176776695297));
#16852 = VECTOR('',#16853,1.);
#16853 = DIRECTION('',(-5.464640285451E-17,-1.));
#16854 = ( GEOMETRIC_REPRESENTATION_CONTEXT(2) 
PARAMETRIC_REPRESENTATION_CONTEXT() REPRESENTATION_CONTEXT('2D SPACE',''
  ) );
#16855 = PCURVE('',#13162,#16856);
#16856 = DEFINITIONAL_REPRESENTATION('',(#16857),#16861);
#16857 = LINE('',#16858,#16859);
#16858 = CARTESIAN_POINT('',(-4.783542904574E-02,0.170181584574));
#16859 = VECTOR('',#16860,1.);
#16860 = DIRECTION('',(-0.270598050073,0.962692419881));
#16861 = ( GEOMETRIC_REPRESENTATION_CONTEXT(2) 
PARAMETRIC_REPRESENTATION_CONTEXT() REPRESENTATION_CONTEXT('2D SPACE',''
  ) );
#16862 = ORIENTED_EDGE('',*,*,#16863,.F.);
#16863 = EDGE_CURVE('',#16742,#16841,#16864,.T.);
#16864 = SURFACE_CURVE('',#16865,(#16869,#16876),.PCURVE_S1.);
#16865 = LINE('',#16866,#16867);
#16866 = CARTESIAN_POINT('',(30.,37.5,-31.));
#16867 = VECTOR('',#16868,1.);
#16868 = DIRECTION('',(0.,0.,1.));
#16869 = PCURVE('',#13075,#16870);
#16870 = DEFINITIONAL_REPRESENTATION('',(#16871),#16875);
#16871 = LINE('',#16872,#16873);
#16872 = CARTESIAN_POINT('',(0.,0.353553390593));
#16873 = VECTOR('',#16874,1.);
#16874 = DIRECTION('',(1.,0.));
#16875 = ( GEOMETRIC_REPRESENTATION_CONTEXT(2) 
PARAMETRIC_REPRESENTATION_CONTEXT() REPRESENTATION_CONTEXT('2D SPACE',''
  ) );
#16876 = PCURVE('',#13724,#16877);
#16877 = DEFINITIONAL_REPRESENTATION('',(#16878),#16882);
#16878 = LINE('',#16879,#16880);
#16879 = CARTESIAN_POINT('',(37.5,-31.));
#16880 = VECTOR('',#16881,1.);
#16881 = DIRECTION('',(0.,1.));
#16882 = ( GEOMETRIC_REPRESENTATION_CONTEXT(2) 
PARAMETRIC_REPRESENTATION_CONTEXT() REPRESENTATION_CONTEXT('2D SPACE',''
  ) );
#16883 = ADVANCED_FACE('',(#16884),#13130,.F.);
#16884 = FACE_BOUND('',#16885,.F.);
#16885 = EDGE_LOOP('',(#16886,#16909,#16930,#16931));
#16886 = ORIENTED_EDGE('',*,*,#16887,.F.);
#16887 = EDGE_CURVE('',#16888,#13094,#16890,.T.);
#16888 = VERTEX_POINT('',#16889);
#16889 = CARTESIAN_POINT('',(30.,-37.29289321881,31.));
#16890 = SURFACE_CURVE('',#16891,(#16895,#16902),.PCURVE_S1.);
#16891 = LINE('',#16892,#16893);
#16892 = CARTESIAN_POINT('',(29.875,-37.38128156646,31.088388347648));
#16893 = VECTOR('',#16894,1.);
#16894 = DIRECTION('',(-0.707106781187,-0.5,0.5));
#16895 = PCURVE('',#13130,#16896);
#16896 = DEFINITIONAL_REPRESENTATION('',(#16897),#16901);
#16897 = LINE('',#16898,#16899);
#16898 = CARTESIAN_POINT('',(-4.783542904563E-02,0.170181584574));
#16899 = VECTOR('',#16900,1.);
#16900 = DIRECTION('',(-0.270598050073,0.962692419881));
#16901 = ( GEOMETRIC_REPRESENTATION_CONTEXT(2) 
PARAMETRIC_REPRESENTATION_CONTEXT() REPRESENTATION_CONTEXT('2D SPACE',''
  ) );
#16902 = PCURVE('',#13217,#16903);
#16903 = DEFINITIONAL_REPRESENTATION('',(#16904),#16908);
#16904 = LINE('',#16905,#16906);
#16905 = CARTESIAN_POINT('',(9.399494936612,0.176776695297));
#16906 = VECTOR('',#16907,1.);
#16907 = DIRECTION('',(8.345919349394E-15,-1.));
#16908 = ( GEOMETRIC_REPRESENTATION_CONTEXT(2) 
PARAMETRIC_REPRESENTATION_CONTEXT() REPRESENTATION_CONTEXT('2D SPACE',''
  ) );
#16909 = ORIENTED_EDGE('',*,*,#16910,.T.);
#16910 = EDGE_CURVE('',#16888,#16790,#16911,.T.);
#16911 = SURFACE_CURVE('',#16912,(#16916,#16923),.PCURVE_S1.);
#16912 = LINE('',#16913,#16914);
#16913 = CARTESIAN_POINT('',(30.,-40.04226188957,24.362436867076));
#16914 = VECTOR('',#16915,1.);
#16915 = DIRECTION('',(0.,-0.382683432365,-0.923879532511));
#16916 = PCURVE('',#13130,#16917);
#16917 = DEFINITIONAL_REPRESENTATION('',(#16918),#16922);
#16918 = LINE('',#16919,#16920);
#16919 = CARTESIAN_POINT('',(7.184446564025,-6.975379782609E-15));
#16920 = VECTOR('',#16921,1.);
#16921 = DIRECTION('',(1.,-2.32477891346E-19));
#16922 = ( GEOMETRIC_REPRESENTATION_CONTEXT(2) 
PARAMETRIC_REPRESENTATION_CONTEXT() REPRESENTATION_CONTEXT('2D SPACE',''
  ) );
#16923 = PCURVE('',#13724,#16924);
#16924 = DEFINITIONAL_REPRESENTATION('',(#16925),#16929);
#16925 = LINE('',#16926,#16927);
#16926 = CARTESIAN_POINT('',(-40.04226188957,24.362436867076));
#16927 = VECTOR('',#16928,1.);
#16928 = DIRECTION('',(-0.382683432365,-0.923879532511));
#16929 = ( GEOMETRIC_REPRESENTATION_CONTEXT(2) 
PARAMETRIC_REPRESENTATION_CONTEXT() REPRESENTATION_CONTEXT('2D SPACE',''
  ) );
#16930 = ORIENTED_EDGE('',*,*,#16789,.T.);
#16931 = ORIENTED_EDGE('',*,*,#13116,.F.);
#16932 = ADVANCED_FACE('',(#16933),#13162,.F.);
#16933 = FACE_BOUND('',#16934,.F.);
#16934 = EDGE_LOOP('',(#16935,#16936,#16959,#16980));
#16935 = ORIENTED_EDGE('',*,*,#16840,.F.);
#16936 = ORIENTED_EDGE('',*,*,#16937,.T.);
#16937 = EDGE_CURVE('',#16841,#16938,#16940,.T.);
#16938 = VERTEX_POINT('',#16939);
#16939 = CARTESIAN_POINT('',(30.,37.292893218813,31.));
#16940 = SURFACE_CURVE('',#16941,(#16945,#16952),.PCURVE_S1.);
#16941 = LINE('',#16942,#16943);
#16942 = CARTESIAN_POINT('',(30.,40.145815280171,24.112436867077));
#16943 = VECTOR('',#16944,1.);
#16944 = DIRECTION('',(0.,-0.382683432365,0.923879532511));
#16945 = PCURVE('',#13162,#16946);
#16946 = DEFINITIONAL_REPRESENTATION('',(#16947),#16951);
#16947 = LINE('',#16948,#16949);
#16948 = CARTESIAN_POINT('',(-6.913848513952,3.63639861365E-14));
#16949 = VECTOR('',#16950,1.);
#16950 = DIRECTION('',(1.,-5.246695013077E-15));
#16951 = ( GEOMETRIC_REPRESENTATION_CONTEXT(2) 
PARAMETRIC_REPRESENTATION_CONTEXT() REPRESENTATION_CONTEXT('2D SPACE',''
  ) );
#16952 = PCURVE('',#13724,#16953);
#16953 = DEFINITIONAL_REPRESENTATION('',(#16954),#16958);
#16954 = LINE('',#16955,#16956);
#16955 = CARTESIAN_POINT('',(40.145815280171,24.112436867077));
#16956 = VECTOR('',#16957,1.);
#16957 = DIRECTION('',(-0.382683432365,0.923879532511));
#16958 = ( GEOMETRIC_REPRESENTATION_CONTEXT(2) 
PARAMETRIC_REPRESENTATION_CONTEXT() REPRESENTATION_CONTEXT('2D SPACE',''
  ) );
#16959 = ORIENTED_EDGE('',*,*,#16960,.T.);
#16960 = EDGE_CURVE('',#16938,#13147,#16961,.T.);
#16961 = SURFACE_CURVE('',#16962,(#16966,#16973),.PCURVE_S1.);
#16962 = LINE('',#16963,#16964);
#16963 = CARTESIAN_POINT('',(29.926776695297,37.34466991411,
    31.051776695297));
#16964 = VECTOR('',#16965,1.);
#16965 = DIRECTION('',(-0.707106781187,0.5,0.5));
#16966 = PCURVE('',#13162,#16967);
#16967 = DEFINITIONAL_REPRESENTATION('',(#16968),#16972);
#16968 = LINE('',#16969,#16970);
#16969 = CARTESIAN_POINT('',(0.569217445719,9.969006417713E-02));
#16970 = VECTOR('',#16971,1.);
#16971 = DIRECTION('',(0.270598050073,0.962692419881));
#16972 = ( GEOMETRIC_REPRESENTATION_CONTEXT(2) 
PARAMETRIC_REPRESENTATION_CONTEXT() REPRESENTATION_CONTEXT('2D SPACE',''
  ) );
#16973 = PCURVE('',#13291,#16974);
#16974 = DEFINITIONAL_REPRESENTATION('',(#16975),#16979);
#16975 = LINE('',#16976,#16977);
#16976 = CARTESIAN_POINT('',(0.5,0.25));
#16977 = VECTOR('',#16978,1.);
#16978 = DIRECTION('',(1.706762435814E-14,-1.));
#16979 = ( GEOMETRIC_REPRESENTATION_CONTEXT(2) 
PARAMETRIC_REPRESENTATION_CONTEXT() REPRESENTATION_CONTEXT('2D SPACE',''
  ) );
#16980 = ORIENTED_EDGE('',*,*,#13146,.F.);
#16981 = ADVANCED_FACE('',(#16982),#13217,.T.);
#16982 = FACE_BOUND('',#16983,.T.);
#16983 = EDGE_LOOP('',(#16984,#17007,#17008,#17009));
#16984 = ORIENTED_EDGE('',*,*,#16985,.T.);
#16985 = EDGE_CURVE('',#16986,#13202,#16988,.T.);
#16986 = VERTEX_POINT('',#16987);
#16987 = CARTESIAN_POINT('',(30.,-31.,37.292893218813));
#16988 = SURFACE_CURVE('',#16989,(#16993,#17000),.PCURVE_S1.);
#16989 = LINE('',#16990,#16991);
#16990 = CARTESIAN_POINT('',(29.875,-31.08838834764,37.381281566462));
#16991 = VECTOR('',#16992,1.);
#16992 = DIRECTION('',(-0.707106781187,-0.5,0.5));
#16993 = PCURVE('',#13217,#16994);
#16994 = DEFINITIONAL_REPRESENTATION('',(#16995),#16999);
#16995 = LINE('',#16996,#16997);
#16996 = CARTESIAN_POINT('',(0.5,0.176776695297));
#16997 = VECTOR('',#16998,1.);
#16998 = DIRECTION('',(-1.332865194538E-14,-1.));
#16999 = ( GEOMETRIC_REPRESENTATION_CONTEXT(2) 
PARAMETRIC_REPRESENTATION_CONTEXT() REPRESENTATION_CONTEXT('2D SPACE',''
  ) );
#17000 = PCURVE('',#13324,#17001);
#17001 = DEFINITIONAL_REPRESENTATION('',(#17002),#17006);
#17002 = LINE('',#17003,#17004);
#17003 = CARTESIAN_POINT('',(-4.783542904562E-02,0.170181584574));
#17004 = VECTOR('',#17005,1.);
#17005 = DIRECTION('',(-0.270598050073,0.962692419881));
#17006 = ( GEOMETRIC_REPRESENTATION_CONTEXT(2) 
PARAMETRIC_REPRESENTATION_CONTEXT() REPRESENTATION_CONTEXT('2D SPACE',''
  ) );
#17007 = ORIENTED_EDGE('',*,*,#13201,.T.);
#17008 = ORIENTED_EDGE('',*,*,#16887,.F.);
#17009 = ORIENTED_EDGE('',*,*,#17010,.F.);
#17010 = EDGE_CURVE('',#16986,#16888,#17011,.T.);
#17011 = SURFACE_CURVE('',#17012,(#17016,#17023),.PCURVE_S1.);
#17012 = LINE('',#17013,#17014);
#17013 = CARTESIAN_POINT('',(30.,-30.6464466094,37.646446609407));
#17014 = VECTOR('',#17015,1.);
#17015 = DIRECTION('',(0.,-0.707106781187,-0.707106781187));
#17016 = PCURVE('',#13217,#17017);
#17017 = DEFINITIONAL_REPRESENTATION('',(#17018),#17022);
#17018 = LINE('',#17019,#17020);
#17019 = CARTESIAN_POINT('',(5.329070518201E-15,0.353553390593));
#17020 = VECTOR('',#17021,1.);
#17021 = DIRECTION('',(1.,0.));
#17022 = ( GEOMETRIC_REPRESENTATION_CONTEXT(2) 
PARAMETRIC_REPRESENTATION_CONTEXT() REPRESENTATION_CONTEXT('2D SPACE',''
  ) );
#17023 = PCURVE('',#13724,#17024);
#17024 = DEFINITIONAL_REPRESENTATION('',(#17025),#17029);
#17025 = LINE('',#17026,#17027);
#17026 = CARTESIAN_POINT('',(-30.6464466094,37.646446609407));
#17027 = VECTOR('',#17028,1.);
#17028 = DIRECTION('',(-0.707106781187,-0.707106781187));
#17029 = ( GEOMETRIC_REPRESENTATION_CONTEXT(2) 
PARAMETRIC_REPRESENTATION_CONTEXT() REPRESENTATION_CONTEXT('2D SPACE',''
  ) );
#17030 = ADVANCED_FACE('',(#17031),#13291,.T.);
#17031 = FACE_BOUND('',#17032,.T.);
#17032 = EDGE_LOOP('',(#17033,#17034,#17035,#17058));
#17033 = ORIENTED_EDGE('',*,*,#16960,.T.);
#17034 = ORIENTED_EDGE('',*,*,#13277,.T.);
#17035 = ORIENTED_EDGE('',*,*,#17036,.F.);
#17036 = EDGE_CURVE('',#17037,#13255,#17039,.T.);
#17037 = VERTEX_POINT('',#17038);
#17038 = CARTESIAN_POINT('',(30.,31.,37.292893218813));
#17039 = SURFACE_CURVE('',#17040,(#17044,#17051),.PCURVE_S1.);
#17040 = LINE('',#17041,#17042);
#17041 = CARTESIAN_POINT('',(29.875,31.088388347648,37.381281566462));
#17042 = VECTOR('',#17043,1.);
#17043 = DIRECTION('',(-0.707106781187,0.5,0.5));
#17044 = PCURVE('',#13291,#17045);
#17045 = DEFINITIONAL_REPRESENTATION('',(#17046),#17050);
#17046 = LINE('',#17047,#17048);
#17047 = CARTESIAN_POINT('',(9.399494936612,0.176776695297));
#17048 = VECTOR('',#17049,1.);
#17049 = DIRECTION('',(-3.777069244057E-15,-1.));
#17050 = ( GEOMETRIC_REPRESENTATION_CONTEXT(2) 
PARAMETRIC_REPRESENTATION_CONTEXT() REPRESENTATION_CONTEXT('2D SPACE',''
  ) );
#17051 = PCURVE('',#13378,#17052);
#17052 = DEFINITIONAL_REPRESENTATION('',(#17053),#17057);
#17053 = LINE('',#17054,#17055);
#17054 = CARTESIAN_POINT('',(-4.783542904565E-02,0.170181584574));
#17055 = VECTOR('',#17056,1.);
#17056 = DIRECTION('',(-0.270598050073,0.962692419881));
#17057 = ( GEOMETRIC_REPRESENTATION_CONTEXT(2) 
PARAMETRIC_REPRESENTATION_CONTEXT() REPRESENTATION_CONTEXT('2D SPACE',''
  ) );
#17058 = ORIENTED_EDGE('',*,*,#17059,.F.);
#17059 = EDGE_CURVE('',#16938,#17037,#17060,.T.);
#17060 = SURFACE_CURVE('',#17061,(#17065,#17072),.PCURVE_S1.);
#17061 = LINE('',#17062,#17063);
#17062 = CARTESIAN_POINT('',(30.,37.646446609407,30.646446609407));
#17063 = VECTOR('',#17064,1.);
#17064 = DIRECTION('',(0.,-0.707106781187,0.707106781187));
#17065 = PCURVE('',#13291,#17066);
#17066 = DEFINITIONAL_REPRESENTATION('',(#17067),#17071);
#17067 = LINE('',#17068,#17069);
#17068 = CARTESIAN_POINT('',(1.7763568394E-15,0.353553390593));
#17069 = VECTOR('',#17070,1.);
#17070 = DIRECTION('',(1.,0.));
#17071 = ( GEOMETRIC_REPRESENTATION_CONTEXT(2) 
PARAMETRIC_REPRESENTATION_CONTEXT() REPRESENTATION_CONTEXT('2D SPACE',''
  ) );
#17072 = PCURVE('',#13724,#17073);
#17073 = DEFINITIONAL_REPRESENTATION('',(#17074),#17078);
#17074 = LINE('',#17075,#17076);
#17075 = CARTESIAN_POINT('',(37.646446609407,30.646446609407));
#17076 = VECTOR('',#17077,1.);
#17077 = DIRECTION('',(-0.707106781187,0.707106781187));
#17078 = ( GEOMETRIC_REPRESENTATION_CONTEXT(2) 
PARAMETRIC_REPRESENTATION_CONTEXT() REPRESENTATION_CONTEXT('2D SPACE',''
  ) );
#17079 = ADVANCED_FACE('',(#17080),#13324,.T.);
#17080 = FACE_BOUND('',#17081,.T.);
#17081 = EDGE_LOOP('',(#17082,#17083,#17106,#17127));
#17082 = ORIENTED_EDGE('',*,*,#16985,.F.);
#17083 = ORIENTED_EDGE('',*,*,#17084,.T.);
#17084 = EDGE_CURVE('',#16986,#17085,#17087,.T.);
#17085 = VERTEX_POINT('',#17086);
#17086 = CARTESIAN_POINT('',(30.,-30.5,37.5));
#17087 = SURFACE_CURVE('',#17088,(#17092,#17099),.PCURVE_S1.);
#17088 = LINE('',#17089,#17090);
#17089 = CARTESIAN_POINT('',(30.,-24.36243686707,40.042261889578));
#17090 = VECTOR('',#17091,1.);
#17091 = DIRECTION('',(-0.,0.923879532511,0.382683432365));
#17092 = PCURVE('',#13324,#17093);
#17093 = DEFINITIONAL_REPRESENTATION('',(#17094),#17098);
#17094 = LINE('',#17095,#17096);
#17095 = CARTESIAN_POINT('',(7.184446564025,7.208578820748E-15));
#17096 = VECTOR('',#17097,1.);
#17097 = DIRECTION('',(1.,1.245225391554E-17));
#17098 = ( GEOMETRIC_REPRESENTATION_CONTEXT(2) 
PARAMETRIC_REPRESENTATION_CONTEXT() REPRESENTATION_CONTEXT('2D SPACE',''
  ) );
#17099 = PCURVE('',#13724,#17100);
#17100 = DEFINITIONAL_REPRESENTATION('',(#17101),#17105);
#17101 = LINE('',#17102,#17103);
#17102 = CARTESIAN_POINT('',(-24.36243686707,40.042261889578));
#17103 = VECTOR('',#17104,1.);
#17104 = DIRECTION('',(0.923879532511,0.382683432365));
#17105 = ( GEOMETRIC_REPRESENTATION_CONTEXT(2) 
PARAMETRIC_REPRESENTATION_CONTEXT() REPRESENTATION_CONTEXT('2D SPACE',''
  ) );
#17106 = ORIENTED_EDGE('',*,*,#17107,.T.);
#17107 = EDGE_CURVE('',#17085,#13309,#17108,.T.);
#17108 = SURFACE_CURVE('',#17109,(#17113,#17120),.PCURVE_S1.);
#17109 = LINE('',#17110,#17111);
#17110 = CARTESIAN_POINT('',(29.926776695297,-30.5,37.573223304703));
#17111 = VECTOR('',#17112,1.);
#17112 = DIRECTION('',(-0.707106781187,-2.520834533397E-14,
    0.707106781187));
#17113 = PCURVE('',#13324,#17114);
#17114 = DEFINITIONAL_REPRESENTATION('',(#17115),#17119);
#17115 = LINE('',#17116,#17117);
#17116 = CARTESIAN_POINT('',(0.569217445719,9.969006417639E-02));
#17117 = VECTOR('',#17118,1.);
#17118 = DIRECTION('',(0.270598050073,0.962692419881));
#17119 = ( GEOMETRIC_REPRESENTATION_CONTEXT(2) 
PARAMETRIC_REPRESENTATION_CONTEXT() REPRESENTATION_CONTEXT('2D SPACE',''
  ) );
#17120 = PCURVE('',#13431,#17121);
#17121 = DEFINITIONAL_REPRESENTATION('',(#17122),#17126);
#17122 = LINE('',#17123,#17124);
#17123 = CARTESIAN_POINT('',(61.5,0.250000000001));
#17124 = VECTOR('',#17125,1.);
#17125 = DIRECTION('',(2.520834533397E-14,-1.));
#17126 = ( GEOMETRIC_REPRESENTATION_CONTEXT(2) 
PARAMETRIC_REPRESENTATION_CONTEXT() REPRESENTATION_CONTEXT('2D SPACE',''
  ) );
#17127 = ORIENTED_EDGE('',*,*,#13308,.F.);
#17128 = ADVANCED_FACE('',(#17129),#13378,.F.);
#17129 = FACE_BOUND('',#17130,.F.);
#17130 = EDGE_LOOP('',(#17131,#17132,#17155,#17176));
#17131 = ORIENTED_EDGE('',*,*,#17036,.F.);
#17132 = ORIENTED_EDGE('',*,*,#17133,.T.);
#17133 = EDGE_CURVE('',#17037,#17134,#17136,.T.);
#17134 = VERTEX_POINT('',#17135);
#17135 = CARTESIAN_POINT('',(30.,30.5,37.5));
#17136 = SURFACE_CURVE('',#17137,(#17141,#17148),.PCURVE_S1.);
#17137 = LINE('',#17138,#17139);
#17138 = CARTESIAN_POINT('',(30.,24.362436867077,40.042261889578));
#17139 = VECTOR('',#17140,1.);
#17140 = DIRECTION('',(0.,-0.923879532511,0.382683432365));
#17141 = PCURVE('',#13378,#17142);
#17142 = DEFINITIONAL_REPRESENTATION('',(#17143),#17147);
#17143 = LINE('',#17144,#17145);
#17144 = CARTESIAN_POINT('',(7.184446564025,3.585338620802E-14));
#17145 = VECTOR('',#17146,1.);
#17146 = DIRECTION('',(1.,5.255292032515E-15));
#17147 = ( GEOMETRIC_REPRESENTATION_CONTEXT(2) 
PARAMETRIC_REPRESENTATION_CONTEXT() REPRESENTATION_CONTEXT('2D SPACE',''
  ) );
#17148 = PCURVE('',#13724,#17149);
#17149 = DEFINITIONAL_REPRESENTATION('',(#17150),#17154);
#17150 = LINE('',#17151,#17152);
#17151 = CARTESIAN_POINT('',(24.362436867077,40.042261889578));
#17152 = VECTOR('',#17153,1.);
#17153 = DIRECTION('',(-0.923879532511,0.382683432365));
#17154 = ( GEOMETRIC_REPRESENTATION_CONTEXT(2) 
PARAMETRIC_REPRESENTATION_CONTEXT() REPRESENTATION_CONTEXT('2D SPACE',''
  ) );
#17155 = ORIENTED_EDGE('',*,*,#17156,.T.);
#17156 = EDGE_CURVE('',#17134,#13363,#17157,.T.);
#17157 = SURFACE_CURVE('',#17158,(#17162,#17169),.PCURVE_S1.);
#17158 = LINE('',#17159,#17160);
#17159 = CARTESIAN_POINT('',(29.926776695297,30.5,37.573223304703));
#17160 = VECTOR('',#17161,1.);
#17161 = DIRECTION('',(-0.707106781187,9.161401556148E-15,0.707106781187
    ));
#17162 = PCURVE('',#13378,#17163);
#17163 = DEFINITIONAL_REPRESENTATION('',(#17164),#17168);
#17164 = LINE('',#17165,#17166);
#17165 = CARTESIAN_POINT('',(0.569217445719,9.969006417714E-02));
#17166 = VECTOR('',#17167,1.);
#17167 = DIRECTION('',(0.270598050073,0.962692419881));
#17168 = ( GEOMETRIC_REPRESENTATION_CONTEXT(2) 
PARAMETRIC_REPRESENTATION_CONTEXT() REPRESENTATION_CONTEXT('2D SPACE',''
  ) );
#17169 = PCURVE('',#13431,#17170);
#17170 = DEFINITIONAL_REPRESENTATION('',(#17171),#17175);
#17171 = LINE('',#17172,#17173);
#17172 = CARTESIAN_POINT('',(0.5,0.25));
#17173 = VECTOR('',#17174,1.);
#17174 = DIRECTION('',(-9.161401556148E-15,-1.));
#17175 = ( GEOMETRIC_REPRESENTATION_CONTEXT(2) 
PARAMETRIC_REPRESENTATION_CONTEXT() REPRESENTATION_CONTEXT('2D SPACE',''
  ) );
#17176 = ORIENTED_EDGE('',*,*,#13362,.F.);
#17177 = ADVANCED_FACE('',(#17178),#13431,.T.);
#17178 = FACE_BOUND('',#17179,.T.);
#17179 = EDGE_LOOP('',(#17180,#17181,#17182,#17183));
#17180 = ORIENTED_EDGE('',*,*,#17156,.T.);
#17181 = ORIENTED_EDGE('',*,*,#13417,.T.);
#17182 = ORIENTED_EDGE('',*,*,#17107,.F.);
#17183 = ORIENTED_EDGE('',*,*,#17184,.F.);
#17184 = EDGE_CURVE('',#17134,#17085,#17185,.T.);
#17185 = SURFACE_CURVE('',#17186,(#17190,#17197),.PCURVE_S1.);
#17186 = LINE('',#17187,#17188);
#17187 = CARTESIAN_POINT('',(30.,31.,37.5));
#17188 = VECTOR('',#17189,1.);
#17189 = DIRECTION('',(0.,-1.,0.));
#17190 = PCURVE('',#13431,#17191);
#17191 = DEFINITIONAL_REPRESENTATION('',(#17192),#17196);
#17192 = LINE('',#17193,#17194);
#17193 = CARTESIAN_POINT('',(0.,0.353553390593));
#17194 = VECTOR('',#17195,1.);
#17195 = DIRECTION('',(1.,0.));
#17196 = ( GEOMETRIC_REPRESENTATION_CONTEXT(2) 
PARAMETRIC_REPRESENTATION_CONTEXT() REPRESENTATION_CONTEXT('2D SPACE',''
  ) );
#17197 = PCURVE('',#13724,#17198);
#17198 = DEFINITIONAL_REPRESENTATION('',(#17199),#17203);
#17199 = LINE('',#17200,#17201);
#17200 = CARTESIAN_POINT('',(31.,37.5));
#17201 = VECTOR('',#17202,1.);
#17202 = DIRECTION('',(-1.,0.));
#17203 = ( GEOMETRIC_REPRESENTATION_CONTEXT(2) 
PARAMETRIC_REPRESENTATION_CONTEXT() REPRESENTATION_CONTEXT('2D SPACE',''
  ) );
#17204 = ADVANCED_FACE('',(#17205),#13487,.F.);
#17205 = FACE_BOUND('',#17206,.T.);
#17206 = EDGE_LOOP('',(#17207,#17228,#17229,#17230));
#17207 = ORIENTED_EDGE('',*,*,#17208,.F.);
#17208 = EDGE_CURVE('',#13448,#17209,#17211,.T.);
#17209 = VERTEX_POINT('',#17210);
#17210 = CARTESIAN_POINT('',(-2.8,-52.,46.75));
#17211 = SEAM_CURVE('',#17212,(#17216,#17222),.PCURVE_S1.);
#17212 = LINE('',#17213,#17214);
#17213 = CARTESIAN_POINT('',(-2.3,-52.,47.25));
#17214 = VECTOR('',#17215,1.);
#17215 = DIRECTION('',(-0.707106781187,0.,-0.707106781187));
#17216 = PCURVE('',#13487,#17217);
#17217 = DEFINITIONAL_REPRESENTATION('',(#17218),#17221);
#17218 = B_SPLINE_CURVE_WITH_KNOTS('',1,(#17219,#17220),.UNSPECIFIED.,
  .F.,.F.,(2,2),(0.,0.707106781187),.PIECEWISE_BEZIER_KNOTS.);
#17219 = CARTESIAN_POINT('',(0.,0.));
#17220 = CARTESIAN_POINT('',(0.,0.5));
#17221 = ( GEOMETRIC_REPRESENTATION_CONTEXT(2) 
PARAMETRIC_REPRESENTATION_CONTEXT() REPRESENTATION_CONTEXT('2D SPACE',''
  ) );
#17222 = PCURVE('',#13487,#17223);
#17223 = DEFINITIONAL_REPRESENTATION('',(#17224),#17227);
#17224 = B_SPLINE_CURVE_WITH_KNOTS('',1,(#17225,#17226),.UNSPECIFIED.,
  .F.,.F.,(2,2),(0.,0.707106781187),.PIECEWISE_BEZIER_KNOTS.);
#17225 = CARTESIAN_POINT('',(-6.28318530718,0.));
#17226 = CARTESIAN_POINT('',(-6.28318530718,0.5));
#17227 = ( GEOMETRIC_REPRESENTATION_CONTEXT(2) 
PARAMETRIC_REPRESENTATION_CONTEXT() REPRESENTATION_CONTEXT('2D SPACE',''
  ) );
#17228 = ORIENTED_EDGE('',*,*,#13472,.T.);
#17229 = ORIENTED_EDGE('',*,*,#17208,.T.);
#17230 = ORIENTED_EDGE('',*,*,#17231,.F.);
#17231 = EDGE_CURVE('',#17209,#17209,#17232,.T.);
#17232 = SURFACE_CURVE('',#17233,(#17238,#17245),.PCURVE_S1.);
#17233 = CIRCLE('',#17234,3.25);
#17234 = AXIS2_PLACEMENT_3D('',#17235,#17236,#17237);
#17235 = CARTESIAN_POINT('',(-2.8,-52.,50.));
#17236 = DIRECTION('',(1.,-0.,2.22044604925E-16));
#17237 = DIRECTION('',(2.22044604925E-16,0.,-1.));
#17238 = PCURVE('',#13487,#17239);
#17239 = DEFINITIONAL_REPRESENTATION('',(#17240),#17244);
#17240 = LINE('',#17241,#17242);
#17241 = CARTESIAN_POINT('',(-0.,0.5));
#17242 = VECTOR('',#17243,1.);
#17243 = DIRECTION('',(-1.,0.));
#17244 = ( GEOMETRIC_REPRESENTATION_CONTEXT(2) 
PARAMETRIC_REPRESENTATION_CONTEXT() REPRESENTATION_CONTEXT('2D SPACE',''
  ) );
#17245 = PCURVE('',#16260,#17246);
#17246 = DEFINITIONAL_REPRESENTATION('',(#17247),#17251);
#17247 = CIRCLE('',#17248,3.25);
#17248 = AXIS2_PLACEMENT_2D('',#17249,#17250);
#17249 = CARTESIAN_POINT('',(0.,0.));
#17250 = DIRECTION('',(1.,0.));
#17251 = ( GEOMETRIC_REPRESENTATION_CONTEXT(2) 
PARAMETRIC_REPRESENTATION_CONTEXT() REPRESENTATION_CONTEXT('2D SPACE',''
  ) );
#17252 = ADVANCED_FACE('',(#17253),#13542,.F.);
#17253 = FACE_BOUND('',#17254,.T.);
#17254 = EDGE_LOOP('',(#17255,#17276,#17277,#17278));
#17255 = ORIENTED_EDGE('',*,*,#17256,.F.);
#17256 = EDGE_CURVE('',#13503,#17257,#17259,.T.);
#17257 = VERTEX_POINT('',#17258);
#17258 = CARTESIAN_POINT('',(-2.8,52.,46.75));
#17259 = SEAM_CURVE('',#17260,(#17264,#17270),.PCURVE_S1.);
#17260 = LINE('',#17261,#17262);
#17261 = CARTESIAN_POINT('',(-2.3,52.,47.25));
#17262 = VECTOR('',#17263,1.);
#17263 = DIRECTION('',(-0.707106781187,0.,-0.707106781187));
#17264 = PCURVE('',#13542,#17265);
#17265 = DEFINITIONAL_REPRESENTATION('',(#17266),#17269);
#17266 = B_SPLINE_CURVE_WITH_KNOTS('',1,(#17267,#17268),.UNSPECIFIED.,
  .F.,.F.,(2,2),(0.,0.707106781187),.PIECEWISE_BEZIER_KNOTS.);
#17267 = CARTESIAN_POINT('',(0.,0.));
#17268 = CARTESIAN_POINT('',(0.,0.5));
#17269 = ( GEOMETRIC_REPRESENTATION_CONTEXT(2) 
PARAMETRIC_REPRESENTATION_CONTEXT() REPRESENTATION_CONTEXT('2D SPACE',''
  ) );
#17270 = PCURVE('',#13542,#17271);
#17271 = DEFINITIONAL_REPRESENTATION('',(#17272),#17275);
#17272 = B_SPLINE_CURVE_WITH_KNOTS('',1,(#17273,#17274),.UNSPECIFIED.,
  .F.,.F.,(2,2),(0.,0.707106781187),.PIECEWISE_BEZIER_KNOTS.);
#17273 = CARTESIAN_POINT('',(-6.28318530718,0.));
#17274 = CARTESIAN_POINT('',(-6.28318530718,0.5));
#17275 = ( GEOMETRIC_REPRESENTATION_CONTEXT(2) 
PARAMETRIC_REPRESENTATION_CONTEXT() REPRESENTATION_CONTEXT('2D SPACE',''
  ) );
#17276 = ORIENTED_EDGE('',*,*,#13527,.T.);
#17277 = ORIENTED_EDGE('',*,*,#17256,.T.);
#17278 = ORIENTED_EDGE('',*,*,#17279,.F.);
#17279 = EDGE_CURVE('',#17257,#17257,#17280,.T.);
#17280 = SURFACE_CURVE('',#17281,(#17286,#17293),.PCURVE_S1.);
#17281 = CIRCLE('',#17282,3.25);
#17282 = AXIS2_PLACEMENT_3D('',#17283,#17284,#17285);
#17283 = CARTESIAN_POINT('',(-2.8,52.,50.));
#17284 = DIRECTION('',(1.,-0.,2.22044604925E-16));
#17285 = DIRECTION('',(2.22044604925E-16,0.,-1.));
#17286 = PCURVE('',#13542,#17287);
#17287 = DEFINITIONAL_REPRESENTATION('',(#17288),#17292);
#17288 = LINE('',#17289,#17290);
#17289 = CARTESIAN_POINT('',(-0.,0.5));
#17290 = VECTOR('',#17291,1.);
#17291 = DIRECTION('',(-1.,0.));
#17292 = ( GEOMETRIC_REPRESENTATION_CONTEXT(2) 
PARAMETRIC_REPRESENTATION_CONTEXT() REPRESENTATION_CONTEXT('2D SPACE',''
  ) );
#17293 = PCURVE('',#16313,#17294);
#17294 = DEFINITIONAL_REPRESENTATION('',(#17295),#17299);
#17295 = CIRCLE('',#17296,3.25);
#17296 = AXIS2_PLACEMENT_2D('',#17297,#17298);
#17297 = CARTESIAN_POINT('',(0.,0.));
#17298 = DIRECTION('',(1.,0.));
#17299 = ( GEOMETRIC_REPRESENTATION_CONTEXT(2) 
PARAMETRIC_REPRESENTATION_CONTEXT() REPRESENTATION_CONTEXT('2D SPACE',''
  ) );
#17300 = ADVANCED_FACE('',(#17301,#17304),#13595,.F.);
#17301 = FACE_BOUND('',#17302,.F.);
#17302 = EDGE_LOOP('',(#17303));
#17303 = ORIENTED_EDGE('',*,*,#13580,.T.);
#17304 = FACE_BOUND('',#17305,.F.);
#17305 = EDGE_LOOP('',(#17306));
#17306 = ORIENTED_EDGE('',*,*,#16351,.F.);
#17307 = ADVANCED_FACE('',(#17308,#17311),#13648,.F.);
#17308 = FACE_BOUND('',#17309,.F.);
#17309 = EDGE_LOOP('',(#17310));
#17310 = ORIENTED_EDGE('',*,*,#13633,.T.);
#17311 = FACE_BOUND('',#17312,.F.);
#17312 = EDGE_LOOP('',(#17313));
#17313 = ORIENTED_EDGE('',*,*,#16399,.F.);
#17314 = ADVANCED_FACE('',(#17315,#17371),#13724,.T.);
#17315 = FACE_BOUND('',#17316,.T.);
#17316 = EDGE_LOOP('',(#17317,#17318,#17319,#17320,#17321,#17322,#17323,
    #17324,#17325,#17326,#17327,#17328,#17329,#17330,#17331,#17332,
    #17333,#17334,#17335,#17336,#17337,#17338,#17339,#17340,#17341,
    #17342,#17343,#17344,#17345,#17346,#17347,#17348,#17349,#17350,
    #17351,#17352,#17353,#17354,#17355,#17356,#17357,#17358,#17359,
    #17360,#17361,#17362,#17363,#17364,#17365,#17366,#17367,#17368,
    #17369,#17370));
#17317 = ORIENTED_EDGE('',*,*,#13710,.T.);
#17318 = ORIENTED_EDGE('',*,*,#13811,.F.);
#17319 = ORIENTED_EDGE('',*,*,#13907,.T.);
#17320 = ORIENTED_EDGE('',*,*,#14001,.T.);
#17321 = ORIENTED_EDGE('',*,*,#14095,.T.);
#17322 = ORIENTED_EDGE('',*,*,#14189,.T.);
#17323 = ORIENTED_EDGE('',*,*,#14283,.T.);
#17324 = ORIENTED_EDGE('',*,*,#14377,.T.);
#17325 = ORIENTED_EDGE('',*,*,#14471,.T.);
#17326 = ORIENTED_EDGE('',*,*,#14565,.T.);
#17327 = ORIENTED_EDGE('',*,*,#14659,.T.);
#17328 = ORIENTED_EDGE('',*,*,#14753,.T.);
#17329 = ORIENTED_EDGE('',*,*,#14847,.T.);
#17330 = ORIENTED_EDGE('',*,*,#14941,.T.);
#17331 = ORIENTED_EDGE('',*,*,#15035,.T.);
#17332 = ORIENTED_EDGE('',*,*,#15129,.T.);
#17333 = ORIENTED_EDGE('',*,*,#15223,.T.);
#17334 = ORIENTED_EDGE('',*,*,#15317,.T.);
#17335 = ORIENTED_EDGE('',*,*,#15411,.T.);
#17336 = ORIENTED_EDGE('',*,*,#15505,.T.);
#17337 = ORIENTED_EDGE('',*,*,#15599,.T.);
#17338 = ORIENTED_EDGE('',*,*,#15693,.T.);
#17339 = ORIENTED_EDGE('',*,*,#15787,.T.);
#17340 = ORIENTED_EDGE('',*,*,#15881,.T.);
#17341 = ORIENTED_EDGE('',*,*,#15975,.T.);
#17342 = ORIENTED_EDGE('',*,*,#16073,.T.);
#17343 = ORIENTED_EDGE('',*,*,#16169,.F.);
#17344 = ORIENTED_EDGE('',*,*,#16198,.T.);
#17345 = ORIENTED_EDGE('',*,*,#16120,.T.);
#17346 = ORIENTED_EDGE('',*,*,#16024,.T.);
#17347 = ORIENTED_EDGE('',*,*,#15928,.T.);
#17348 = ORIENTED_EDGE('',*,*,#15834,.T.);
#17349 = ORIENTED_EDGE('',*,*,#15740,.T.);
#17350 = ORIENTED_EDGE('',*,*,#15646,.T.);
#17351 = ORIENTED_EDGE('',*,*,#15552,.T.);
#17352 = ORIENTED_EDGE('',*,*,#15458,.T.);
#17353 = ORIENTED_EDGE('',*,*,#15364,.T.);
#17354 = ORIENTED_EDGE('',*,*,#15270,.T.);
#17355 = ORIENTED_EDGE('',*,*,#15176,.T.);
#17356 = ORIENTED_EDGE('',*,*,#15082,.T.);
#17357 = ORIENTED_EDGE('',*,*,#14988,.T.);
#17358 = ORIENTED_EDGE('',*,*,#14894,.T.);
#17359 = ORIENTED_EDGE('',*,*,#14800,.T.);
#17360 = ORIENTED_EDGE('',*,*,#14706,.T.);
#17361 = ORIENTED_EDGE('',*,*,#14612,.T.);
#17362 = ORIENTED_EDGE('',*,*,#14518,.T.);
#17363 = ORIENTED_EDGE('',*,*,#14424,.T.);
#17364 = ORIENTED_EDGE('',*,*,#14330,.T.);
#17365 = ORIENTED_EDGE('',*,*,#14236,.T.);
#17366 = ORIENTED_EDGE('',*,*,#14142,.T.);
#17367 = ORIENTED_EDGE('',*,*,#14048,.T.);
#17368 = ORIENTED_EDGE('',*,*,#13954,.T.);
#17369 = ORIENTED_EDGE('',*,*,#13860,.T.);
#17370 = ORIENTED_EDGE('',*,*,#13740,.F.);
#17371 = FACE_BOUND('',#17372,.T.);
#17372 = EDGE_LOOP('',(#17373,#17374,#17375,#17376,#17377,#17378,#17379,
    #17380,#17381,#17382,#17383,#17384,#17385,#17386,#17387,#17388));
#17373 = ORIENTED_EDGE('',*,*,#16471,.T.);
#17374 = ORIENTED_EDGE('',*,*,#16545,.T.);
#17375 = ORIENTED_EDGE('',*,*,#16667,.T.);
#17376 = ORIENTED_EDGE('',*,*,#16741,.T.);
#17377 = ORIENTED_EDGE('',*,*,#16863,.T.);
#17378 = ORIENTED_EDGE('',*,*,#16937,.T.);
#17379 = ORIENTED_EDGE('',*,*,#17059,.T.);
#17380 = ORIENTED_EDGE('',*,*,#17133,.T.);
#17381 = ORIENTED_EDGE('',*,*,#17184,.T.);
#17382 = ORIENTED_EDGE('',*,*,#17084,.F.);
#17383 = ORIENTED_EDGE('',*,*,#17010,.T.);
#17384 = ORIENTED_EDGE('',*,*,#16910,.T.);
#17385 = ORIENTED_EDGE('',*,*,#16814,.T.);
#17386 = ORIENTED_EDGE('',*,*,#16714,.T.);
#17387 = ORIENTED_EDGE('',*,*,#16618,.T.);
#17388 = ORIENTED_EDGE('',*,*,#16518,.T.);
#17389 = ADVANCED_FACE('',(#17390,#17393),#16260,.F.);
#17390 = FACE_BOUND('',#17391,.F.);
#17391 = EDGE_LOOP('',(#17392));
#17392 = ORIENTED_EDGE('',*,*,#16245,.T.);
#17393 = FACE_BOUND('',#17394,.F.);
#17394 = EDGE_LOOP('',(#17395));
#17395 = ORIENTED_EDGE('',*,*,#17231,.F.);
#17396 = ADVANCED_FACE('',(#17397,#17400),#16313,.F.);
#17397 = FACE_BOUND('',#17398,.F.);
#17398 = EDGE_LOOP('',(#17399));
#17399 = ORIENTED_EDGE('',*,*,#16298,.T.);
#17400 = FACE_BOUND('',#17401,.F.);
#17401 = EDGE_LOOP('',(#17402));
#17402 = ORIENTED_EDGE('',*,*,#17279,.F.);
#17403 = ( GEOMETRIC_REPRESENTATION_CONTEXT(3) 
GLOBAL_UNCERTAINTY_ASSIGNED_CONTEXT((#17407)) 
GLOBAL_UNIT_ASSIGNED_CONTEXT((#17404,#17405,#17406)) 
REPRESENTATION_CONTEXT('Context #1',
  '3D Context with UNIT and UNCERTAINTY') );
#17404 = ( LENGTH_UNIT() NAMED_UNIT(*) SI_UNIT(.MILLI.,.METRE.) );
#17405 = ( NAMED_UNIT(*) PLANE_ANGLE_UNIT() SI_UNIT($,.RADIAN.) );
#17406 = ( NAMED_UNIT(*) SI_UNIT($,.STERADIAN.) SOLID_ANGLE_UNIT() );
#17407 = UNCERTAINTY_MEASURE_WITH_UNIT(LENGTH_MEASURE(1.E-02),#17404,
  'distance_accuracy_value','confusion accuracy');
#17408 = PRODUCT_RELATED_PRODUCT_CATEGORY('part',$,(#7));
ENDSEC;
END-ISO-10303-21;
