ISO-10303-21;
HEADER;
FILE_DESCRIPTION(('Open CASCADE Model'),'2;1');
FILE_NAME('erb_top_dome_prototypes','2026-05-11T08:51:14',('Author'),(
    'Open CASCADE'),'Open CASCADE STEP processor 7.8','build123d',
  'Unknown');
FILE_SCHEMA(('AUTOMOTIVE_DESIGN { 1 0 10303 214 1 1 1 1 }'));
ENDSEC;
DATA;
#1 = APPLICATION_PROTOCOL_DEFINITION('international standard',
  'automotive_design',2000,#2);
#2 = APPLICATION_CONTEXT(
  'core data for automotive mechanical design processes');
#3 = SHAPE_DEFINITION_REPRESENTATION(#4,#10);
#4 = PRODUCT_DEFINITION_SHAPE('','',#5);
#5 = PRODUCT_DEFINITION('design','',#6,#9);
#6 = PRODUCT_DEFINITION_FORMATION('','',#7);
#7 = PRODUCT('erb_top_dome_prototypes','erb_top_dome_prototypes','',(#8)
  );
#8 = PRODUCT_CONTEXT('',#2,'mechanical');
#9 = PRODUCT_DEFINITION_CONTEXT('part definition',#2,'design');
#10 = SHAPE_REPRESENTATION('',(#11,#15,#19),#23);
#11 = AXIS2_PLACEMENT_3D('',#12,#13,#14);
#12 = CARTESIAN_POINT('',(0.,0.,0.));
#13 = DIRECTION('',(0.,0.,1.));
#14 = DIRECTION('',(1.,0.,-0.));
#15 = AXIS2_PLACEMENT_3D('',#16,#17,#18);
#16 = CARTESIAN_POINT('',(-150.,0.,0.));
#17 = DIRECTION('',(0.,0.,1.));
#18 = DIRECTION('',(1.,0.,-0.));
#19 = AXIS2_PLACEMENT_3D('',#20,#21,#22);
#20 = CARTESIAN_POINT('',(150.,0.,0.));
#21 = DIRECTION('',(0.,0.,1.));
#22 = DIRECTION('',(1.,0.,-0.));
#23 = ( GEOMETRIC_REPRESENTATION_CONTEXT(3) 
GLOBAL_UNCERTAINTY_ASSIGNED_CONTEXT((#27)) GLOBAL_UNIT_ASSIGNED_CONTEXT(
(#24,#25,#26)) REPRESENTATION_CONTEXT('Context #1',
  '3D Context with UNIT and UNCERTAINTY') );
#24 = ( LENGTH_UNIT() NAMED_UNIT(*) SI_UNIT(.MILLI.,.METRE.) );
#25 = ( NAMED_UNIT(*) PLANE_ANGLE_UNIT() SI_UNIT($,.RADIAN.) );
#26 = ( NAMED_UNIT(*) SI_UNIT($,.STERADIAN.) SOLID_ANGLE_UNIT() );
#27 = UNCERTAINTY_MEASURE_WITH_UNIT(LENGTH_MEASURE(2.E-06),#24,
  'distance_accuracy_value','confusion accuracy');
#28 = PRODUCT_RELATED_PRODUCT_CATEGORY('part',$,(#7));
#29 = SHAPE_DEFINITION_REPRESENTATION(#30,#36);
#30 = PRODUCT_DEFINITION_SHAPE('','',#31);
#31 = PRODUCT_DEFINITION('design','',#32,#35);
#32 = PRODUCT_DEFINITION_FORMATION('','',#33);
#33 = PRODUCT('ASSEMBLY','ASSEMBLY','',(#34));
#34 = PRODUCT_CONTEXT('',#2,'mechanical');
#35 = PRODUCT_DEFINITION_CONTEXT('part definition',#2,'design');
#36 = SHAPE_REPRESENTATION('',(#11,#37),#41);
#37 = AXIS2_PLACEMENT_3D('',#38,#39,#40);
#38 = CARTESIAN_POINT('',(0.,0.,0.));
#39 = DIRECTION('',(0.,0.,1.));
#40 = DIRECTION('',(1.,0.,-0.));
#41 = ( GEOMETRIC_REPRESENTATION_CONTEXT(3) 
GLOBAL_UNCERTAINTY_ASSIGNED_CONTEXT((#45)) GLOBAL_UNIT_ASSIGNED_CONTEXT(
(#42,#43,#44)) REPRESENTATION_CONTEXT('Context #1',
  '3D Context with UNIT and UNCERTAINTY') );
#42 = ( LENGTH_UNIT() NAMED_UNIT(*) SI_UNIT(.MILLI.,.METRE.) );
#43 = ( NAMED_UNIT(*) PLANE_ANGLE_UNIT() SI_UNIT($,.RADIAN.) );
#44 = ( NAMED_UNIT(*) SI_UNIT($,.STERADIAN.) SOLID_ANGLE_UNIT() );
#45 = UNCERTAINTY_MEASURE_WITH_UNIT(LENGTH_MEASURE(2.E-06),#42,
  'distance_accuracy_value','confusion accuracy');
#46 = CONTEXT_DEPENDENT_SHAPE_REPRESENTATION(#47,#49);
#47 = ( REPRESENTATION_RELATIONSHIP('','',#36,#10) 
REPRESENTATION_RELATIONSHIP_WITH_TRANSFORMATION(#48) 
SHAPE_REPRESENTATION_RELATIONSHIP() );
#48 = ITEM_DEFINED_TRANSFORMATION('','',#11,#15);
#49 = PRODUCT_DEFINITION_SHAPE('Placement','Placement of an item',#50);
#50 = NEXT_ASSEMBLY_USAGE_OCCURRENCE('3','=>[0:1:1:2]','',#5,#31,$);
#51 = PRODUCT_RELATED_PRODUCT_CATEGORY('part',$,(#33));
#52 = SHAPE_DEFINITION_REPRESENTATION(#53,#59);
#53 = PRODUCT_DEFINITION_SHAPE('','',#54);
#54 = PRODUCT_DEFINITION('design','',#55,#58);
#55 = PRODUCT_DEFINITION_FORMATION('','',#56);
#56 = PRODUCT('ASSEMBLY','ASSEMBLY','',(#57));
#57 = PRODUCT_CONTEXT('',#2,'mechanical');
#58 = PRODUCT_DEFINITION_CONTEXT('part definition',#2,'design');
#59 = SHAPE_REPRESENTATION('',(#11,#60),#64);
#60 = AXIS2_PLACEMENT_3D('',#61,#62,#63);
#61 = CARTESIAN_POINT('',(0.,0.,0.));
#62 = DIRECTION('',(0.,0.,1.));
#63 = DIRECTION('',(1.,0.,-0.));
#64 = ( GEOMETRIC_REPRESENTATION_CONTEXT(3) 
GLOBAL_UNCERTAINTY_ASSIGNED_CONTEXT((#68)) GLOBAL_UNIT_ASSIGNED_CONTEXT(
(#65,#66,#67)) REPRESENTATION_CONTEXT('Context #1',
  '3D Context with UNIT and UNCERTAINTY') );
#65 = ( LENGTH_UNIT() NAMED_UNIT(*) SI_UNIT(.MILLI.,.METRE.) );
#66 = ( NAMED_UNIT(*) PLANE_ANGLE_UNIT() SI_UNIT($,.RADIAN.) );
#67 = ( NAMED_UNIT(*) SI_UNIT($,.STERADIAN.) SOLID_ANGLE_UNIT() );
#68 = UNCERTAINTY_MEASURE_WITH_UNIT(LENGTH_MEASURE(2.E-06),#65,
  'distance_accuracy_value','confusion accuracy');
#69 = CONTEXT_DEPENDENT_SHAPE_REPRESENTATION(#70,#72);
#70 = ( REPRESENTATION_RELATIONSHIP('','',#59,#36) 
REPRESENTATION_RELATIONSHIP_WITH_TRANSFORMATION(#71) 
SHAPE_REPRESENTATION_RELATIONSHIP() );
#71 = ITEM_DEFINED_TRANSFORMATION('','',#11,#37);
#72 = PRODUCT_DEFINITION_SHAPE('Placement','Placement of an item',#73);
#73 = NEXT_ASSEMBLY_USAGE_OCCURRENCE('2','=>[0:1:1:3]','',#31,#54,$);
#74 = PRODUCT_RELATED_PRODUCT_CATEGORY('part',$,(#56));
#75 = SHAPE_DEFINITION_REPRESENTATION(#76,#82);
#76 = PRODUCT_DEFINITION_SHAPE('','',#77);
#77 = PRODUCT_DEFINITION('design','',#78,#81);
#78 = PRODUCT_DEFINITION_FORMATION('','',#79);
#79 = PRODUCT('SOLID','SOLID','',(#80));
#80 = PRODUCT_CONTEXT('',#2,'mechanical');
#81 = PRODUCT_DEFINITION_CONTEXT('part definition',#2,'design');
#82 = ADVANCED_BREP_SHAPE_REPRESENTATION('',(#11,#83),#3981);
#83 = MANIFOLD_SOLID_BREP('',#84);
#84 = CLOSED_SHELL('',(#85,#224,#313,#348,#401,#456,#509,#751,#837,#918,
    #999,#1075,#1128,#1181,#1234,#1287,#1318,#1349,#1425,#1506,#1532,
    #1613,#1639,#1715,#1770,#1825,#1880,#1935,#1967,#1999,#2075,#2107,
    #2176,#2208,#2277,#2344,#2397,#2450,#2503,#2556,#2562,#2568,#2730,
    #2736,#2742,#2777,#2812,#2847,#2882,#2935,#2988,#3041,#3094,#3147,
    #3195,#3243,#3291,#3339,#3366,#3393,#3420,#3447,#3502,#3555,#3590,
    #3643,#3698,#3751,#3863,#3952));
#85 = ADVANCED_FACE('',(#86),#101,.T.);
#86 = FACE_BOUND('',#87,.T.);
#87 = EDGE_LOOP('',(#88,#119,#223));
#88 = ORIENTED_EDGE('',*,*,#89,.F.);
#89 = EDGE_CURVE('',#90,#92,#94,.T.);
#90 = VERTEX_POINT('',#91);
#91 = CARTESIAN_POINT('',(109.70867178049,0.,22.539018083285));
#92 = VERTEX_POINT('',#93);
#93 = CARTESIAN_POINT('',(6.858022075225E-15,-1.679730956581E-30,112.));
#94 = SEAM_CURVE('',#95,(#100,#112),.PCURVE_S1.);
#95 = CIRCLE('',#96,112.);
#96 = AXIS2_PLACEMENT_3D('',#97,#98,#99);
#97 = CARTESIAN_POINT('',(0.,0.,0.));
#98 = DIRECTION('',(-2.449293598295E-16,-1.,0.));
#99 = DIRECTION('',(1.,-2.449293598295E-16,0.));
#100 = PCURVE('',#101,#106);
#101 = SPHERICAL_SURFACE('',#102,112.);
#102 = AXIS2_PLACEMENT_3D('',#103,#104,#105);
#103 = CARTESIAN_POINT('',(0.,0.,0.));
#104 = DIRECTION('',(0.,0.,1.));
#105 = DIRECTION('',(1.,0.,0.));
#106 = DEFINITIONAL_REPRESENTATION('',(#107),#111);
#107 = LINE('',#108,#109);
#108 = CARTESIAN_POINT('',(0.,-6.28318530718));
#109 = VECTOR('',#110,1.);
#110 = DIRECTION('',(0.,1.));
#111 = ( GEOMETRIC_REPRESENTATION_CONTEXT(2) 
PARAMETRIC_REPRESENTATION_CONTEXT() REPRESENTATION_CONTEXT('2D SPACE',''
  ) );
#112 = PCURVE('',#101,#113);
#113 = DEFINITIONAL_REPRESENTATION('',(#114),#118);
#114 = LINE('',#115,#116);
#115 = CARTESIAN_POINT('',(6.28318530718,-6.28318530718));
#116 = VECTOR('',#117,1.);
#117 = DIRECTION('',(0.,1.));
#118 = ( GEOMETRIC_REPRESENTATION_CONTEXT(2) 
PARAMETRIC_REPRESENTATION_CONTEXT() REPRESENTATION_CONTEXT('2D SPACE',''
  ) );
#119 = ORIENTED_EDGE('',*,*,#120,.T.);
#120 = EDGE_CURVE('',#90,#90,#121,.T.);
#121 = SURFACE_CURVE('',#122,(#145,#171),.PCURVE_S1.);
#122 = B_SPLINE_CURVE_WITH_KNOTS('',11,(#123,#124,#125,#126,#127,#128,
    #129,#130,#131,#132,#133,#134,#135,#136,#137,#138,#139,#140,#141,
    #142,#143,#144),.UNSPECIFIED.,.T.,.F.,(12,10,12),(1.758628779617E-14
    ,345.00352038368,690.00704076737),.UNSPECIFIED.);
#123 = CARTESIAN_POINT('',(109.70867178049,0.,22.539018083285));
#124 = CARTESIAN_POINT('',(109.7086717805,30.879473502985,
    22.539018083287));
#125 = CARTESIAN_POINT('',(100.14772143167,62.181009522891,
    22.539018083276));
#126 = CARTESIAN_POINT('',(80.592478104684,90.380977876172,
    22.539018083306));
#127 = CARTESIAN_POINT('',(52.223114631175,111.69371725384,
    22.53901808325));
#128 = CARTESIAN_POINT('',(18.01579436591,122.96135026805,22.53901808333
    ));
#129 = CARTESIAN_POINT('',(-18.00496185802,122.91180828844,
    22.539018083242));
#130 = CARTESIAN_POINT('',(-52.00362940735,111.58979195054,
    22.539018083315));
#131 = CARTESIAN_POINT('',(-80.17646247192,90.561158052684,
    22.53901808327));
#132 = CARTESIAN_POINT('',(-99.86547495313,62.665610356521,
    22.539018083289));
#133 = CARTESIAN_POINT('',(-109.7086717805,31.332723390964,
    22.539018083285));
#134 = CARTESIAN_POINT('',(-109.7086717804,-31.33272339096,
    22.539018083283));
#135 = CARTESIAN_POINT('',(-99.86547495316,-62.66561035654,
    22.539018083296));
#136 = CARTESIAN_POINT('',(-80.17646247185,-90.56115805261,
    22.539018083255));
#137 = CARTESIAN_POINT('',(-52.00362940746,-111.5897919506,
    22.539018083337));
#138 = CARTESIAN_POINT('',(-18.00496185789,-122.9118082883,
    22.539018083221));
#139 = CARTESIAN_POINT('',(18.015794365789,-122.9613502681,
    22.539018083345));
#140 = CARTESIAN_POINT('',(52.223114631266,-111.6937172537,
    22.539018083241));
#141 = CARTESIAN_POINT('',(80.59247810463,-90.3809778762,22.53901808331)
  );
#142 = CARTESIAN_POINT('',(100.14772143169,-62.18100952288,
    22.539018083275));
#143 = CARTESIAN_POINT('',(109.70867178049,-30.87947350298,
    22.539018083287));
#144 = CARTESIAN_POINT('',(109.70867178049,-2.687087474694E-14,
    22.539018083285));
#145 = PCURVE('',#101,#146);
#146 = DEFINITIONAL_REPRESENTATION('',(#147),#170);
#147 = B_SPLINE_CURVE_WITH_KNOTS('',11,(#148,#149,#150,#151,#152,#153,
    #154,#155,#156,#157,#158,#159,#160,#161,#162,#163,#164,#165,#166,
    #167,#168,#169),.UNSPECIFIED.,.F.,.F.,(12,10,12),(1.758628779617E-14
    ,345.00352038368,690.00704076737),.UNSPECIFIED.);
#148 = CARTESIAN_POINT('',(-2.22044604925E-16,0.202624912976));
#149 = CARTESIAN_POINT('',(0.281467936872,0.202624912976));
#150 = CARTESIAN_POINT('',(0.566780268291,0.202624912976));
#151 = CARTESIAN_POINT('',(0.853826319342,0.202624912976));
#152 = CARTESIAN_POINT('',(1.141010657714,0.202624912976));
#153 = CARTESIAN_POINT('',(1.427556280275,0.202624912977));
#154 = CARTESIAN_POINT('',(1.713524372133,0.202624912976));
#155 = CARTESIAN_POINT('',(1.99919485667,0.202624912977));
#156 = CARTESIAN_POINT('',(2.28479477331,0.202624912976));
#157 = CARTESIAN_POINT('',(2.570393973971,0.202624912976));
#158 = CARTESIAN_POINT('',(2.855993321445,0.202624912976));
#159 = CARTESIAN_POINT('',(3.427191985734,0.202624912976));
#160 = CARTESIAN_POINT('',(3.712791333211,0.202624912976));
#161 = CARTESIAN_POINT('',(3.998390533864,0.202624912976));
#162 = CARTESIAN_POINT('',(4.283990450519,0.202624912977));
#163 = CARTESIAN_POINT('',(4.569660935035,0.202624912976));
#164 = CARTESIAN_POINT('',(4.855629026916,0.202624912977));
#165 = CARTESIAN_POINT('',(5.142174649457,0.202624912976));
#166 = CARTESIAN_POINT('',(5.429358987842,0.202624912976));
#167 = CARTESIAN_POINT('',(5.716405038887,0.202624912976));
#168 = CARTESIAN_POINT('',(6.001717370308,0.202624912976));
#169 = CARTESIAN_POINT('',(6.28318530718,0.202624912976));
#170 = ( GEOMETRIC_REPRESENTATION_CONTEXT(2) 
PARAMETRIC_REPRESENTATION_CONTEXT() REPRESENTATION_CONTEXT('2D SPACE',''
  ) );
#171 = PCURVE('',#172,#217);
#172 = B_SPLINE_SURFACE_WITH_KNOTS('',1,11,(
    (#173,#174,#175,#176,#177,#178,#179,#180,#181,#182,#183,#184,#185
      ,#186,#187,#188,#189,#190,#191,#192,#193,#194)
    ,(#195,#196,#197,#198,#199,#200,#201,#202,#203,#204,#205,#206,#207
      ,#208,#209,#210,#211,#212,#213,#214,#215,#216
  )),.UNSPECIFIED.,.F.,.T.,.F.,(2,2),(12,10,12),(0.,690.00704076737),(
    1.758628779617E-14,345.00352038368,690.00704076737),.UNSPECIFIED.);
#173 = CARTESIAN_POINT('',(109.70867178049,0.,22.539018083285));
#174 = CARTESIAN_POINT('',(109.7086717805,30.879473502985,
    22.539018083287));
#175 = CARTESIAN_POINT('',(100.14772143167,62.181009522891,
    22.539018083276));
#176 = CARTESIAN_POINT('',(80.592478104684,90.380977876172,
    22.539018083306));
#177 = CARTESIAN_POINT('',(52.223114631175,111.69371725384,
    22.53901808325));
#178 = CARTESIAN_POINT('',(18.01579436591,122.96135026805,22.53901808333
    ));
#179 = CARTESIAN_POINT('',(-18.00496185802,122.91180828844,
    22.539018083242));
#180 = CARTESIAN_POINT('',(-52.00362940735,111.58979195054,
    22.539018083315));
#181 = CARTESIAN_POINT('',(-80.17646247192,90.561158052684,
    22.53901808327));
#182 = CARTESIAN_POINT('',(-99.86547495313,62.665610356521,
    22.539018083289));
#183 = CARTESIAN_POINT('',(-109.7086717805,31.332723390964,
    22.539018083285));
#184 = CARTESIAN_POINT('',(-109.7086717804,-31.33272339096,
    22.539018083283));
#185 = CARTESIAN_POINT('',(-99.86547495316,-62.66561035654,
    22.539018083296));
#186 = CARTESIAN_POINT('',(-80.17646247185,-90.56115805261,
    22.539018083255));
#187 = CARTESIAN_POINT('',(-52.00362940746,-111.5897919506,
    22.539018083337));
#188 = CARTESIAN_POINT('',(-18.00496185789,-122.9118082883,
    22.539018083221));
#189 = CARTESIAN_POINT('',(18.015794365789,-122.9613502681,
    22.539018083345));
#190 = CARTESIAN_POINT('',(52.223114631266,-111.6937172537,
    22.539018083241));
#191 = CARTESIAN_POINT('',(80.59247810463,-90.3809778762,22.53901808331)
  );
#192 = CARTESIAN_POINT('',(100.14772143169,-62.18100952288,
    22.539018083275));
#193 = CARTESIAN_POINT('',(109.70867178049,-30.87947350298,
    22.539018083287));
#194 = CARTESIAN_POINT('',(109.70867178049,-2.687087474694E-14,
    22.539018083285));
#195 = CARTESIAN_POINT('',(110.36803130634,0.,22.));
#196 = CARTESIAN_POINT('',(110.36803130634,31.065062068383,
    22.000000000001));
#197 = CARTESIAN_POINT('',(100.74961873884,62.554723289436,
    21.999999999995));
#198 = CARTESIAN_POINT('',(81.076846544164,90.924176127994,
    22.000000000013));
#199 = CARTESIAN_POINT('',(52.536980504715,112.36500709125,
    21.999999999979));
#200 = CARTESIAN_POINT('',(18.124070999248,123.70035964899,
    22.000000000026));
#201 = CARTESIAN_POINT('',(-18.11317338696,123.65051991726,
    21.999999999976));
#202 = CARTESIAN_POINT('',(-52.31617615386,112.26045718711,
    22.000000000016));
#203 = CARTESIAN_POINT('',(-80.65833061798,91.105439204404,
    21.999999999993));
#204 = CARTESIAN_POINT('',(-100.4656759321,63.042236620075,
    22.000000000002));
#205 = CARTESIAN_POINT('',(-110.3680313063,31.521036031185,22.));
#206 = CARTESIAN_POINT('',(-110.3680313063,-31.52103603118,
    21.999999999998));
#207 = CARTESIAN_POINT('',(-100.4656759322,-63.04223662009,
    22.000000000011));
#208 = CARTESIAN_POINT('',(-80.65833061793,-91.10543920436,
    21.999999999971));
#209 = CARTESIAN_POINT('',(-52.31617615394,-112.2604571871,
    22.000000000048));
#210 = CARTESIAN_POINT('',(-18.11317338687,-123.6505199172,
    21.999999999941));
#211 = CARTESIAN_POINT('',(18.124070999164,-123.700359649,
    22.000000000055));
#212 = CARTESIAN_POINT('',(52.536980504773,-112.3650070912,
    21.999999999961));
#213 = CARTESIAN_POINT('',(81.076846544134,-90.92417612799,
    22.000000000021));
#214 = CARTESIAN_POINT('',(100.74961873885,-62.55472328943,
    21.999999999992));
#215 = CARTESIAN_POINT('',(110.36803130633,-31.06506206838,
    22.000000000002));
#216 = CARTESIAN_POINT('',(110.36803130633,0.,22.));
#217 = DEFINITIONAL_REPRESENTATION('',(#218),#222);
#218 = LINE('',#219,#220);
#219 = CARTESIAN_POINT('',(0.,0.));
#220 = VECTOR('',#221,1.);
#221 = DIRECTION('',(0.,1.));
#222 = ( GEOMETRIC_REPRESENTATION_CONTEXT(2) 
PARAMETRIC_REPRESENTATION_CONTEXT() REPRESENTATION_CONTEXT('2D SPACE',''
  ) );
#223 = ORIENTED_EDGE('',*,*,#89,.T.);
#224 = ADVANCED_FACE('',(#225),#172,.T.);
#225 = FACE_BOUND('',#226,.T.);
#226 = EDGE_LOOP('',(#227,#247,#311,#312));
#227 = ORIENTED_EDGE('',*,*,#228,.T.);
#228 = EDGE_CURVE('',#90,#229,#231,.T.);
#229 = VERTEX_POINT('',#230);
#230 = CARTESIAN_POINT('',(110.36803130634,0.,22.));
#231 = SEAM_CURVE('',#232,(#235,#241),.PCURVE_S1.);
#232 = B_SPLINE_CURVE_WITH_KNOTS('',1,(#233,#234),.UNSPECIFIED.,.F.,.F.,
  (2,2),(0.,690.00704076737),.PIECEWISE_BEZIER_KNOTS.);
#233 = CARTESIAN_POINT('',(109.70867178049,0.,22.539018083285));
#234 = CARTESIAN_POINT('',(110.36803130634,0.,22.));
#235 = PCURVE('',#172,#236);
#236 = DEFINITIONAL_REPRESENTATION('',(#237),#240);
#237 = B_SPLINE_CURVE_WITH_KNOTS('',1,(#238,#239),.UNSPECIFIED.,.F.,.F.,
  (2,2),(0.,690.00704076737),.PIECEWISE_BEZIER_KNOTS.);
#238 = CARTESIAN_POINT('',(0.,1.758628779617E-14));
#239 = CARTESIAN_POINT('',(690.00704076737,1.758628779617E-14));
#240 = ( GEOMETRIC_REPRESENTATION_CONTEXT(2) 
PARAMETRIC_REPRESENTATION_CONTEXT() REPRESENTATION_CONTEXT('2D SPACE',''
  ) );
#241 = PCURVE('',#172,#242);
#242 = DEFINITIONAL_REPRESENTATION('',(#243),#246);
#243 = B_SPLINE_CURVE_WITH_KNOTS('',1,(#244,#245),.UNSPECIFIED.,.F.,.F.,
  (2,2),(0.,690.00704076737),.PIECEWISE_BEZIER_KNOTS.);
#244 = CARTESIAN_POINT('',(0.,690.00704076737));
#245 = CARTESIAN_POINT('',(690.00704076737,690.00704076737));
#246 = ( GEOMETRIC_REPRESENTATION_CONTEXT(2) 
PARAMETRIC_REPRESENTATION_CONTEXT() REPRESENTATION_CONTEXT('2D SPACE',''
  ) );
#247 = ORIENTED_EDGE('',*,*,#248,.T.);
#248 = EDGE_CURVE('',#229,#229,#249,.T.);
#249 = SURFACE_CURVE('',#250,(#273,#280),.PCURVE_S1.);
#250 = B_SPLINE_CURVE_WITH_KNOTS('',11,(#251,#252,#253,#254,#255,#256,
    #257,#258,#259,#260,#261,#262,#263,#264,#265,#266,#267,#268,#269,
    #270,#271,#272),.UNSPECIFIED.,.T.,.F.,(12,10,12),(1.758628779617E-14
    ,345.00352038368,690.00704076737),.UNSPECIFIED.);
#251 = CARTESIAN_POINT('',(110.36803130634,0.,22.));
#252 = CARTESIAN_POINT('',(110.36803130634,31.065062068383,
    22.000000000001));
#253 = CARTESIAN_POINT('',(100.74961873884,62.554723289436,
    21.999999999995));
#254 = CARTESIAN_POINT('',(81.076846544164,90.924176127994,
    22.000000000013));
#255 = CARTESIAN_POINT('',(52.536980504715,112.36500709125,
    21.999999999979));
#256 = CARTESIAN_POINT('',(18.124070999248,123.70035964899,
    22.000000000026));
#257 = CARTESIAN_POINT('',(-18.11317338696,123.65051991726,
    21.999999999976));
#258 = CARTESIAN_POINT('',(-52.31617615386,112.26045718711,
    22.000000000016));
#259 = CARTESIAN_POINT('',(-80.65833061798,91.105439204404,
    21.999999999993));
#260 = CARTESIAN_POINT('',(-100.4656759321,63.042236620075,
    22.000000000002));
#261 = CARTESIAN_POINT('',(-110.3680313063,31.521036031185,22.));
#262 = CARTESIAN_POINT('',(-110.3680313063,-31.52103603118,
    21.999999999998));
#263 = CARTESIAN_POINT('',(-100.4656759322,-63.04223662009,
    22.000000000011));
#264 = CARTESIAN_POINT('',(-80.65833061793,-91.10543920436,
    21.999999999971));
#265 = CARTESIAN_POINT('',(-52.31617615394,-112.2604571871,
    22.000000000048));
#266 = CARTESIAN_POINT('',(-18.11317338687,-123.6505199172,
    21.999999999941));
#267 = CARTESIAN_POINT('',(18.124070999164,-123.700359649,
    22.000000000055));
#268 = CARTESIAN_POINT('',(52.536980504773,-112.3650070912,
    21.999999999961));
#269 = CARTESIAN_POINT('',(81.076846544134,-90.92417612799,
    22.000000000021));
#270 = CARTESIAN_POINT('',(100.74961873885,-62.55472328943,
    21.999999999992));
#271 = CARTESIAN_POINT('',(110.36803130633,-31.06506206838,
    22.000000000002));
#272 = CARTESIAN_POINT('',(110.36803130633,0.,22.));
#273 = PCURVE('',#172,#274);
#274 = DEFINITIONAL_REPRESENTATION('',(#275),#279);
#275 = LINE('',#276,#277);
#276 = CARTESIAN_POINT('',(690.00704076737,0.));
#277 = VECTOR('',#278,1.);
#278 = DIRECTION('',(0.,1.));
#279 = ( GEOMETRIC_REPRESENTATION_CONTEXT(2) 
PARAMETRIC_REPRESENTATION_CONTEXT() REPRESENTATION_CONTEXT('2D SPACE',''
  ) );
#280 = PCURVE('',#281,#286);
#281 = PLANE('',#282);
#282 = AXIS2_PLACEMENT_3D('',#283,#284,#285);
#283 = CARTESIAN_POINT('',(0.,0.,22.));
#284 = DIRECTION('',(0.,0.,1.));
#285 = DIRECTION('',(1.,0.,0.));
#286 = DEFINITIONAL_REPRESENTATION('',(#287),#310);
#287 = B_SPLINE_CURVE_WITH_KNOTS('',11,(#288,#289,#290,#291,#292,#293,
    #294,#295,#296,#297,#298,#299,#300,#301,#302,#303,#304,#305,#306,
    #307,#308,#309),.UNSPECIFIED.,.F.,.F.,(12,10,12),(1.758628779617E-14
    ,345.00352038368,690.00704076737),.UNSPECIFIED.);
#288 = CARTESIAN_POINT('',(110.36803130633,-1.42108547152E-14));
#289 = CARTESIAN_POINT('',(110.36803130634,31.065062068383));
#290 = CARTESIAN_POINT('',(100.74961873884,62.554723289436));
#291 = CARTESIAN_POINT('',(81.076846544164,90.924176127994));
#292 = CARTESIAN_POINT('',(52.536980504715,112.36500709125));
#293 = CARTESIAN_POINT('',(18.124070999248,123.70035964899));
#294 = CARTESIAN_POINT('',(-18.11317338696,123.65051991726));
#295 = CARTESIAN_POINT('',(-52.31617615386,112.26045718711));
#296 = CARTESIAN_POINT('',(-80.65833061798,91.105439204404));
#297 = CARTESIAN_POINT('',(-100.4656759321,63.042236620075));
#298 = CARTESIAN_POINT('',(-110.3680313063,31.521036031185));
#299 = CARTESIAN_POINT('',(-110.3680313063,-31.52103603118));
#300 = CARTESIAN_POINT('',(-100.4656759322,-63.04223662009));
#301 = CARTESIAN_POINT('',(-80.65833061793,-91.10543920436));
#302 = CARTESIAN_POINT('',(-52.31617615394,-112.2604571871));
#303 = CARTESIAN_POINT('',(-18.11317338687,-123.6505199172));
#304 = CARTESIAN_POINT('',(18.124070999164,-123.700359649));
#305 = CARTESIAN_POINT('',(52.536980504773,-112.3650070912));
#306 = CARTESIAN_POINT('',(81.076846544134,-90.92417612799));
#307 = CARTESIAN_POINT('',(100.74961873885,-62.55472328943));
#308 = CARTESIAN_POINT('',(110.36803130633,-31.06506206838));
#309 = CARTESIAN_POINT('',(110.36803130633,-4.973799150321E-13));
#310 = ( GEOMETRIC_REPRESENTATION_CONTEXT(2) 
PARAMETRIC_REPRESENTATION_CONTEXT() REPRESENTATION_CONTEXT('2D SPACE',''
  ) );
#311 = ORIENTED_EDGE('',*,*,#228,.F.);
#312 = ORIENTED_EDGE('',*,*,#120,.F.);
#313 = ADVANCED_FACE('',(#314,#317),#281,.T.);
#314 = FACE_BOUND('',#315,.T.);
#315 = EDGE_LOOP('',(#316));
#316 = ORIENTED_EDGE('',*,*,#248,.F.);
#317 = FACE_BOUND('',#318,.T.);
#318 = EDGE_LOOP('',(#319));
#319 = ORIENTED_EDGE('',*,*,#320,.T.);
#320 = EDGE_CURVE('',#321,#321,#323,.T.);
#321 = VERTEX_POINT('',#322);
#322 = CARTESIAN_POINT('',(111.45,0.,22.));
#323 = SURFACE_CURVE('',#324,(#329,#336),.PCURVE_S1.);
#324 = CIRCLE('',#325,111.45);
#325 = AXIS2_PLACEMENT_3D('',#326,#327,#328);
#326 = CARTESIAN_POINT('',(0.,0.,22.));
#327 = DIRECTION('',(0.,0.,1.));
#328 = DIRECTION('',(1.,0.,-0.));
#329 = PCURVE('',#281,#330);
#330 = DEFINITIONAL_REPRESENTATION('',(#331),#335);
#331 = CIRCLE('',#332,111.45);
#332 = AXIS2_PLACEMENT_2D('',#333,#334);
#333 = CARTESIAN_POINT('',(0.,0.));
#334 = DIRECTION('',(1.,0.));
#335 = ( GEOMETRIC_REPRESENTATION_CONTEXT(2) 
PARAMETRIC_REPRESENTATION_CONTEXT() REPRESENTATION_CONTEXT('2D SPACE',''
  ) );
#336 = PCURVE('',#337,#342);
#337 = CONICAL_SURFACE('',#338,112.,0.785398163397);
#338 = AXIS2_PLACEMENT_3D('',#339,#340,#341);
#339 = CARTESIAN_POINT('',(0.,0.,21.45));
#340 = DIRECTION('',(-0.,-0.,-1.));
#341 = DIRECTION('',(1.,0.,0.));
#342 = DEFINITIONAL_REPRESENTATION('',(#343),#347);
#343 = LINE('',#344,#345);
#344 = CARTESIAN_POINT('',(-0.,-0.55));
#345 = VECTOR('',#346,1.);
#346 = DIRECTION('',(-1.,0.));
#347 = ( GEOMETRIC_REPRESENTATION_CONTEXT(2) 
PARAMETRIC_REPRESENTATION_CONTEXT() REPRESENTATION_CONTEXT('2D SPACE',''
  ) );
#348 = ADVANCED_FACE('',(#349),#337,.T.);
#349 = FACE_BOUND('',#350,.F.);
#350 = EDGE_LOOP('',(#351,#372,#373,#374));
#351 = ORIENTED_EDGE('',*,*,#352,.F.);
#352 = EDGE_CURVE('',#321,#353,#355,.T.);
#353 = VERTEX_POINT('',#354);
#354 = CARTESIAN_POINT('',(112.,0.,21.45));
#355 = SEAM_CURVE('',#356,(#360,#366),.PCURVE_S1.);
#356 = LINE('',#357,#358);
#357 = CARTESIAN_POINT('',(112.,0.,21.45));
#358 = VECTOR('',#359,1.);
#359 = DIRECTION('',(0.707106781187,0.,-0.707106781187));
#360 = PCURVE('',#337,#361);
#361 = DEFINITIONAL_REPRESENTATION('',(#362),#365);
#362 = B_SPLINE_CURVE_WITH_KNOTS('',1,(#363,#364),.UNSPECIFIED.,.F.,.F.,
  (2,2),(-0.777817459305,0.),.PIECEWISE_BEZIER_KNOTS.);
#363 = CARTESIAN_POINT('',(0.,-0.55));
#364 = CARTESIAN_POINT('',(0.,0.));
#365 = ( GEOMETRIC_REPRESENTATION_CONTEXT(2) 
PARAMETRIC_REPRESENTATION_CONTEXT() REPRESENTATION_CONTEXT('2D SPACE',''
  ) );
#366 = PCURVE('',#337,#367);
#367 = DEFINITIONAL_REPRESENTATION('',(#368),#371);
#368 = B_SPLINE_CURVE_WITH_KNOTS('',1,(#369,#370),.UNSPECIFIED.,.F.,.F.,
  (2,2),(-0.777817459305,0.),.PIECEWISE_BEZIER_KNOTS.);
#369 = CARTESIAN_POINT('',(-6.28318530718,-0.55));
#370 = CARTESIAN_POINT('',(-6.28318530718,0.));
#371 = ( GEOMETRIC_REPRESENTATION_CONTEXT(2) 
PARAMETRIC_REPRESENTATION_CONTEXT() REPRESENTATION_CONTEXT('2D SPACE',''
  ) );
#372 = ORIENTED_EDGE('',*,*,#320,.T.);
#373 = ORIENTED_EDGE('',*,*,#352,.T.);
#374 = ORIENTED_EDGE('',*,*,#375,.F.);
#375 = EDGE_CURVE('',#353,#353,#376,.T.);
#376 = SURFACE_CURVE('',#377,(#382,#389),.PCURVE_S1.);
#377 = CIRCLE('',#378,112.);
#378 = AXIS2_PLACEMENT_3D('',#379,#380,#381);
#379 = CARTESIAN_POINT('',(0.,0.,21.45));
#380 = DIRECTION('',(0.,0.,1.));
#381 = DIRECTION('',(1.,0.,-0.));
#382 = PCURVE('',#337,#383);
#383 = DEFINITIONAL_REPRESENTATION('',(#384),#388);
#384 = LINE('',#385,#386);
#385 = CARTESIAN_POINT('',(-0.,0.));
#386 = VECTOR('',#387,1.);
#387 = DIRECTION('',(-1.,0.));
#388 = ( GEOMETRIC_REPRESENTATION_CONTEXT(2) 
PARAMETRIC_REPRESENTATION_CONTEXT() REPRESENTATION_CONTEXT('2D SPACE',''
  ) );
#389 = PCURVE('',#390,#395);
#390 = CYLINDRICAL_SURFACE('',#391,112.);
#391 = AXIS2_PLACEMENT_3D('',#392,#393,#394);
#392 = CARTESIAN_POINT('',(0.,0.,0.));
#393 = DIRECTION('',(0.,0.,1.));
#394 = DIRECTION('',(1.,0.,0.));
#395 = DEFINITIONAL_REPRESENTATION('',(#396),#400);
#396 = LINE('',#397,#398);
#397 = CARTESIAN_POINT('',(0.,21.45));
#398 = VECTOR('',#399,1.);
#399 = DIRECTION('',(1.,0.));
#400 = ( GEOMETRIC_REPRESENTATION_CONTEXT(2) 
PARAMETRIC_REPRESENTATION_CONTEXT() REPRESENTATION_CONTEXT('2D SPACE',''
  ) );
#401 = ADVANCED_FACE('',(#402),#390,.T.);
#402 = FACE_BOUND('',#403,.T.);
#403 = EDGE_LOOP('',(#404,#427,#428,#429));
#404 = ORIENTED_EDGE('',*,*,#405,.T.);
#405 = EDGE_CURVE('',#406,#353,#408,.T.);
#406 = VERTEX_POINT('',#407);
#407 = CARTESIAN_POINT('',(112.,0.,6.55));
#408 = SEAM_CURVE('',#409,(#413,#420),.PCURVE_S1.);
#409 = LINE('',#410,#411);
#410 = CARTESIAN_POINT('',(112.,-2.74320883009E-14,0.));
#411 = VECTOR('',#412,1.);
#412 = DIRECTION('',(0.,0.,1.));
#413 = PCURVE('',#390,#414);
#414 = DEFINITIONAL_REPRESENTATION('',(#415),#419);
#415 = LINE('',#416,#417);
#416 = CARTESIAN_POINT('',(6.28318530718,-0.));
#417 = VECTOR('',#418,1.);
#418 = DIRECTION('',(0.,1.));
#419 = ( GEOMETRIC_REPRESENTATION_CONTEXT(2) 
PARAMETRIC_REPRESENTATION_CONTEXT() REPRESENTATION_CONTEXT('2D SPACE',''
  ) );
#420 = PCURVE('',#390,#421);
#421 = DEFINITIONAL_REPRESENTATION('',(#422),#426);
#422 = LINE('',#423,#424);
#423 = CARTESIAN_POINT('',(0.,-0.));
#424 = VECTOR('',#425,1.);
#425 = DIRECTION('',(0.,1.));
#426 = ( GEOMETRIC_REPRESENTATION_CONTEXT(2) 
PARAMETRIC_REPRESENTATION_CONTEXT() REPRESENTATION_CONTEXT('2D SPACE',''
  ) );
#427 = ORIENTED_EDGE('',*,*,#375,.F.);
#428 = ORIENTED_EDGE('',*,*,#405,.F.);
#429 = ORIENTED_EDGE('',*,*,#430,.T.);
#430 = EDGE_CURVE('',#406,#406,#431,.T.);
#431 = SURFACE_CURVE('',#432,(#437,#444),.PCURVE_S1.);
#432 = CIRCLE('',#433,112.);
#433 = AXIS2_PLACEMENT_3D('',#434,#435,#436);
#434 = CARTESIAN_POINT('',(0.,0.,6.55));
#435 = DIRECTION('',(0.,0.,1.));
#436 = DIRECTION('',(1.,0.,-0.));
#437 = PCURVE('',#390,#438);
#438 = DEFINITIONAL_REPRESENTATION('',(#439),#443);
#439 = LINE('',#440,#441);
#440 = CARTESIAN_POINT('',(0.,6.55));
#441 = VECTOR('',#442,1.);
#442 = DIRECTION('',(1.,0.));
#443 = ( GEOMETRIC_REPRESENTATION_CONTEXT(2) 
PARAMETRIC_REPRESENTATION_CONTEXT() REPRESENTATION_CONTEXT('2D SPACE',''
  ) );
#444 = PCURVE('',#445,#450);
#445 = CONICAL_SURFACE('',#446,112.,0.785398163397);
#446 = AXIS2_PLACEMENT_3D('',#447,#448,#449);
#447 = CARTESIAN_POINT('',(0.,0.,6.55));
#448 = DIRECTION('',(-0.,-0.,-1.));
#449 = DIRECTION('',(1.,0.,0.));
#450 = DEFINITIONAL_REPRESENTATION('',(#451),#455);
#451 = LINE('',#452,#453);
#452 = CARTESIAN_POINT('',(-0.,0.));
#453 = VECTOR('',#454,1.);
#454 = DIRECTION('',(-1.,0.));
#455 = ( GEOMETRIC_REPRESENTATION_CONTEXT(2) 
PARAMETRIC_REPRESENTATION_CONTEXT() REPRESENTATION_CONTEXT('2D SPACE',''
  ) );
#456 = ADVANCED_FACE('',(#457),#445,.T.);
#457 = FACE_BOUND('',#458,.F.);
#458 = EDGE_LOOP('',(#459,#480,#481,#482));
#459 = ORIENTED_EDGE('',*,*,#460,.F.);
#460 = EDGE_CURVE('',#406,#461,#463,.T.);
#461 = VERTEX_POINT('',#462);
#462 = CARTESIAN_POINT('',(112.55,0.,6.));
#463 = SEAM_CURVE('',#464,(#468,#474),.PCURVE_S1.);
#464 = LINE('',#465,#466);
#465 = CARTESIAN_POINT('',(112.,0.,6.55));
#466 = VECTOR('',#467,1.);
#467 = DIRECTION('',(0.707106781187,0.,-0.707106781187));
#468 = PCURVE('',#445,#469);
#469 = DEFINITIONAL_REPRESENTATION('',(#470),#473);
#470 = B_SPLINE_CURVE_WITH_KNOTS('',1,(#471,#472),.UNSPECIFIED.,.F.,.F.,
  (2,2),(0.,0.777817459305),.PIECEWISE_BEZIER_KNOTS.);
#471 = CARTESIAN_POINT('',(0.,0.));
#472 = CARTESIAN_POINT('',(0.,0.55));
#473 = ( GEOMETRIC_REPRESENTATION_CONTEXT(2) 
PARAMETRIC_REPRESENTATION_CONTEXT() REPRESENTATION_CONTEXT('2D SPACE',''
  ) );
#474 = PCURVE('',#445,#475);
#475 = DEFINITIONAL_REPRESENTATION('',(#476),#479);
#476 = B_SPLINE_CURVE_WITH_KNOTS('',1,(#477,#478),.UNSPECIFIED.,.F.,.F.,
  (2,2),(0.,0.777817459305),.PIECEWISE_BEZIER_KNOTS.);
#477 = CARTESIAN_POINT('',(-6.28318530718,0.));
#478 = CARTESIAN_POINT('',(-6.28318530718,0.55));
#479 = ( GEOMETRIC_REPRESENTATION_CONTEXT(2) 
PARAMETRIC_REPRESENTATION_CONTEXT() REPRESENTATION_CONTEXT('2D SPACE',''
  ) );
#480 = ORIENTED_EDGE('',*,*,#430,.T.);
#481 = ORIENTED_EDGE('',*,*,#460,.T.);
#482 = ORIENTED_EDGE('',*,*,#483,.F.);
#483 = EDGE_CURVE('',#461,#461,#484,.T.);
#484 = SURFACE_CURVE('',#485,(#490,#497),.PCURVE_S1.);
#485 = CIRCLE('',#486,112.55);
#486 = AXIS2_PLACEMENT_3D('',#487,#488,#489);
#487 = CARTESIAN_POINT('',(0.,0.,6.));
#488 = DIRECTION('',(0.,0.,1.));
#489 = DIRECTION('',(1.,0.,-0.));
#490 = PCURVE('',#445,#491);
#491 = DEFINITIONAL_REPRESENTATION('',(#492),#496);
#492 = LINE('',#493,#494);
#493 = CARTESIAN_POINT('',(-0.,0.55));
#494 = VECTOR('',#495,1.);
#495 = DIRECTION('',(-1.,0.));
#496 = ( GEOMETRIC_REPRESENTATION_CONTEXT(2) 
PARAMETRIC_REPRESENTATION_CONTEXT() REPRESENTATION_CONTEXT('2D SPACE',''
  ) );
#497 = PCURVE('',#498,#503);
#498 = PLANE('',#499);
#499 = AXIS2_PLACEMENT_3D('',#500,#501,#502);
#500 = CARTESIAN_POINT('',(-120.,-120.,6.));
#501 = DIRECTION('',(0.,0.,1.));
#502 = DIRECTION('',(1.,0.,0.));
#503 = DEFINITIONAL_REPRESENTATION('',(#504),#508);
#504 = CIRCLE('',#505,112.55);
#505 = AXIS2_PLACEMENT_2D('',#506,#507);
#506 = CARTESIAN_POINT('',(120.,120.));
#507 = DIRECTION('',(1.,0.));
#508 = ( GEOMETRIC_REPRESENTATION_CONTEXT(2) 
PARAMETRIC_REPRESENTATION_CONTEXT() REPRESENTATION_CONTEXT('2D SPACE',''
  ) );
#509 = ADVANCED_FACE('',(#510,#513,#627,#658,#689,#720),#498,.T.);
#510 = FACE_BOUND('',#511,.T.);
#511 = EDGE_LOOP('',(#512));
#512 = ORIENTED_EDGE('',*,*,#483,.F.);
#513 = FACE_BOUND('',#514,.T.);
#514 = EDGE_LOOP('',(#515,#545,#573,#601));
#515 = ORIENTED_EDGE('',*,*,#516,.F.);
#516 = EDGE_CURVE('',#517,#519,#521,.T.);
#517 = VERTEX_POINT('',#518);
#518 = CARTESIAN_POINT('',(-119.45,-119.45,6.));
#519 = VERTEX_POINT('',#520);
#520 = CARTESIAN_POINT('',(-119.45,119.45,6.));
#521 = SURFACE_CURVE('',#522,(#526,#533),.PCURVE_S1.);
#522 = LINE('',#523,#524);
#523 = CARTESIAN_POINT('',(-119.45,-120.,6.));
#524 = VECTOR('',#525,1.);
#525 = DIRECTION('',(0.,1.,0.));
#526 = PCURVE('',#498,#527);
#527 = DEFINITIONAL_REPRESENTATION('',(#528),#532);
#528 = LINE('',#529,#530);
#529 = CARTESIAN_POINT('',(0.55,0.));
#530 = VECTOR('',#531,1.);
#531 = DIRECTION('',(0.,1.));
#532 = ( GEOMETRIC_REPRESENTATION_CONTEXT(2) 
PARAMETRIC_REPRESENTATION_CONTEXT() REPRESENTATION_CONTEXT('2D SPACE',''
  ) );
#533 = PCURVE('',#534,#539);
#534 = PLANE('',#535);
#535 = AXIS2_PLACEMENT_3D('',#536,#537,#538);
#536 = CARTESIAN_POINT('',(-119.725,-120.,5.725));
#537 = DIRECTION('',(0.707106781187,2.796097154378E-18,-0.707106781187)
  );
#538 = DIRECTION('',(1.977139258717E-18,-1.,-1.977139258717E-18));
#539 = DEFINITIONAL_REPRESENTATION('',(#540),#544);
#540 = LINE('',#541,#542);
#541 = CARTESIAN_POINT('',(-0.,-0.388908729653));
#542 = VECTOR('',#543,1.);
#543 = DIRECTION('',(-1.,0.));
#544 = ( GEOMETRIC_REPRESENTATION_CONTEXT(2) 
PARAMETRIC_REPRESENTATION_CONTEXT() REPRESENTATION_CONTEXT('2D SPACE',''
  ) );
#545 = ORIENTED_EDGE('',*,*,#546,.T.);
#546 = EDGE_CURVE('',#517,#547,#549,.T.);
#547 = VERTEX_POINT('',#548);
#548 = CARTESIAN_POINT('',(119.45,-119.45,6.));
#549 = SURFACE_CURVE('',#550,(#554,#561),.PCURVE_S1.);
#550 = LINE('',#551,#552);
#551 = CARTESIAN_POINT('',(-120.,-119.45,6.));
#552 = VECTOR('',#553,1.);
#553 = DIRECTION('',(1.,0.,0.));
#554 = PCURVE('',#498,#555);
#555 = DEFINITIONAL_REPRESENTATION('',(#556),#560);
#556 = LINE('',#557,#558);
#557 = CARTESIAN_POINT('',(0.,0.55));
#558 = VECTOR('',#559,1.);
#559 = DIRECTION('',(1.,0.));
#560 = ( GEOMETRIC_REPRESENTATION_CONTEXT(2) 
PARAMETRIC_REPRESENTATION_CONTEXT() REPRESENTATION_CONTEXT('2D SPACE',''
  ) );
#561 = PCURVE('',#562,#567);
#562 = PLANE('',#563);
#563 = AXIS2_PLACEMENT_3D('',#564,#565,#566);
#564 = CARTESIAN_POINT('',(-120.,-119.725,5.725));
#565 = DIRECTION('',(5.147070856124E-19,0.707106781187,-0.707106781187)
  );
#566 = DIRECTION('',(1.,-3.639528705613E-19,3.639528705613E-19));
#567 = DEFINITIONAL_REPRESENTATION('',(#568),#572);
#568 = LINE('',#569,#570);
#569 = CARTESIAN_POINT('',(0.,-0.388908729653));
#570 = VECTOR('',#571,1.);
#571 = DIRECTION('',(1.,0.));
#572 = ( GEOMETRIC_REPRESENTATION_CONTEXT(2) 
PARAMETRIC_REPRESENTATION_CONTEXT() REPRESENTATION_CONTEXT('2D SPACE',''
  ) );
#573 = ORIENTED_EDGE('',*,*,#574,.T.);
#574 = EDGE_CURVE('',#547,#575,#577,.T.);
#575 = VERTEX_POINT('',#576);
#576 = CARTESIAN_POINT('',(119.45,119.45,6.));
#577 = SURFACE_CURVE('',#578,(#582,#589),.PCURVE_S1.);
#578 = LINE('',#579,#580);
#579 = CARTESIAN_POINT('',(119.45,-120.,6.));
#580 = VECTOR('',#581,1.);
#581 = DIRECTION('',(0.,1.,0.));
#582 = PCURVE('',#498,#583);
#583 = DEFINITIONAL_REPRESENTATION('',(#584),#588);
#584 = LINE('',#585,#586);
#585 = CARTESIAN_POINT('',(239.45,0.));
#586 = VECTOR('',#587,1.);
#587 = DIRECTION('',(0.,1.));
#588 = ( GEOMETRIC_REPRESENTATION_CONTEXT(2) 
PARAMETRIC_REPRESENTATION_CONTEXT() REPRESENTATION_CONTEXT('2D SPACE',''
  ) );
#589 = PCURVE('',#590,#595);
#590 = PLANE('',#591);
#591 = AXIS2_PLACEMENT_3D('',#592,#593,#594);
#592 = CARTESIAN_POINT('',(119.725,-120.,5.725));
#593 = DIRECTION('',(0.707106781187,-2.796097154378E-18,0.707106781187)
  );
#594 = DIRECTION('',(-1.977139258717E-18,-1.,-1.977139258717E-18));
#595 = DEFINITIONAL_REPRESENTATION('',(#596),#600);
#596 = LINE('',#597,#598);
#597 = CARTESIAN_POINT('',(-0.,-0.388908729653));
#598 = VECTOR('',#599,1.);
#599 = DIRECTION('',(-1.,0.));
#600 = ( GEOMETRIC_REPRESENTATION_CONTEXT(2) 
PARAMETRIC_REPRESENTATION_CONTEXT() REPRESENTATION_CONTEXT('2D SPACE',''
  ) );
#601 = ORIENTED_EDGE('',*,*,#602,.F.);
#602 = EDGE_CURVE('',#519,#575,#603,.T.);
#603 = SURFACE_CURVE('',#604,(#608,#615),.PCURVE_S1.);
#604 = LINE('',#605,#606);
#605 = CARTESIAN_POINT('',(-120.,119.45,6.));
#606 = VECTOR('',#607,1.);
#607 = DIRECTION('',(1.,0.,0.));
#608 = PCURVE('',#498,#609);
#609 = DEFINITIONAL_REPRESENTATION('',(#610),#614);
#610 = LINE('',#611,#612);
#611 = CARTESIAN_POINT('',(0.,239.45));
#612 = VECTOR('',#613,1.);
#613 = DIRECTION('',(1.,0.));
#614 = ( GEOMETRIC_REPRESENTATION_CONTEXT(2) 
PARAMETRIC_REPRESENTATION_CONTEXT() REPRESENTATION_CONTEXT('2D SPACE',''
  ) );
#615 = PCURVE('',#616,#621);
#616 = PLANE('',#617);
#617 = AXIS2_PLACEMENT_3D('',#618,#619,#620);
#618 = CARTESIAN_POINT('',(-120.,119.725,5.725));
#619 = DIRECTION('',(-5.147070856124E-19,0.707106781187,0.707106781187)
  );
#620 = DIRECTION('',(1.,3.639528705613E-19,3.639528705613E-19));
#621 = DEFINITIONAL_REPRESENTATION('',(#622),#626);
#622 = LINE('',#623,#624);
#623 = CARTESIAN_POINT('',(0.,-0.388908729653));
#624 = VECTOR('',#625,1.);
#625 = DIRECTION('',(1.,0.));
#626 = ( GEOMETRIC_REPRESENTATION_CONTEXT(2) 
PARAMETRIC_REPRESENTATION_CONTEXT() REPRESENTATION_CONTEXT('2D SPACE',''
  ) );
#627 = FACE_BOUND('',#628,.T.);
#628 = EDGE_LOOP('',(#629));
#629 = ORIENTED_EDGE('',*,*,#630,.F.);
#630 = EDGE_CURVE('',#631,#631,#633,.T.);
#631 = VERTEX_POINT('',#632);
#632 = CARTESIAN_POINT('',(-94.95,-100.,6.));
#633 = SURFACE_CURVE('',#634,(#639,#646),.PCURVE_S1.);
#634 = CIRCLE('',#635,5.05);
#635 = AXIS2_PLACEMENT_3D('',#636,#637,#638);
#636 = CARTESIAN_POINT('',(-100.,-100.,6.));
#637 = DIRECTION('',(0.,0.,1.));
#638 = DIRECTION('',(1.,0.,-0.));
#639 = PCURVE('',#498,#640);
#640 = DEFINITIONAL_REPRESENTATION('',(#641),#645);
#641 = CIRCLE('',#642,5.05);
#642 = AXIS2_PLACEMENT_2D('',#643,#644);
#643 = CARTESIAN_POINT('',(20.,20.));
#644 = DIRECTION('',(1.,0.));
#645 = ( GEOMETRIC_REPRESENTATION_CONTEXT(2) 
PARAMETRIC_REPRESENTATION_CONTEXT() REPRESENTATION_CONTEXT('2D SPACE',''
  ) );
#646 = PCURVE('',#647,#652);
#647 = CONICAL_SURFACE('',#648,4.5,0.785398163397);
#648 = AXIS2_PLACEMENT_3D('',#649,#650,#651);
#649 = CARTESIAN_POINT('',(-100.,-100.,5.45));
#650 = DIRECTION('',(0.,0.,1.));
#651 = DIRECTION('',(1.,0.,-0.));
#652 = DEFINITIONAL_REPRESENTATION('',(#653),#657);
#653 = LINE('',#654,#655);
#654 = CARTESIAN_POINT('',(-0.,0.55));
#655 = VECTOR('',#656,1.);
#656 = DIRECTION('',(1.,-0.));
#657 = ( GEOMETRIC_REPRESENTATION_CONTEXT(2) 
PARAMETRIC_REPRESENTATION_CONTEXT() REPRESENTATION_CONTEXT('2D SPACE',''
  ) );
#658 = FACE_BOUND('',#659,.T.);
#659 = EDGE_LOOP('',(#660));
#660 = ORIENTED_EDGE('',*,*,#661,.F.);
#661 = EDGE_CURVE('',#662,#662,#664,.T.);
#662 = VERTEX_POINT('',#663);
#663 = CARTESIAN_POINT('',(105.05,-100.,6.));
#664 = SURFACE_CURVE('',#665,(#670,#677),.PCURVE_S1.);
#665 = CIRCLE('',#666,5.05);
#666 = AXIS2_PLACEMENT_3D('',#667,#668,#669);
#667 = CARTESIAN_POINT('',(100.,-100.,6.));
#668 = DIRECTION('',(0.,0.,1.));
#669 = DIRECTION('',(1.,0.,-0.));
#670 = PCURVE('',#498,#671);
#671 = DEFINITIONAL_REPRESENTATION('',(#672),#676);
#672 = CIRCLE('',#673,5.05);
#673 = AXIS2_PLACEMENT_2D('',#674,#675);
#674 = CARTESIAN_POINT('',(220.,20.));
#675 = DIRECTION('',(1.,0.));
#676 = ( GEOMETRIC_REPRESENTATION_CONTEXT(2) 
PARAMETRIC_REPRESENTATION_CONTEXT() REPRESENTATION_CONTEXT('2D SPACE',''
  ) );
#677 = PCURVE('',#678,#683);
#678 = CONICAL_SURFACE('',#679,4.5,0.785398163397);
#679 = AXIS2_PLACEMENT_3D('',#680,#681,#682);
#680 = CARTESIAN_POINT('',(100.,-100.,5.45));
#681 = DIRECTION('',(0.,0.,1.));
#682 = DIRECTION('',(1.,0.,-0.));
#683 = DEFINITIONAL_REPRESENTATION('',(#684),#688);
#684 = LINE('',#685,#686);
#685 = CARTESIAN_POINT('',(-0.,0.55));
#686 = VECTOR('',#687,1.);
#687 = DIRECTION('',(1.,-0.));
#688 = ( GEOMETRIC_REPRESENTATION_CONTEXT(2) 
PARAMETRIC_REPRESENTATION_CONTEXT() REPRESENTATION_CONTEXT('2D SPACE',''
  ) );
#689 = FACE_BOUND('',#690,.T.);
#690 = EDGE_LOOP('',(#691));
#691 = ORIENTED_EDGE('',*,*,#692,.F.);
#692 = EDGE_CURVE('',#693,#693,#695,.T.);
#693 = VERTEX_POINT('',#694);
#694 = CARTESIAN_POINT('',(-94.95,100.,6.));
#695 = SURFACE_CURVE('',#696,(#701,#708),.PCURVE_S1.);
#696 = CIRCLE('',#697,5.05);
#697 = AXIS2_PLACEMENT_3D('',#698,#699,#700);
#698 = CARTESIAN_POINT('',(-100.,100.,6.));
#699 = DIRECTION('',(0.,0.,1.));
#700 = DIRECTION('',(1.,0.,-0.));
#701 = PCURVE('',#498,#702);
#702 = DEFINITIONAL_REPRESENTATION('',(#703),#707);
#703 = CIRCLE('',#704,5.05);
#704 = AXIS2_PLACEMENT_2D('',#705,#706);
#705 = CARTESIAN_POINT('',(20.,220.));
#706 = DIRECTION('',(1.,0.));
#707 = ( GEOMETRIC_REPRESENTATION_CONTEXT(2) 
PARAMETRIC_REPRESENTATION_CONTEXT() REPRESENTATION_CONTEXT('2D SPACE',''
  ) );
#708 = PCURVE('',#709,#714);
#709 = CONICAL_SURFACE('',#710,4.5,0.785398163397);
#710 = AXIS2_PLACEMENT_3D('',#711,#712,#713);
#711 = CARTESIAN_POINT('',(-100.,100.,5.45));
#712 = DIRECTION('',(0.,0.,1.));
#713 = DIRECTION('',(1.,0.,-0.));
#714 = DEFINITIONAL_REPRESENTATION('',(#715),#719);
#715 = LINE('',#716,#717);
#716 = CARTESIAN_POINT('',(-0.,0.55));
#717 = VECTOR('',#718,1.);
#718 = DIRECTION('',(1.,-0.));
#719 = ( GEOMETRIC_REPRESENTATION_CONTEXT(2) 
PARAMETRIC_REPRESENTATION_CONTEXT() REPRESENTATION_CONTEXT('2D SPACE',''
  ) );
#720 = FACE_BOUND('',#721,.T.);
#721 = EDGE_LOOP('',(#722));
#722 = ORIENTED_EDGE('',*,*,#723,.F.);
#723 = EDGE_CURVE('',#724,#724,#726,.T.);
#724 = VERTEX_POINT('',#725);
#725 = CARTESIAN_POINT('',(105.05,100.,6.));
#726 = SURFACE_CURVE('',#727,(#732,#739),.PCURVE_S1.);
#727 = CIRCLE('',#728,5.05);
#728 = AXIS2_PLACEMENT_3D('',#729,#730,#731);
#729 = CARTESIAN_POINT('',(100.,100.,6.));
#730 = DIRECTION('',(0.,0.,1.));
#731 = DIRECTION('',(1.,0.,-0.));
#732 = PCURVE('',#498,#733);
#733 = DEFINITIONAL_REPRESENTATION('',(#734),#738);
#734 = CIRCLE('',#735,5.05);
#735 = AXIS2_PLACEMENT_2D('',#736,#737);
#736 = CARTESIAN_POINT('',(220.,220.));
#737 = DIRECTION('',(1.,0.));
#738 = ( GEOMETRIC_REPRESENTATION_CONTEXT(2) 
PARAMETRIC_REPRESENTATION_CONTEXT() REPRESENTATION_CONTEXT('2D SPACE',''
  ) );
#739 = PCURVE('',#740,#745);
#740 = CONICAL_SURFACE('',#741,4.5,0.785398163397);
#741 = AXIS2_PLACEMENT_3D('',#742,#743,#744);
#742 = CARTESIAN_POINT('',(100.,100.,5.45));
#743 = DIRECTION('',(0.,0.,1.));
#744 = DIRECTION('',(1.,0.,-0.));
#745 = DEFINITIONAL_REPRESENTATION('',(#746),#750);
#746 = LINE('',#747,#748);
#747 = CARTESIAN_POINT('',(-0.,0.55));
#748 = VECTOR('',#749,1.);
#749 = DIRECTION('',(1.,-0.));
#750 = ( GEOMETRIC_REPRESENTATION_CONTEXT(2) 
PARAMETRIC_REPRESENTATION_CONTEXT() REPRESENTATION_CONTEXT('2D SPACE',''
  ) );
#751 = ADVANCED_FACE('',(#752),#534,.F.);
#752 = FACE_BOUND('',#753,.T.);
#753 = EDGE_LOOP('',(#754,#755,#783,#811));
#754 = ORIENTED_EDGE('',*,*,#516,.T.);
#755 = ORIENTED_EDGE('',*,*,#756,.T.);
#756 = EDGE_CURVE('',#519,#757,#759,.T.);
#757 = VERTEX_POINT('',#758);
#758 = CARTESIAN_POINT('',(-120.,119.45,5.45));
#759 = SURFACE_CURVE('',#760,(#764,#771),.PCURVE_S1.);
#760 = LINE('',#761,#762);
#761 = CARTESIAN_POINT('',(-119.725,119.45,5.725));
#762 = VECTOR('',#763,1.);
#763 = DIRECTION('',(-0.707106781187,4.550739386937E-15,-0.707106781187)
  );
#764 = PCURVE('',#534,#765);
#765 = DEFINITIONAL_REPRESENTATION('',(#766),#770);
#766 = LINE('',#767,#768);
#767 = CARTESIAN_POINT('',(-239.45,-5.325753619855E-13));
#768 = VECTOR('',#769,1.);
#769 = DIRECTION('',(-4.550739386937E-15,1.));
#770 = ( GEOMETRIC_REPRESENTATION_CONTEXT(2) 
PARAMETRIC_REPRESENTATION_CONTEXT() REPRESENTATION_CONTEXT('2D SPACE',''
  ) );
#771 = PCURVE('',#772,#777);
#772 = PLANE('',#773);
#773 = AXIS2_PLACEMENT_3D('',#774,#775,#776);
#774 = CARTESIAN_POINT('',(-119.45,120.,5.45));
#775 = DIRECTION('',(-0.57735026919,0.57735026919,0.57735026919));
#776 = DIRECTION('',(-0.707106781187,-5.420659409173E-17,-0.707106781187
    ));
#777 = DEFINITIONAL_REPRESENTATION('',(#778),#782);
#778 = LINE('',#779,#780);
#779 = CARTESIAN_POINT('',(-5.372241617098E-13,0.673609679265));
#780 = VECTOR('',#781,1.);
#781 = DIRECTION('',(1.,-5.64511789072E-15));
#782 = ( GEOMETRIC_REPRESENTATION_CONTEXT(2) 
PARAMETRIC_REPRESENTATION_CONTEXT() REPRESENTATION_CONTEXT('2D SPACE',''
  ) );
#783 = ORIENTED_EDGE('',*,*,#784,.F.);
#784 = EDGE_CURVE('',#785,#757,#787,.T.);
#785 = VERTEX_POINT('',#786);
#786 = CARTESIAN_POINT('',(-120.,-119.45,5.45));
#787 = SURFACE_CURVE('',#788,(#792,#799),.PCURVE_S1.);
#788 = LINE('',#789,#790);
#789 = CARTESIAN_POINT('',(-120.,-120.,5.45));
#790 = VECTOR('',#791,1.);
#791 = DIRECTION('',(0.,1.,0.));
#792 = PCURVE('',#534,#793);
#793 = DEFINITIONAL_REPRESENTATION('',(#794),#798);
#794 = LINE('',#795,#796);
#795 = CARTESIAN_POINT('',(-0.,0.388908729653));
#796 = VECTOR('',#797,1.);
#797 = DIRECTION('',(-1.,0.));
#798 = ( GEOMETRIC_REPRESENTATION_CONTEXT(2) 
PARAMETRIC_REPRESENTATION_CONTEXT() REPRESENTATION_CONTEXT('2D SPACE',''
  ) );
#799 = PCURVE('',#800,#805);
#800 = PLANE('',#801);
#801 = AXIS2_PLACEMENT_3D('',#802,#803,#804);
#802 = CARTESIAN_POINT('',(-120.,-120.,0.));
#803 = DIRECTION('',(1.,0.,0.));
#804 = DIRECTION('',(0.,0.,1.));
#805 = DEFINITIONAL_REPRESENTATION('',(#806),#810);
#806 = LINE('',#807,#808);
#807 = CARTESIAN_POINT('',(5.45,0.));
#808 = VECTOR('',#809,1.);
#809 = DIRECTION('',(0.,-1.));
#810 = ( GEOMETRIC_REPRESENTATION_CONTEXT(2) 
PARAMETRIC_REPRESENTATION_CONTEXT() REPRESENTATION_CONTEXT('2D SPACE',''
  ) );
#811 = ORIENTED_EDGE('',*,*,#812,.F.);
#812 = EDGE_CURVE('',#517,#785,#813,.T.);
#813 = SURFACE_CURVE('',#814,(#818,#825),.PCURVE_S1.);
#814 = LINE('',#815,#816);
#815 = CARTESIAN_POINT('',(-119.725,-119.45,5.725));
#816 = VECTOR('',#817,1.);
#817 = DIRECTION('',(-0.707106781187,1.474721785211E-14,-0.707106781187)
  );
#818 = PCURVE('',#534,#819);
#819 = DEFINITIONAL_REPRESENTATION('',(#820),#824);
#820 = LINE('',#821,#822);
#821 = CARTESIAN_POINT('',(-0.55,-3.768221900841E-15));
#822 = VECTOR('',#823,1.);
#823 = DIRECTION('',(-1.474721785211E-14,1.));
#824 = ( GEOMETRIC_REPRESENTATION_CONTEXT(2) 
PARAMETRIC_REPRESENTATION_CONTEXT() REPRESENTATION_CONTEXT('2D SPACE',''
  ) );
#825 = PCURVE('',#826,#831);
#826 = PLANE('',#827);
#827 = AXIS2_PLACEMENT_3D('',#828,#829,#830);
#828 = CARTESIAN_POINT('',(-119.45,-120.,5.45));
#829 = DIRECTION('',(0.57735026919,0.57735026919,-0.57735026919));
#830 = DIRECTION('',(-0.707106781187,1.824571704904E-14,-0.707106781187)
  );
#831 = DEFINITIONAL_REPRESENTATION('',(#832),#836);
#832 = LINE('',#833,#834);
#833 = CARTESIAN_POINT('',(1.252869064298E-15,0.673609679265));
#834 = VECTOR('',#835,1.);
#835 = DIRECTION('',(1.,-4.303243935898E-15));
#836 = ( GEOMETRIC_REPRESENTATION_CONTEXT(2) 
PARAMETRIC_REPRESENTATION_CONTEXT() REPRESENTATION_CONTEXT('2D SPACE',''
  ) );
#837 = ADVANCED_FACE('',(#838),#562,.F.);
#838 = FACE_BOUND('',#839,.F.);
#839 = EDGE_LOOP('',(#840,#863,#864,#892));
#840 = ORIENTED_EDGE('',*,*,#841,.T.);
#841 = EDGE_CURVE('',#842,#517,#844,.T.);
#842 = VERTEX_POINT('',#843);
#843 = CARTESIAN_POINT('',(-119.45,-120.,5.45));
#844 = SURFACE_CURVE('',#845,(#849,#856),.PCURVE_S1.);
#845 = LINE('',#846,#847);
#846 = CARTESIAN_POINT('',(-119.45,-119.8625,5.5875));
#847 = VECTOR('',#848,1.);
#848 = DIRECTION('',(-1.474227072623E-14,0.707106781187,0.707106781187)
  );
#849 = PCURVE('',#562,#850);
#850 = DEFINITIONAL_REPRESENTATION('',(#851),#855);
#851 = LINE('',#852,#853);
#852 = CARTESIAN_POINT('',(0.55,0.194454364826));
#853 = VECTOR('',#854,1.);
#854 = DIRECTION('',(-1.474227072623E-14,-1.));
#855 = ( GEOMETRIC_REPRESENTATION_CONTEXT(2) 
PARAMETRIC_REPRESENTATION_CONTEXT() REPRESENTATION_CONTEXT('2D SPACE',''
  ) );
#856 = PCURVE('',#826,#857);
#857 = DEFINITIONAL_REPRESENTATION('',(#858),#862);
#858 = LINE('',#859,#860);
#859 = CARTESIAN_POINT('',(-9.722718241316E-02,0.168402419816));
#860 = VECTOR('',#861,1.);
#861 = DIRECTION('',(-0.5,0.866025403784));
#862 = ( GEOMETRIC_REPRESENTATION_CONTEXT(2) 
PARAMETRIC_REPRESENTATION_CONTEXT() REPRESENTATION_CONTEXT('2D SPACE',''
  ) );
#863 = ORIENTED_EDGE('',*,*,#546,.T.);
#864 = ORIENTED_EDGE('',*,*,#865,.T.);
#865 = EDGE_CURVE('',#547,#866,#868,.T.);
#866 = VERTEX_POINT('',#867);
#867 = CARTESIAN_POINT('',(119.45,-120.,5.45));
#868 = SURFACE_CURVE('',#869,(#873,#880),.PCURVE_S1.);
#869 = LINE('',#870,#871);
#870 = CARTESIAN_POINT('',(119.45,-119.725,5.724999999999));
#871 = VECTOR('',#872,1.);
#872 = DIRECTION('',(-1.477692152286E-14,-0.707106781187,-0.707106781187
    ));
#873 = PCURVE('',#562,#874);
#874 = DEFINITIONAL_REPRESENTATION('',(#875),#879);
#875 = LINE('',#876,#877);
#876 = CARTESIAN_POINT('',(239.45,1.763527849594E-12));
#877 = VECTOR('',#878,1.);
#878 = DIRECTION('',(-1.477692152286E-14,1.));
#879 = ( GEOMETRIC_REPRESENTATION_CONTEXT(2) 
PARAMETRIC_REPRESENTATION_CONTEXT() REPRESENTATION_CONTEXT('2D SPACE',''
  ) );
#880 = PCURVE('',#881,#886);
#881 = PLANE('',#882);
#882 = AXIS2_PLACEMENT_3D('',#883,#884,#885);
#883 = CARTESIAN_POINT('',(120.,-119.45,5.45));
#884 = DIRECTION('',(-0.57735026919,0.57735026919,-0.57735026919));
#885 = DIRECTION('',(5.165803182392E-17,-0.707106781187,-0.707106781187)
  );
#886 = DEFINITIONAL_REPRESENTATION('',(#887),#891);
#887 = LINE('',#888,#889);
#888 = CARTESIAN_POINT('',(1.763477909932E-12,0.673609679265));
#889 = VECTOR('',#890,1.);
#890 = DIRECTION('',(1.,1.818072078914E-14));
#891 = ( GEOMETRIC_REPRESENTATION_CONTEXT(2) 
PARAMETRIC_REPRESENTATION_CONTEXT() REPRESENTATION_CONTEXT('2D SPACE',''
  ) );
#892 = ORIENTED_EDGE('',*,*,#893,.F.);
#893 = EDGE_CURVE('',#842,#866,#894,.T.);
#894 = SURFACE_CURVE('',#895,(#899,#906),.PCURVE_S1.);
#895 = LINE('',#896,#897);
#896 = CARTESIAN_POINT('',(-120.,-120.,5.45));
#897 = VECTOR('',#898,1.);
#898 = DIRECTION('',(1.,0.,0.));
#899 = PCURVE('',#562,#900);
#900 = DEFINITIONAL_REPRESENTATION('',(#901),#905);
#901 = LINE('',#902,#903);
#902 = CARTESIAN_POINT('',(0.,0.388908729653));
#903 = VECTOR('',#904,1.);
#904 = DIRECTION('',(1.,0.));
#905 = ( GEOMETRIC_REPRESENTATION_CONTEXT(2) 
PARAMETRIC_REPRESENTATION_CONTEXT() REPRESENTATION_CONTEXT('2D SPACE',''
  ) );
#906 = PCURVE('',#907,#912);
#907 = PLANE('',#908);
#908 = AXIS2_PLACEMENT_3D('',#909,#910,#911);
#909 = CARTESIAN_POINT('',(-120.,-120.,0.));
#910 = DIRECTION('',(0.,1.,0.));
#911 = DIRECTION('',(0.,0.,1.));
#912 = DEFINITIONAL_REPRESENTATION('',(#913),#917);
#913 = LINE('',#914,#915);
#914 = CARTESIAN_POINT('',(5.45,0.));
#915 = VECTOR('',#916,1.);
#916 = DIRECTION('',(0.,1.));
#917 = ( GEOMETRIC_REPRESENTATION_CONTEXT(2) 
PARAMETRIC_REPRESENTATION_CONTEXT() REPRESENTATION_CONTEXT('2D SPACE',''
  ) );
#918 = ADVANCED_FACE('',(#919),#616,.T.);
#919 = FACE_BOUND('',#920,.T.);
#920 = EDGE_LOOP('',(#921,#944,#945,#973));
#921 = ORIENTED_EDGE('',*,*,#922,.T.);
#922 = EDGE_CURVE('',#923,#519,#925,.T.);
#923 = VERTEX_POINT('',#924);
#924 = CARTESIAN_POINT('',(-119.45,120.,5.45));
#925 = SURFACE_CURVE('',#926,(#930,#937),.PCURVE_S1.);
#926 = LINE('',#927,#928);
#927 = CARTESIAN_POINT('',(-119.45,119.8625,5.5875));
#928 = VECTOR('',#929,1.);
#929 = DIRECTION('',(3.4400767893E-15,-0.707106781187,0.707106781187));
#930 = PCURVE('',#616,#931);
#931 = DEFINITIONAL_REPRESENTATION('',(#932),#936);
#932 = LINE('',#933,#934);
#933 = CARTESIAN_POINT('',(0.55,0.194454364826));
#934 = VECTOR('',#935,1.);
#935 = DIRECTION('',(3.4400767893E-15,-1.));
#936 = ( GEOMETRIC_REPRESENTATION_CONTEXT(2) 
PARAMETRIC_REPRESENTATION_CONTEXT() REPRESENTATION_CONTEXT('2D SPACE',''
  ) );
#937 = PCURVE('',#772,#938);
#938 = DEFINITIONAL_REPRESENTATION('',(#939),#943);
#939 = LINE('',#940,#941);
#940 = CARTESIAN_POINT('',(-9.722718241318E-02,0.168402419816));
#941 = VECTOR('',#942,1.);
#942 = DIRECTION('',(-0.5,0.866025403784));
#943 = ( GEOMETRIC_REPRESENTATION_CONTEXT(2) 
PARAMETRIC_REPRESENTATION_CONTEXT() REPRESENTATION_CONTEXT('2D SPACE',''
  ) );
#944 = ORIENTED_EDGE('',*,*,#602,.T.);
#945 = ORIENTED_EDGE('',*,*,#946,.T.);
#946 = EDGE_CURVE('',#575,#947,#949,.T.);
#947 = VERTEX_POINT('',#948);
#948 = CARTESIAN_POINT('',(119.45,120.,5.45));
#949 = SURFACE_CURVE('',#950,(#954,#961),.PCURVE_S1.);
#950 = LINE('',#951,#952);
#951 = CARTESIAN_POINT('',(119.45,119.725,5.725));
#952 = VECTOR('',#953,1.);
#953 = DIRECTION('',(3.461748265757E-15,0.707106781187,-0.707106781187)
  );
#954 = PCURVE('',#616,#955);
#955 = DEFINITIONAL_REPRESENTATION('',(#956),#960);
#956 = LINE('',#957,#958);
#957 = CARTESIAN_POINT('',(239.45,-4.113642241751E-13));
#958 = VECTOR('',#959,1.);
#959 = DIRECTION('',(3.461748265757E-15,1.));
#960 = ( GEOMETRIC_REPRESENTATION_CONTEXT(2) 
PARAMETRIC_REPRESENTATION_CONTEXT() REPRESENTATION_CONTEXT('2D SPACE',''
  ) );
#961 = PCURVE('',#962,#967);
#962 = PLANE('',#963);
#963 = AXIS2_PLACEMENT_3D('',#964,#965,#966);
#964 = CARTESIAN_POINT('',(120.,119.45,5.45));
#965 = DIRECTION('',(0.57735026919,0.57735026919,0.57735026919));
#966 = DIRECTION('',(-4.685935062154E-18,0.707106781187,-0.707106781187)
  );
#967 = DEFINITIONAL_REPRESENTATION('',(#968),#972);
#968 = LINE('',#969,#970);
#969 = CARTESIAN_POINT('',(-4.057213845478E-13,0.673609679265));
#970 = VECTOR('',#971,1.);
#971 = DIRECTION('',(1.,-4.244150212563E-15));
#972 = ( GEOMETRIC_REPRESENTATION_CONTEXT(2) 
PARAMETRIC_REPRESENTATION_CONTEXT() REPRESENTATION_CONTEXT('2D SPACE',''
  ) );
#973 = ORIENTED_EDGE('',*,*,#974,.F.);
#974 = EDGE_CURVE('',#923,#947,#975,.T.);
#975 = SURFACE_CURVE('',#976,(#980,#987),.PCURVE_S1.);
#976 = LINE('',#977,#978);
#977 = CARTESIAN_POINT('',(-120.,120.,5.45));
#978 = VECTOR('',#979,1.);
#979 = DIRECTION('',(1.,0.,0.));
#980 = PCURVE('',#616,#981);
#981 = DEFINITIONAL_REPRESENTATION('',(#982),#986);
#982 = LINE('',#983,#984);
#983 = CARTESIAN_POINT('',(0.,0.388908729653));
#984 = VECTOR('',#985,1.);
#985 = DIRECTION('',(1.,0.));
#986 = ( GEOMETRIC_REPRESENTATION_CONTEXT(2) 
PARAMETRIC_REPRESENTATION_CONTEXT() REPRESENTATION_CONTEXT('2D SPACE',''
  ) );
#987 = PCURVE('',#988,#993);
#988 = PLANE('',#989);
#989 = AXIS2_PLACEMENT_3D('',#990,#991,#992);
#990 = CARTESIAN_POINT('',(-120.,120.,0.));
#991 = DIRECTION('',(0.,1.,0.));
#992 = DIRECTION('',(0.,0.,1.));
#993 = DEFINITIONAL_REPRESENTATION('',(#994),#998);
#994 = LINE('',#995,#996);
#995 = CARTESIAN_POINT('',(5.45,0.));
#996 = VECTOR('',#997,1.);
#997 = DIRECTION('',(0.,1.));
#998 = ( GEOMETRIC_REPRESENTATION_CONTEXT(2) 
PARAMETRIC_REPRESENTATION_CONTEXT() REPRESENTATION_CONTEXT('2D SPACE',''
  ) );
#999 = ADVANCED_FACE('',(#1000),#590,.T.);
#1000 = FACE_BOUND('',#1001,.F.);
#1001 = EDGE_LOOP('',(#1002,#1025,#1026,#1049));
#1002 = ORIENTED_EDGE('',*,*,#1003,.T.);
#1003 = EDGE_CURVE('',#1004,#547,#1006,.T.);
#1004 = VERTEX_POINT('',#1005);
#1005 = CARTESIAN_POINT('',(120.,-119.45,5.45));
#1006 = SURFACE_CURVE('',#1007,(#1011,#1018),.PCURVE_S1.);
#1007 = LINE('',#1008,#1009);
#1008 = CARTESIAN_POINT('',(119.8625,-119.45,5.5875));
#1009 = VECTOR('',#1010,1.);
#1010 = DIRECTION('',(-0.707106781187,3.411800214043E-15,0.707106781187)
  );
#1011 = PCURVE('',#590,#1012);
#1012 = DEFINITIONAL_REPRESENTATION('',(#1013),#1017);
#1013 = LINE('',#1014,#1015);
#1014 = CARTESIAN_POINT('',(-0.55,0.194454364826));
#1015 = VECTOR('',#1016,1.);
#1016 = DIRECTION('',(-3.411800214043E-15,-1.));
#1017 = ( GEOMETRIC_REPRESENTATION_CONTEXT(2) 
PARAMETRIC_REPRESENTATION_CONTEXT() REPRESENTATION_CONTEXT('2D SPACE',''
  ) );
#1018 = PCURVE('',#881,#1019);
#1019 = DEFINITIONAL_REPRESENTATION('',(#1020),#1024);
#1020 = LINE('',#1021,#1022);
#1021 = CARTESIAN_POINT('',(-9.722718241315E-02,0.168402419816));
#1022 = VECTOR('',#1023,1.);
#1023 = DIRECTION('',(-0.5,0.866025403784));
#1024 = ( GEOMETRIC_REPRESENTATION_CONTEXT(2) 
PARAMETRIC_REPRESENTATION_CONTEXT() REPRESENTATION_CONTEXT('2D SPACE',''
  ) );
#1025 = ORIENTED_EDGE('',*,*,#574,.T.);
#1026 = ORIENTED_EDGE('',*,*,#1027,.F.);
#1027 = EDGE_CURVE('',#1028,#575,#1030,.T.);
#1028 = VERTEX_POINT('',#1029);
#1029 = CARTESIAN_POINT('',(120.,119.45,5.45));
#1030 = SURFACE_CURVE('',#1031,(#1035,#1042),.PCURVE_S1.);
#1031 = LINE('',#1032,#1033);
#1032 = CARTESIAN_POINT('',(119.86249999999,119.45,5.587500000002));
#1033 = VECTOR('',#1034,1.);
#1034 = DIRECTION('',(-0.707106781187,-2.288555730987E-14,0.707106781187
    ));
#1035 = PCURVE('',#590,#1036);
#1036 = DEFINITIONAL_REPRESENTATION('',(#1037),#1041);
#1037 = LINE('',#1038,#1039);
#1038 = CARTESIAN_POINT('',(-239.45,0.194454364824));
#1039 = VECTOR('',#1040,1.);
#1040 = DIRECTION('',(2.288555730987E-14,-1.));
#1041 = ( GEOMETRIC_REPRESENTATION_CONTEXT(2) 
PARAMETRIC_REPRESENTATION_CONTEXT() REPRESENTATION_CONTEXT('2D SPACE',''
  ) );
#1042 = PCURVE('',#962,#1043);
#1043 = DEFINITIONAL_REPRESENTATION('',(#1044),#1048);
#1044 = LINE('',#1045,#1046);
#1045 = CARTESIAN_POINT('',(-9.722718241454E-02,0.168402419819));
#1046 = VECTOR('',#1047,1.);
#1047 = DIRECTION('',(-0.5,0.866025403784));
#1048 = ( GEOMETRIC_REPRESENTATION_CONTEXT(2) 
PARAMETRIC_REPRESENTATION_CONTEXT() REPRESENTATION_CONTEXT('2D SPACE',''
  ) );
#1049 = ORIENTED_EDGE('',*,*,#1050,.F.);
#1050 = EDGE_CURVE('',#1004,#1028,#1051,.T.);
#1051 = SURFACE_CURVE('',#1052,(#1056,#1063),.PCURVE_S1.);
#1052 = LINE('',#1053,#1054);
#1053 = CARTESIAN_POINT('',(120.,-120.,5.45));
#1054 = VECTOR('',#1055,1.);
#1055 = DIRECTION('',(0.,1.,0.));
#1056 = PCURVE('',#590,#1057);
#1057 = DEFINITIONAL_REPRESENTATION('',(#1058),#1062);
#1058 = LINE('',#1059,#1060);
#1059 = CARTESIAN_POINT('',(-0.,0.388908729653));
#1060 = VECTOR('',#1061,1.);
#1061 = DIRECTION('',(-1.,0.));
#1062 = ( GEOMETRIC_REPRESENTATION_CONTEXT(2) 
PARAMETRIC_REPRESENTATION_CONTEXT() REPRESENTATION_CONTEXT('2D SPACE',''
  ) );
#1063 = PCURVE('',#1064,#1069);
#1064 = PLANE('',#1065);
#1065 = AXIS2_PLACEMENT_3D('',#1066,#1067,#1068);
#1066 = CARTESIAN_POINT('',(120.,-120.,0.));
#1067 = DIRECTION('',(1.,0.,0.));
#1068 = DIRECTION('',(0.,0.,1.));
#1069 = DEFINITIONAL_REPRESENTATION('',(#1070),#1074);
#1070 = LINE('',#1071,#1072);
#1071 = CARTESIAN_POINT('',(5.45,0.));
#1072 = VECTOR('',#1073,1.);
#1073 = DIRECTION('',(0.,-1.));
#1074 = ( GEOMETRIC_REPRESENTATION_CONTEXT(2) 
PARAMETRIC_REPRESENTATION_CONTEXT() REPRESENTATION_CONTEXT('2D SPACE',''
  ) );
#1075 = ADVANCED_FACE('',(#1076),#647,.F.);
#1076 = FACE_BOUND('',#1077,.T.);
#1077 = EDGE_LOOP('',(#1078,#1099,#1100,#1101));
#1078 = ORIENTED_EDGE('',*,*,#1079,.F.);
#1079 = EDGE_CURVE('',#631,#1080,#1082,.T.);
#1080 = VERTEX_POINT('',#1081);
#1081 = CARTESIAN_POINT('',(-95.5,-100.,5.45));
#1082 = SEAM_CURVE('',#1083,(#1087,#1093),.PCURVE_S1.);
#1083 = LINE('',#1084,#1085);
#1084 = CARTESIAN_POINT('',(-95.5,-100.,5.45));
#1085 = VECTOR('',#1086,1.);
#1086 = DIRECTION('',(-0.707106781187,-0.,-0.707106781187));
#1087 = PCURVE('',#647,#1088);
#1088 = DEFINITIONAL_REPRESENTATION('',(#1089),#1092);
#1089 = B_SPLINE_CURVE_WITH_KNOTS('',1,(#1090,#1091),.UNSPECIFIED.,.F.,
  .F.,(2,2),(-0.777817459305,0.),.PIECEWISE_BEZIER_KNOTS.);
#1090 = CARTESIAN_POINT('',(0.,0.55));
#1091 = CARTESIAN_POINT('',(0.,0.));
#1092 = ( GEOMETRIC_REPRESENTATION_CONTEXT(2) 
PARAMETRIC_REPRESENTATION_CONTEXT() REPRESENTATION_CONTEXT('2D SPACE',''
  ) );
#1093 = PCURVE('',#647,#1094);
#1094 = DEFINITIONAL_REPRESENTATION('',(#1095),#1098);
#1095 = B_SPLINE_CURVE_WITH_KNOTS('',1,(#1096,#1097),.UNSPECIFIED.,.F.,
  .F.,(2,2),(-0.777817459305,0.),.PIECEWISE_BEZIER_KNOTS.);
#1096 = CARTESIAN_POINT('',(6.28318530718,0.55));
#1097 = CARTESIAN_POINT('',(6.28318530718,0.));
#1098 = ( GEOMETRIC_REPRESENTATION_CONTEXT(2) 
PARAMETRIC_REPRESENTATION_CONTEXT() REPRESENTATION_CONTEXT('2D SPACE',''
  ) );
#1099 = ORIENTED_EDGE('',*,*,#630,.T.);
#1100 = ORIENTED_EDGE('',*,*,#1079,.T.);
#1101 = ORIENTED_EDGE('',*,*,#1102,.F.);
#1102 = EDGE_CURVE('',#1080,#1080,#1103,.T.);
#1103 = SURFACE_CURVE('',#1104,(#1109,#1116),.PCURVE_S1.);
#1104 = CIRCLE('',#1105,4.5);
#1105 = AXIS2_PLACEMENT_3D('',#1106,#1107,#1108);
#1106 = CARTESIAN_POINT('',(-100.,-100.,5.45));
#1107 = DIRECTION('',(0.,0.,1.));
#1108 = DIRECTION('',(1.,0.,-0.));
#1109 = PCURVE('',#647,#1110);
#1110 = DEFINITIONAL_REPRESENTATION('',(#1111),#1115);
#1111 = LINE('',#1112,#1113);
#1112 = CARTESIAN_POINT('',(0.,-0.));
#1113 = VECTOR('',#1114,1.);
#1114 = DIRECTION('',(1.,-0.));
#1115 = ( GEOMETRIC_REPRESENTATION_CONTEXT(2) 
PARAMETRIC_REPRESENTATION_CONTEXT() REPRESENTATION_CONTEXT('2D SPACE',''
  ) );
#1116 = PCURVE('',#1117,#1122);
#1117 = CYLINDRICAL_SURFACE('',#1118,4.5);
#1118 = AXIS2_PLACEMENT_3D('',#1119,#1120,#1121);
#1119 = CARTESIAN_POINT('',(-100.,-100.,4.));
#1120 = DIRECTION('',(0.,0.,1.));
#1121 = DIRECTION('',(1.,0.,0.));
#1122 = DEFINITIONAL_REPRESENTATION('',(#1123),#1127);
#1123 = LINE('',#1124,#1125);
#1124 = CARTESIAN_POINT('',(0.,1.45));
#1125 = VECTOR('',#1126,1.);
#1126 = DIRECTION('',(1.,0.));
#1127 = ( GEOMETRIC_REPRESENTATION_CONTEXT(2) 
PARAMETRIC_REPRESENTATION_CONTEXT() REPRESENTATION_CONTEXT('2D SPACE',''
  ) );
#1128 = ADVANCED_FACE('',(#1129),#678,.F.);
#1129 = FACE_BOUND('',#1130,.T.);
#1130 = EDGE_LOOP('',(#1131,#1152,#1153,#1154));
#1131 = ORIENTED_EDGE('',*,*,#1132,.F.);
#1132 = EDGE_CURVE('',#662,#1133,#1135,.T.);
#1133 = VERTEX_POINT('',#1134);
#1134 = CARTESIAN_POINT('',(104.5,-100.,5.45));
#1135 = SEAM_CURVE('',#1136,(#1140,#1146),.PCURVE_S1.);
#1136 = LINE('',#1137,#1138);
#1137 = CARTESIAN_POINT('',(104.5,-100.,5.45));
#1138 = VECTOR('',#1139,1.);
#1139 = DIRECTION('',(-0.707106781187,-0.,-0.707106781187));
#1140 = PCURVE('',#678,#1141);
#1141 = DEFINITIONAL_REPRESENTATION('',(#1142),#1145);
#1142 = B_SPLINE_CURVE_WITH_KNOTS('',1,(#1143,#1144),.UNSPECIFIED.,.F.,
  .F.,(2,2),(-0.777817459305,0.),.PIECEWISE_BEZIER_KNOTS.);
#1143 = CARTESIAN_POINT('',(0.,0.55));
#1144 = CARTESIAN_POINT('',(0.,0.));
#1145 = ( GEOMETRIC_REPRESENTATION_CONTEXT(2) 
PARAMETRIC_REPRESENTATION_CONTEXT() REPRESENTATION_CONTEXT('2D SPACE',''
  ) );
#1146 = PCURVE('',#678,#1147);
#1147 = DEFINITIONAL_REPRESENTATION('',(#1148),#1151);
#1148 = B_SPLINE_CURVE_WITH_KNOTS('',1,(#1149,#1150),.UNSPECIFIED.,.F.,
  .F.,(2,2),(-0.777817459305,0.),.PIECEWISE_BEZIER_KNOTS.);
#1149 = CARTESIAN_POINT('',(6.28318530718,0.55));
#1150 = CARTESIAN_POINT('',(6.28318530718,0.));
#1151 = ( GEOMETRIC_REPRESENTATION_CONTEXT(2) 
PARAMETRIC_REPRESENTATION_CONTEXT() REPRESENTATION_CONTEXT('2D SPACE',''
  ) );
#1152 = ORIENTED_EDGE('',*,*,#661,.T.);
#1153 = ORIENTED_EDGE('',*,*,#1132,.T.);
#1154 = ORIENTED_EDGE('',*,*,#1155,.F.);
#1155 = EDGE_CURVE('',#1133,#1133,#1156,.T.);
#1156 = SURFACE_CURVE('',#1157,(#1162,#1169),.PCURVE_S1.);
#1157 = CIRCLE('',#1158,4.5);
#1158 = AXIS2_PLACEMENT_3D('',#1159,#1160,#1161);
#1159 = CARTESIAN_POINT('',(100.,-100.,5.45));
#1160 = DIRECTION('',(0.,0.,1.));
#1161 = DIRECTION('',(1.,0.,-0.));
#1162 = PCURVE('',#678,#1163);
#1163 = DEFINITIONAL_REPRESENTATION('',(#1164),#1168);
#1164 = LINE('',#1165,#1166);
#1165 = CARTESIAN_POINT('',(0.,-0.));
#1166 = VECTOR('',#1167,1.);
#1167 = DIRECTION('',(1.,-0.));
#1168 = ( GEOMETRIC_REPRESENTATION_CONTEXT(2) 
PARAMETRIC_REPRESENTATION_CONTEXT() REPRESENTATION_CONTEXT('2D SPACE',''
  ) );
#1169 = PCURVE('',#1170,#1175);
#1170 = CYLINDRICAL_SURFACE('',#1171,4.5);
#1171 = AXIS2_PLACEMENT_3D('',#1172,#1173,#1174);
#1172 = CARTESIAN_POINT('',(100.,-100.,4.));
#1173 = DIRECTION('',(0.,0.,1.));
#1174 = DIRECTION('',(1.,0.,0.));
#1175 = DEFINITIONAL_REPRESENTATION('',(#1176),#1180);
#1176 = LINE('',#1177,#1178);
#1177 = CARTESIAN_POINT('',(0.,1.45));
#1178 = VECTOR('',#1179,1.);
#1179 = DIRECTION('',(1.,0.));
#1180 = ( GEOMETRIC_REPRESENTATION_CONTEXT(2) 
PARAMETRIC_REPRESENTATION_CONTEXT() REPRESENTATION_CONTEXT('2D SPACE',''
  ) );
#1181 = ADVANCED_FACE('',(#1182),#709,.F.);
#1182 = FACE_BOUND('',#1183,.T.);
#1183 = EDGE_LOOP('',(#1184,#1205,#1206,#1207));
#1184 = ORIENTED_EDGE('',*,*,#1185,.F.);
#1185 = EDGE_CURVE('',#693,#1186,#1188,.T.);
#1186 = VERTEX_POINT('',#1187);
#1187 = CARTESIAN_POINT('',(-95.5,100.,5.45));
#1188 = SEAM_CURVE('',#1189,(#1193,#1199),.PCURVE_S1.);
#1189 = LINE('',#1190,#1191);
#1190 = CARTESIAN_POINT('',(-95.5,100.,5.45));
#1191 = VECTOR('',#1192,1.);
#1192 = DIRECTION('',(-0.707106781187,-0.,-0.707106781187));
#1193 = PCURVE('',#709,#1194);
#1194 = DEFINITIONAL_REPRESENTATION('',(#1195),#1198);
#1195 = B_SPLINE_CURVE_WITH_KNOTS('',1,(#1196,#1197),.UNSPECIFIED.,.F.,
  .F.,(2,2),(-0.777817459305,0.),.PIECEWISE_BEZIER_KNOTS.);
#1196 = CARTESIAN_POINT('',(0.,0.55));
#1197 = CARTESIAN_POINT('',(0.,0.));
#1198 = ( GEOMETRIC_REPRESENTATION_CONTEXT(2) 
PARAMETRIC_REPRESENTATION_CONTEXT() REPRESENTATION_CONTEXT('2D SPACE',''
  ) );
#1199 = PCURVE('',#709,#1200);
#1200 = DEFINITIONAL_REPRESENTATION('',(#1201),#1204);
#1201 = B_SPLINE_CURVE_WITH_KNOTS('',1,(#1202,#1203),.UNSPECIFIED.,.F.,
  .F.,(2,2),(-0.777817459305,0.),.PIECEWISE_BEZIER_KNOTS.);
#1202 = CARTESIAN_POINT('',(6.28318530718,0.55));
#1203 = CARTESIAN_POINT('',(6.28318530718,0.));
#1204 = ( GEOMETRIC_REPRESENTATION_CONTEXT(2) 
PARAMETRIC_REPRESENTATION_CONTEXT() REPRESENTATION_CONTEXT('2D SPACE',''
  ) );
#1205 = ORIENTED_EDGE('',*,*,#692,.T.);
#1206 = ORIENTED_EDGE('',*,*,#1185,.T.);
#1207 = ORIENTED_EDGE('',*,*,#1208,.F.);
#1208 = EDGE_CURVE('',#1186,#1186,#1209,.T.);
#1209 = SURFACE_CURVE('',#1210,(#1215,#1222),.PCURVE_S1.);
#1210 = CIRCLE('',#1211,4.5);
#1211 = AXIS2_PLACEMENT_3D('',#1212,#1213,#1214);
#1212 = CARTESIAN_POINT('',(-100.,100.,5.45));
#1213 = DIRECTION('',(0.,0.,1.));
#1214 = DIRECTION('',(1.,0.,-0.));
#1215 = PCURVE('',#709,#1216);
#1216 = DEFINITIONAL_REPRESENTATION('',(#1217),#1221);
#1217 = LINE('',#1218,#1219);
#1218 = CARTESIAN_POINT('',(0.,-0.));
#1219 = VECTOR('',#1220,1.);
#1220 = DIRECTION('',(1.,-0.));
#1221 = ( GEOMETRIC_REPRESENTATION_CONTEXT(2) 
PARAMETRIC_REPRESENTATION_CONTEXT() REPRESENTATION_CONTEXT('2D SPACE',''
  ) );
#1222 = PCURVE('',#1223,#1228);
#1223 = CYLINDRICAL_SURFACE('',#1224,4.5);
#1224 = AXIS2_PLACEMENT_3D('',#1225,#1226,#1227);
#1225 = CARTESIAN_POINT('',(-100.,100.,4.));
#1226 = DIRECTION('',(0.,0.,1.));
#1227 = DIRECTION('',(1.,0.,0.));
#1228 = DEFINITIONAL_REPRESENTATION('',(#1229),#1233);
#1229 = LINE('',#1230,#1231);
#1230 = CARTESIAN_POINT('',(0.,1.45));
#1231 = VECTOR('',#1232,1.);
#1232 = DIRECTION('',(1.,0.));
#1233 = ( GEOMETRIC_REPRESENTATION_CONTEXT(2) 
PARAMETRIC_REPRESENTATION_CONTEXT() REPRESENTATION_CONTEXT('2D SPACE',''
  ) );
#1234 = ADVANCED_FACE('',(#1235),#740,.F.);
#1235 = FACE_BOUND('',#1236,.T.);
#1236 = EDGE_LOOP('',(#1237,#1258,#1259,#1260));
#1237 = ORIENTED_EDGE('',*,*,#1238,.F.);
#1238 = EDGE_CURVE('',#724,#1239,#1241,.T.);
#1239 = VERTEX_POINT('',#1240);
#1240 = CARTESIAN_POINT('',(104.5,100.,5.45));
#1241 = SEAM_CURVE('',#1242,(#1246,#1252),.PCURVE_S1.);
#1242 = LINE('',#1243,#1244);
#1243 = CARTESIAN_POINT('',(104.5,100.,5.45));
#1244 = VECTOR('',#1245,1.);
#1245 = DIRECTION('',(-0.707106781187,-0.,-0.707106781187));
#1246 = PCURVE('',#740,#1247);
#1247 = DEFINITIONAL_REPRESENTATION('',(#1248),#1251);
#1248 = B_SPLINE_CURVE_WITH_KNOTS('',1,(#1249,#1250),.UNSPECIFIED.,.F.,
  .F.,(2,2),(-0.777817459305,0.),.PIECEWISE_BEZIER_KNOTS.);
#1249 = CARTESIAN_POINT('',(0.,0.55));
#1250 = CARTESIAN_POINT('',(0.,0.));
#1251 = ( GEOMETRIC_REPRESENTATION_CONTEXT(2) 
PARAMETRIC_REPRESENTATION_CONTEXT() REPRESENTATION_CONTEXT('2D SPACE',''
  ) );
#1252 = PCURVE('',#740,#1253);
#1253 = DEFINITIONAL_REPRESENTATION('',(#1254),#1257);
#1254 = B_SPLINE_CURVE_WITH_KNOTS('',1,(#1255,#1256),.UNSPECIFIED.,.F.,
  .F.,(2,2),(-0.777817459305,0.),.PIECEWISE_BEZIER_KNOTS.);
#1255 = CARTESIAN_POINT('',(6.28318530718,0.55));
#1256 = CARTESIAN_POINT('',(6.28318530718,0.));
#1257 = ( GEOMETRIC_REPRESENTATION_CONTEXT(2) 
PARAMETRIC_REPRESENTATION_CONTEXT() REPRESENTATION_CONTEXT('2D SPACE',''
  ) );
#1258 = ORIENTED_EDGE('',*,*,#723,.T.);
#1259 = ORIENTED_EDGE('',*,*,#1238,.T.);
#1260 = ORIENTED_EDGE('',*,*,#1261,.F.);
#1261 = EDGE_CURVE('',#1239,#1239,#1262,.T.);
#1262 = SURFACE_CURVE('',#1263,(#1268,#1275),.PCURVE_S1.);
#1263 = CIRCLE('',#1264,4.5);
#1264 = AXIS2_PLACEMENT_3D('',#1265,#1266,#1267);
#1265 = CARTESIAN_POINT('',(100.,100.,5.45));
#1266 = DIRECTION('',(0.,0.,1.));
#1267 = DIRECTION('',(1.,0.,-0.));
#1268 = PCURVE('',#740,#1269);
#1269 = DEFINITIONAL_REPRESENTATION('',(#1270),#1274);
#1270 = LINE('',#1271,#1272);
#1271 = CARTESIAN_POINT('',(0.,-0.));
#1272 = VECTOR('',#1273,1.);
#1273 = DIRECTION('',(1.,-0.));
#1274 = ( GEOMETRIC_REPRESENTATION_CONTEXT(2) 
PARAMETRIC_REPRESENTATION_CONTEXT() REPRESENTATION_CONTEXT('2D SPACE',''
  ) );
#1275 = PCURVE('',#1276,#1281);
#1276 = CYLINDRICAL_SURFACE('',#1277,4.5);
#1277 = AXIS2_PLACEMENT_3D('',#1278,#1279,#1280);
#1278 = CARTESIAN_POINT('',(100.,100.,4.));
#1279 = DIRECTION('',(0.,0.,1.));
#1280 = DIRECTION('',(1.,0.,0.));
#1281 = DEFINITIONAL_REPRESENTATION('',(#1282),#1286);
#1282 = LINE('',#1283,#1284);
#1283 = CARTESIAN_POINT('',(0.,1.45));
#1284 = VECTOR('',#1285,1.);
#1285 = DIRECTION('',(1.,0.));
#1286 = ( GEOMETRIC_REPRESENTATION_CONTEXT(2) 
PARAMETRIC_REPRESENTATION_CONTEXT() REPRESENTATION_CONTEXT('2D SPACE',''
  ) );
#1287 = ADVANCED_FACE('',(#1288),#826,.F.);
#1288 = FACE_BOUND('',#1289,.F.);
#1289 = EDGE_LOOP('',(#1290,#1291,#1317));
#1290 = ORIENTED_EDGE('',*,*,#841,.F.);
#1291 = ORIENTED_EDGE('',*,*,#1292,.T.);
#1292 = EDGE_CURVE('',#842,#785,#1293,.T.);
#1293 = SURFACE_CURVE('',#1294,(#1298,#1305),.PCURVE_S1.);
#1294 = LINE('',#1295,#1296);
#1295 = CARTESIAN_POINT('',(-119.5875,-119.8625,5.45));
#1296 = VECTOR('',#1297,1.);
#1297 = DIRECTION('',(-0.707106781187,0.707106781187,-2.877857953293E-17
    ));
#1298 = PCURVE('',#826,#1299);
#1299 = DEFINITIONAL_REPRESENTATION('',(#1300),#1304);
#1300 = LINE('',#1301,#1302);
#1301 = CARTESIAN_POINT('',(9.722718241316E-02,0.168402419816));
#1302 = VECTOR('',#1303,1.);
#1303 = DIRECTION('',(0.5,0.866025403784));
#1304 = ( GEOMETRIC_REPRESENTATION_CONTEXT(2) 
PARAMETRIC_REPRESENTATION_CONTEXT() REPRESENTATION_CONTEXT('2D SPACE',''
  ) );
#1305 = PCURVE('',#1306,#1311);
#1306 = PLANE('',#1307);
#1307 = AXIS2_PLACEMENT_3D('',#1308,#1309,#1310);
#1308 = CARTESIAN_POINT('',(-119.725,-119.725,0.));
#1309 = DIRECTION('',(-0.707106781187,-0.707106781187,
    -3.388030442428E-18));
#1310 = DIRECTION('',(2.395699300708E-18,2.395699300708E-18,-1.));
#1311 = DEFINITIONAL_REPRESENTATION('',(#1312),#1316);
#1312 = LINE('',#1313,#1314);
#1313 = CARTESIAN_POINT('',(-5.45,0.194454364826));
#1314 = VECTOR('',#1315,1.);
#1315 = DIRECTION('',(2.877857953293E-17,-1.));
#1316 = ( GEOMETRIC_REPRESENTATION_CONTEXT(2) 
PARAMETRIC_REPRESENTATION_CONTEXT() REPRESENTATION_CONTEXT('2D SPACE',''
  ) );
#1317 = ORIENTED_EDGE('',*,*,#812,.F.);
#1318 = ADVANCED_FACE('',(#1319),#772,.T.);
#1319 = FACE_BOUND('',#1320,.T.);
#1320 = EDGE_LOOP('',(#1321,#1322,#1348));
#1321 = ORIENTED_EDGE('',*,*,#922,.F.);
#1322 = ORIENTED_EDGE('',*,*,#1323,.T.);
#1323 = EDGE_CURVE('',#923,#757,#1324,.T.);
#1324 = SURFACE_CURVE('',#1325,(#1329,#1336),.PCURVE_S1.);
#1325 = LINE('',#1326,#1327);
#1326 = CARTESIAN_POINT('',(-119.5875,119.8625,5.45));
#1327 = VECTOR('',#1328,1.);
#1328 = DIRECTION('',(-0.707106781187,-0.707106781187,1.086831143985E-15
    ));
#1329 = PCURVE('',#772,#1330);
#1330 = DEFINITIONAL_REPRESENTATION('',(#1331),#1335);
#1331 = LINE('',#1332,#1333);
#1332 = CARTESIAN_POINT('',(9.722718241316E-02,0.168402419816));
#1333 = VECTOR('',#1334,1.);
#1334 = DIRECTION('',(0.5,0.866025403784));
#1335 = ( GEOMETRIC_REPRESENTATION_CONTEXT(2) 
PARAMETRIC_REPRESENTATION_CONTEXT() REPRESENTATION_CONTEXT('2D SPACE',''
  ) );
#1336 = PCURVE('',#1337,#1342);
#1337 = PLANE('',#1338);
#1338 = AXIS2_PLACEMENT_3D('',#1339,#1340,#1341);
#1339 = CARTESIAN_POINT('',(-119.725,119.725,0.));
#1340 = DIRECTION('',(0.707106781187,-0.707106781187,3.388030442428E-18)
  );
#1341 = DIRECTION('',(2.395699300708E-18,-2.395699300708E-18,-1.));
#1342 = DEFINITIONAL_REPRESENTATION('',(#1343),#1347);
#1343 = LINE('',#1344,#1345);
#1344 = CARTESIAN_POINT('',(-5.45,0.194454364826));
#1345 = VECTOR('',#1346,1.);
#1346 = DIRECTION('',(-1.086831143985E-15,-1.));
#1347 = ( GEOMETRIC_REPRESENTATION_CONTEXT(2) 
PARAMETRIC_REPRESENTATION_CONTEXT() REPRESENTATION_CONTEXT('2D SPACE',''
  ) );
#1348 = ORIENTED_EDGE('',*,*,#756,.F.);
#1349 = ADVANCED_FACE('',(#1350),#800,.F.);
#1350 = FACE_BOUND('',#1351,.F.);
#1351 = EDGE_LOOP('',(#1352,#1353,#1376,#1404));
#1352 = ORIENTED_EDGE('',*,*,#784,.F.);
#1353 = ORIENTED_EDGE('',*,*,#1354,.F.);
#1354 = EDGE_CURVE('',#1355,#785,#1357,.T.);
#1355 = VERTEX_POINT('',#1356);
#1356 = CARTESIAN_POINT('',(-120.,-119.45,0.55));
#1357 = SURFACE_CURVE('',#1358,(#1362,#1369),.PCURVE_S1.);
#1358 = LINE('',#1359,#1360);
#1359 = CARTESIAN_POINT('',(-120.,-119.45,0.));
#1360 = VECTOR('',#1361,1.);
#1361 = DIRECTION('',(0.,0.,1.));
#1362 = PCURVE('',#800,#1363);
#1363 = DEFINITIONAL_REPRESENTATION('',(#1364),#1368);
#1364 = LINE('',#1365,#1366);
#1365 = CARTESIAN_POINT('',(0.,-0.55));
#1366 = VECTOR('',#1367,1.);
#1367 = DIRECTION('',(1.,0.));
#1368 = ( GEOMETRIC_REPRESENTATION_CONTEXT(2) 
PARAMETRIC_REPRESENTATION_CONTEXT() REPRESENTATION_CONTEXT('2D SPACE',''
  ) );
#1369 = PCURVE('',#1306,#1370);
#1370 = DEFINITIONAL_REPRESENTATION('',(#1371),#1375);
#1371 = LINE('',#1372,#1373);
#1372 = CARTESIAN_POINT('',(-9.860761315263E-32,-0.388908729653));
#1373 = VECTOR('',#1374,1.);
#1374 = DIRECTION('',(-1.,0.));
#1375 = ( GEOMETRIC_REPRESENTATION_CONTEXT(2) 
PARAMETRIC_REPRESENTATION_CONTEXT() REPRESENTATION_CONTEXT('2D SPACE',''
  ) );
#1376 = ORIENTED_EDGE('',*,*,#1377,.T.);
#1377 = EDGE_CURVE('',#1355,#1378,#1380,.T.);
#1378 = VERTEX_POINT('',#1379);
#1379 = CARTESIAN_POINT('',(-120.,119.45,0.55));
#1380 = SURFACE_CURVE('',#1381,(#1385,#1392),.PCURVE_S1.);
#1381 = LINE('',#1382,#1383);
#1382 = CARTESIAN_POINT('',(-120.,-120.,0.55));
#1383 = VECTOR('',#1384,1.);
#1384 = DIRECTION('',(0.,1.,0.));
#1385 = PCURVE('',#800,#1386);
#1386 = DEFINITIONAL_REPRESENTATION('',(#1387),#1391);
#1387 = LINE('',#1388,#1389);
#1388 = CARTESIAN_POINT('',(0.55,0.));
#1389 = VECTOR('',#1390,1.);
#1390 = DIRECTION('',(0.,-1.));
#1391 = ( GEOMETRIC_REPRESENTATION_CONTEXT(2) 
PARAMETRIC_REPRESENTATION_CONTEXT() REPRESENTATION_CONTEXT('2D SPACE',''
  ) );
#1392 = PCURVE('',#1393,#1398);
#1393 = PLANE('',#1394);
#1394 = AXIS2_PLACEMENT_3D('',#1395,#1396,#1397);
#1395 = CARTESIAN_POINT('',(-119.725,-120.,0.275));
#1396 = DIRECTION('',(-0.707106781187,4.163755251655E-18,-0.707106781187
    ));
#1397 = DIRECTION('',(2.944219573646E-18,1.,2.944219573646E-18));
#1398 = DEFINITIONAL_REPRESENTATION('',(#1399),#1403);
#1399 = LINE('',#1400,#1401);
#1400 = CARTESIAN_POINT('',(0.,-0.388908729653));
#1401 = VECTOR('',#1402,1.);
#1402 = DIRECTION('',(1.,0.));
#1403 = ( GEOMETRIC_REPRESENTATION_CONTEXT(2) 
PARAMETRIC_REPRESENTATION_CONTEXT() REPRESENTATION_CONTEXT('2D SPACE',''
  ) );
#1404 = ORIENTED_EDGE('',*,*,#1405,.T.);
#1405 = EDGE_CURVE('',#1378,#757,#1406,.T.);
#1406 = SURFACE_CURVE('',#1407,(#1411,#1418),.PCURVE_S1.);
#1407 = LINE('',#1408,#1409);
#1408 = CARTESIAN_POINT('',(-120.,119.45,0.));
#1409 = VECTOR('',#1410,1.);
#1410 = DIRECTION('',(0.,0.,1.));
#1411 = PCURVE('',#800,#1412);
#1412 = DEFINITIONAL_REPRESENTATION('',(#1413),#1417);
#1413 = LINE('',#1414,#1415);
#1414 = CARTESIAN_POINT('',(0.,-239.45));
#1415 = VECTOR('',#1416,1.);
#1416 = DIRECTION('',(1.,0.));
#1417 = ( GEOMETRIC_REPRESENTATION_CONTEXT(2) 
PARAMETRIC_REPRESENTATION_CONTEXT() REPRESENTATION_CONTEXT('2D SPACE',''
  ) );
#1418 = PCURVE('',#1337,#1419);
#1419 = DEFINITIONAL_REPRESENTATION('',(#1420),#1424);
#1420 = LINE('',#1421,#1422);
#1421 = CARTESIAN_POINT('',(-9.860761315263E-32,-0.388908729653));
#1422 = VECTOR('',#1423,1.);
#1423 = DIRECTION('',(-1.,0.));
#1424 = ( GEOMETRIC_REPRESENTATION_CONTEXT(2) 
PARAMETRIC_REPRESENTATION_CONTEXT() REPRESENTATION_CONTEXT('2D SPACE',''
  ) );
#1425 = ADVANCED_FACE('',(#1426),#907,.F.);
#1426 = FACE_BOUND('',#1427,.F.);
#1427 = EDGE_LOOP('',(#1428,#1429,#1457,#1485));
#1428 = ORIENTED_EDGE('',*,*,#893,.T.);
#1429 = ORIENTED_EDGE('',*,*,#1430,.F.);
#1430 = EDGE_CURVE('',#1431,#866,#1433,.T.);
#1431 = VERTEX_POINT('',#1432);
#1432 = CARTESIAN_POINT('',(119.45,-120.,0.55));
#1433 = SURFACE_CURVE('',#1434,(#1438,#1445),.PCURVE_S1.);
#1434 = LINE('',#1435,#1436);
#1435 = CARTESIAN_POINT('',(119.45,-120.,0.));
#1436 = VECTOR('',#1437,1.);
#1437 = DIRECTION('',(0.,0.,1.));
#1438 = PCURVE('',#907,#1439);
#1439 = DEFINITIONAL_REPRESENTATION('',(#1440),#1444);
#1440 = LINE('',#1441,#1442);
#1441 = CARTESIAN_POINT('',(0.,239.45));
#1442 = VECTOR('',#1443,1.);
#1443 = DIRECTION('',(1.,0.));
#1444 = ( GEOMETRIC_REPRESENTATION_CONTEXT(2) 
PARAMETRIC_REPRESENTATION_CONTEXT() REPRESENTATION_CONTEXT('2D SPACE',''
  ) );
#1445 = PCURVE('',#1446,#1451);
#1446 = PLANE('',#1447);
#1447 = AXIS2_PLACEMENT_3D('',#1448,#1449,#1450);
#1448 = CARTESIAN_POINT('',(119.725,-119.725,0.));
#1449 = DIRECTION('',(-0.707106781187,0.707106781187,3.388030442428E-18)
  );
#1450 = DIRECTION('',(2.395699300708E-18,-2.395699300708E-18,1.));
#1451 = DEFINITIONAL_REPRESENTATION('',(#1452),#1456);
#1452 = LINE('',#1453,#1454);
#1453 = CARTESIAN_POINT('',(9.860761315263E-32,-0.388908729653));
#1454 = VECTOR('',#1455,1.);
#1455 = DIRECTION('',(1.,0.));
#1456 = ( GEOMETRIC_REPRESENTATION_CONTEXT(2) 
PARAMETRIC_REPRESENTATION_CONTEXT() REPRESENTATION_CONTEXT('2D SPACE',''
  ) );
#1457 = ORIENTED_EDGE('',*,*,#1458,.F.);
#1458 = EDGE_CURVE('',#1459,#1431,#1461,.T.);
#1459 = VERTEX_POINT('',#1460);
#1460 = CARTESIAN_POINT('',(-119.45,-120.,0.55));
#1461 = SURFACE_CURVE('',#1462,(#1466,#1473),.PCURVE_S1.);
#1462 = LINE('',#1463,#1464);
#1463 = CARTESIAN_POINT('',(-120.,-120.,0.55));
#1464 = VECTOR('',#1465,1.);
#1465 = DIRECTION('',(1.,0.,0.));
#1466 = PCURVE('',#907,#1467);
#1467 = DEFINITIONAL_REPRESENTATION('',(#1468),#1472);
#1468 = LINE('',#1469,#1470);
#1469 = CARTESIAN_POINT('',(0.55,0.));
#1470 = VECTOR('',#1471,1.);
#1471 = DIRECTION('',(0.,1.));
#1472 = ( GEOMETRIC_REPRESENTATION_CONTEXT(2) 
PARAMETRIC_REPRESENTATION_CONTEXT() REPRESENTATION_CONTEXT('2D SPACE',''
  ) );
#1473 = PCURVE('',#1474,#1479);
#1474 = PLANE('',#1475);
#1475 = AXIS2_PLACEMENT_3D('',#1476,#1477,#1478);
#1476 = CARTESIAN_POINT('',(-120.,-119.725,0.275));
#1477 = DIRECTION('',(-7.987689144191E-18,-0.707106781187,
    -0.707106781187));
#1478 = DIRECTION('',(-1.,5.648149159867E-18,5.648149159867E-18));
#1479 = DEFINITIONAL_REPRESENTATION('',(#1480),#1484);
#1480 = LINE('',#1481,#1482);
#1481 = CARTESIAN_POINT('',(-0.,-0.388908729653));
#1482 = VECTOR('',#1483,1.);
#1483 = DIRECTION('',(-1.,0.));
#1484 = ( GEOMETRIC_REPRESENTATION_CONTEXT(2) 
PARAMETRIC_REPRESENTATION_CONTEXT() REPRESENTATION_CONTEXT('2D SPACE',''
  ) );
#1485 = ORIENTED_EDGE('',*,*,#1486,.T.);
#1486 = EDGE_CURVE('',#1459,#842,#1487,.T.);
#1487 = SURFACE_CURVE('',#1488,(#1492,#1499),.PCURVE_S1.);
#1488 = LINE('',#1489,#1490);
#1489 = CARTESIAN_POINT('',(-119.45,-120.,0.));
#1490 = VECTOR('',#1491,1.);
#1491 = DIRECTION('',(0.,0.,1.));
#1492 = PCURVE('',#907,#1493);
#1493 = DEFINITIONAL_REPRESENTATION('',(#1494),#1498);
#1494 = LINE('',#1495,#1496);
#1495 = CARTESIAN_POINT('',(0.,0.55));
#1496 = VECTOR('',#1497,1.);
#1497 = DIRECTION('',(1.,0.));
#1498 = ( GEOMETRIC_REPRESENTATION_CONTEXT(2) 
PARAMETRIC_REPRESENTATION_CONTEXT() REPRESENTATION_CONTEXT('2D SPACE',''
  ) );
#1499 = PCURVE('',#1306,#1500);
#1500 = DEFINITIONAL_REPRESENTATION('',(#1501),#1505);
#1501 = LINE('',#1502,#1503);
#1502 = CARTESIAN_POINT('',(-9.860761315263E-32,0.388908729653));
#1503 = VECTOR('',#1504,1.);
#1504 = DIRECTION('',(-1.,0.));
#1505 = ( GEOMETRIC_REPRESENTATION_CONTEXT(2) 
PARAMETRIC_REPRESENTATION_CONTEXT() REPRESENTATION_CONTEXT('2D SPACE',''
  ) );
#1506 = ADVANCED_FACE('',(#1507),#881,.F.);
#1507 = FACE_BOUND('',#1508,.F.);
#1508 = EDGE_LOOP('',(#1509,#1510,#1531));
#1509 = ORIENTED_EDGE('',*,*,#1003,.F.);
#1510 = ORIENTED_EDGE('',*,*,#1511,.T.);
#1511 = EDGE_CURVE('',#1004,#866,#1512,.T.);
#1512 = SURFACE_CURVE('',#1513,(#1517,#1524),.PCURVE_S1.);
#1513 = LINE('',#1514,#1515);
#1514 = CARTESIAN_POINT('',(119.8625,-119.5875,5.45));
#1515 = VECTOR('',#1516,1.);
#1516 = DIRECTION('',(-0.707106781187,-0.707106781187,
    -1.820471614448E-14));
#1517 = PCURVE('',#881,#1518);
#1518 = DEFINITIONAL_REPRESENTATION('',(#1519),#1523);
#1519 = LINE('',#1520,#1521);
#1520 = CARTESIAN_POINT('',(9.722718241319E-02,0.168402419816));
#1521 = VECTOR('',#1522,1.);
#1522 = DIRECTION('',(0.5,0.866025403784));
#1523 = ( GEOMETRIC_REPRESENTATION_CONTEXT(2) 
PARAMETRIC_REPRESENTATION_CONTEXT() REPRESENTATION_CONTEXT('2D SPACE',''
  ) );
#1524 = PCURVE('',#1446,#1525);
#1525 = DEFINITIONAL_REPRESENTATION('',(#1526),#1530);
#1526 = LINE('',#1527,#1528);
#1527 = CARTESIAN_POINT('',(5.45,0.194454364826));
#1528 = VECTOR('',#1529,1.);
#1529 = DIRECTION('',(-1.820471614448E-14,-1.));
#1530 = ( GEOMETRIC_REPRESENTATION_CONTEXT(2) 
PARAMETRIC_REPRESENTATION_CONTEXT() REPRESENTATION_CONTEXT('2D SPACE',''
  ) );
#1531 = ORIENTED_EDGE('',*,*,#865,.F.);
#1532 = ADVANCED_FACE('',(#1533),#988,.T.);
#1533 = FACE_BOUND('',#1534,.T.);
#1534 = EDGE_LOOP('',(#1535,#1536,#1564,#1592));
#1535 = ORIENTED_EDGE('',*,*,#974,.T.);
#1536 = ORIENTED_EDGE('',*,*,#1537,.F.);
#1537 = EDGE_CURVE('',#1538,#947,#1540,.T.);
#1538 = VERTEX_POINT('',#1539);
#1539 = CARTESIAN_POINT('',(119.45,120.,0.55));
#1540 = SURFACE_CURVE('',#1541,(#1545,#1552),.PCURVE_S1.);
#1541 = LINE('',#1542,#1543);
#1542 = CARTESIAN_POINT('',(119.45,120.,0.));
#1543 = VECTOR('',#1544,1.);
#1544 = DIRECTION('',(0.,0.,1.));
#1545 = PCURVE('',#988,#1546);
#1546 = DEFINITIONAL_REPRESENTATION('',(#1547),#1551);
#1547 = LINE('',#1548,#1549);
#1548 = CARTESIAN_POINT('',(0.,239.45));
#1549 = VECTOR('',#1550,1.);
#1550 = DIRECTION('',(1.,0.));
#1551 = ( GEOMETRIC_REPRESENTATION_CONTEXT(2) 
PARAMETRIC_REPRESENTATION_CONTEXT() REPRESENTATION_CONTEXT('2D SPACE',''
  ) );
#1552 = PCURVE('',#1553,#1558);
#1553 = PLANE('',#1554);
#1554 = AXIS2_PLACEMENT_3D('',#1555,#1556,#1557);
#1555 = CARTESIAN_POINT('',(119.725,119.725,0.));
#1556 = DIRECTION('',(0.707106781187,0.707106781187,-3.388030442428E-18)
  );
#1557 = DIRECTION('',(2.395699300708E-18,2.395699300708E-18,1.));
#1558 = DEFINITIONAL_REPRESENTATION('',(#1559),#1563);
#1559 = LINE('',#1560,#1561);
#1560 = CARTESIAN_POINT('',(9.860761315263E-32,-0.388908729653));
#1561 = VECTOR('',#1562,1.);
#1562 = DIRECTION('',(1.,0.));
#1563 = ( GEOMETRIC_REPRESENTATION_CONTEXT(2) 
PARAMETRIC_REPRESENTATION_CONTEXT() REPRESENTATION_CONTEXT('2D SPACE',''
  ) );
#1564 = ORIENTED_EDGE('',*,*,#1565,.F.);
#1565 = EDGE_CURVE('',#1566,#1538,#1568,.T.);
#1566 = VERTEX_POINT('',#1567);
#1567 = CARTESIAN_POINT('',(-119.45,120.,0.55));
#1568 = SURFACE_CURVE('',#1569,(#1573,#1580),.PCURVE_S1.);
#1569 = LINE('',#1570,#1571);
#1570 = CARTESIAN_POINT('',(-120.,120.,0.55));
#1571 = VECTOR('',#1572,1.);
#1572 = DIRECTION('',(1.,0.,0.));
#1573 = PCURVE('',#988,#1574);
#1574 = DEFINITIONAL_REPRESENTATION('',(#1575),#1579);
#1575 = LINE('',#1576,#1577);
#1576 = CARTESIAN_POINT('',(0.55,0.));
#1577 = VECTOR('',#1578,1.);
#1578 = DIRECTION('',(0.,1.));
#1579 = ( GEOMETRIC_REPRESENTATION_CONTEXT(2) 
PARAMETRIC_REPRESENTATION_CONTEXT() REPRESENTATION_CONTEXT('2D SPACE',''
  ) );
#1580 = PCURVE('',#1581,#1586);
#1581 = PLANE('',#1582);
#1582 = AXIS2_PLACEMENT_3D('',#1583,#1584,#1585);
#1583 = CARTESIAN_POINT('',(-120.,119.725,0.275));
#1584 = DIRECTION('',(7.987689144191E-18,-0.707106781187,0.707106781187)
  );
#1585 = DIRECTION('',(-1.,-5.648149159867E-18,5.648149159867E-18));
#1586 = DEFINITIONAL_REPRESENTATION('',(#1587),#1591);
#1587 = LINE('',#1588,#1589);
#1588 = CARTESIAN_POINT('',(-0.,-0.388908729653));
#1589 = VECTOR('',#1590,1.);
#1590 = DIRECTION('',(-1.,0.));
#1591 = ( GEOMETRIC_REPRESENTATION_CONTEXT(2) 
PARAMETRIC_REPRESENTATION_CONTEXT() REPRESENTATION_CONTEXT('2D SPACE',''
  ) );
#1592 = ORIENTED_EDGE('',*,*,#1593,.T.);
#1593 = EDGE_CURVE('',#1566,#923,#1594,.T.);
#1594 = SURFACE_CURVE('',#1595,(#1599,#1606),.PCURVE_S1.);
#1595 = LINE('',#1596,#1597);
#1596 = CARTESIAN_POINT('',(-119.45,120.,0.));
#1597 = VECTOR('',#1598,1.);
#1598 = DIRECTION('',(0.,0.,1.));
#1599 = PCURVE('',#988,#1600);
#1600 = DEFINITIONAL_REPRESENTATION('',(#1601),#1605);
#1601 = LINE('',#1602,#1603);
#1602 = CARTESIAN_POINT('',(0.,0.55));
#1603 = VECTOR('',#1604,1.);
#1604 = DIRECTION('',(1.,0.));
#1605 = ( GEOMETRIC_REPRESENTATION_CONTEXT(2) 
PARAMETRIC_REPRESENTATION_CONTEXT() REPRESENTATION_CONTEXT('2D SPACE',''
  ) );
#1606 = PCURVE('',#1337,#1607);
#1607 = DEFINITIONAL_REPRESENTATION('',(#1608),#1612);
#1608 = LINE('',#1609,#1610);
#1609 = CARTESIAN_POINT('',(-9.860761315263E-32,0.388908729653));
#1610 = VECTOR('',#1611,1.);
#1611 = DIRECTION('',(-1.,0.));
#1612 = ( GEOMETRIC_REPRESENTATION_CONTEXT(2) 
PARAMETRIC_REPRESENTATION_CONTEXT() REPRESENTATION_CONTEXT('2D SPACE',''
  ) );
#1613 = ADVANCED_FACE('',(#1614),#962,.T.);
#1614 = FACE_BOUND('',#1615,.T.);
#1615 = EDGE_LOOP('',(#1616,#1617,#1638));
#1616 = ORIENTED_EDGE('',*,*,#1027,.F.);
#1617 = ORIENTED_EDGE('',*,*,#1618,.T.);
#1618 = EDGE_CURVE('',#1028,#947,#1619,.T.);
#1619 = SURFACE_CURVE('',#1620,(#1624,#1631),.PCURVE_S1.);
#1620 = LINE('',#1621,#1622);
#1621 = CARTESIAN_POINT('',(119.8625,119.5875,5.45));
#1622 = VECTOR('',#1623,1.);
#1623 = DIRECTION('',(-0.707106781187,0.707106781187,-1.94727962754E-14)
  );
#1624 = PCURVE('',#962,#1625);
#1625 = DEFINITIONAL_REPRESENTATION('',(#1626),#1630);
#1626 = LINE('',#1627,#1628);
#1627 = CARTESIAN_POINT('',(9.722718241319E-02,0.168402419816));
#1628 = VECTOR('',#1629,1.);
#1629 = DIRECTION('',(0.5,0.866025403784));
#1630 = ( GEOMETRIC_REPRESENTATION_CONTEXT(2) 
PARAMETRIC_REPRESENTATION_CONTEXT() REPRESENTATION_CONTEXT('2D SPACE',''
  ) );
#1631 = PCURVE('',#1553,#1632);
#1632 = DEFINITIONAL_REPRESENTATION('',(#1633),#1637);
#1633 = LINE('',#1634,#1635);
#1634 = CARTESIAN_POINT('',(5.45,0.194454364826));
#1635 = VECTOR('',#1636,1.);
#1636 = DIRECTION('',(-1.94727962754E-14,-1.));
#1637 = ( GEOMETRIC_REPRESENTATION_CONTEXT(2) 
PARAMETRIC_REPRESENTATION_CONTEXT() REPRESENTATION_CONTEXT('2D SPACE',''
  ) );
#1638 = ORIENTED_EDGE('',*,*,#946,.F.);
#1639 = ADVANCED_FACE('',(#1640),#1064,.T.);
#1640 = FACE_BOUND('',#1641,.T.);
#1641 = EDGE_LOOP('',(#1642,#1643,#1666,#1694));
#1642 = ORIENTED_EDGE('',*,*,#1050,.F.);
#1643 = ORIENTED_EDGE('',*,*,#1644,.F.);
#1644 = EDGE_CURVE('',#1645,#1004,#1647,.T.);
#1645 = VERTEX_POINT('',#1646);
#1646 = CARTESIAN_POINT('',(120.,-119.45,0.55));
#1647 = SURFACE_CURVE('',#1648,(#1652,#1659),.PCURVE_S1.);
#1648 = LINE('',#1649,#1650);
#1649 = CARTESIAN_POINT('',(120.,-119.45,0.));
#1650 = VECTOR('',#1651,1.);
#1651 = DIRECTION('',(0.,0.,1.));
#1652 = PCURVE('',#1064,#1653);
#1653 = DEFINITIONAL_REPRESENTATION('',(#1654),#1658);
#1654 = LINE('',#1655,#1656);
#1655 = CARTESIAN_POINT('',(0.,-0.55));
#1656 = VECTOR('',#1657,1.);
#1657 = DIRECTION('',(1.,0.));
#1658 = ( GEOMETRIC_REPRESENTATION_CONTEXT(2) 
PARAMETRIC_REPRESENTATION_CONTEXT() REPRESENTATION_CONTEXT('2D SPACE',''
  ) );
#1659 = PCURVE('',#1446,#1660);
#1660 = DEFINITIONAL_REPRESENTATION('',(#1661),#1665);
#1661 = LINE('',#1662,#1663);
#1662 = CARTESIAN_POINT('',(9.860761315263E-32,0.388908729653));
#1663 = VECTOR('',#1664,1.);
#1664 = DIRECTION('',(1.,0.));
#1665 = ( GEOMETRIC_REPRESENTATION_CONTEXT(2) 
PARAMETRIC_REPRESENTATION_CONTEXT() REPRESENTATION_CONTEXT('2D SPACE',''
  ) );
#1666 = ORIENTED_EDGE('',*,*,#1667,.T.);
#1667 = EDGE_CURVE('',#1645,#1668,#1670,.T.);
#1668 = VERTEX_POINT('',#1669);
#1669 = CARTESIAN_POINT('',(120.,119.45,0.55));
#1670 = SURFACE_CURVE('',#1671,(#1675,#1682),.PCURVE_S1.);
#1671 = LINE('',#1672,#1673);
#1672 = CARTESIAN_POINT('',(120.,-120.,0.55));
#1673 = VECTOR('',#1674,1.);
#1674 = DIRECTION('',(0.,1.,0.));
#1675 = PCURVE('',#1064,#1676);
#1676 = DEFINITIONAL_REPRESENTATION('',(#1677),#1681);
#1677 = LINE('',#1678,#1679);
#1678 = CARTESIAN_POINT('',(0.55,0.));
#1679 = VECTOR('',#1680,1.);
#1680 = DIRECTION('',(0.,-1.));
#1681 = ( GEOMETRIC_REPRESENTATION_CONTEXT(2) 
PARAMETRIC_REPRESENTATION_CONTEXT() REPRESENTATION_CONTEXT('2D SPACE',''
  ) );
#1682 = PCURVE('',#1683,#1688);
#1683 = PLANE('',#1684);
#1684 = AXIS2_PLACEMENT_3D('',#1685,#1686,#1687);
#1685 = CARTESIAN_POINT('',(119.725,-120.,0.275));
#1686 = DIRECTION('',(-0.707106781187,-4.163755251655E-18,0.707106781187
    ));
#1687 = DIRECTION('',(-2.944219573646E-18,1.,2.944219573646E-18));
#1688 = DEFINITIONAL_REPRESENTATION('',(#1689),#1693);
#1689 = LINE('',#1690,#1691);
#1690 = CARTESIAN_POINT('',(0.,-0.388908729653));
#1691 = VECTOR('',#1692,1.);
#1692 = DIRECTION('',(1.,0.));
#1693 = ( GEOMETRIC_REPRESENTATION_CONTEXT(2) 
PARAMETRIC_REPRESENTATION_CONTEXT() REPRESENTATION_CONTEXT('2D SPACE',''
  ) );
#1694 = ORIENTED_EDGE('',*,*,#1695,.T.);
#1695 = EDGE_CURVE('',#1668,#1028,#1696,.T.);
#1696 = SURFACE_CURVE('',#1697,(#1701,#1708),.PCURVE_S1.);
#1697 = LINE('',#1698,#1699);
#1698 = CARTESIAN_POINT('',(120.,119.45,0.));
#1699 = VECTOR('',#1700,1.);
#1700 = DIRECTION('',(0.,0.,1.));
#1701 = PCURVE('',#1064,#1702);
#1702 = DEFINITIONAL_REPRESENTATION('',(#1703),#1707);
#1703 = LINE('',#1704,#1705);
#1704 = CARTESIAN_POINT('',(0.,-239.45));
#1705 = VECTOR('',#1706,1.);
#1706 = DIRECTION('',(1.,0.));
#1707 = ( GEOMETRIC_REPRESENTATION_CONTEXT(2) 
PARAMETRIC_REPRESENTATION_CONTEXT() REPRESENTATION_CONTEXT('2D SPACE',''
  ) );
#1708 = PCURVE('',#1553,#1709);
#1709 = DEFINITIONAL_REPRESENTATION('',(#1710),#1714);
#1710 = LINE('',#1711,#1712);
#1711 = CARTESIAN_POINT('',(9.860761315263E-32,0.388908729653));
#1712 = VECTOR('',#1713,1.);
#1713 = DIRECTION('',(1.,0.));
#1714 = ( GEOMETRIC_REPRESENTATION_CONTEXT(2) 
PARAMETRIC_REPRESENTATION_CONTEXT() REPRESENTATION_CONTEXT('2D SPACE',''
  ) );
#1715 = ADVANCED_FACE('',(#1716),#1117,.F.);
#1716 = FACE_BOUND('',#1717,.F.);
#1717 = EDGE_LOOP('',(#1718,#1741,#1742,#1743));
#1718 = ORIENTED_EDGE('',*,*,#1719,.T.);
#1719 = EDGE_CURVE('',#1720,#1080,#1722,.T.);
#1720 = VERTEX_POINT('',#1721);
#1721 = CARTESIAN_POINT('',(-95.5,-100.,4.55));
#1722 = SEAM_CURVE('',#1723,(#1727,#1734),.PCURVE_S1.);
#1723 = LINE('',#1724,#1725);
#1724 = CARTESIAN_POINT('',(-95.5,-100.,4.));
#1725 = VECTOR('',#1726,1.);
#1726 = DIRECTION('',(0.,0.,1.));
#1727 = PCURVE('',#1117,#1728);
#1728 = DEFINITIONAL_REPRESENTATION('',(#1729),#1733);
#1729 = LINE('',#1730,#1731);
#1730 = CARTESIAN_POINT('',(6.28318530718,-0.));
#1731 = VECTOR('',#1732,1.);
#1732 = DIRECTION('',(0.,1.));
#1733 = ( GEOMETRIC_REPRESENTATION_CONTEXT(2) 
PARAMETRIC_REPRESENTATION_CONTEXT() REPRESENTATION_CONTEXT('2D SPACE',''
  ) );
#1734 = PCURVE('',#1117,#1735);
#1735 = DEFINITIONAL_REPRESENTATION('',(#1736),#1740);
#1736 = LINE('',#1737,#1738);
#1737 = CARTESIAN_POINT('',(0.,-0.));
#1738 = VECTOR('',#1739,1.);
#1739 = DIRECTION('',(0.,1.));
#1740 = ( GEOMETRIC_REPRESENTATION_CONTEXT(2) 
PARAMETRIC_REPRESENTATION_CONTEXT() REPRESENTATION_CONTEXT('2D SPACE',''
  ) );
#1741 = ORIENTED_EDGE('',*,*,#1102,.F.);
#1742 = ORIENTED_EDGE('',*,*,#1719,.F.);
#1743 = ORIENTED_EDGE('',*,*,#1744,.T.);
#1744 = EDGE_CURVE('',#1720,#1720,#1745,.T.);
#1745 = SURFACE_CURVE('',#1746,(#1751,#1758),.PCURVE_S1.);
#1746 = CIRCLE('',#1747,4.5);
#1747 = AXIS2_PLACEMENT_3D('',#1748,#1749,#1750);
#1748 = CARTESIAN_POINT('',(-100.,-100.,4.55));
#1749 = DIRECTION('',(0.,0.,1.));
#1750 = DIRECTION('',(1.,0.,-0.));
#1751 = PCURVE('',#1117,#1752);
#1752 = DEFINITIONAL_REPRESENTATION('',(#1753),#1757);
#1753 = LINE('',#1754,#1755);
#1754 = CARTESIAN_POINT('',(0.,0.55));
#1755 = VECTOR('',#1756,1.);
#1756 = DIRECTION('',(1.,0.));
#1757 = ( GEOMETRIC_REPRESENTATION_CONTEXT(2) 
PARAMETRIC_REPRESENTATION_CONTEXT() REPRESENTATION_CONTEXT('2D SPACE',''
  ) );
#1758 = PCURVE('',#1759,#1764);
#1759 = CONICAL_SURFACE('',#1760,4.5,0.785398163397);
#1760 = AXIS2_PLACEMENT_3D('',#1761,#1762,#1763);
#1761 = CARTESIAN_POINT('',(-100.,-100.,4.55));
#1762 = DIRECTION('',(0.,0.,1.));
#1763 = DIRECTION('',(1.,0.,-0.));
#1764 = DEFINITIONAL_REPRESENTATION('',(#1765),#1769);
#1765 = LINE('',#1766,#1767);
#1766 = CARTESIAN_POINT('',(0.,-0.));
#1767 = VECTOR('',#1768,1.);
#1768 = DIRECTION('',(1.,-0.));
#1769 = ( GEOMETRIC_REPRESENTATION_CONTEXT(2) 
PARAMETRIC_REPRESENTATION_CONTEXT() REPRESENTATION_CONTEXT('2D SPACE',''
  ) );
#1770 = ADVANCED_FACE('',(#1771),#1170,.F.);
#1771 = FACE_BOUND('',#1772,.F.);
#1772 = EDGE_LOOP('',(#1773,#1796,#1797,#1798));
#1773 = ORIENTED_EDGE('',*,*,#1774,.T.);
#1774 = EDGE_CURVE('',#1775,#1133,#1777,.T.);
#1775 = VERTEX_POINT('',#1776);
#1776 = CARTESIAN_POINT('',(104.5,-100.,4.55));
#1777 = SEAM_CURVE('',#1778,(#1782,#1789),.PCURVE_S1.);
#1778 = LINE('',#1779,#1780);
#1779 = CARTESIAN_POINT('',(104.5,-100.,4.));
#1780 = VECTOR('',#1781,1.);
#1781 = DIRECTION('',(0.,0.,1.));
#1782 = PCURVE('',#1170,#1783);
#1783 = DEFINITIONAL_REPRESENTATION('',(#1784),#1788);
#1784 = LINE('',#1785,#1786);
#1785 = CARTESIAN_POINT('',(6.28318530718,-0.));
#1786 = VECTOR('',#1787,1.);
#1787 = DIRECTION('',(0.,1.));
#1788 = ( GEOMETRIC_REPRESENTATION_CONTEXT(2) 
PARAMETRIC_REPRESENTATION_CONTEXT() REPRESENTATION_CONTEXT('2D SPACE',''
  ) );
#1789 = PCURVE('',#1170,#1790);
#1790 = DEFINITIONAL_REPRESENTATION('',(#1791),#1795);
#1791 = LINE('',#1792,#1793);
#1792 = CARTESIAN_POINT('',(0.,-0.));
#1793 = VECTOR('',#1794,1.);
#1794 = DIRECTION('',(0.,1.));
#1795 = ( GEOMETRIC_REPRESENTATION_CONTEXT(2) 
PARAMETRIC_REPRESENTATION_CONTEXT() REPRESENTATION_CONTEXT('2D SPACE',''
  ) );
#1796 = ORIENTED_EDGE('',*,*,#1155,.F.);
#1797 = ORIENTED_EDGE('',*,*,#1774,.F.);
#1798 = ORIENTED_EDGE('',*,*,#1799,.T.);
#1799 = EDGE_CURVE('',#1775,#1775,#1800,.T.);
#1800 = SURFACE_CURVE('',#1801,(#1806,#1813),.PCURVE_S1.);
#1801 = CIRCLE('',#1802,4.5);
#1802 = AXIS2_PLACEMENT_3D('',#1803,#1804,#1805);
#1803 = CARTESIAN_POINT('',(100.,-100.,4.55));
#1804 = DIRECTION('',(0.,0.,1.));
#1805 = DIRECTION('',(1.,0.,-0.));
#1806 = PCURVE('',#1170,#1807);
#1807 = DEFINITIONAL_REPRESENTATION('',(#1808),#1812);
#1808 = LINE('',#1809,#1810);
#1809 = CARTESIAN_POINT('',(0.,0.55));
#1810 = VECTOR('',#1811,1.);
#1811 = DIRECTION('',(1.,0.));
#1812 = ( GEOMETRIC_REPRESENTATION_CONTEXT(2) 
PARAMETRIC_REPRESENTATION_CONTEXT() REPRESENTATION_CONTEXT('2D SPACE',''
  ) );
#1813 = PCURVE('',#1814,#1819);
#1814 = CONICAL_SURFACE('',#1815,4.5,0.785398163397);
#1815 = AXIS2_PLACEMENT_3D('',#1816,#1817,#1818);
#1816 = CARTESIAN_POINT('',(100.,-100.,4.55));
#1817 = DIRECTION('',(0.,0.,1.));
#1818 = DIRECTION('',(1.,0.,-0.));
#1819 = DEFINITIONAL_REPRESENTATION('',(#1820),#1824);
#1820 = LINE('',#1821,#1822);
#1821 = CARTESIAN_POINT('',(0.,-0.));
#1822 = VECTOR('',#1823,1.);
#1823 = DIRECTION('',(1.,-0.));
#1824 = ( GEOMETRIC_REPRESENTATION_CONTEXT(2) 
PARAMETRIC_REPRESENTATION_CONTEXT() REPRESENTATION_CONTEXT('2D SPACE',''
  ) );
#1825 = ADVANCED_FACE('',(#1826),#1223,.F.);
#1826 = FACE_BOUND('',#1827,.F.);
#1827 = EDGE_LOOP('',(#1828,#1851,#1852,#1853));
#1828 = ORIENTED_EDGE('',*,*,#1829,.T.);
#1829 = EDGE_CURVE('',#1830,#1186,#1832,.T.);
#1830 = VERTEX_POINT('',#1831);
#1831 = CARTESIAN_POINT('',(-95.5,100.,4.55));
#1832 = SEAM_CURVE('',#1833,(#1837,#1844),.PCURVE_S1.);
#1833 = LINE('',#1834,#1835);
#1834 = CARTESIAN_POINT('',(-95.5,100.,4.));
#1835 = VECTOR('',#1836,1.);
#1836 = DIRECTION('',(0.,0.,1.));
#1837 = PCURVE('',#1223,#1838);
#1838 = DEFINITIONAL_REPRESENTATION('',(#1839),#1843);
#1839 = LINE('',#1840,#1841);
#1840 = CARTESIAN_POINT('',(6.28318530718,-0.));
#1841 = VECTOR('',#1842,1.);
#1842 = DIRECTION('',(0.,1.));
#1843 = ( GEOMETRIC_REPRESENTATION_CONTEXT(2) 
PARAMETRIC_REPRESENTATION_CONTEXT() REPRESENTATION_CONTEXT('2D SPACE',''
  ) );
#1844 = PCURVE('',#1223,#1845);
#1845 = DEFINITIONAL_REPRESENTATION('',(#1846),#1850);
#1846 = LINE('',#1847,#1848);
#1847 = CARTESIAN_POINT('',(0.,-0.));
#1848 = VECTOR('',#1849,1.);
#1849 = DIRECTION('',(0.,1.));
#1850 = ( GEOMETRIC_REPRESENTATION_CONTEXT(2) 
PARAMETRIC_REPRESENTATION_CONTEXT() REPRESENTATION_CONTEXT('2D SPACE',''
  ) );
#1851 = ORIENTED_EDGE('',*,*,#1208,.F.);
#1852 = ORIENTED_EDGE('',*,*,#1829,.F.);
#1853 = ORIENTED_EDGE('',*,*,#1854,.T.);
#1854 = EDGE_CURVE('',#1830,#1830,#1855,.T.);
#1855 = SURFACE_CURVE('',#1856,(#1861,#1868),.PCURVE_S1.);
#1856 = CIRCLE('',#1857,4.5);
#1857 = AXIS2_PLACEMENT_3D('',#1858,#1859,#1860);
#1858 = CARTESIAN_POINT('',(-100.,100.,4.55));
#1859 = DIRECTION('',(0.,0.,1.));
#1860 = DIRECTION('',(1.,0.,-0.));
#1861 = PCURVE('',#1223,#1862);
#1862 = DEFINITIONAL_REPRESENTATION('',(#1863),#1867);
#1863 = LINE('',#1864,#1865);
#1864 = CARTESIAN_POINT('',(0.,0.55));
#1865 = VECTOR('',#1866,1.);
#1866 = DIRECTION('',(1.,0.));
#1867 = ( GEOMETRIC_REPRESENTATION_CONTEXT(2) 
PARAMETRIC_REPRESENTATION_CONTEXT() REPRESENTATION_CONTEXT('2D SPACE',''
  ) );
#1868 = PCURVE('',#1869,#1874);
#1869 = CONICAL_SURFACE('',#1870,4.5,0.785398163397);
#1870 = AXIS2_PLACEMENT_3D('',#1871,#1872,#1873);
#1871 = CARTESIAN_POINT('',(-100.,100.,4.55));
#1872 = DIRECTION('',(0.,0.,1.));
#1873 = DIRECTION('',(1.,0.,-0.));
#1874 = DEFINITIONAL_REPRESENTATION('',(#1875),#1879);
#1875 = LINE('',#1876,#1877);
#1876 = CARTESIAN_POINT('',(0.,-0.));
#1877 = VECTOR('',#1878,1.);
#1878 = DIRECTION('',(1.,-0.));
#1879 = ( GEOMETRIC_REPRESENTATION_CONTEXT(2) 
PARAMETRIC_REPRESENTATION_CONTEXT() REPRESENTATION_CONTEXT('2D SPACE',''
  ) );
#1880 = ADVANCED_FACE('',(#1881),#1276,.F.);
#1881 = FACE_BOUND('',#1882,.F.);
#1882 = EDGE_LOOP('',(#1883,#1906,#1907,#1908));
#1883 = ORIENTED_EDGE('',*,*,#1884,.T.);
#1884 = EDGE_CURVE('',#1885,#1239,#1887,.T.);
#1885 = VERTEX_POINT('',#1886);
#1886 = CARTESIAN_POINT('',(104.5,100.,4.55));
#1887 = SEAM_CURVE('',#1888,(#1892,#1899),.PCURVE_S1.);
#1888 = LINE('',#1889,#1890);
#1889 = CARTESIAN_POINT('',(104.5,100.,4.));
#1890 = VECTOR('',#1891,1.);
#1891 = DIRECTION('',(0.,0.,1.));
#1892 = PCURVE('',#1276,#1893);
#1893 = DEFINITIONAL_REPRESENTATION('',(#1894),#1898);
#1894 = LINE('',#1895,#1896);
#1895 = CARTESIAN_POINT('',(6.28318530718,-0.));
#1896 = VECTOR('',#1897,1.);
#1897 = DIRECTION('',(0.,1.));
#1898 = ( GEOMETRIC_REPRESENTATION_CONTEXT(2) 
PARAMETRIC_REPRESENTATION_CONTEXT() REPRESENTATION_CONTEXT('2D SPACE',''
  ) );
#1899 = PCURVE('',#1276,#1900);
#1900 = DEFINITIONAL_REPRESENTATION('',(#1901),#1905);
#1901 = LINE('',#1902,#1903);
#1902 = CARTESIAN_POINT('',(0.,-0.));
#1903 = VECTOR('',#1904,1.);
#1904 = DIRECTION('',(0.,1.));
#1905 = ( GEOMETRIC_REPRESENTATION_CONTEXT(2) 
PARAMETRIC_REPRESENTATION_CONTEXT() REPRESENTATION_CONTEXT('2D SPACE',''
  ) );
#1906 = ORIENTED_EDGE('',*,*,#1261,.F.);
#1907 = ORIENTED_EDGE('',*,*,#1884,.F.);
#1908 = ORIENTED_EDGE('',*,*,#1909,.T.);
#1909 = EDGE_CURVE('',#1885,#1885,#1910,.T.);
#1910 = SURFACE_CURVE('',#1911,(#1916,#1923),.PCURVE_S1.);
#1911 = CIRCLE('',#1912,4.5);
#1912 = AXIS2_PLACEMENT_3D('',#1913,#1914,#1915);
#1913 = CARTESIAN_POINT('',(100.,100.,4.55));
#1914 = DIRECTION('',(0.,0.,1.));
#1915 = DIRECTION('',(1.,0.,-0.));
#1916 = PCURVE('',#1276,#1917);
#1917 = DEFINITIONAL_REPRESENTATION('',(#1918),#1922);
#1918 = LINE('',#1919,#1920);
#1919 = CARTESIAN_POINT('',(0.,0.55));
#1920 = VECTOR('',#1921,1.);
#1921 = DIRECTION('',(1.,0.));
#1922 = ( GEOMETRIC_REPRESENTATION_CONTEXT(2) 
PARAMETRIC_REPRESENTATION_CONTEXT() REPRESENTATION_CONTEXT('2D SPACE',''
  ) );
#1923 = PCURVE('',#1924,#1929);
#1924 = CONICAL_SURFACE('',#1925,4.5,0.785398163397);
#1925 = AXIS2_PLACEMENT_3D('',#1926,#1927,#1928);
#1926 = CARTESIAN_POINT('',(100.,100.,4.55));
#1927 = DIRECTION('',(0.,0.,1.));
#1928 = DIRECTION('',(1.,0.,-0.));
#1929 = DEFINITIONAL_REPRESENTATION('',(#1930),#1934);
#1930 = LINE('',#1931,#1932);
#1931 = CARTESIAN_POINT('',(0.,-0.));
#1932 = VECTOR('',#1933,1.);
#1933 = DIRECTION('',(1.,-0.));
#1934 = ( GEOMETRIC_REPRESENTATION_CONTEXT(2) 
PARAMETRIC_REPRESENTATION_CONTEXT() REPRESENTATION_CONTEXT('2D SPACE',''
  ) );
#1935 = ADVANCED_FACE('',(#1936),#1306,.T.);
#1936 = FACE_BOUND('',#1937,.F.);
#1937 = EDGE_LOOP('',(#1938,#1939,#1940,#1941));
#1938 = ORIENTED_EDGE('',*,*,#1354,.T.);
#1939 = ORIENTED_EDGE('',*,*,#1292,.F.);
#1940 = ORIENTED_EDGE('',*,*,#1486,.F.);
#1941 = ORIENTED_EDGE('',*,*,#1942,.F.);
#1942 = EDGE_CURVE('',#1355,#1459,#1943,.T.);
#1943 = SURFACE_CURVE('',#1944,(#1948,#1955),.PCURVE_S1.);
#1944 = LINE('',#1945,#1946);
#1945 = CARTESIAN_POINT('',(-119.725,-119.725,0.55));
#1946 = VECTOR('',#1947,1.);
#1947 = DIRECTION('',(0.707106781187,-0.707106781187,1.104728169894E-17)
  );
#1948 = PCURVE('',#1306,#1949);
#1949 = DEFINITIONAL_REPRESENTATION('',(#1950),#1954);
#1950 = LINE('',#1951,#1952);
#1951 = CARTESIAN_POINT('',(-0.55,-4.077770477165E-35));
#1952 = VECTOR('',#1953,1.);
#1953 = DIRECTION('',(-1.104728169894E-17,1.));
#1954 = ( GEOMETRIC_REPRESENTATION_CONTEXT(2) 
PARAMETRIC_REPRESENTATION_CONTEXT() REPRESENTATION_CONTEXT('2D SPACE',''
  ) );
#1955 = PCURVE('',#1956,#1961);
#1956 = PLANE('',#1957);
#1957 = AXIS2_PLACEMENT_3D('',#1958,#1959,#1960);
#1958 = CARTESIAN_POINT('',(-119.45,-119.45,1.110223024625E-15));
#1959 = DIRECTION('',(-0.57735026919,-0.57735026919,-0.57735026919));
#1960 = DIRECTION('',(0.707106781187,-0.707106781187,1.747033607862E-21)
  );
#1961 = DEFINITIONAL_REPRESENTATION('',(#1962),#1966);
#1962 = LINE('',#1963,#1964);
#1963 = CARTESIAN_POINT('',(-2.130579061982E-18,0.673609679265));
#1964 = VECTOR('',#1965,1.);
#1965 = DIRECTION('',(1.,-9.281120209944E-18));
#1966 = ( GEOMETRIC_REPRESENTATION_CONTEXT(2) 
PARAMETRIC_REPRESENTATION_CONTEXT() REPRESENTATION_CONTEXT('2D SPACE',''
  ) );
#1967 = ADVANCED_FACE('',(#1968),#1337,.F.);
#1968 = FACE_BOUND('',#1969,.T.);
#1969 = EDGE_LOOP('',(#1970,#1971,#1972,#1973));
#1970 = ORIENTED_EDGE('',*,*,#1405,.T.);
#1971 = ORIENTED_EDGE('',*,*,#1323,.F.);
#1972 = ORIENTED_EDGE('',*,*,#1593,.F.);
#1973 = ORIENTED_EDGE('',*,*,#1974,.F.);
#1974 = EDGE_CURVE('',#1378,#1566,#1975,.T.);
#1975 = SURFACE_CURVE('',#1976,(#1980,#1987),.PCURVE_S1.);
#1976 = LINE('',#1977,#1978);
#1977 = CARTESIAN_POINT('',(-119.725,119.725,0.55));
#1978 = VECTOR('',#1979,1.);
#1979 = DIRECTION('',(0.707106781187,0.707106781187,-9.954349873265E-16)
  );
#1980 = PCURVE('',#1337,#1981);
#1981 = DEFINITIONAL_REPRESENTATION('',(#1982),#1986);
#1982 = LINE('',#1983,#1984);
#1983 = CARTESIAN_POINT('',(-0.55,-4.077770477165E-35));
#1984 = VECTOR('',#1985,1.);
#1985 = DIRECTION('',(9.954349873265E-16,1.));
#1986 = ( GEOMETRIC_REPRESENTATION_CONTEXT(2) 
PARAMETRIC_REPRESENTATION_CONTEXT() REPRESENTATION_CONTEXT('2D SPACE',''
  ) );
#1987 = PCURVE('',#1988,#1993);
#1988 = PLANE('',#1989);
#1989 = AXIS2_PLACEMENT_3D('',#1990,#1991,#1992);
#1990 = CARTESIAN_POINT('',(-119.45,119.45,1.461166472061E-15));
#1991 = DIRECTION('',(0.57735026919,-0.57735026919,0.57735026919));
#1992 = DIRECTION('',(0.707106781187,0.707106781187,-8.889801361323E-16)
  );
#1993 = DEFINITIONAL_REPRESENTATION('',(#1994),#1998);
#1994 = LINE('',#1995,#1996);
#1995 = CARTESIAN_POINT('',(9.586978891232E-15,0.673609679265));
#1996 = VECTOR('',#1997,1.);
#1997 = DIRECTION('',(1.,-1.277003328334E-16));
#1998 = ( GEOMETRIC_REPRESENTATION_CONTEXT(2) 
PARAMETRIC_REPRESENTATION_CONTEXT() REPRESENTATION_CONTEXT('2D SPACE',''
  ) );
#1999 = ADVANCED_FACE('',(#2000),#1393,.T.);
#2000 = FACE_BOUND('',#2001,.T.);
#2001 = EDGE_LOOP('',(#2002,#2025,#2026,#2049));
#2002 = ORIENTED_EDGE('',*,*,#2003,.T.);
#2003 = EDGE_CURVE('',#2004,#1355,#2006,.T.);
#2004 = VERTEX_POINT('',#2005);
#2005 = CARTESIAN_POINT('',(-119.45,-119.45,1.110223024625E-15));
#2006 = SURFACE_CURVE('',#2007,(#2011,#2018),.PCURVE_S1.);
#2007 = LINE('',#2008,#2009);
#2008 = CARTESIAN_POINT('',(-119.5875,-119.45,0.1375));
#2009 = VECTOR('',#2010,1.);
#2010 = DIRECTION('',(-0.707106781187,1.533418418297E-14,0.707106781187)
  );
#2011 = PCURVE('',#1393,#2012);
#2012 = DEFINITIONAL_REPRESENTATION('',(#2013),#2017);
#2013 = LINE('',#2014,#2015);
#2014 = CARTESIAN_POINT('',(0.55,0.194454364826));
#2015 = VECTOR('',#2016,1.);
#2016 = DIRECTION('',(1.533418418297E-14,-1.));
#2017 = ( GEOMETRIC_REPRESENTATION_CONTEXT(2) 
PARAMETRIC_REPRESENTATION_CONTEXT() REPRESENTATION_CONTEXT('2D SPACE',''
  ) );
#2018 = PCURVE('',#1956,#2019);
#2019 = DEFINITIONAL_REPRESENTATION('',(#2020),#2024);
#2020 = LINE('',#2021,#2022);
#2021 = CARTESIAN_POINT('',(-9.722718241312E-02,0.168402419816));
#2022 = VECTOR('',#2023,1.);
#2023 = DIRECTION('',(-0.5,0.866025403784));
#2024 = ( GEOMETRIC_REPRESENTATION_CONTEXT(2) 
PARAMETRIC_REPRESENTATION_CONTEXT() REPRESENTATION_CONTEXT('2D SPACE',''
  ) );
#2025 = ORIENTED_EDGE('',*,*,#1377,.T.);
#2026 = ORIENTED_EDGE('',*,*,#2027,.F.);
#2027 = EDGE_CURVE('',#2028,#1378,#2030,.T.);
#2028 = VERTEX_POINT('',#2029);
#2029 = CARTESIAN_POINT('',(-119.45,119.45,1.461166472061E-15));
#2030 = SURFACE_CURVE('',#2031,(#2035,#2042),.PCURVE_S1.);
#2031 = LINE('',#2032,#2033);
#2032 = CARTESIAN_POINT('',(-119.5875,119.45,0.1375));
#2033 = VECTOR('',#2034,1.);
#2034 = DIRECTION('',(-0.707106781187,2.411736831928E-15,0.707106781187)
  );
#2035 = PCURVE('',#1393,#2036);
#2036 = DEFINITIONAL_REPRESENTATION('',(#2037),#2041);
#2037 = LINE('',#2038,#2039);
#2038 = CARTESIAN_POINT('',(239.45,0.194454364827));
#2039 = VECTOR('',#2040,1.);
#2040 = DIRECTION('',(2.411736831928E-15,-1.));
#2041 = ( GEOMETRIC_REPRESENTATION_CONTEXT(2) 
PARAMETRIC_REPRESENTATION_CONTEXT() REPRESENTATION_CONTEXT('2D SPACE',''
  ) );
#2042 = PCURVE('',#1988,#2043);
#2043 = DEFINITIONAL_REPRESENTATION('',(#2044),#2048);
#2044 = LINE('',#2045,#2046);
#2045 = CARTESIAN_POINT('',(-9.722718241294E-02,0.168402419816));
#2046 = VECTOR('',#2047,1.);
#2047 = DIRECTION('',(-0.5,0.866025403784));
#2048 = ( GEOMETRIC_REPRESENTATION_CONTEXT(2) 
PARAMETRIC_REPRESENTATION_CONTEXT() REPRESENTATION_CONTEXT('2D SPACE',''
  ) );
#2049 = ORIENTED_EDGE('',*,*,#2050,.F.);
#2050 = EDGE_CURVE('',#2004,#2028,#2051,.T.);
#2051 = SURFACE_CURVE('',#2052,(#2056,#2063),.PCURVE_S1.);
#2052 = LINE('',#2053,#2054);
#2053 = CARTESIAN_POINT('',(-119.45,-120.,0.));
#2054 = VECTOR('',#2055,1.);
#2055 = DIRECTION('',(0.,1.,0.));
#2056 = PCURVE('',#1393,#2057);
#2057 = DEFINITIONAL_REPRESENTATION('',(#2058),#2062);
#2058 = LINE('',#2059,#2060);
#2059 = CARTESIAN_POINT('',(0.,0.388908729653));
#2060 = VECTOR('',#2061,1.);
#2061 = DIRECTION('',(1.,0.));
#2062 = ( GEOMETRIC_REPRESENTATION_CONTEXT(2) 
PARAMETRIC_REPRESENTATION_CONTEXT() REPRESENTATION_CONTEXT('2D SPACE',''
  ) );
#2063 = PCURVE('',#2064,#2069);
#2064 = PLANE('',#2065);
#2065 = AXIS2_PLACEMENT_3D('',#2066,#2067,#2068);
#2066 = CARTESIAN_POINT('',(-120.,-120.,0.));
#2067 = DIRECTION('',(0.,0.,1.));
#2068 = DIRECTION('',(1.,0.,0.));
#2069 = DEFINITIONAL_REPRESENTATION('',(#2070),#2074);
#2070 = LINE('',#2071,#2072);
#2071 = CARTESIAN_POINT('',(0.55,0.));
#2072 = VECTOR('',#2073,1.);
#2073 = DIRECTION('',(0.,1.));
#2074 = ( GEOMETRIC_REPRESENTATION_CONTEXT(2) 
PARAMETRIC_REPRESENTATION_CONTEXT() REPRESENTATION_CONTEXT('2D SPACE',''
  ) );
#2075 = ADVANCED_FACE('',(#2076),#1446,.F.);
#2076 = FACE_BOUND('',#2077,.F.);
#2077 = EDGE_LOOP('',(#2078,#2104,#2105,#2106));
#2078 = ORIENTED_EDGE('',*,*,#2079,.T.);
#2079 = EDGE_CURVE('',#1645,#1431,#2080,.T.);
#2080 = SURFACE_CURVE('',#2081,(#2085,#2092),.PCURVE_S1.);
#2081 = LINE('',#2082,#2083);
#2082 = CARTESIAN_POINT('',(119.8625,-119.5875,0.55));
#2083 = VECTOR('',#2084,1.);
#2084 = DIRECTION('',(-0.707106781187,-0.707106781187,1.660319068477E-14
    ));
#2085 = PCURVE('',#1446,#2086);
#2086 = DEFINITIONAL_REPRESENTATION('',(#2087),#2091);
#2087 = LINE('',#2088,#2089);
#2088 = CARTESIAN_POINT('',(0.55,0.194454364826));
#2089 = VECTOR('',#2090,1.);
#2090 = DIRECTION('',(1.660319068477E-14,-1.));
#2091 = ( GEOMETRIC_REPRESENTATION_CONTEXT(2) 
PARAMETRIC_REPRESENTATION_CONTEXT() REPRESENTATION_CONTEXT('2D SPACE',''
  ) );
#2092 = PCURVE('',#2093,#2098);
#2093 = PLANE('',#2094);
#2094 = AXIS2_PLACEMENT_3D('',#2095,#2096,#2097);
#2095 = CARTESIAN_POINT('',(120.,-119.45,0.55));
#2096 = DIRECTION('',(-0.57735026919,0.57735026919,0.57735026919));
#2097 = DIRECTION('',(8.564164149159E-18,0.707106781187,-0.707106781187)
  );
#2098 = DEFINITIONAL_REPRESENTATION('',(#2099),#2103);
#2099 = LINE('',#2100,#2101);
#2100 = CARTESIAN_POINT('',(-9.722718241315E-02,0.168402419816));
#2101 = VECTOR('',#2102,1.);
#2102 = DIRECTION('',(-0.5,0.866025403784));
#2103 = ( GEOMETRIC_REPRESENTATION_CONTEXT(2) 
PARAMETRIC_REPRESENTATION_CONTEXT() REPRESENTATION_CONTEXT('2D SPACE',''
  ) );
#2104 = ORIENTED_EDGE('',*,*,#1430,.T.);
#2105 = ORIENTED_EDGE('',*,*,#1511,.F.);
#2106 = ORIENTED_EDGE('',*,*,#1644,.F.);
#2107 = ADVANCED_FACE('',(#2108),#1474,.T.);
#2108 = FACE_BOUND('',#2109,.F.);
#2109 = EDGE_LOOP('',(#2110,#2131,#2132,#2155));
#2110 = ORIENTED_EDGE('',*,*,#2111,.T.);
#2111 = EDGE_CURVE('',#2004,#1459,#2112,.T.);
#2112 = SURFACE_CURVE('',#2113,(#2117,#2124),.PCURVE_S1.);
#2113 = LINE('',#2114,#2115);
#2114 = CARTESIAN_POINT('',(-119.45,-119.5875,0.1375));
#2115 = VECTOR('',#2116,1.);
#2116 = DIRECTION('',(1.532599256966E-14,-0.707106781187,0.707106781187)
  );
#2117 = PCURVE('',#1474,#2118);
#2118 = DEFINITIONAL_REPRESENTATION('',(#2119),#2123);
#2119 = LINE('',#2120,#2121);
#2120 = CARTESIAN_POINT('',(-0.55,0.194454364826));
#2121 = VECTOR('',#2122,1.);
#2122 = DIRECTION('',(-1.532599256966E-14,-1.));
#2123 = ( GEOMETRIC_REPRESENTATION_CONTEXT(2) 
PARAMETRIC_REPRESENTATION_CONTEXT() REPRESENTATION_CONTEXT('2D SPACE',''
  ) );
#2124 = PCURVE('',#1956,#2125);
#2125 = DEFINITIONAL_REPRESENTATION('',(#2126),#2130);
#2126 = LINE('',#2127,#2128);
#2127 = CARTESIAN_POINT('',(9.722718241314E-02,0.168402419816));
#2128 = VECTOR('',#2129,1.);
#2129 = DIRECTION('',(0.5,0.866025403784));
#2130 = ( GEOMETRIC_REPRESENTATION_CONTEXT(2) 
PARAMETRIC_REPRESENTATION_CONTEXT() REPRESENTATION_CONTEXT('2D SPACE',''
  ) );
#2131 = ORIENTED_EDGE('',*,*,#1458,.T.);
#2132 = ORIENTED_EDGE('',*,*,#2133,.T.);
#2133 = EDGE_CURVE('',#1431,#2134,#2136,.T.);
#2134 = VERTEX_POINT('',#2135);
#2135 = CARTESIAN_POINT('',(119.45,-119.45,4.440892098501E-16));
#2136 = SURFACE_CURVE('',#2137,(#2141,#2148),.PCURVE_S1.);
#2137 = LINE('',#2138,#2139);
#2138 = CARTESIAN_POINT('',(119.45,-119.725,0.275000000001));
#2139 = VECTOR('',#2140,1.);
#2140 = DIRECTION('',(1.468760642606E-14,0.707106781187,-0.707106781187)
  );
#2141 = PCURVE('',#1474,#2142);
#2142 = DEFINITIONAL_REPRESENTATION('',(#2143),#2147);
#2143 = LINE('',#2144,#2145);
#2144 = CARTESIAN_POINT('',(-239.45,-1.757954021365E-12));
#2145 = VECTOR('',#2146,1.);
#2146 = DIRECTION('',(-1.468760642606E-14,1.));
#2147 = ( GEOMETRIC_REPRESENTATION_CONTEXT(2) 
PARAMETRIC_REPRESENTATION_CONTEXT() REPRESENTATION_CONTEXT('2D SPACE',''
  ) );
#2148 = PCURVE('',#2093,#2149);
#2149 = DEFINITIONAL_REPRESENTATION('',(#2150),#2154);
#2150 = LINE('',#2151,#2152);
#2151 = CARTESIAN_POINT('',(-1.757668567835E-12,0.673609679265));
#2152 = VECTOR('',#2153,1.);
#2153 = DIRECTION('',(1.,-1.805294644497E-14));
#2154 = ( GEOMETRIC_REPRESENTATION_CONTEXT(2) 
PARAMETRIC_REPRESENTATION_CONTEXT() REPRESENTATION_CONTEXT('2D SPACE',''
  ) );
#2155 = ORIENTED_EDGE('',*,*,#2156,.F.);
#2156 = EDGE_CURVE('',#2004,#2134,#2157,.T.);
#2157 = SURFACE_CURVE('',#2158,(#2162,#2169),.PCURVE_S1.);
#2158 = LINE('',#2159,#2160);
#2159 = CARTESIAN_POINT('',(-120.,-119.45,0.));
#2160 = VECTOR('',#2161,1.);
#2161 = DIRECTION('',(1.,0.,0.));
#2162 = PCURVE('',#1474,#2163);
#2163 = DEFINITIONAL_REPRESENTATION('',(#2164),#2168);
#2164 = LINE('',#2165,#2166);
#2165 = CARTESIAN_POINT('',(-0.,0.388908729653));
#2166 = VECTOR('',#2167,1.);
#2167 = DIRECTION('',(-1.,0.));
#2168 = ( GEOMETRIC_REPRESENTATION_CONTEXT(2) 
PARAMETRIC_REPRESENTATION_CONTEXT() REPRESENTATION_CONTEXT('2D SPACE',''
  ) );
#2169 = PCURVE('',#2064,#2170);
#2170 = DEFINITIONAL_REPRESENTATION('',(#2171),#2175);
#2171 = LINE('',#2172,#2173);
#2172 = CARTESIAN_POINT('',(0.,0.55));
#2173 = VECTOR('',#2174,1.);
#2174 = DIRECTION('',(1.,0.));
#2175 = ( GEOMETRIC_REPRESENTATION_CONTEXT(2) 
PARAMETRIC_REPRESENTATION_CONTEXT() REPRESENTATION_CONTEXT('2D SPACE',''
  ) );
#2176 = ADVANCED_FACE('',(#2177),#1553,.T.);
#2177 = FACE_BOUND('',#2178,.T.);
#2178 = EDGE_LOOP('',(#2179,#2205,#2206,#2207));
#2179 = ORIENTED_EDGE('',*,*,#2180,.T.);
#2180 = EDGE_CURVE('',#1668,#1538,#2181,.T.);
#2181 = SURFACE_CURVE('',#2182,(#2186,#2193),.PCURVE_S1.);
#2182 = LINE('',#2183,#2184);
#2183 = CARTESIAN_POINT('',(119.8625,119.5875,0.55));
#2184 = VECTOR('',#2185,1.);
#2185 = DIRECTION('',(-0.707106781187,0.707106781187,1.56132048276E-14)
  );
#2186 = PCURVE('',#1553,#2187);
#2187 = DEFINITIONAL_REPRESENTATION('',(#2188),#2192);
#2188 = LINE('',#2189,#2190);
#2189 = CARTESIAN_POINT('',(0.55,0.194454364826));
#2190 = VECTOR('',#2191,1.);
#2191 = DIRECTION('',(1.56132048276E-14,-1.));
#2192 = ( GEOMETRIC_REPRESENTATION_CONTEXT(2) 
PARAMETRIC_REPRESENTATION_CONTEXT() REPRESENTATION_CONTEXT('2D SPACE',''
  ) );
#2193 = PCURVE('',#2194,#2199);
#2194 = PLANE('',#2195);
#2195 = AXIS2_PLACEMENT_3D('',#2196,#2197,#2198);
#2196 = CARTESIAN_POINT('',(120.,119.45,0.55));
#2197 = DIRECTION('',(0.57735026919,0.57735026919,-0.57735026919));
#2198 = DIRECTION('',(-2.302291526137E-17,-0.707106781187,
    -0.707106781187));
#2199 = DEFINITIONAL_REPRESENTATION('',(#2200),#2204);
#2200 = LINE('',#2201,#2202);
#2201 = CARTESIAN_POINT('',(-9.722718241313E-02,0.168402419816));
#2202 = VECTOR('',#2203,1.);
#2203 = DIRECTION('',(-0.5,0.866025403784));
#2204 = ( GEOMETRIC_REPRESENTATION_CONTEXT(2) 
PARAMETRIC_REPRESENTATION_CONTEXT() REPRESENTATION_CONTEXT('2D SPACE',''
  ) );
#2205 = ORIENTED_EDGE('',*,*,#1537,.T.);
#2206 = ORIENTED_EDGE('',*,*,#1618,.F.);
#2207 = ORIENTED_EDGE('',*,*,#1695,.F.);
#2208 = ADVANCED_FACE('',(#2209),#1581,.F.);
#2209 = FACE_BOUND('',#2210,.T.);
#2210 = EDGE_LOOP('',(#2211,#2232,#2233,#2256));
#2211 = ORIENTED_EDGE('',*,*,#2212,.T.);
#2212 = EDGE_CURVE('',#2028,#1566,#2213,.T.);
#2213 = SURFACE_CURVE('',#2214,(#2218,#2225),.PCURVE_S1.);
#2214 = LINE('',#2215,#2216);
#2215 = CARTESIAN_POINT('',(-119.45,119.5875,0.1375));
#2216 = VECTOR('',#2217,1.);
#2217 = DIRECTION('',(-3.393417890547E-15,0.707106781187,0.707106781187)
  );
#2218 = PCURVE('',#1581,#2219);
#2219 = DEFINITIONAL_REPRESENTATION('',(#2220),#2224);
#2220 = LINE('',#2221,#2222);
#2221 = CARTESIAN_POINT('',(-0.55,0.194454364826));
#2222 = VECTOR('',#2223,1.);
#2223 = DIRECTION('',(3.393417890547E-15,-1.));
#2224 = ( GEOMETRIC_REPRESENTATION_CONTEXT(2) 
PARAMETRIC_REPRESENTATION_CONTEXT() REPRESENTATION_CONTEXT('2D SPACE',''
  ) );
#2225 = PCURVE('',#1988,#2226);
#2226 = DEFINITIONAL_REPRESENTATION('',(#2227),#2231);
#2227 = LINE('',#2228,#2229);
#2228 = CARTESIAN_POINT('',(9.722718241316E-02,0.168402419816));
#2229 = VECTOR('',#2230,1.);
#2230 = DIRECTION('',(0.5,0.866025403784));
#2231 = ( GEOMETRIC_REPRESENTATION_CONTEXT(2) 
PARAMETRIC_REPRESENTATION_CONTEXT() REPRESENTATION_CONTEXT('2D SPACE',''
  ) );
#2232 = ORIENTED_EDGE('',*,*,#1565,.T.);
#2233 = ORIENTED_EDGE('',*,*,#2234,.T.);
#2234 = EDGE_CURVE('',#1538,#2235,#2237,.T.);
#2235 = VERTEX_POINT('',#2236);
#2236 = CARTESIAN_POINT('',(119.45,119.45,8.049116928532E-16));
#2237 = SURFACE_CURVE('',#2238,(#2242,#2249),.PCURVE_S1.);
#2238 = LINE('',#2239,#2240);
#2239 = CARTESIAN_POINT('',(119.45,119.725,0.275));
#2240 = VECTOR('',#2241,1.);
#2241 = DIRECTION('',(-4.184274441558E-15,-0.707106781187,
    -0.707106781187));
#2242 = PCURVE('',#1581,#2243);
#2243 = DEFINITIONAL_REPRESENTATION('',(#2244),#2248);
#2244 = LINE('',#2245,#2246);
#2245 = CARTESIAN_POINT('',(-239.45,5.043922023522E-13));
#2246 = VECTOR('',#2247,1.);
#2247 = DIRECTION('',(4.184274441558E-15,1.));
#2248 = ( GEOMETRIC_REPRESENTATION_CONTEXT(2) 
PARAMETRIC_REPRESENTATION_CONTEXT() REPRESENTATION_CONTEXT('2D SPACE',''
  ) );
#2249 = PCURVE('',#2194,#2250);
#2250 = DEFINITIONAL_REPRESENTATION('',(#2251),#2255);
#2251 = LINE('',#2252,#2253);
#2252 = CARTESIAN_POINT('',(4.999592255259E-13,0.673609679265));
#2253 = VECTOR('',#2254,1.);
#2254 = DIRECTION('',(1.,5.110983842669E-15));
#2255 = ( GEOMETRIC_REPRESENTATION_CONTEXT(2) 
PARAMETRIC_REPRESENTATION_CONTEXT() REPRESENTATION_CONTEXT('2D SPACE',''
  ) );
#2256 = ORIENTED_EDGE('',*,*,#2257,.F.);
#2257 = EDGE_CURVE('',#2028,#2235,#2258,.T.);
#2258 = SURFACE_CURVE('',#2259,(#2263,#2270),.PCURVE_S1.);
#2259 = LINE('',#2260,#2261);
#2260 = CARTESIAN_POINT('',(-120.,119.45,0.));
#2261 = VECTOR('',#2262,1.);
#2262 = DIRECTION('',(1.,0.,0.));
#2263 = PCURVE('',#1581,#2264);
#2264 = DEFINITIONAL_REPRESENTATION('',(#2265),#2269);
#2265 = LINE('',#2266,#2267);
#2266 = CARTESIAN_POINT('',(-0.,0.388908729653));
#2267 = VECTOR('',#2268,1.);
#2268 = DIRECTION('',(-1.,0.));
#2269 = ( GEOMETRIC_REPRESENTATION_CONTEXT(2) 
PARAMETRIC_REPRESENTATION_CONTEXT() REPRESENTATION_CONTEXT('2D SPACE',''
  ) );
#2270 = PCURVE('',#2064,#2271);
#2271 = DEFINITIONAL_REPRESENTATION('',(#2272),#2276);
#2272 = LINE('',#2273,#2274);
#2273 = CARTESIAN_POINT('',(0.,239.45));
#2274 = VECTOR('',#2275,1.);
#2275 = DIRECTION('',(1.,0.));
#2276 = ( GEOMETRIC_REPRESENTATION_CONTEXT(2) 
PARAMETRIC_REPRESENTATION_CONTEXT() REPRESENTATION_CONTEXT('2D SPACE',''
  ) );
#2277 = ADVANCED_FACE('',(#2278),#1683,.F.);
#2278 = FACE_BOUND('',#2279,.F.);
#2279 = EDGE_LOOP('',(#2280,#2301,#2302,#2323));
#2280 = ORIENTED_EDGE('',*,*,#2281,.F.);
#2281 = EDGE_CURVE('',#1645,#2134,#2282,.T.);
#2282 = SURFACE_CURVE('',#2283,(#2287,#2294),.PCURVE_S1.);
#2283 = LINE('',#2284,#2285);
#2284 = CARTESIAN_POINT('',(119.8625,-119.45,0.4125));
#2285 = VECTOR('',#2286,1.);
#2286 = DIRECTION('',(-0.707106781187,1.873015914325E-15,-0.707106781187
    ));
#2287 = PCURVE('',#1683,#2288);
#2288 = DEFINITIONAL_REPRESENTATION('',(#2289),#2293);
#2289 = LINE('',#2290,#2291);
#2290 = CARTESIAN_POINT('',(0.55,-0.194454364826));
#2291 = VECTOR('',#2292,1.);
#2292 = DIRECTION('',(1.873015914325E-15,1.));
#2293 = ( GEOMETRIC_REPRESENTATION_CONTEXT(2) 
PARAMETRIC_REPRESENTATION_CONTEXT() REPRESENTATION_CONTEXT('2D SPACE',''
  ) );
#2294 = PCURVE('',#2093,#2295);
#2295 = DEFINITIONAL_REPRESENTATION('',(#2296),#2300);
#2296 = LINE('',#2297,#2298);
#2297 = CARTESIAN_POINT('',(9.722718241314E-02,0.168402419816));
#2298 = VECTOR('',#2299,1.);
#2299 = DIRECTION('',(0.5,0.866025403784));
#2300 = ( GEOMETRIC_REPRESENTATION_CONTEXT(2) 
PARAMETRIC_REPRESENTATION_CONTEXT() REPRESENTATION_CONTEXT('2D SPACE',''
  ) );
#2301 = ORIENTED_EDGE('',*,*,#1667,.T.);
#2302 = ORIENTED_EDGE('',*,*,#2303,.T.);
#2303 = EDGE_CURVE('',#1668,#2235,#2304,.T.);
#2304 = SURFACE_CURVE('',#2305,(#2309,#2316),.PCURVE_S1.);
#2305 = LINE('',#2306,#2307);
#2306 = CARTESIAN_POINT('',(119.86249999999,119.45,0.412499999998));
#2307 = VECTOR('',#2308,1.);
#2308 = DIRECTION('',(-0.707106781187,-1.989088492032E-14,
    -0.707106781187));
#2309 = PCURVE('',#1683,#2310);
#2310 = DEFINITIONAL_REPRESENTATION('',(#2311),#2315);
#2311 = LINE('',#2312,#2313);
#2312 = CARTESIAN_POINT('',(239.45,-0.194454364824));
#2313 = VECTOR('',#2314,1.);
#2314 = DIRECTION('',(-1.989088492032E-14,1.));
#2315 = ( GEOMETRIC_REPRESENTATION_CONTEXT(2) 
PARAMETRIC_REPRESENTATION_CONTEXT() REPRESENTATION_CONTEXT('2D SPACE',''
  ) );
#2316 = PCURVE('',#2194,#2317);
#2317 = DEFINITIONAL_REPRESENTATION('',(#2318),#2322);
#2318 = LINE('',#2319,#2320);
#2319 = CARTESIAN_POINT('',(9.722718241438E-02,0.168402419818));
#2320 = VECTOR('',#2321,1.);
#2321 = DIRECTION('',(0.5,0.866025403784));
#2322 = ( GEOMETRIC_REPRESENTATION_CONTEXT(2) 
PARAMETRIC_REPRESENTATION_CONTEXT() REPRESENTATION_CONTEXT('2D SPACE',''
  ) );
#2323 = ORIENTED_EDGE('',*,*,#2324,.F.);
#2324 = EDGE_CURVE('',#2134,#2235,#2325,.T.);
#2325 = SURFACE_CURVE('',#2326,(#2330,#2337),.PCURVE_S1.);
#2326 = LINE('',#2327,#2328);
#2327 = CARTESIAN_POINT('',(119.45,-120.,0.));
#2328 = VECTOR('',#2329,1.);
#2329 = DIRECTION('',(0.,1.,0.));
#2330 = PCURVE('',#1683,#2331);
#2331 = DEFINITIONAL_REPRESENTATION('',(#2332),#2336);
#2332 = LINE('',#2333,#2334);
#2333 = CARTESIAN_POINT('',(0.,0.388908729653));
#2334 = VECTOR('',#2335,1.);
#2335 = DIRECTION('',(1.,0.));
#2336 = ( GEOMETRIC_REPRESENTATION_CONTEXT(2) 
PARAMETRIC_REPRESENTATION_CONTEXT() REPRESENTATION_CONTEXT('2D SPACE',''
  ) );
#2337 = PCURVE('',#2064,#2338);
#2338 = DEFINITIONAL_REPRESENTATION('',(#2339),#2343);
#2339 = LINE('',#2340,#2341);
#2340 = CARTESIAN_POINT('',(239.45,0.));
#2341 = VECTOR('',#2342,1.);
#2342 = DIRECTION('',(0.,1.));
#2343 = ( GEOMETRIC_REPRESENTATION_CONTEXT(2) 
PARAMETRIC_REPRESENTATION_CONTEXT() REPRESENTATION_CONTEXT('2D SPACE',''
  ) );
#2344 = ADVANCED_FACE('',(#2345),#1759,.F.);
#2345 = FACE_BOUND('',#2346,.T.);
#2346 = EDGE_LOOP('',(#2347,#2368,#2369,#2370));
#2347 = ORIENTED_EDGE('',*,*,#2348,.F.);
#2348 = EDGE_CURVE('',#1720,#2349,#2351,.T.);
#2349 = VERTEX_POINT('',#2350);
#2350 = CARTESIAN_POINT('',(-96.05,-100.,4.));
#2351 = SEAM_CURVE('',#2352,(#2356,#2362),.PCURVE_S1.);
#2352 = LINE('',#2353,#2354);
#2353 = CARTESIAN_POINT('',(-95.5,-100.,4.55));
#2354 = VECTOR('',#2355,1.);
#2355 = DIRECTION('',(-0.707106781187,-0.,-0.707106781187));
#2356 = PCURVE('',#1759,#2357);
#2357 = DEFINITIONAL_REPRESENTATION('',(#2358),#2361);
#2358 = B_SPLINE_CURVE_WITH_KNOTS('',1,(#2359,#2360),.UNSPECIFIED.,.F.,
  .F.,(2,2),(0.,0.777817459305),.PIECEWISE_BEZIER_KNOTS.);
#2359 = CARTESIAN_POINT('',(0.,0.));
#2360 = CARTESIAN_POINT('',(0.,-0.55));
#2361 = ( GEOMETRIC_REPRESENTATION_CONTEXT(2) 
PARAMETRIC_REPRESENTATION_CONTEXT() REPRESENTATION_CONTEXT('2D SPACE',''
  ) );
#2362 = PCURVE('',#1759,#2363);
#2363 = DEFINITIONAL_REPRESENTATION('',(#2364),#2367);
#2364 = B_SPLINE_CURVE_WITH_KNOTS('',1,(#2365,#2366),.UNSPECIFIED.,.F.,
  .F.,(2,2),(0.,0.777817459305),.PIECEWISE_BEZIER_KNOTS.);
#2365 = CARTESIAN_POINT('',(6.28318530718,0.));
#2366 = CARTESIAN_POINT('',(6.28318530718,-0.55));
#2367 = ( GEOMETRIC_REPRESENTATION_CONTEXT(2) 
PARAMETRIC_REPRESENTATION_CONTEXT() REPRESENTATION_CONTEXT('2D SPACE',''
  ) );
#2368 = ORIENTED_EDGE('',*,*,#1744,.T.);
#2369 = ORIENTED_EDGE('',*,*,#2348,.T.);
#2370 = ORIENTED_EDGE('',*,*,#2371,.F.);
#2371 = EDGE_CURVE('',#2349,#2349,#2372,.T.);
#2372 = SURFACE_CURVE('',#2373,(#2378,#2385),.PCURVE_S1.);
#2373 = CIRCLE('',#2374,3.95);
#2374 = AXIS2_PLACEMENT_3D('',#2375,#2376,#2377);
#2375 = CARTESIAN_POINT('',(-100.,-100.,4.));
#2376 = DIRECTION('',(0.,0.,1.));
#2377 = DIRECTION('',(1.,0.,-0.));
#2378 = PCURVE('',#1759,#2379);
#2379 = DEFINITIONAL_REPRESENTATION('',(#2380),#2384);
#2380 = LINE('',#2381,#2382);
#2381 = CARTESIAN_POINT('',(0.,-0.55));
#2382 = VECTOR('',#2383,1.);
#2383 = DIRECTION('',(1.,-0.));
#2384 = ( GEOMETRIC_REPRESENTATION_CONTEXT(2) 
PARAMETRIC_REPRESENTATION_CONTEXT() REPRESENTATION_CONTEXT('2D SPACE',''
  ) );
#2385 = PCURVE('',#2386,#2391);
#2386 = PLANE('',#2387);
#2387 = AXIS2_PLACEMENT_3D('',#2388,#2389,#2390);
#2388 = CARTESIAN_POINT('',(-100.,-100.,4.));
#2389 = DIRECTION('',(0.,0.,1.));
#2390 = DIRECTION('',(1.,0.,0.));
#2391 = DEFINITIONAL_REPRESENTATION('',(#2392),#2396);
#2392 = CIRCLE('',#2393,3.95);
#2393 = AXIS2_PLACEMENT_2D('',#2394,#2395);
#2394 = CARTESIAN_POINT('',(0.,0.));
#2395 = DIRECTION('',(1.,0.));
#2396 = ( GEOMETRIC_REPRESENTATION_CONTEXT(2) 
PARAMETRIC_REPRESENTATION_CONTEXT() REPRESENTATION_CONTEXT('2D SPACE',''
  ) );
#2397 = ADVANCED_FACE('',(#2398),#1814,.F.);
#2398 = FACE_BOUND('',#2399,.T.);
#2399 = EDGE_LOOP('',(#2400,#2421,#2422,#2423));
#2400 = ORIENTED_EDGE('',*,*,#2401,.F.);
#2401 = EDGE_CURVE('',#1775,#2402,#2404,.T.);
#2402 = VERTEX_POINT('',#2403);
#2403 = CARTESIAN_POINT('',(103.95,-100.,4.));
#2404 = SEAM_CURVE('',#2405,(#2409,#2415),.PCURVE_S1.);
#2405 = LINE('',#2406,#2407);
#2406 = CARTESIAN_POINT('',(104.5,-100.,4.55));
#2407 = VECTOR('',#2408,1.);
#2408 = DIRECTION('',(-0.707106781187,-0.,-0.707106781187));
#2409 = PCURVE('',#1814,#2410);
#2410 = DEFINITIONAL_REPRESENTATION('',(#2411),#2414);
#2411 = B_SPLINE_CURVE_WITH_KNOTS('',1,(#2412,#2413),.UNSPECIFIED.,.F.,
  .F.,(2,2),(0.,0.777817459305),.PIECEWISE_BEZIER_KNOTS.);
#2412 = CARTESIAN_POINT('',(0.,0.));
#2413 = CARTESIAN_POINT('',(0.,-0.55));
#2414 = ( GEOMETRIC_REPRESENTATION_CONTEXT(2) 
PARAMETRIC_REPRESENTATION_CONTEXT() REPRESENTATION_CONTEXT('2D SPACE',''
  ) );
#2415 = PCURVE('',#1814,#2416);
#2416 = DEFINITIONAL_REPRESENTATION('',(#2417),#2420);
#2417 = B_SPLINE_CURVE_WITH_KNOTS('',1,(#2418,#2419),.UNSPECIFIED.,.F.,
  .F.,(2,2),(0.,0.777817459305),.PIECEWISE_BEZIER_KNOTS.);
#2418 = CARTESIAN_POINT('',(6.28318530718,0.));
#2419 = CARTESIAN_POINT('',(6.28318530718,-0.55));
#2420 = ( GEOMETRIC_REPRESENTATION_CONTEXT(2) 
PARAMETRIC_REPRESENTATION_CONTEXT() REPRESENTATION_CONTEXT('2D SPACE',''
  ) );
#2421 = ORIENTED_EDGE('',*,*,#1799,.T.);
#2422 = ORIENTED_EDGE('',*,*,#2401,.T.);
#2423 = ORIENTED_EDGE('',*,*,#2424,.F.);
#2424 = EDGE_CURVE('',#2402,#2402,#2425,.T.);
#2425 = SURFACE_CURVE('',#2426,(#2431,#2438),.PCURVE_S1.);
#2426 = CIRCLE('',#2427,3.95);
#2427 = AXIS2_PLACEMENT_3D('',#2428,#2429,#2430);
#2428 = CARTESIAN_POINT('',(100.,-100.,4.));
#2429 = DIRECTION('',(0.,0.,1.));
#2430 = DIRECTION('',(1.,0.,-0.));
#2431 = PCURVE('',#1814,#2432);
#2432 = DEFINITIONAL_REPRESENTATION('',(#2433),#2437);
#2433 = LINE('',#2434,#2435);
#2434 = CARTESIAN_POINT('',(0.,-0.55));
#2435 = VECTOR('',#2436,1.);
#2436 = DIRECTION('',(1.,-0.));
#2437 = ( GEOMETRIC_REPRESENTATION_CONTEXT(2) 
PARAMETRIC_REPRESENTATION_CONTEXT() REPRESENTATION_CONTEXT('2D SPACE',''
  ) );
#2438 = PCURVE('',#2439,#2444);
#2439 = PLANE('',#2440);
#2440 = AXIS2_PLACEMENT_3D('',#2441,#2442,#2443);
#2441 = CARTESIAN_POINT('',(100.,-100.,4.));
#2442 = DIRECTION('',(0.,0.,1.));
#2443 = DIRECTION('',(1.,0.,0.));
#2444 = DEFINITIONAL_REPRESENTATION('',(#2445),#2449);
#2445 = CIRCLE('',#2446,3.95);
#2446 = AXIS2_PLACEMENT_2D('',#2447,#2448);
#2447 = CARTESIAN_POINT('',(0.,0.));
#2448 = DIRECTION('',(1.,0.));
#2449 = ( GEOMETRIC_REPRESENTATION_CONTEXT(2) 
PARAMETRIC_REPRESENTATION_CONTEXT() REPRESENTATION_CONTEXT('2D SPACE',''
  ) );
#2450 = ADVANCED_FACE('',(#2451),#1869,.F.);
#2451 = FACE_BOUND('',#2452,.T.);
#2452 = EDGE_LOOP('',(#2453,#2474,#2475,#2476));
#2453 = ORIENTED_EDGE('',*,*,#2454,.F.);
#2454 = EDGE_CURVE('',#1830,#2455,#2457,.T.);
#2455 = VERTEX_POINT('',#2456);
#2456 = CARTESIAN_POINT('',(-96.05,100.,4.));
#2457 = SEAM_CURVE('',#2458,(#2462,#2468),.PCURVE_S1.);
#2458 = LINE('',#2459,#2460);
#2459 = CARTESIAN_POINT('',(-95.5,100.,4.55));
#2460 = VECTOR('',#2461,1.);
#2461 = DIRECTION('',(-0.707106781187,-0.,-0.707106781187));
#2462 = PCURVE('',#1869,#2463);
#2463 = DEFINITIONAL_REPRESENTATION('',(#2464),#2467);
#2464 = B_SPLINE_CURVE_WITH_KNOTS('',1,(#2465,#2466),.UNSPECIFIED.,.F.,
  .F.,(2,2),(0.,0.777817459305),.PIECEWISE_BEZIER_KNOTS.);
#2465 = CARTESIAN_POINT('',(0.,0.));
#2466 = CARTESIAN_POINT('',(0.,-0.55));
#2467 = ( GEOMETRIC_REPRESENTATION_CONTEXT(2) 
PARAMETRIC_REPRESENTATION_CONTEXT() REPRESENTATION_CONTEXT('2D SPACE',''
  ) );
#2468 = PCURVE('',#1869,#2469);
#2469 = DEFINITIONAL_REPRESENTATION('',(#2470),#2473);
#2470 = B_SPLINE_CURVE_WITH_KNOTS('',1,(#2471,#2472),.UNSPECIFIED.,.F.,
  .F.,(2,2),(0.,0.777817459305),.PIECEWISE_BEZIER_KNOTS.);
#2471 = CARTESIAN_POINT('',(6.28318530718,0.));
#2472 = CARTESIAN_POINT('',(6.28318530718,-0.55));
#2473 = ( GEOMETRIC_REPRESENTATION_CONTEXT(2) 
PARAMETRIC_REPRESENTATION_CONTEXT() REPRESENTATION_CONTEXT('2D SPACE',''
  ) );
#2474 = ORIENTED_EDGE('',*,*,#1854,.T.);
#2475 = ORIENTED_EDGE('',*,*,#2454,.T.);
#2476 = ORIENTED_EDGE('',*,*,#2477,.F.);
#2477 = EDGE_CURVE('',#2455,#2455,#2478,.T.);
#2478 = SURFACE_CURVE('',#2479,(#2484,#2491),.PCURVE_S1.);
#2479 = CIRCLE('',#2480,3.95);
#2480 = AXIS2_PLACEMENT_3D('',#2481,#2482,#2483);
#2481 = CARTESIAN_POINT('',(-100.,100.,4.));
#2482 = DIRECTION('',(0.,0.,1.));
#2483 = DIRECTION('',(1.,0.,-0.));
#2484 = PCURVE('',#1869,#2485);
#2485 = DEFINITIONAL_REPRESENTATION('',(#2486),#2490);
#2486 = LINE('',#2487,#2488);
#2487 = CARTESIAN_POINT('',(0.,-0.55));
#2488 = VECTOR('',#2489,1.);
#2489 = DIRECTION('',(1.,-0.));
#2490 = ( GEOMETRIC_REPRESENTATION_CONTEXT(2) 
PARAMETRIC_REPRESENTATION_CONTEXT() REPRESENTATION_CONTEXT('2D SPACE',''
  ) );
#2491 = PCURVE('',#2492,#2497);
#2492 = PLANE('',#2493);
#2493 = AXIS2_PLACEMENT_3D('',#2494,#2495,#2496);
#2494 = CARTESIAN_POINT('',(-100.,100.,4.));
#2495 = DIRECTION('',(0.,0.,1.));
#2496 = DIRECTION('',(1.,0.,0.));
#2497 = DEFINITIONAL_REPRESENTATION('',(#2498),#2502);
#2498 = CIRCLE('',#2499,3.95);
#2499 = AXIS2_PLACEMENT_2D('',#2500,#2501);
#2500 = CARTESIAN_POINT('',(0.,0.));
#2501 = DIRECTION('',(1.,0.));
#2502 = ( GEOMETRIC_REPRESENTATION_CONTEXT(2) 
PARAMETRIC_REPRESENTATION_CONTEXT() REPRESENTATION_CONTEXT('2D SPACE',''
  ) );
#2503 = ADVANCED_FACE('',(#2504),#1924,.F.);
#2504 = FACE_BOUND('',#2505,.T.);
#2505 = EDGE_LOOP('',(#2506,#2527,#2528,#2529));
#2506 = ORIENTED_EDGE('',*,*,#2507,.F.);
#2507 = EDGE_CURVE('',#1885,#2508,#2510,.T.);
#2508 = VERTEX_POINT('',#2509);
#2509 = CARTESIAN_POINT('',(103.95,100.,4.));
#2510 = SEAM_CURVE('',#2511,(#2515,#2521),.PCURVE_S1.);
#2511 = LINE('',#2512,#2513);
#2512 = CARTESIAN_POINT('',(104.5,100.,4.55));
#2513 = VECTOR('',#2514,1.);
#2514 = DIRECTION('',(-0.707106781187,-0.,-0.707106781187));
#2515 = PCURVE('',#1924,#2516);
#2516 = DEFINITIONAL_REPRESENTATION('',(#2517),#2520);
#2517 = B_SPLINE_CURVE_WITH_KNOTS('',1,(#2518,#2519),.UNSPECIFIED.,.F.,
  .F.,(2,2),(0.,0.777817459305),.PIECEWISE_BEZIER_KNOTS.);
#2518 = CARTESIAN_POINT('',(0.,0.));
#2519 = CARTESIAN_POINT('',(0.,-0.55));
#2520 = ( GEOMETRIC_REPRESENTATION_CONTEXT(2) 
PARAMETRIC_REPRESENTATION_CONTEXT() REPRESENTATION_CONTEXT('2D SPACE',''
  ) );
#2521 = PCURVE('',#1924,#2522);
#2522 = DEFINITIONAL_REPRESENTATION('',(#2523),#2526);
#2523 = B_SPLINE_CURVE_WITH_KNOTS('',1,(#2524,#2525),.UNSPECIFIED.,.F.,
  .F.,(2,2),(0.,0.777817459305),.PIECEWISE_BEZIER_KNOTS.);
#2524 = CARTESIAN_POINT('',(6.28318530718,0.));
#2525 = CARTESIAN_POINT('',(6.28318530718,-0.55));
#2526 = ( GEOMETRIC_REPRESENTATION_CONTEXT(2) 
PARAMETRIC_REPRESENTATION_CONTEXT() REPRESENTATION_CONTEXT('2D SPACE',''
  ) );
#2527 = ORIENTED_EDGE('',*,*,#1909,.T.);
#2528 = ORIENTED_EDGE('',*,*,#2507,.T.);
#2529 = ORIENTED_EDGE('',*,*,#2530,.F.);
#2530 = EDGE_CURVE('',#2508,#2508,#2531,.T.);
#2531 = SURFACE_CURVE('',#2532,(#2537,#2544),.PCURVE_S1.);
#2532 = CIRCLE('',#2533,3.95);
#2533 = AXIS2_PLACEMENT_3D('',#2534,#2535,#2536);
#2534 = CARTESIAN_POINT('',(100.,100.,4.));
#2535 = DIRECTION('',(0.,0.,1.));
#2536 = DIRECTION('',(1.,0.,-0.));
#2537 = PCURVE('',#1924,#2538);
#2538 = DEFINITIONAL_REPRESENTATION('',(#2539),#2543);
#2539 = LINE('',#2540,#2541);
#2540 = CARTESIAN_POINT('',(0.,-0.55));
#2541 = VECTOR('',#2542,1.);
#2542 = DIRECTION('',(1.,-0.));
#2543 = ( GEOMETRIC_REPRESENTATION_CONTEXT(2) 
PARAMETRIC_REPRESENTATION_CONTEXT() REPRESENTATION_CONTEXT('2D SPACE',''
  ) );
#2544 = PCURVE('',#2545,#2550);
#2545 = PLANE('',#2546);
#2546 = AXIS2_PLACEMENT_3D('',#2547,#2548,#2549);
#2547 = CARTESIAN_POINT('',(100.,100.,4.));
#2548 = DIRECTION('',(0.,0.,1.));
#2549 = DIRECTION('',(1.,0.,0.));
#2550 = DEFINITIONAL_REPRESENTATION('',(#2551),#2555);
#2551 = CIRCLE('',#2552,3.95);
#2552 = AXIS2_PLACEMENT_2D('',#2553,#2554);
#2553 = CARTESIAN_POINT('',(0.,0.));
#2554 = DIRECTION('',(1.,0.));
#2555 = ( GEOMETRIC_REPRESENTATION_CONTEXT(2) 
PARAMETRIC_REPRESENTATION_CONTEXT() REPRESENTATION_CONTEXT('2D SPACE',''
  ) );
#2556 = ADVANCED_FACE('',(#2557),#1956,.T.);
#2557 = FACE_BOUND('',#2558,.T.);
#2558 = EDGE_LOOP('',(#2559,#2560,#2561));
#2559 = ORIENTED_EDGE('',*,*,#2003,.F.);
#2560 = ORIENTED_EDGE('',*,*,#2111,.T.);
#2561 = ORIENTED_EDGE('',*,*,#1942,.F.);
#2562 = ADVANCED_FACE('',(#2563),#1988,.F.);
#2563 = FACE_BOUND('',#2564,.F.);
#2564 = EDGE_LOOP('',(#2565,#2566,#2567));
#2565 = ORIENTED_EDGE('',*,*,#2027,.F.);
#2566 = ORIENTED_EDGE('',*,*,#2212,.T.);
#2567 = ORIENTED_EDGE('',*,*,#1974,.F.);
#2568 = ADVANCED_FACE('',(#2569,#2575,#2606,#2637,#2668,#2699),#2064,.F.
  );
#2569 = FACE_BOUND('',#2570,.F.);
#2570 = EDGE_LOOP('',(#2571,#2572,#2573,#2574));
#2571 = ORIENTED_EDGE('',*,*,#2050,.F.);
#2572 = ORIENTED_EDGE('',*,*,#2156,.T.);
#2573 = ORIENTED_EDGE('',*,*,#2324,.T.);
#2574 = ORIENTED_EDGE('',*,*,#2257,.F.);
#2575 = FACE_BOUND('',#2576,.F.);
#2576 = EDGE_LOOP('',(#2577));
#2577 = ORIENTED_EDGE('',*,*,#2578,.F.);
#2578 = EDGE_CURVE('',#2579,#2579,#2581,.T.);
#2579 = VERTEX_POINT('',#2580);
#2580 = CARTESIAN_POINT('',(-97.2,-100.,-1.443289932013E-15));
#2581 = SURFACE_CURVE('',#2582,(#2587,#2594),.PCURVE_S1.);
#2582 = CIRCLE('',#2583,2.8);
#2583 = AXIS2_PLACEMENT_3D('',#2584,#2585,#2586);
#2584 = CARTESIAN_POINT('',(-100.,-100.,0.));
#2585 = DIRECTION('',(0.,0.,1.));
#2586 = DIRECTION('',(1.,0.,-0.));
#2587 = PCURVE('',#2064,#2588);
#2588 = DEFINITIONAL_REPRESENTATION('',(#2589),#2593);
#2589 = CIRCLE('',#2590,2.8);
#2590 = AXIS2_PLACEMENT_2D('',#2591,#2592);
#2591 = CARTESIAN_POINT('',(20.,20.));
#2592 = DIRECTION('',(1.,0.));
#2593 = ( GEOMETRIC_REPRESENTATION_CONTEXT(2) 
PARAMETRIC_REPRESENTATION_CONTEXT() REPRESENTATION_CONTEXT('2D SPACE',''
  ) );
#2594 = PCURVE('',#2595,#2600);
#2595 = CONICAL_SURFACE('',#2596,2.25,0.785398163397);
#2596 = AXIS2_PLACEMENT_3D('',#2597,#2598,#2599);
#2597 = CARTESIAN_POINT('',(-100.,-100.,0.55));
#2598 = DIRECTION('',(-0.,-0.,-1.));
#2599 = DIRECTION('',(1.,0.,0.));
#2600 = DEFINITIONAL_REPRESENTATION('',(#2601),#2605);
#2601 = LINE('',#2602,#2603);
#2602 = CARTESIAN_POINT('',(0.,0.55));
#2603 = VECTOR('',#2604,1.);
#2604 = DIRECTION('',(-1.,-0.));
#2605 = ( GEOMETRIC_REPRESENTATION_CONTEXT(2) 
PARAMETRIC_REPRESENTATION_CONTEXT() REPRESENTATION_CONTEXT('2D SPACE',''
  ) );
#2606 = FACE_BOUND('',#2607,.F.);
#2607 = EDGE_LOOP('',(#2608));
#2608 = ORIENTED_EDGE('',*,*,#2609,.F.);
#2609 = EDGE_CURVE('',#2610,#2610,#2612,.T.);
#2610 = VERTEX_POINT('',#2611);
#2611 = CARTESIAN_POINT('',(102.8,-100.,-1.443289932013E-15));
#2612 = SURFACE_CURVE('',#2613,(#2618,#2625),.PCURVE_S1.);
#2613 = CIRCLE('',#2614,2.8);
#2614 = AXIS2_PLACEMENT_3D('',#2615,#2616,#2617);
#2615 = CARTESIAN_POINT('',(100.,-100.,0.));
#2616 = DIRECTION('',(0.,0.,1.));
#2617 = DIRECTION('',(1.,0.,-0.));
#2618 = PCURVE('',#2064,#2619);
#2619 = DEFINITIONAL_REPRESENTATION('',(#2620),#2624);
#2620 = CIRCLE('',#2621,2.8);
#2621 = AXIS2_PLACEMENT_2D('',#2622,#2623);
#2622 = CARTESIAN_POINT('',(220.,20.));
#2623 = DIRECTION('',(1.,0.));
#2624 = ( GEOMETRIC_REPRESENTATION_CONTEXT(2) 
PARAMETRIC_REPRESENTATION_CONTEXT() REPRESENTATION_CONTEXT('2D SPACE',''
  ) );
#2625 = PCURVE('',#2626,#2631);
#2626 = CONICAL_SURFACE('',#2627,2.25,0.785398163397);
#2627 = AXIS2_PLACEMENT_3D('',#2628,#2629,#2630);
#2628 = CARTESIAN_POINT('',(100.,-100.,0.55));
#2629 = DIRECTION('',(-0.,-0.,-1.));
#2630 = DIRECTION('',(1.,0.,0.));
#2631 = DEFINITIONAL_REPRESENTATION('',(#2632),#2636);
#2632 = LINE('',#2633,#2634);
#2633 = CARTESIAN_POINT('',(0.,0.55));
#2634 = VECTOR('',#2635,1.);
#2635 = DIRECTION('',(-1.,-0.));
#2636 = ( GEOMETRIC_REPRESENTATION_CONTEXT(2) 
PARAMETRIC_REPRESENTATION_CONTEXT() REPRESENTATION_CONTEXT('2D SPACE',''
  ) );
#2637 = FACE_BOUND('',#2638,.F.);
#2638 = EDGE_LOOP('',(#2639));
#2639 = ORIENTED_EDGE('',*,*,#2640,.F.);
#2640 = EDGE_CURVE('',#2641,#2641,#2643,.T.);
#2641 = VERTEX_POINT('',#2642);
#2642 = CARTESIAN_POINT('',(-97.2,100.,-1.443289932013E-15));
#2643 = SURFACE_CURVE('',#2644,(#2649,#2656),.PCURVE_S1.);
#2644 = CIRCLE('',#2645,2.8);
#2645 = AXIS2_PLACEMENT_3D('',#2646,#2647,#2648);
#2646 = CARTESIAN_POINT('',(-100.,100.,0.));
#2647 = DIRECTION('',(0.,0.,1.));
#2648 = DIRECTION('',(1.,0.,-0.));
#2649 = PCURVE('',#2064,#2650);
#2650 = DEFINITIONAL_REPRESENTATION('',(#2651),#2655);
#2651 = CIRCLE('',#2652,2.8);
#2652 = AXIS2_PLACEMENT_2D('',#2653,#2654);
#2653 = CARTESIAN_POINT('',(20.,220.));
#2654 = DIRECTION('',(1.,0.));
#2655 = ( GEOMETRIC_REPRESENTATION_CONTEXT(2) 
PARAMETRIC_REPRESENTATION_CONTEXT() REPRESENTATION_CONTEXT('2D SPACE',''
  ) );
#2656 = PCURVE('',#2657,#2662);
#2657 = CONICAL_SURFACE('',#2658,2.25,0.785398163397);
#2658 = AXIS2_PLACEMENT_3D('',#2659,#2660,#2661);
#2659 = CARTESIAN_POINT('',(-100.,100.,0.55));
#2660 = DIRECTION('',(-0.,-0.,-1.));
#2661 = DIRECTION('',(1.,0.,0.));
#2662 = DEFINITIONAL_REPRESENTATION('',(#2663),#2667);
#2663 = LINE('',#2664,#2665);
#2664 = CARTESIAN_POINT('',(0.,0.55));
#2665 = VECTOR('',#2666,1.);
#2666 = DIRECTION('',(-1.,-0.));
#2667 = ( GEOMETRIC_REPRESENTATION_CONTEXT(2) 
PARAMETRIC_REPRESENTATION_CONTEXT() REPRESENTATION_CONTEXT('2D SPACE',''
  ) );
#2668 = FACE_BOUND('',#2669,.F.);
#2669 = EDGE_LOOP('',(#2670));
#2670 = ORIENTED_EDGE('',*,*,#2671,.F.);
#2671 = EDGE_CURVE('',#2672,#2672,#2674,.T.);
#2672 = VERTEX_POINT('',#2673);
#2673 = CARTESIAN_POINT('',(102.8,100.,-1.443289932013E-15));
#2674 = SURFACE_CURVE('',#2675,(#2680,#2687),.PCURVE_S1.);
#2675 = CIRCLE('',#2676,2.8);
#2676 = AXIS2_PLACEMENT_3D('',#2677,#2678,#2679);
#2677 = CARTESIAN_POINT('',(100.,100.,0.));
#2678 = DIRECTION('',(0.,0.,1.));
#2679 = DIRECTION('',(1.,0.,-0.));
#2680 = PCURVE('',#2064,#2681);
#2681 = DEFINITIONAL_REPRESENTATION('',(#2682),#2686);
#2682 = CIRCLE('',#2683,2.8);
#2683 = AXIS2_PLACEMENT_2D('',#2684,#2685);
#2684 = CARTESIAN_POINT('',(220.,220.));
#2685 = DIRECTION('',(1.,0.));
#2686 = ( GEOMETRIC_REPRESENTATION_CONTEXT(2) 
PARAMETRIC_REPRESENTATION_CONTEXT() REPRESENTATION_CONTEXT('2D SPACE',''
  ) );
#2687 = PCURVE('',#2688,#2693);
#2688 = CONICAL_SURFACE('',#2689,2.25,0.785398163397);
#2689 = AXIS2_PLACEMENT_3D('',#2690,#2691,#2692);
#2690 = CARTESIAN_POINT('',(100.,100.,0.55));
#2691 = DIRECTION('',(-0.,-0.,-1.));
#2692 = DIRECTION('',(1.,0.,0.));
#2693 = DEFINITIONAL_REPRESENTATION('',(#2694),#2698);
#2694 = LINE('',#2695,#2696);
#2695 = CARTESIAN_POINT('',(0.,0.55));
#2696 = VECTOR('',#2697,1.);
#2697 = DIRECTION('',(-1.,-0.));
#2698 = ( GEOMETRIC_REPRESENTATION_CONTEXT(2) 
PARAMETRIC_REPRESENTATION_CONTEXT() REPRESENTATION_CONTEXT('2D SPACE',''
  ) );
#2699 = FACE_BOUND('',#2700,.F.);
#2700 = EDGE_LOOP('',(#2701));
#2701 = ORIENTED_EDGE('',*,*,#2702,.F.);
#2702 = EDGE_CURVE('',#2703,#2703,#2705,.T.);
#2703 = VERTEX_POINT('',#2704);
#2704 = CARTESIAN_POINT('',(107.05,0.,0.));
#2705 = SURFACE_CURVE('',#2706,(#2711,#2718),.PCURVE_S1.);
#2706 = CIRCLE('',#2707,107.05);
#2707 = AXIS2_PLACEMENT_3D('',#2708,#2709,#2710);
#2708 = CARTESIAN_POINT('',(0.,0.,0.));
#2709 = DIRECTION('',(0.,0.,1.));
#2710 = DIRECTION('',(1.,0.,-0.));
#2711 = PCURVE('',#2064,#2712);
#2712 = DEFINITIONAL_REPRESENTATION('',(#2713),#2717);
#2713 = CIRCLE('',#2714,107.05);
#2714 = AXIS2_PLACEMENT_2D('',#2715,#2716);
#2715 = CARTESIAN_POINT('',(120.,120.));
#2716 = DIRECTION('',(1.,0.));
#2717 = ( GEOMETRIC_REPRESENTATION_CONTEXT(2) 
PARAMETRIC_REPRESENTATION_CONTEXT() REPRESENTATION_CONTEXT('2D SPACE',''
  ) );
#2718 = PCURVE('',#2719,#2724);
#2719 = CONICAL_SURFACE('',#2720,106.5,0.785398163397);
#2720 = AXIS2_PLACEMENT_3D('',#2721,#2722,#2723);
#2721 = CARTESIAN_POINT('',(0.,0.,0.55));
#2722 = DIRECTION('',(-0.,-0.,-1.));
#2723 = DIRECTION('',(1.,0.,0.));
#2724 = DEFINITIONAL_REPRESENTATION('',(#2725),#2729);
#2725 = LINE('',#2726,#2727);
#2726 = CARTESIAN_POINT('',(0.,0.55));
#2727 = VECTOR('',#2728,1.);
#2728 = DIRECTION('',(-1.,-0.));
#2729 = ( GEOMETRIC_REPRESENTATION_CONTEXT(2) 
PARAMETRIC_REPRESENTATION_CONTEXT() REPRESENTATION_CONTEXT('2D SPACE',''
  ) );
#2730 = ADVANCED_FACE('',(#2731),#2093,.F.);
#2731 = FACE_BOUND('',#2732,.F.);
#2732 = EDGE_LOOP('',(#2733,#2734,#2735));
#2733 = ORIENTED_EDGE('',*,*,#2079,.F.);
#2734 = ORIENTED_EDGE('',*,*,#2281,.T.);
#2735 = ORIENTED_EDGE('',*,*,#2133,.F.);
#2736 = ADVANCED_FACE('',(#2737),#2194,.T.);
#2737 = FACE_BOUND('',#2738,.T.);
#2738 = EDGE_LOOP('',(#2739,#2740,#2741));
#2739 = ORIENTED_EDGE('',*,*,#2180,.F.);
#2740 = ORIENTED_EDGE('',*,*,#2303,.T.);
#2741 = ORIENTED_EDGE('',*,*,#2234,.F.);
#2742 = ADVANCED_FACE('',(#2743,#2746),#2386,.T.);
#2743 = FACE_BOUND('',#2744,.T.);
#2744 = EDGE_LOOP('',(#2745));
#2745 = ORIENTED_EDGE('',*,*,#2371,.T.);
#2746 = FACE_BOUND('',#2747,.T.);
#2747 = EDGE_LOOP('',(#2748));
#2748 = ORIENTED_EDGE('',*,*,#2749,.F.);
#2749 = EDGE_CURVE('',#2750,#2750,#2752,.T.);
#2750 = VERTEX_POINT('',#2751);
#2751 = CARTESIAN_POINT('',(-97.2,-100.,4.));
#2752 = SURFACE_CURVE('',#2753,(#2758,#2765),.PCURVE_S1.);
#2753 = CIRCLE('',#2754,2.8);
#2754 = AXIS2_PLACEMENT_3D('',#2755,#2756,#2757);
#2755 = CARTESIAN_POINT('',(-100.,-100.,4.));
#2756 = DIRECTION('',(0.,0.,1.));
#2757 = DIRECTION('',(1.,0.,-0.));
#2758 = PCURVE('',#2386,#2759);
#2759 = DEFINITIONAL_REPRESENTATION('',(#2760),#2764);
#2760 = CIRCLE('',#2761,2.8);
#2761 = AXIS2_PLACEMENT_2D('',#2762,#2763);
#2762 = CARTESIAN_POINT('',(0.,0.));
#2763 = DIRECTION('',(1.,0.));
#2764 = ( GEOMETRIC_REPRESENTATION_CONTEXT(2) 
PARAMETRIC_REPRESENTATION_CONTEXT() REPRESENTATION_CONTEXT('2D SPACE',''
  ) );
#2765 = PCURVE('',#2766,#2771);
#2766 = CONICAL_SURFACE('',#2767,2.25,0.785398163397);
#2767 = AXIS2_PLACEMENT_3D('',#2768,#2769,#2770);
#2768 = CARTESIAN_POINT('',(-100.,-100.,3.45));
#2769 = DIRECTION('',(0.,0.,1.));
#2770 = DIRECTION('',(1.,0.,-0.));
#2771 = DEFINITIONAL_REPRESENTATION('',(#2772),#2776);
#2772 = LINE('',#2773,#2774);
#2773 = CARTESIAN_POINT('',(-0.,0.55));
#2774 = VECTOR('',#2775,1.);
#2775 = DIRECTION('',(1.,-0.));
#2776 = ( GEOMETRIC_REPRESENTATION_CONTEXT(2) 
PARAMETRIC_REPRESENTATION_CONTEXT() REPRESENTATION_CONTEXT('2D SPACE',''
  ) );
#2777 = ADVANCED_FACE('',(#2778,#2781),#2439,.T.);
#2778 = FACE_BOUND('',#2779,.T.);
#2779 = EDGE_LOOP('',(#2780));
#2780 = ORIENTED_EDGE('',*,*,#2424,.T.);
#2781 = FACE_BOUND('',#2782,.T.);
#2782 = EDGE_LOOP('',(#2783));
#2783 = ORIENTED_EDGE('',*,*,#2784,.F.);
#2784 = EDGE_CURVE('',#2785,#2785,#2787,.T.);
#2785 = VERTEX_POINT('',#2786);
#2786 = CARTESIAN_POINT('',(102.8,-100.,4.));
#2787 = SURFACE_CURVE('',#2788,(#2793,#2800),.PCURVE_S1.);
#2788 = CIRCLE('',#2789,2.8);
#2789 = AXIS2_PLACEMENT_3D('',#2790,#2791,#2792);
#2790 = CARTESIAN_POINT('',(100.,-100.,4.));
#2791 = DIRECTION('',(0.,0.,1.));
#2792 = DIRECTION('',(1.,0.,-0.));
#2793 = PCURVE('',#2439,#2794);
#2794 = DEFINITIONAL_REPRESENTATION('',(#2795),#2799);
#2795 = CIRCLE('',#2796,2.8);
#2796 = AXIS2_PLACEMENT_2D('',#2797,#2798);
#2797 = CARTESIAN_POINT('',(0.,0.));
#2798 = DIRECTION('',(1.,0.));
#2799 = ( GEOMETRIC_REPRESENTATION_CONTEXT(2) 
PARAMETRIC_REPRESENTATION_CONTEXT() REPRESENTATION_CONTEXT('2D SPACE',''
  ) );
#2800 = PCURVE('',#2801,#2806);
#2801 = CONICAL_SURFACE('',#2802,2.25,0.785398163397);
#2802 = AXIS2_PLACEMENT_3D('',#2803,#2804,#2805);
#2803 = CARTESIAN_POINT('',(100.,-100.,3.45));
#2804 = DIRECTION('',(0.,0.,1.));
#2805 = DIRECTION('',(1.,0.,-0.));
#2806 = DEFINITIONAL_REPRESENTATION('',(#2807),#2811);
#2807 = LINE('',#2808,#2809);
#2808 = CARTESIAN_POINT('',(-0.,0.55));
#2809 = VECTOR('',#2810,1.);
#2810 = DIRECTION('',(1.,-0.));
#2811 = ( GEOMETRIC_REPRESENTATION_CONTEXT(2) 
PARAMETRIC_REPRESENTATION_CONTEXT() REPRESENTATION_CONTEXT('2D SPACE',''
  ) );
#2812 = ADVANCED_FACE('',(#2813,#2816),#2492,.T.);
#2813 = FACE_BOUND('',#2814,.T.);
#2814 = EDGE_LOOP('',(#2815));
#2815 = ORIENTED_EDGE('',*,*,#2477,.T.);
#2816 = FACE_BOUND('',#2817,.T.);
#2817 = EDGE_LOOP('',(#2818));
#2818 = ORIENTED_EDGE('',*,*,#2819,.F.);
#2819 = EDGE_CURVE('',#2820,#2820,#2822,.T.);
#2820 = VERTEX_POINT('',#2821);
#2821 = CARTESIAN_POINT('',(-97.2,100.,4.));
#2822 = SURFACE_CURVE('',#2823,(#2828,#2835),.PCURVE_S1.);
#2823 = CIRCLE('',#2824,2.8);
#2824 = AXIS2_PLACEMENT_3D('',#2825,#2826,#2827);
#2825 = CARTESIAN_POINT('',(-100.,100.,4.));
#2826 = DIRECTION('',(0.,0.,1.));
#2827 = DIRECTION('',(1.,0.,-0.));
#2828 = PCURVE('',#2492,#2829);
#2829 = DEFINITIONAL_REPRESENTATION('',(#2830),#2834);
#2830 = CIRCLE('',#2831,2.8);
#2831 = AXIS2_PLACEMENT_2D('',#2832,#2833);
#2832 = CARTESIAN_POINT('',(0.,0.));
#2833 = DIRECTION('',(1.,0.));
#2834 = ( GEOMETRIC_REPRESENTATION_CONTEXT(2) 
PARAMETRIC_REPRESENTATION_CONTEXT() REPRESENTATION_CONTEXT('2D SPACE',''
  ) );
#2835 = PCURVE('',#2836,#2841);
#2836 = CONICAL_SURFACE('',#2837,2.25,0.785398163397);
#2837 = AXIS2_PLACEMENT_3D('',#2838,#2839,#2840);
#2838 = CARTESIAN_POINT('',(-100.,100.,3.45));
#2839 = DIRECTION('',(0.,0.,1.));
#2840 = DIRECTION('',(1.,0.,-0.));
#2841 = DEFINITIONAL_REPRESENTATION('',(#2842),#2846);
#2842 = LINE('',#2843,#2844);
#2843 = CARTESIAN_POINT('',(-0.,0.55));
#2844 = VECTOR('',#2845,1.);
#2845 = DIRECTION('',(1.,-0.));
#2846 = ( GEOMETRIC_REPRESENTATION_CONTEXT(2) 
PARAMETRIC_REPRESENTATION_CONTEXT() REPRESENTATION_CONTEXT('2D SPACE',''
  ) );
#2847 = ADVANCED_FACE('',(#2848,#2851),#2545,.T.);
#2848 = FACE_BOUND('',#2849,.T.);
#2849 = EDGE_LOOP('',(#2850));
#2850 = ORIENTED_EDGE('',*,*,#2530,.T.);
#2851 = FACE_BOUND('',#2852,.T.);
#2852 = EDGE_LOOP('',(#2853));
#2853 = ORIENTED_EDGE('',*,*,#2854,.F.);
#2854 = EDGE_CURVE('',#2855,#2855,#2857,.T.);
#2855 = VERTEX_POINT('',#2856);
#2856 = CARTESIAN_POINT('',(102.8,100.,4.));
#2857 = SURFACE_CURVE('',#2858,(#2863,#2870),.PCURVE_S1.);
#2858 = CIRCLE('',#2859,2.8);
#2859 = AXIS2_PLACEMENT_3D('',#2860,#2861,#2862);
#2860 = CARTESIAN_POINT('',(100.,100.,4.));
#2861 = DIRECTION('',(0.,0.,1.));
#2862 = DIRECTION('',(1.,0.,-0.));
#2863 = PCURVE('',#2545,#2864);
#2864 = DEFINITIONAL_REPRESENTATION('',(#2865),#2869);
#2865 = CIRCLE('',#2866,2.8);
#2866 = AXIS2_PLACEMENT_2D('',#2867,#2868);
#2867 = CARTESIAN_POINT('',(0.,0.));
#2868 = DIRECTION('',(1.,0.));
#2869 = ( GEOMETRIC_REPRESENTATION_CONTEXT(2) 
PARAMETRIC_REPRESENTATION_CONTEXT() REPRESENTATION_CONTEXT('2D SPACE',''
  ) );
#2870 = PCURVE('',#2871,#2876);
#2871 = CONICAL_SURFACE('',#2872,2.25,0.785398163397);
#2872 = AXIS2_PLACEMENT_3D('',#2873,#2874,#2875);
#2873 = CARTESIAN_POINT('',(100.,100.,3.45));
#2874 = DIRECTION('',(0.,0.,1.));
#2875 = DIRECTION('',(1.,0.,-0.));
#2876 = DEFINITIONAL_REPRESENTATION('',(#2877),#2881);
#2877 = LINE('',#2878,#2879);
#2878 = CARTESIAN_POINT('',(-0.,0.55));
#2879 = VECTOR('',#2880,1.);
#2880 = DIRECTION('',(1.,-0.));
#2881 = ( GEOMETRIC_REPRESENTATION_CONTEXT(2) 
PARAMETRIC_REPRESENTATION_CONTEXT() REPRESENTATION_CONTEXT('2D SPACE',''
  ) );
#2882 = ADVANCED_FACE('',(#2883),#2595,.F.);
#2883 = FACE_BOUND('',#2884,.F.);
#2884 = EDGE_LOOP('',(#2885,#2906,#2907,#2908));
#2885 = ORIENTED_EDGE('',*,*,#2886,.F.);
#2886 = EDGE_CURVE('',#2579,#2887,#2889,.T.);
#2887 = VERTEX_POINT('',#2888);
#2888 = CARTESIAN_POINT('',(-97.75,-100.,0.55));
#2889 = SEAM_CURVE('',#2890,(#2894,#2900),.PCURVE_S1.);
#2890 = LINE('',#2891,#2892);
#2891 = CARTESIAN_POINT('',(-97.75,-100.,0.55));
#2892 = VECTOR('',#2893,1.);
#2893 = DIRECTION('',(-0.707106781187,0.,0.707106781187));
#2894 = PCURVE('',#2595,#2895);
#2895 = DEFINITIONAL_REPRESENTATION('',(#2896),#2899);
#2896 = B_SPLINE_CURVE_WITH_KNOTS('',1,(#2897,#2898),.UNSPECIFIED.,.F.,
  .F.,(2,2),(-0.777817459305,0.),.PIECEWISE_BEZIER_KNOTS.);
#2897 = CARTESIAN_POINT('',(0.,0.55));
#2898 = CARTESIAN_POINT('',(0.,0.));
#2899 = ( GEOMETRIC_REPRESENTATION_CONTEXT(2) 
PARAMETRIC_REPRESENTATION_CONTEXT() REPRESENTATION_CONTEXT('2D SPACE',''
  ) );
#2900 = PCURVE('',#2595,#2901);
#2901 = DEFINITIONAL_REPRESENTATION('',(#2902),#2905);
#2902 = B_SPLINE_CURVE_WITH_KNOTS('',1,(#2903,#2904),.UNSPECIFIED.,.F.,
  .F.,(2,2),(-0.777817459305,0.),.PIECEWISE_BEZIER_KNOTS.);
#2903 = CARTESIAN_POINT('',(-6.28318530718,0.55));
#2904 = CARTESIAN_POINT('',(-6.28318530718,0.));
#2905 = ( GEOMETRIC_REPRESENTATION_CONTEXT(2) 
PARAMETRIC_REPRESENTATION_CONTEXT() REPRESENTATION_CONTEXT('2D SPACE',''
  ) );
#2906 = ORIENTED_EDGE('',*,*,#2578,.T.);
#2907 = ORIENTED_EDGE('',*,*,#2886,.T.);
#2908 = ORIENTED_EDGE('',*,*,#2909,.F.);
#2909 = EDGE_CURVE('',#2887,#2887,#2910,.T.);
#2910 = SURFACE_CURVE('',#2911,(#2916,#2923),.PCURVE_S1.);
#2911 = CIRCLE('',#2912,2.25);
#2912 = AXIS2_PLACEMENT_3D('',#2913,#2914,#2915);
#2913 = CARTESIAN_POINT('',(-100.,-100.,0.55));
#2914 = DIRECTION('',(0.,0.,1.));
#2915 = DIRECTION('',(1.,0.,-0.));
#2916 = PCURVE('',#2595,#2917);
#2917 = DEFINITIONAL_REPRESENTATION('',(#2918),#2922);
#2918 = LINE('',#2919,#2920);
#2919 = CARTESIAN_POINT('',(-0.,-0.));
#2920 = VECTOR('',#2921,1.);
#2921 = DIRECTION('',(-1.,-0.));
#2922 = ( GEOMETRIC_REPRESENTATION_CONTEXT(2) 
PARAMETRIC_REPRESENTATION_CONTEXT() REPRESENTATION_CONTEXT('2D SPACE',''
  ) );
#2923 = PCURVE('',#2924,#2929);
#2924 = CYLINDRICAL_SURFACE('',#2925,2.25);
#2925 = AXIS2_PLACEMENT_3D('',#2926,#2927,#2928);
#2926 = CARTESIAN_POINT('',(-100.,-100.,-3.));
#2927 = DIRECTION('',(0.,0.,1.));
#2928 = DIRECTION('',(1.,0.,0.));
#2929 = DEFINITIONAL_REPRESENTATION('',(#2930),#2934);
#2930 = LINE('',#2931,#2932);
#2931 = CARTESIAN_POINT('',(0.,3.55));
#2932 = VECTOR('',#2933,1.);
#2933 = DIRECTION('',(1.,0.));
#2934 = ( GEOMETRIC_REPRESENTATION_CONTEXT(2) 
PARAMETRIC_REPRESENTATION_CONTEXT() REPRESENTATION_CONTEXT('2D SPACE',''
  ) );
#2935 = ADVANCED_FACE('',(#2936),#2626,.F.);
#2936 = FACE_BOUND('',#2937,.F.);
#2937 = EDGE_LOOP('',(#2938,#2959,#2960,#2961));
#2938 = ORIENTED_EDGE('',*,*,#2939,.F.);
#2939 = EDGE_CURVE('',#2610,#2940,#2942,.T.);
#2940 = VERTEX_POINT('',#2941);
#2941 = CARTESIAN_POINT('',(102.25,-100.,0.55));
#2942 = SEAM_CURVE('',#2943,(#2947,#2953),.PCURVE_S1.);
#2943 = LINE('',#2944,#2945);
#2944 = CARTESIAN_POINT('',(102.25,-100.,0.55));
#2945 = VECTOR('',#2946,1.);
#2946 = DIRECTION('',(-0.707106781187,0.,0.707106781187));
#2947 = PCURVE('',#2626,#2948);
#2948 = DEFINITIONAL_REPRESENTATION('',(#2949),#2952);
#2949 = B_SPLINE_CURVE_WITH_KNOTS('',1,(#2950,#2951),.UNSPECIFIED.,.F.,
  .F.,(2,2),(-0.777817459305,0.),.PIECEWISE_BEZIER_KNOTS.);
#2950 = CARTESIAN_POINT('',(0.,0.55));
#2951 = CARTESIAN_POINT('',(0.,0.));
#2952 = ( GEOMETRIC_REPRESENTATION_CONTEXT(2) 
PARAMETRIC_REPRESENTATION_CONTEXT() REPRESENTATION_CONTEXT('2D SPACE',''
  ) );
#2953 = PCURVE('',#2626,#2954);
#2954 = DEFINITIONAL_REPRESENTATION('',(#2955),#2958);
#2955 = B_SPLINE_CURVE_WITH_KNOTS('',1,(#2956,#2957),.UNSPECIFIED.,.F.,
  .F.,(2,2),(-0.777817459305,0.),.PIECEWISE_BEZIER_KNOTS.);
#2956 = CARTESIAN_POINT('',(-6.28318530718,0.55));
#2957 = CARTESIAN_POINT('',(-6.28318530718,0.));
#2958 = ( GEOMETRIC_REPRESENTATION_CONTEXT(2) 
PARAMETRIC_REPRESENTATION_CONTEXT() REPRESENTATION_CONTEXT('2D SPACE',''
  ) );
#2959 = ORIENTED_EDGE('',*,*,#2609,.T.);
#2960 = ORIENTED_EDGE('',*,*,#2939,.T.);
#2961 = ORIENTED_EDGE('',*,*,#2962,.F.);
#2962 = EDGE_CURVE('',#2940,#2940,#2963,.T.);
#2963 = SURFACE_CURVE('',#2964,(#2969,#2976),.PCURVE_S1.);
#2964 = CIRCLE('',#2965,2.25);
#2965 = AXIS2_PLACEMENT_3D('',#2966,#2967,#2968);
#2966 = CARTESIAN_POINT('',(100.,-100.,0.55));
#2967 = DIRECTION('',(0.,0.,1.));
#2968 = DIRECTION('',(1.,0.,-0.));
#2969 = PCURVE('',#2626,#2970);
#2970 = DEFINITIONAL_REPRESENTATION('',(#2971),#2975);
#2971 = LINE('',#2972,#2973);
#2972 = CARTESIAN_POINT('',(-0.,-0.));
#2973 = VECTOR('',#2974,1.);
#2974 = DIRECTION('',(-1.,-0.));
#2975 = ( GEOMETRIC_REPRESENTATION_CONTEXT(2) 
PARAMETRIC_REPRESENTATION_CONTEXT() REPRESENTATION_CONTEXT('2D SPACE',''
  ) );
#2976 = PCURVE('',#2977,#2982);
#2977 = CYLINDRICAL_SURFACE('',#2978,2.25);
#2978 = AXIS2_PLACEMENT_3D('',#2979,#2980,#2981);
#2979 = CARTESIAN_POINT('',(100.,-100.,-3.));
#2980 = DIRECTION('',(0.,0.,1.));
#2981 = DIRECTION('',(1.,0.,0.));
#2982 = DEFINITIONAL_REPRESENTATION('',(#2983),#2987);
#2983 = LINE('',#2984,#2985);
#2984 = CARTESIAN_POINT('',(0.,3.55));
#2985 = VECTOR('',#2986,1.);
#2986 = DIRECTION('',(1.,0.));
#2987 = ( GEOMETRIC_REPRESENTATION_CONTEXT(2) 
PARAMETRIC_REPRESENTATION_CONTEXT() REPRESENTATION_CONTEXT('2D SPACE',''
  ) );
#2988 = ADVANCED_FACE('',(#2989),#2657,.F.);
#2989 = FACE_BOUND('',#2990,.F.);
#2990 = EDGE_LOOP('',(#2991,#3012,#3013,#3014));
#2991 = ORIENTED_EDGE('',*,*,#2992,.F.);
#2992 = EDGE_CURVE('',#2641,#2993,#2995,.T.);
#2993 = VERTEX_POINT('',#2994);
#2994 = CARTESIAN_POINT('',(-97.75,100.,0.55));
#2995 = SEAM_CURVE('',#2996,(#3000,#3006),.PCURVE_S1.);
#2996 = LINE('',#2997,#2998);
#2997 = CARTESIAN_POINT('',(-97.75,100.,0.55));
#2998 = VECTOR('',#2999,1.);
#2999 = DIRECTION('',(-0.707106781187,0.,0.707106781187));
#3000 = PCURVE('',#2657,#3001);
#3001 = DEFINITIONAL_REPRESENTATION('',(#3002),#3005);
#3002 = B_SPLINE_CURVE_WITH_KNOTS('',1,(#3003,#3004),.UNSPECIFIED.,.F.,
  .F.,(2,2),(-0.777817459305,0.),.PIECEWISE_BEZIER_KNOTS.);
#3003 = CARTESIAN_POINT('',(0.,0.55));
#3004 = CARTESIAN_POINT('',(0.,0.));
#3005 = ( GEOMETRIC_REPRESENTATION_CONTEXT(2) 
PARAMETRIC_REPRESENTATION_CONTEXT() REPRESENTATION_CONTEXT('2D SPACE',''
  ) );
#3006 = PCURVE('',#2657,#3007);
#3007 = DEFINITIONAL_REPRESENTATION('',(#3008),#3011);
#3008 = B_SPLINE_CURVE_WITH_KNOTS('',1,(#3009,#3010),.UNSPECIFIED.,.F.,
  .F.,(2,2),(-0.777817459305,0.),.PIECEWISE_BEZIER_KNOTS.);
#3009 = CARTESIAN_POINT('',(-6.28318530718,0.55));
#3010 = CARTESIAN_POINT('',(-6.28318530718,0.));
#3011 = ( GEOMETRIC_REPRESENTATION_CONTEXT(2) 
PARAMETRIC_REPRESENTATION_CONTEXT() REPRESENTATION_CONTEXT('2D SPACE',''
  ) );
#3012 = ORIENTED_EDGE('',*,*,#2640,.T.);
#3013 = ORIENTED_EDGE('',*,*,#2992,.T.);
#3014 = ORIENTED_EDGE('',*,*,#3015,.F.);
#3015 = EDGE_CURVE('',#2993,#2993,#3016,.T.);
#3016 = SURFACE_CURVE('',#3017,(#3022,#3029),.PCURVE_S1.);
#3017 = CIRCLE('',#3018,2.25);
#3018 = AXIS2_PLACEMENT_3D('',#3019,#3020,#3021);
#3019 = CARTESIAN_POINT('',(-100.,100.,0.55));
#3020 = DIRECTION('',(0.,0.,1.));
#3021 = DIRECTION('',(1.,0.,-0.));
#3022 = PCURVE('',#2657,#3023);
#3023 = DEFINITIONAL_REPRESENTATION('',(#3024),#3028);
#3024 = LINE('',#3025,#3026);
#3025 = CARTESIAN_POINT('',(-0.,-0.));
#3026 = VECTOR('',#3027,1.);
#3027 = DIRECTION('',(-1.,-0.));
#3028 = ( GEOMETRIC_REPRESENTATION_CONTEXT(2) 
PARAMETRIC_REPRESENTATION_CONTEXT() REPRESENTATION_CONTEXT('2D SPACE',''
  ) );
#3029 = PCURVE('',#3030,#3035);
#3030 = CYLINDRICAL_SURFACE('',#3031,2.25);
#3031 = AXIS2_PLACEMENT_3D('',#3032,#3033,#3034);
#3032 = CARTESIAN_POINT('',(-100.,100.,-3.));
#3033 = DIRECTION('',(0.,0.,1.));
#3034 = DIRECTION('',(1.,0.,0.));
#3035 = DEFINITIONAL_REPRESENTATION('',(#3036),#3040);
#3036 = LINE('',#3037,#3038);
#3037 = CARTESIAN_POINT('',(0.,3.55));
#3038 = VECTOR('',#3039,1.);
#3039 = DIRECTION('',(1.,0.));
#3040 = ( GEOMETRIC_REPRESENTATION_CONTEXT(2) 
PARAMETRIC_REPRESENTATION_CONTEXT() REPRESENTATION_CONTEXT('2D SPACE',''
  ) );
#3041 = ADVANCED_FACE('',(#3042),#2688,.F.);
#3042 = FACE_BOUND('',#3043,.F.);
#3043 = EDGE_LOOP('',(#3044,#3065,#3066,#3067));
#3044 = ORIENTED_EDGE('',*,*,#3045,.F.);
#3045 = EDGE_CURVE('',#2672,#3046,#3048,.T.);
#3046 = VERTEX_POINT('',#3047);
#3047 = CARTESIAN_POINT('',(102.25,100.,0.55));
#3048 = SEAM_CURVE('',#3049,(#3053,#3059),.PCURVE_S1.);
#3049 = LINE('',#3050,#3051);
#3050 = CARTESIAN_POINT('',(102.25,100.,0.55));
#3051 = VECTOR('',#3052,1.);
#3052 = DIRECTION('',(-0.707106781187,0.,0.707106781187));
#3053 = PCURVE('',#2688,#3054);
#3054 = DEFINITIONAL_REPRESENTATION('',(#3055),#3058);
#3055 = B_SPLINE_CURVE_WITH_KNOTS('',1,(#3056,#3057),.UNSPECIFIED.,.F.,
  .F.,(2,2),(-0.777817459305,0.),.PIECEWISE_BEZIER_KNOTS.);
#3056 = CARTESIAN_POINT('',(0.,0.55));
#3057 = CARTESIAN_POINT('',(0.,0.));
#3058 = ( GEOMETRIC_REPRESENTATION_CONTEXT(2) 
PARAMETRIC_REPRESENTATION_CONTEXT() REPRESENTATION_CONTEXT('2D SPACE',''
  ) );
#3059 = PCURVE('',#2688,#3060);
#3060 = DEFINITIONAL_REPRESENTATION('',(#3061),#3064);
#3061 = B_SPLINE_CURVE_WITH_KNOTS('',1,(#3062,#3063),.UNSPECIFIED.,.F.,
  .F.,(2,2),(-0.777817459305,0.),.PIECEWISE_BEZIER_KNOTS.);
#3062 = CARTESIAN_POINT('',(-6.28318530718,0.55));
#3063 = CARTESIAN_POINT('',(-6.28318530718,0.));
#3064 = ( GEOMETRIC_REPRESENTATION_CONTEXT(2) 
PARAMETRIC_REPRESENTATION_CONTEXT() REPRESENTATION_CONTEXT('2D SPACE',''
  ) );
#3065 = ORIENTED_EDGE('',*,*,#2671,.T.);
#3066 = ORIENTED_EDGE('',*,*,#3045,.T.);
#3067 = ORIENTED_EDGE('',*,*,#3068,.F.);
#3068 = EDGE_CURVE('',#3046,#3046,#3069,.T.);
#3069 = SURFACE_CURVE('',#3070,(#3075,#3082),.PCURVE_S1.);
#3070 = CIRCLE('',#3071,2.25);
#3071 = AXIS2_PLACEMENT_3D('',#3072,#3073,#3074);
#3072 = CARTESIAN_POINT('',(100.,100.,0.55));
#3073 = DIRECTION('',(0.,0.,1.));
#3074 = DIRECTION('',(1.,0.,-0.));
#3075 = PCURVE('',#2688,#3076);
#3076 = DEFINITIONAL_REPRESENTATION('',(#3077),#3081);
#3077 = LINE('',#3078,#3079);
#3078 = CARTESIAN_POINT('',(-0.,-0.));
#3079 = VECTOR('',#3080,1.);
#3080 = DIRECTION('',(-1.,-0.));
#3081 = ( GEOMETRIC_REPRESENTATION_CONTEXT(2) 
PARAMETRIC_REPRESENTATION_CONTEXT() REPRESENTATION_CONTEXT('2D SPACE',''
  ) );
#3082 = PCURVE('',#3083,#3088);
#3083 = CYLINDRICAL_SURFACE('',#3084,2.25);
#3084 = AXIS2_PLACEMENT_3D('',#3085,#3086,#3087);
#3085 = CARTESIAN_POINT('',(100.,100.,-3.));
#3086 = DIRECTION('',(0.,0.,1.));
#3087 = DIRECTION('',(1.,0.,0.));
#3088 = DEFINITIONAL_REPRESENTATION('',(#3089),#3093);
#3089 = LINE('',#3090,#3091);
#3090 = CARTESIAN_POINT('',(0.,3.55));
#3091 = VECTOR('',#3092,1.);
#3092 = DIRECTION('',(1.,0.));
#3093 = ( GEOMETRIC_REPRESENTATION_CONTEXT(2) 
PARAMETRIC_REPRESENTATION_CONTEXT() REPRESENTATION_CONTEXT('2D SPACE',''
  ) );
#3094 = ADVANCED_FACE('',(#3095),#2719,.F.);
#3095 = FACE_BOUND('',#3096,.F.);
#3096 = EDGE_LOOP('',(#3097,#3118,#3119,#3120));
#3097 = ORIENTED_EDGE('',*,*,#3098,.F.);
#3098 = EDGE_CURVE('',#2703,#3099,#3101,.T.);
#3099 = VERTEX_POINT('',#3100);
#3100 = CARTESIAN_POINT('',(106.5,0.,0.55));
#3101 = SEAM_CURVE('',#3102,(#3106,#3112),.PCURVE_S1.);
#3102 = LINE('',#3103,#3104);
#3103 = CARTESIAN_POINT('',(106.5,0.,0.55));
#3104 = VECTOR('',#3105,1.);
#3105 = DIRECTION('',(-0.707106781187,0.,0.707106781187));
#3106 = PCURVE('',#2719,#3107);
#3107 = DEFINITIONAL_REPRESENTATION('',(#3108),#3111);
#3108 = B_SPLINE_CURVE_WITH_KNOTS('',1,(#3109,#3110),.UNSPECIFIED.,.F.,
  .F.,(2,2),(-0.777817459305,0.),.PIECEWISE_BEZIER_KNOTS.);
#3109 = CARTESIAN_POINT('',(0.,0.55));
#3110 = CARTESIAN_POINT('',(0.,0.));
#3111 = ( GEOMETRIC_REPRESENTATION_CONTEXT(2) 
PARAMETRIC_REPRESENTATION_CONTEXT() REPRESENTATION_CONTEXT('2D SPACE',''
  ) );
#3112 = PCURVE('',#2719,#3113);
#3113 = DEFINITIONAL_REPRESENTATION('',(#3114),#3117);
#3114 = B_SPLINE_CURVE_WITH_KNOTS('',1,(#3115,#3116),.UNSPECIFIED.,.F.,
  .F.,(2,2),(-0.777817459305,0.),.PIECEWISE_BEZIER_KNOTS.);
#3115 = CARTESIAN_POINT('',(-6.28318530718,0.55));
#3116 = CARTESIAN_POINT('',(-6.28318530718,0.));
#3117 = ( GEOMETRIC_REPRESENTATION_CONTEXT(2) 
PARAMETRIC_REPRESENTATION_CONTEXT() REPRESENTATION_CONTEXT('2D SPACE',''
  ) );
#3118 = ORIENTED_EDGE('',*,*,#2702,.T.);
#3119 = ORIENTED_EDGE('',*,*,#3098,.T.);
#3120 = ORIENTED_EDGE('',*,*,#3121,.F.);
#3121 = EDGE_CURVE('',#3099,#3099,#3122,.T.);
#3122 = SURFACE_CURVE('',#3123,(#3128,#3135),.PCURVE_S1.);
#3123 = CIRCLE('',#3124,106.5);
#3124 = AXIS2_PLACEMENT_3D('',#3125,#3126,#3127);
#3125 = CARTESIAN_POINT('',(0.,0.,0.55));
#3126 = DIRECTION('',(0.,0.,1.));
#3127 = DIRECTION('',(1.,0.,-0.));
#3128 = PCURVE('',#2719,#3129);
#3129 = DEFINITIONAL_REPRESENTATION('',(#3130),#3134);
#3130 = LINE('',#3131,#3132);
#3131 = CARTESIAN_POINT('',(-0.,-0.));
#3132 = VECTOR('',#3133,1.);
#3133 = DIRECTION('',(-1.,-0.));
#3134 = ( GEOMETRIC_REPRESENTATION_CONTEXT(2) 
PARAMETRIC_REPRESENTATION_CONTEXT() REPRESENTATION_CONTEXT('2D SPACE',''
  ) );
#3135 = PCURVE('',#3136,#3141);
#3136 = CYLINDRICAL_SURFACE('',#3137,106.5);
#3137 = AXIS2_PLACEMENT_3D('',#3138,#3139,#3140);
#3138 = CARTESIAN_POINT('',(0.,0.,-2.));
#3139 = DIRECTION('',(0.,0.,1.));
#3140 = DIRECTION('',(1.,0.,0.));
#3141 = DEFINITIONAL_REPRESENTATION('',(#3142),#3146);
#3142 = LINE('',#3143,#3144);
#3143 = CARTESIAN_POINT('',(0.,2.55));
#3144 = VECTOR('',#3145,1.);
#3145 = DIRECTION('',(1.,0.));
#3146 = ( GEOMETRIC_REPRESENTATION_CONTEXT(2) 
PARAMETRIC_REPRESENTATION_CONTEXT() REPRESENTATION_CONTEXT('2D SPACE',''
  ) );
#3147 = ADVANCED_FACE('',(#3148),#2766,.F.);
#3148 = FACE_BOUND('',#3149,.T.);
#3149 = EDGE_LOOP('',(#3150,#3171,#3172,#3173));
#3150 = ORIENTED_EDGE('',*,*,#3151,.F.);
#3151 = EDGE_CURVE('',#2750,#3152,#3154,.T.);
#3152 = VERTEX_POINT('',#3153);
#3153 = CARTESIAN_POINT('',(-97.75,-100.,3.45));
#3154 = SEAM_CURVE('',#3155,(#3159,#3165),.PCURVE_S1.);
#3155 = LINE('',#3156,#3157);
#3156 = CARTESIAN_POINT('',(-97.75,-100.,3.45));
#3157 = VECTOR('',#3158,1.);
#3158 = DIRECTION('',(-0.707106781187,-0.,-0.707106781187));
#3159 = PCURVE('',#2766,#3160);
#3160 = DEFINITIONAL_REPRESENTATION('',(#3161),#3164);
#3161 = B_SPLINE_CURVE_WITH_KNOTS('',1,(#3162,#3163),.UNSPECIFIED.,.F.,
  .F.,(2,2),(-0.777817459305,0.),.PIECEWISE_BEZIER_KNOTS.);
#3162 = CARTESIAN_POINT('',(0.,0.55));
#3163 = CARTESIAN_POINT('',(0.,0.));
#3164 = ( GEOMETRIC_REPRESENTATION_CONTEXT(2) 
PARAMETRIC_REPRESENTATION_CONTEXT() REPRESENTATION_CONTEXT('2D SPACE',''
  ) );
#3165 = PCURVE('',#2766,#3166);
#3166 = DEFINITIONAL_REPRESENTATION('',(#3167),#3170);
#3167 = B_SPLINE_CURVE_WITH_KNOTS('',1,(#3168,#3169),.UNSPECIFIED.,.F.,
  .F.,(2,2),(-0.777817459305,0.),.PIECEWISE_BEZIER_KNOTS.);
#3168 = CARTESIAN_POINT('',(6.28318530718,0.55));
#3169 = CARTESIAN_POINT('',(6.28318530718,0.));
#3170 = ( GEOMETRIC_REPRESENTATION_CONTEXT(2) 
PARAMETRIC_REPRESENTATION_CONTEXT() REPRESENTATION_CONTEXT('2D SPACE',''
  ) );
#3171 = ORIENTED_EDGE('',*,*,#2749,.T.);
#3172 = ORIENTED_EDGE('',*,*,#3151,.T.);
#3173 = ORIENTED_EDGE('',*,*,#3174,.F.);
#3174 = EDGE_CURVE('',#3152,#3152,#3175,.T.);
#3175 = SURFACE_CURVE('',#3176,(#3181,#3188),.PCURVE_S1.);
#3176 = CIRCLE('',#3177,2.25);
#3177 = AXIS2_PLACEMENT_3D('',#3178,#3179,#3180);
#3178 = CARTESIAN_POINT('',(-100.,-100.,3.45));
#3179 = DIRECTION('',(0.,0.,1.));
#3180 = DIRECTION('',(1.,0.,-0.));
#3181 = PCURVE('',#2766,#3182);
#3182 = DEFINITIONAL_REPRESENTATION('',(#3183),#3187);
#3183 = LINE('',#3184,#3185);
#3184 = CARTESIAN_POINT('',(0.,-0.));
#3185 = VECTOR('',#3186,1.);
#3186 = DIRECTION('',(1.,-0.));
#3187 = ( GEOMETRIC_REPRESENTATION_CONTEXT(2) 
PARAMETRIC_REPRESENTATION_CONTEXT() REPRESENTATION_CONTEXT('2D SPACE',''
  ) );
#3188 = PCURVE('',#2924,#3189);
#3189 = DEFINITIONAL_REPRESENTATION('',(#3190),#3194);
#3190 = LINE('',#3191,#3192);
#3191 = CARTESIAN_POINT('',(0.,6.45));
#3192 = VECTOR('',#3193,1.);
#3193 = DIRECTION('',(1.,0.));
#3194 = ( GEOMETRIC_REPRESENTATION_CONTEXT(2) 
PARAMETRIC_REPRESENTATION_CONTEXT() REPRESENTATION_CONTEXT('2D SPACE',''
  ) );
#3195 = ADVANCED_FACE('',(#3196),#2801,.F.);
#3196 = FACE_BOUND('',#3197,.T.);
#3197 = EDGE_LOOP('',(#3198,#3219,#3220,#3221));
#3198 = ORIENTED_EDGE('',*,*,#3199,.F.);
#3199 = EDGE_CURVE('',#2785,#3200,#3202,.T.);
#3200 = VERTEX_POINT('',#3201);
#3201 = CARTESIAN_POINT('',(102.25,-100.,3.45));
#3202 = SEAM_CURVE('',#3203,(#3207,#3213),.PCURVE_S1.);
#3203 = LINE('',#3204,#3205);
#3204 = CARTESIAN_POINT('',(102.25,-100.,3.45));
#3205 = VECTOR('',#3206,1.);
#3206 = DIRECTION('',(-0.707106781187,-0.,-0.707106781187));
#3207 = PCURVE('',#2801,#3208);
#3208 = DEFINITIONAL_REPRESENTATION('',(#3209),#3212);
#3209 = B_SPLINE_CURVE_WITH_KNOTS('',1,(#3210,#3211),.UNSPECIFIED.,.F.,
  .F.,(2,2),(-0.777817459305,0.),.PIECEWISE_BEZIER_KNOTS.);
#3210 = CARTESIAN_POINT('',(0.,0.55));
#3211 = CARTESIAN_POINT('',(0.,0.));
#3212 = ( GEOMETRIC_REPRESENTATION_CONTEXT(2) 
PARAMETRIC_REPRESENTATION_CONTEXT() REPRESENTATION_CONTEXT('2D SPACE',''
  ) );
#3213 = PCURVE('',#2801,#3214);
#3214 = DEFINITIONAL_REPRESENTATION('',(#3215),#3218);
#3215 = B_SPLINE_CURVE_WITH_KNOTS('',1,(#3216,#3217),.UNSPECIFIED.,.F.,
  .F.,(2,2),(-0.777817459305,0.),.PIECEWISE_BEZIER_KNOTS.);
#3216 = CARTESIAN_POINT('',(6.28318530718,0.55));
#3217 = CARTESIAN_POINT('',(6.28318530718,0.));
#3218 = ( GEOMETRIC_REPRESENTATION_CONTEXT(2) 
PARAMETRIC_REPRESENTATION_CONTEXT() REPRESENTATION_CONTEXT('2D SPACE',''
  ) );
#3219 = ORIENTED_EDGE('',*,*,#2784,.T.);
#3220 = ORIENTED_EDGE('',*,*,#3199,.T.);
#3221 = ORIENTED_EDGE('',*,*,#3222,.F.);
#3222 = EDGE_CURVE('',#3200,#3200,#3223,.T.);
#3223 = SURFACE_CURVE('',#3224,(#3229,#3236),.PCURVE_S1.);
#3224 = CIRCLE('',#3225,2.25);
#3225 = AXIS2_PLACEMENT_3D('',#3226,#3227,#3228);
#3226 = CARTESIAN_POINT('',(100.,-100.,3.45));
#3227 = DIRECTION('',(0.,0.,1.));
#3228 = DIRECTION('',(1.,0.,-0.));
#3229 = PCURVE('',#2801,#3230);
#3230 = DEFINITIONAL_REPRESENTATION('',(#3231),#3235);
#3231 = LINE('',#3232,#3233);
#3232 = CARTESIAN_POINT('',(0.,-0.));
#3233 = VECTOR('',#3234,1.);
#3234 = DIRECTION('',(1.,-0.));
#3235 = ( GEOMETRIC_REPRESENTATION_CONTEXT(2) 
PARAMETRIC_REPRESENTATION_CONTEXT() REPRESENTATION_CONTEXT('2D SPACE',''
  ) );
#3236 = PCURVE('',#2977,#3237);
#3237 = DEFINITIONAL_REPRESENTATION('',(#3238),#3242);
#3238 = LINE('',#3239,#3240);
#3239 = CARTESIAN_POINT('',(0.,6.45));
#3240 = VECTOR('',#3241,1.);
#3241 = DIRECTION('',(1.,0.));
#3242 = ( GEOMETRIC_REPRESENTATION_CONTEXT(2) 
PARAMETRIC_REPRESENTATION_CONTEXT() REPRESENTATION_CONTEXT('2D SPACE',''
  ) );
#3243 = ADVANCED_FACE('',(#3244),#2836,.F.);
#3244 = FACE_BOUND('',#3245,.T.);
#3245 = EDGE_LOOP('',(#3246,#3267,#3268,#3269));
#3246 = ORIENTED_EDGE('',*,*,#3247,.F.);
#3247 = EDGE_CURVE('',#2820,#3248,#3250,.T.);
#3248 = VERTEX_POINT('',#3249);
#3249 = CARTESIAN_POINT('',(-97.75,100.,3.45));
#3250 = SEAM_CURVE('',#3251,(#3255,#3261),.PCURVE_S1.);
#3251 = LINE('',#3252,#3253);
#3252 = CARTESIAN_POINT('',(-97.75,100.,3.45));
#3253 = VECTOR('',#3254,1.);
#3254 = DIRECTION('',(-0.707106781187,-0.,-0.707106781187));
#3255 = PCURVE('',#2836,#3256);
#3256 = DEFINITIONAL_REPRESENTATION('',(#3257),#3260);
#3257 = B_SPLINE_CURVE_WITH_KNOTS('',1,(#3258,#3259),.UNSPECIFIED.,.F.,
  .F.,(2,2),(-0.777817459305,0.),.PIECEWISE_BEZIER_KNOTS.);
#3258 = CARTESIAN_POINT('',(0.,0.55));
#3259 = CARTESIAN_POINT('',(0.,0.));
#3260 = ( GEOMETRIC_REPRESENTATION_CONTEXT(2) 
PARAMETRIC_REPRESENTATION_CONTEXT() REPRESENTATION_CONTEXT('2D SPACE',''
  ) );
#3261 = PCURVE('',#2836,#3262);
#3262 = DEFINITIONAL_REPRESENTATION('',(#3263),#3266);
#3263 = B_SPLINE_CURVE_WITH_KNOTS('',1,(#3264,#3265),.UNSPECIFIED.,.F.,
  .F.,(2,2),(-0.777817459305,0.),.PIECEWISE_BEZIER_KNOTS.);
#3264 = CARTESIAN_POINT('',(6.28318530718,0.55));
#3265 = CARTESIAN_POINT('',(6.28318530718,0.));
#3266 = ( GEOMETRIC_REPRESENTATION_CONTEXT(2) 
PARAMETRIC_REPRESENTATION_CONTEXT() REPRESENTATION_CONTEXT('2D SPACE',''
  ) );
#3267 = ORIENTED_EDGE('',*,*,#2819,.T.);
#3268 = ORIENTED_EDGE('',*,*,#3247,.T.);
#3269 = ORIENTED_EDGE('',*,*,#3270,.F.);
#3270 = EDGE_CURVE('',#3248,#3248,#3271,.T.);
#3271 = SURFACE_CURVE('',#3272,(#3277,#3284),.PCURVE_S1.);
#3272 = CIRCLE('',#3273,2.25);
#3273 = AXIS2_PLACEMENT_3D('',#3274,#3275,#3276);
#3274 = CARTESIAN_POINT('',(-100.,100.,3.45));
#3275 = DIRECTION('',(0.,0.,1.));
#3276 = DIRECTION('',(1.,0.,-0.));
#3277 = PCURVE('',#2836,#3278);
#3278 = DEFINITIONAL_REPRESENTATION('',(#3279),#3283);
#3279 = LINE('',#3280,#3281);
#3280 = CARTESIAN_POINT('',(0.,-0.));
#3281 = VECTOR('',#3282,1.);
#3282 = DIRECTION('',(1.,-0.));
#3283 = ( GEOMETRIC_REPRESENTATION_CONTEXT(2) 
PARAMETRIC_REPRESENTATION_CONTEXT() REPRESENTATION_CONTEXT('2D SPACE',''
  ) );
#3284 = PCURVE('',#3030,#3285);
#3285 = DEFINITIONAL_REPRESENTATION('',(#3286),#3290);
#3286 = LINE('',#3287,#3288);
#3287 = CARTESIAN_POINT('',(0.,6.45));
#3288 = VECTOR('',#3289,1.);
#3289 = DIRECTION('',(1.,0.));
#3290 = ( GEOMETRIC_REPRESENTATION_CONTEXT(2) 
PARAMETRIC_REPRESENTATION_CONTEXT() REPRESENTATION_CONTEXT('2D SPACE',''
  ) );
#3291 = ADVANCED_FACE('',(#3292),#2871,.F.);
#3292 = FACE_BOUND('',#3293,.T.);
#3293 = EDGE_LOOP('',(#3294,#3315,#3316,#3317));
#3294 = ORIENTED_EDGE('',*,*,#3295,.F.);
#3295 = EDGE_CURVE('',#2855,#3296,#3298,.T.);
#3296 = VERTEX_POINT('',#3297);
#3297 = CARTESIAN_POINT('',(102.25,100.,3.45));
#3298 = SEAM_CURVE('',#3299,(#3303,#3309),.PCURVE_S1.);
#3299 = LINE('',#3300,#3301);
#3300 = CARTESIAN_POINT('',(102.25,100.,3.45));
#3301 = VECTOR('',#3302,1.);
#3302 = DIRECTION('',(-0.707106781187,-0.,-0.707106781187));
#3303 = PCURVE('',#2871,#3304);
#3304 = DEFINITIONAL_REPRESENTATION('',(#3305),#3308);
#3305 = B_SPLINE_CURVE_WITH_KNOTS('',1,(#3306,#3307),.UNSPECIFIED.,.F.,
  .F.,(2,2),(-0.777817459305,0.),.PIECEWISE_BEZIER_KNOTS.);
#3306 = CARTESIAN_POINT('',(0.,0.55));
#3307 = CARTESIAN_POINT('',(0.,0.));
#3308 = ( GEOMETRIC_REPRESENTATION_CONTEXT(2) 
PARAMETRIC_REPRESENTATION_CONTEXT() REPRESENTATION_CONTEXT('2D SPACE',''
  ) );
#3309 = PCURVE('',#2871,#3310);
#3310 = DEFINITIONAL_REPRESENTATION('',(#3311),#3314);
#3311 = B_SPLINE_CURVE_WITH_KNOTS('',1,(#3312,#3313),.UNSPECIFIED.,.F.,
  .F.,(2,2),(-0.777817459305,0.),.PIECEWISE_BEZIER_KNOTS.);
#3312 = CARTESIAN_POINT('',(6.28318530718,0.55));
#3313 = CARTESIAN_POINT('',(6.28318530718,0.));
#3314 = ( GEOMETRIC_REPRESENTATION_CONTEXT(2) 
PARAMETRIC_REPRESENTATION_CONTEXT() REPRESENTATION_CONTEXT('2D SPACE',''
  ) );
#3315 = ORIENTED_EDGE('',*,*,#2854,.T.);
#3316 = ORIENTED_EDGE('',*,*,#3295,.T.);
#3317 = ORIENTED_EDGE('',*,*,#3318,.F.);
#3318 = EDGE_CURVE('',#3296,#3296,#3319,.T.);
#3319 = SURFACE_CURVE('',#3320,(#3325,#3332),.PCURVE_S1.);
#3320 = CIRCLE('',#3321,2.25);
#3321 = AXIS2_PLACEMENT_3D('',#3322,#3323,#3324);
#3322 = CARTESIAN_POINT('',(100.,100.,3.45));
#3323 = DIRECTION('',(0.,0.,1.));
#3324 = DIRECTION('',(1.,0.,-0.));
#3325 = PCURVE('',#2871,#3326);
#3326 = DEFINITIONAL_REPRESENTATION('',(#3327),#3331);
#3327 = LINE('',#3328,#3329);
#3328 = CARTESIAN_POINT('',(0.,-0.));
#3329 = VECTOR('',#3330,1.);
#3330 = DIRECTION('',(1.,-0.));
#3331 = ( GEOMETRIC_REPRESENTATION_CONTEXT(2) 
PARAMETRIC_REPRESENTATION_CONTEXT() REPRESENTATION_CONTEXT('2D SPACE',''
  ) );
#3332 = PCURVE('',#3083,#3333);
#3333 = DEFINITIONAL_REPRESENTATION('',(#3334),#3338);
#3334 = LINE('',#3335,#3336);
#3335 = CARTESIAN_POINT('',(0.,6.45));
#3336 = VECTOR('',#3337,1.);
#3337 = DIRECTION('',(1.,0.));
#3338 = ( GEOMETRIC_REPRESENTATION_CONTEXT(2) 
PARAMETRIC_REPRESENTATION_CONTEXT() REPRESENTATION_CONTEXT('2D SPACE',''
  ) );
#3339 = ADVANCED_FACE('',(#3340),#2924,.F.);
#3340 = FACE_BOUND('',#3341,.F.);
#3341 = EDGE_LOOP('',(#3342,#3363,#3364,#3365));
#3342 = ORIENTED_EDGE('',*,*,#3343,.T.);
#3343 = EDGE_CURVE('',#2887,#3152,#3344,.T.);
#3344 = SEAM_CURVE('',#3345,(#3349,#3356),.PCURVE_S1.);
#3345 = LINE('',#3346,#3347);
#3346 = CARTESIAN_POINT('',(-97.75,-100.,-3.));
#3347 = VECTOR('',#3348,1.);
#3348 = DIRECTION('',(0.,0.,1.));
#3349 = PCURVE('',#2924,#3350);
#3350 = DEFINITIONAL_REPRESENTATION('',(#3351),#3355);
#3351 = LINE('',#3352,#3353);
#3352 = CARTESIAN_POINT('',(6.28318530718,-0.));
#3353 = VECTOR('',#3354,1.);
#3354 = DIRECTION('',(0.,1.));
#3355 = ( GEOMETRIC_REPRESENTATION_CONTEXT(2) 
PARAMETRIC_REPRESENTATION_CONTEXT() REPRESENTATION_CONTEXT('2D SPACE',''
  ) );
#3356 = PCURVE('',#2924,#3357);
#3357 = DEFINITIONAL_REPRESENTATION('',(#3358),#3362);
#3358 = LINE('',#3359,#3360);
#3359 = CARTESIAN_POINT('',(0.,-0.));
#3360 = VECTOR('',#3361,1.);
#3361 = DIRECTION('',(0.,1.));
#3362 = ( GEOMETRIC_REPRESENTATION_CONTEXT(2) 
PARAMETRIC_REPRESENTATION_CONTEXT() REPRESENTATION_CONTEXT('2D SPACE',''
  ) );
#3363 = ORIENTED_EDGE('',*,*,#3174,.F.);
#3364 = ORIENTED_EDGE('',*,*,#3343,.F.);
#3365 = ORIENTED_EDGE('',*,*,#2909,.T.);
#3366 = ADVANCED_FACE('',(#3367),#2977,.F.);
#3367 = FACE_BOUND('',#3368,.F.);
#3368 = EDGE_LOOP('',(#3369,#3390,#3391,#3392));
#3369 = ORIENTED_EDGE('',*,*,#3370,.T.);
#3370 = EDGE_CURVE('',#2940,#3200,#3371,.T.);
#3371 = SEAM_CURVE('',#3372,(#3376,#3383),.PCURVE_S1.);
#3372 = LINE('',#3373,#3374);
#3373 = CARTESIAN_POINT('',(102.25,-100.,-3.));
#3374 = VECTOR('',#3375,1.);
#3375 = DIRECTION('',(0.,0.,1.));
#3376 = PCURVE('',#2977,#3377);
#3377 = DEFINITIONAL_REPRESENTATION('',(#3378),#3382);
#3378 = LINE('',#3379,#3380);
#3379 = CARTESIAN_POINT('',(6.28318530718,-0.));
#3380 = VECTOR('',#3381,1.);
#3381 = DIRECTION('',(0.,1.));
#3382 = ( GEOMETRIC_REPRESENTATION_CONTEXT(2) 
PARAMETRIC_REPRESENTATION_CONTEXT() REPRESENTATION_CONTEXT('2D SPACE',''
  ) );
#3383 = PCURVE('',#2977,#3384);
#3384 = DEFINITIONAL_REPRESENTATION('',(#3385),#3389);
#3385 = LINE('',#3386,#3387);
#3386 = CARTESIAN_POINT('',(0.,-0.));
#3387 = VECTOR('',#3388,1.);
#3388 = DIRECTION('',(0.,1.));
#3389 = ( GEOMETRIC_REPRESENTATION_CONTEXT(2) 
PARAMETRIC_REPRESENTATION_CONTEXT() REPRESENTATION_CONTEXT('2D SPACE',''
  ) );
#3390 = ORIENTED_EDGE('',*,*,#3222,.F.);
#3391 = ORIENTED_EDGE('',*,*,#3370,.F.);
#3392 = ORIENTED_EDGE('',*,*,#2962,.T.);
#3393 = ADVANCED_FACE('',(#3394),#3030,.F.);
#3394 = FACE_BOUND('',#3395,.F.);
#3395 = EDGE_LOOP('',(#3396,#3417,#3418,#3419));
#3396 = ORIENTED_EDGE('',*,*,#3397,.T.);
#3397 = EDGE_CURVE('',#2993,#3248,#3398,.T.);
#3398 = SEAM_CURVE('',#3399,(#3403,#3410),.PCURVE_S1.);
#3399 = LINE('',#3400,#3401);
#3400 = CARTESIAN_POINT('',(-97.75,100.,-3.));
#3401 = VECTOR('',#3402,1.);
#3402 = DIRECTION('',(0.,0.,1.));
#3403 = PCURVE('',#3030,#3404);
#3404 = DEFINITIONAL_REPRESENTATION('',(#3405),#3409);
#3405 = LINE('',#3406,#3407);
#3406 = CARTESIAN_POINT('',(6.28318530718,-0.));
#3407 = VECTOR('',#3408,1.);
#3408 = DIRECTION('',(0.,1.));
#3409 = ( GEOMETRIC_REPRESENTATION_CONTEXT(2) 
PARAMETRIC_REPRESENTATION_CONTEXT() REPRESENTATION_CONTEXT('2D SPACE',''
  ) );
#3410 = PCURVE('',#3030,#3411);
#3411 = DEFINITIONAL_REPRESENTATION('',(#3412),#3416);
#3412 = LINE('',#3413,#3414);
#3413 = CARTESIAN_POINT('',(0.,-0.));
#3414 = VECTOR('',#3415,1.);
#3415 = DIRECTION('',(0.,1.));
#3416 = ( GEOMETRIC_REPRESENTATION_CONTEXT(2) 
PARAMETRIC_REPRESENTATION_CONTEXT() REPRESENTATION_CONTEXT('2D SPACE',''
  ) );
#3417 = ORIENTED_EDGE('',*,*,#3270,.F.);
#3418 = ORIENTED_EDGE('',*,*,#3397,.F.);
#3419 = ORIENTED_EDGE('',*,*,#3015,.T.);
#3420 = ADVANCED_FACE('',(#3421),#3083,.F.);
#3421 = FACE_BOUND('',#3422,.F.);
#3422 = EDGE_LOOP('',(#3423,#3444,#3445,#3446));
#3423 = ORIENTED_EDGE('',*,*,#3424,.T.);
#3424 = EDGE_CURVE('',#3046,#3296,#3425,.T.);
#3425 = SEAM_CURVE('',#3426,(#3430,#3437),.PCURVE_S1.);
#3426 = LINE('',#3427,#3428);
#3427 = CARTESIAN_POINT('',(102.25,100.,-3.));
#3428 = VECTOR('',#3429,1.);
#3429 = DIRECTION('',(0.,0.,1.));
#3430 = PCURVE('',#3083,#3431);
#3431 = DEFINITIONAL_REPRESENTATION('',(#3432),#3436);
#3432 = LINE('',#3433,#3434);
#3433 = CARTESIAN_POINT('',(6.28318530718,-0.));
#3434 = VECTOR('',#3435,1.);
#3435 = DIRECTION('',(0.,1.));
#3436 = ( GEOMETRIC_REPRESENTATION_CONTEXT(2) 
PARAMETRIC_REPRESENTATION_CONTEXT() REPRESENTATION_CONTEXT('2D SPACE',''
  ) );
#3437 = PCURVE('',#3083,#3438);
#3438 = DEFINITIONAL_REPRESENTATION('',(#3439),#3443);
#3439 = LINE('',#3440,#3441);
#3440 = CARTESIAN_POINT('',(0.,-0.));
#3441 = VECTOR('',#3442,1.);
#3442 = DIRECTION('',(0.,1.));
#3443 = ( GEOMETRIC_REPRESENTATION_CONTEXT(2) 
PARAMETRIC_REPRESENTATION_CONTEXT() REPRESENTATION_CONTEXT('2D SPACE',''
  ) );
#3444 = ORIENTED_EDGE('',*,*,#3318,.F.);
#3445 = ORIENTED_EDGE('',*,*,#3424,.F.);
#3446 = ORIENTED_EDGE('',*,*,#3068,.T.);
#3447 = ADVANCED_FACE('',(#3448),#3136,.F.);
#3448 = FACE_BOUND('',#3449,.F.);
#3449 = EDGE_LOOP('',(#3450,#3473,#3500,#3501));
#3450 = ORIENTED_EDGE('',*,*,#3451,.T.);
#3451 = EDGE_CURVE('',#3099,#3452,#3454,.T.);
#3452 = VERTEX_POINT('',#3453);
#3453 = CARTESIAN_POINT('',(106.5,0.,5.45));
#3454 = SEAM_CURVE('',#3455,(#3459,#3466),.PCURVE_S1.);
#3455 = LINE('',#3456,#3457);
#3456 = CARTESIAN_POINT('',(106.5,-2.608497682184E-14,-2.));
#3457 = VECTOR('',#3458,1.);
#3458 = DIRECTION('',(0.,0.,1.));
#3459 = PCURVE('',#3136,#3460);
#3460 = DEFINITIONAL_REPRESENTATION('',(#3461),#3465);
#3461 = LINE('',#3462,#3463);
#3462 = CARTESIAN_POINT('',(6.28318530718,-0.));
#3463 = VECTOR('',#3464,1.);
#3464 = DIRECTION('',(0.,1.));
#3465 = ( GEOMETRIC_REPRESENTATION_CONTEXT(2) 
PARAMETRIC_REPRESENTATION_CONTEXT() REPRESENTATION_CONTEXT('2D SPACE',''
  ) );
#3466 = PCURVE('',#3136,#3467);
#3467 = DEFINITIONAL_REPRESENTATION('',(#3468),#3472);
#3468 = LINE('',#3469,#3470);
#3469 = CARTESIAN_POINT('',(0.,-0.));
#3470 = VECTOR('',#3471,1.);
#3471 = DIRECTION('',(0.,1.));
#3472 = ( GEOMETRIC_REPRESENTATION_CONTEXT(2) 
PARAMETRIC_REPRESENTATION_CONTEXT() REPRESENTATION_CONTEXT('2D SPACE',''
  ) );
#3473 = ORIENTED_EDGE('',*,*,#3474,.F.);
#3474 = EDGE_CURVE('',#3452,#3452,#3475,.T.);
#3475 = SURFACE_CURVE('',#3476,(#3481,#3488),.PCURVE_S1.);
#3476 = CIRCLE('',#3477,106.5);
#3477 = AXIS2_PLACEMENT_3D('',#3478,#3479,#3480);
#3478 = CARTESIAN_POINT('',(0.,0.,5.45));
#3479 = DIRECTION('',(0.,0.,1.));
#3480 = DIRECTION('',(1.,0.,-0.));
#3481 = PCURVE('',#3136,#3482);
#3482 = DEFINITIONAL_REPRESENTATION('',(#3483),#3487);
#3483 = LINE('',#3484,#3485);
#3484 = CARTESIAN_POINT('',(0.,7.45));
#3485 = VECTOR('',#3486,1.);
#3486 = DIRECTION('',(1.,0.));
#3487 = ( GEOMETRIC_REPRESENTATION_CONTEXT(2) 
PARAMETRIC_REPRESENTATION_CONTEXT() REPRESENTATION_CONTEXT('2D SPACE',''
  ) );
#3488 = PCURVE('',#3489,#3494);
#3489 = CONICAL_SURFACE('',#3490,106.5,0.785398163397);
#3490 = AXIS2_PLACEMENT_3D('',#3491,#3492,#3493);
#3491 = CARTESIAN_POINT('',(0.,0.,5.45));
#3492 = DIRECTION('',(0.,0.,1.));
#3493 = DIRECTION('',(1.,0.,-0.));
#3494 = DEFINITIONAL_REPRESENTATION('',(#3495),#3499);
#3495 = LINE('',#3496,#3497);
#3496 = CARTESIAN_POINT('',(0.,0.));
#3497 = VECTOR('',#3498,1.);
#3498 = DIRECTION('',(1.,0.));
#3499 = ( GEOMETRIC_REPRESENTATION_CONTEXT(2) 
PARAMETRIC_REPRESENTATION_CONTEXT() REPRESENTATION_CONTEXT('2D SPACE',''
  ) );
#3500 = ORIENTED_EDGE('',*,*,#3451,.F.);
#3501 = ORIENTED_EDGE('',*,*,#3121,.T.);
#3502 = ADVANCED_FACE('',(#3503),#3489,.F.);
#3503 = FACE_BOUND('',#3504,.F.);
#3504 = EDGE_LOOP('',(#3505,#3526,#3527,#3528));
#3505 = ORIENTED_EDGE('',*,*,#3506,.F.);
#3506 = EDGE_CURVE('',#3452,#3507,#3509,.T.);
#3507 = VERTEX_POINT('',#3508);
#3508 = CARTESIAN_POINT('',(107.05,0.,6.));
#3509 = SEAM_CURVE('',#3510,(#3514,#3520),.PCURVE_S1.);
#3510 = LINE('',#3511,#3512);
#3511 = CARTESIAN_POINT('',(106.5,0.,5.45));
#3512 = VECTOR('',#3513,1.);
#3513 = DIRECTION('',(0.707106781187,0.,0.707106781187));
#3514 = PCURVE('',#3489,#3515);
#3515 = DEFINITIONAL_REPRESENTATION('',(#3516),#3519);
#3516 = B_SPLINE_CURVE_WITH_KNOTS('',1,(#3517,#3518),.UNSPECIFIED.,.F.,
  .F.,(2,2),(0.,0.777817459305),.PIECEWISE_BEZIER_KNOTS.);
#3517 = CARTESIAN_POINT('',(0.,0.));
#3518 = CARTESIAN_POINT('',(0.,0.55));
#3519 = ( GEOMETRIC_REPRESENTATION_CONTEXT(2) 
PARAMETRIC_REPRESENTATION_CONTEXT() REPRESENTATION_CONTEXT('2D SPACE',''
  ) );
#3520 = PCURVE('',#3489,#3521);
#3521 = DEFINITIONAL_REPRESENTATION('',(#3522),#3525);
#3522 = B_SPLINE_CURVE_WITH_KNOTS('',1,(#3523,#3524),.UNSPECIFIED.,.F.,
  .F.,(2,2),(0.,0.777817459305),.PIECEWISE_BEZIER_KNOTS.);
#3523 = CARTESIAN_POINT('',(6.28318530718,0.));
#3524 = CARTESIAN_POINT('',(6.28318530718,0.55));
#3525 = ( GEOMETRIC_REPRESENTATION_CONTEXT(2) 
PARAMETRIC_REPRESENTATION_CONTEXT() REPRESENTATION_CONTEXT('2D SPACE',''
  ) );
#3526 = ORIENTED_EDGE('',*,*,#3474,.T.);
#3527 = ORIENTED_EDGE('',*,*,#3506,.T.);
#3528 = ORIENTED_EDGE('',*,*,#3529,.F.);
#3529 = EDGE_CURVE('',#3507,#3507,#3530,.T.);
#3530 = SURFACE_CURVE('',#3531,(#3536,#3543),.PCURVE_S1.);
#3531 = CIRCLE('',#3532,107.05);
#3532 = AXIS2_PLACEMENT_3D('',#3533,#3534,#3535);
#3533 = CARTESIAN_POINT('',(0.,0.,6.));
#3534 = DIRECTION('',(0.,0.,1.));
#3535 = DIRECTION('',(1.,0.,-0.));
#3536 = PCURVE('',#3489,#3537);
#3537 = DEFINITIONAL_REPRESENTATION('',(#3538),#3542);
#3538 = LINE('',#3539,#3540);
#3539 = CARTESIAN_POINT('',(0.,0.55));
#3540 = VECTOR('',#3541,1.);
#3541 = DIRECTION('',(1.,0.));
#3542 = ( GEOMETRIC_REPRESENTATION_CONTEXT(2) 
PARAMETRIC_REPRESENTATION_CONTEXT() REPRESENTATION_CONTEXT('2D SPACE',''
  ) );
#3543 = PCURVE('',#3544,#3549);
#3544 = PLANE('',#3545);
#3545 = AXIS2_PLACEMENT_3D('',#3546,#3547,#3548);
#3546 = CARTESIAN_POINT('',(-120.,-120.,6.));
#3547 = DIRECTION('',(0.,0.,1.));
#3548 = DIRECTION('',(1.,0.,0.));
#3549 = DEFINITIONAL_REPRESENTATION('',(#3550),#3554);
#3550 = CIRCLE('',#3551,107.05);
#3551 = AXIS2_PLACEMENT_2D('',#3552,#3553);
#3552 = CARTESIAN_POINT('',(120.,120.));
#3553 = DIRECTION('',(1.,0.));
#3554 = ( GEOMETRIC_REPRESENTATION_CONTEXT(2) 
PARAMETRIC_REPRESENTATION_CONTEXT() REPRESENTATION_CONTEXT('2D SPACE',''
  ) );
#3555 = ADVANCED_FACE('',(#3556,#3559),#3544,.T.);
#3556 = FACE_BOUND('',#3557,.T.);
#3557 = EDGE_LOOP('',(#3558));
#3558 = ORIENTED_EDGE('',*,*,#3529,.F.);
#3559 = FACE_BOUND('',#3560,.T.);
#3560 = EDGE_LOOP('',(#3561));
#3561 = ORIENTED_EDGE('',*,*,#3562,.T.);
#3562 = EDGE_CURVE('',#3563,#3563,#3565,.T.);
#3563 = VERTEX_POINT('',#3564);
#3564 = CARTESIAN_POINT('',(107.95,0.,6.));
#3565 = SURFACE_CURVE('',#3566,(#3571,#3578),.PCURVE_S1.);
#3566 = CIRCLE('',#3567,107.95);
#3567 = AXIS2_PLACEMENT_3D('',#3568,#3569,#3570);
#3568 = CARTESIAN_POINT('',(0.,0.,6.));
#3569 = DIRECTION('',(0.,0.,1.));
#3570 = DIRECTION('',(1.,0.,-0.));
#3571 = PCURVE('',#3544,#3572);
#3572 = DEFINITIONAL_REPRESENTATION('',(#3573),#3577);
#3573 = CIRCLE('',#3574,107.95);
#3574 = AXIS2_PLACEMENT_2D('',#3575,#3576);
#3575 = CARTESIAN_POINT('',(120.,120.));
#3576 = DIRECTION('',(1.,0.));
#3577 = ( GEOMETRIC_REPRESENTATION_CONTEXT(2) 
PARAMETRIC_REPRESENTATION_CONTEXT() REPRESENTATION_CONTEXT('2D SPACE',''
  ) );
#3578 = PCURVE('',#3579,#3584);
#3579 = CONICAL_SURFACE('',#3580,108.5,0.785398163397);
#3580 = AXIS2_PLACEMENT_3D('',#3581,#3582,#3583);
#3581 = CARTESIAN_POINT('',(0.,0.,6.55));
#3582 = DIRECTION('',(0.,0.,1.));
#3583 = DIRECTION('',(1.,0.,-0.));
#3584 = DEFINITIONAL_REPRESENTATION('',(#3585),#3589);
#3585 = LINE('',#3586,#3587);
#3586 = CARTESIAN_POINT('',(0.,-0.55));
#3587 = VECTOR('',#3588,1.);
#3588 = DIRECTION('',(1.,0.));
#3589 = ( GEOMETRIC_REPRESENTATION_CONTEXT(2) 
PARAMETRIC_REPRESENTATION_CONTEXT() REPRESENTATION_CONTEXT('2D SPACE',''
  ) );
#3590 = ADVANCED_FACE('',(#3591),#3579,.F.);
#3591 = FACE_BOUND('',#3592,.F.);
#3592 = EDGE_LOOP('',(#3593,#3614,#3615,#3616));
#3593 = ORIENTED_EDGE('',*,*,#3594,.F.);
#3594 = EDGE_CURVE('',#3563,#3595,#3597,.T.);
#3595 = VERTEX_POINT('',#3596);
#3596 = CARTESIAN_POINT('',(108.5,0.,6.55));
#3597 = SEAM_CURVE('',#3598,(#3602,#3608),.PCURVE_S1.);
#3598 = LINE('',#3599,#3600);
#3599 = CARTESIAN_POINT('',(108.5,0.,6.55));
#3600 = VECTOR('',#3601,1.);
#3601 = DIRECTION('',(0.707106781187,0.,0.707106781187));
#3602 = PCURVE('',#3579,#3603);
#3603 = DEFINITIONAL_REPRESENTATION('',(#3604),#3607);
#3604 = B_SPLINE_CURVE_WITH_KNOTS('',1,(#3605,#3606),.UNSPECIFIED.,.F.,
  .F.,(2,2),(-0.777817459305,0.),.PIECEWISE_BEZIER_KNOTS.);
#3605 = CARTESIAN_POINT('',(0.,-0.55));
#3606 = CARTESIAN_POINT('',(0.,0.));
#3607 = ( GEOMETRIC_REPRESENTATION_CONTEXT(2) 
PARAMETRIC_REPRESENTATION_CONTEXT() REPRESENTATION_CONTEXT('2D SPACE',''
  ) );
#3608 = PCURVE('',#3579,#3609);
#3609 = DEFINITIONAL_REPRESENTATION('',(#3610),#3613);
#3610 = B_SPLINE_CURVE_WITH_KNOTS('',1,(#3611,#3612),.UNSPECIFIED.,.F.,
  .F.,(2,2),(-0.777817459305,0.),.PIECEWISE_BEZIER_KNOTS.);
#3611 = CARTESIAN_POINT('',(6.28318530718,-0.55));
#3612 = CARTESIAN_POINT('',(6.28318530718,0.));
#3613 = ( GEOMETRIC_REPRESENTATION_CONTEXT(2) 
PARAMETRIC_REPRESENTATION_CONTEXT() REPRESENTATION_CONTEXT('2D SPACE',''
  ) );
#3614 = ORIENTED_EDGE('',*,*,#3562,.T.);
#3615 = ORIENTED_EDGE('',*,*,#3594,.T.);
#3616 = ORIENTED_EDGE('',*,*,#3617,.F.);
#3617 = EDGE_CURVE('',#3595,#3595,#3618,.T.);
#3618 = SURFACE_CURVE('',#3619,(#3624,#3631),.PCURVE_S1.);
#3619 = CIRCLE('',#3620,108.5);
#3620 = AXIS2_PLACEMENT_3D('',#3621,#3622,#3623);
#3621 = CARTESIAN_POINT('',(0.,0.,6.55));
#3622 = DIRECTION('',(0.,0.,1.));
#3623 = DIRECTION('',(1.,0.,-0.));
#3624 = PCURVE('',#3579,#3625);
#3625 = DEFINITIONAL_REPRESENTATION('',(#3626),#3630);
#3626 = LINE('',#3627,#3628);
#3627 = CARTESIAN_POINT('',(0.,0.));
#3628 = VECTOR('',#3629,1.);
#3629 = DIRECTION('',(1.,0.));
#3630 = ( GEOMETRIC_REPRESENTATION_CONTEXT(2) 
PARAMETRIC_REPRESENTATION_CONTEXT() REPRESENTATION_CONTEXT('2D SPACE',''
  ) );
#3631 = PCURVE('',#3632,#3637);
#3632 = CYLINDRICAL_SURFACE('',#3633,108.5);
#3633 = AXIS2_PLACEMENT_3D('',#3634,#3635,#3636);
#3634 = CARTESIAN_POINT('',(0.,0.,-1.));
#3635 = DIRECTION('',(0.,0.,1.));
#3636 = DIRECTION('',(1.,0.,0.));
#3637 = DEFINITIONAL_REPRESENTATION('',(#3638),#3642);
#3638 = LINE('',#3639,#3640);
#3639 = CARTESIAN_POINT('',(0.,7.55));
#3640 = VECTOR('',#3641,1.);
#3641 = DIRECTION('',(1.,0.));
#3642 = ( GEOMETRIC_REPRESENTATION_CONTEXT(2) 
PARAMETRIC_REPRESENTATION_CONTEXT() REPRESENTATION_CONTEXT('2D SPACE',''
  ) );
#3643 = ADVANCED_FACE('',(#3644),#3632,.F.);
#3644 = FACE_BOUND('',#3645,.F.);
#3645 = EDGE_LOOP('',(#3646,#3669,#3696,#3697));
#3646 = ORIENTED_EDGE('',*,*,#3647,.T.);
#3647 = EDGE_CURVE('',#3595,#3648,#3650,.T.);
#3648 = VERTEX_POINT('',#3649);
#3649 = CARTESIAN_POINT('',(108.5,0.,16.25));
#3650 = SEAM_CURVE('',#3651,(#3655,#3662),.PCURVE_S1.);
#3651 = LINE('',#3652,#3653);
#3652 = CARTESIAN_POINT('',(108.5,-2.65748355415E-14,-1.));
#3653 = VECTOR('',#3654,1.);
#3654 = DIRECTION('',(0.,0.,1.));
#3655 = PCURVE('',#3632,#3656);
#3656 = DEFINITIONAL_REPRESENTATION('',(#3657),#3661);
#3657 = LINE('',#3658,#3659);
#3658 = CARTESIAN_POINT('',(6.28318530718,-0.));
#3659 = VECTOR('',#3660,1.);
#3660 = DIRECTION('',(0.,1.));
#3661 = ( GEOMETRIC_REPRESENTATION_CONTEXT(2) 
PARAMETRIC_REPRESENTATION_CONTEXT() REPRESENTATION_CONTEXT('2D SPACE',''
  ) );
#3662 = PCURVE('',#3632,#3663);
#3663 = DEFINITIONAL_REPRESENTATION('',(#3664),#3668);
#3664 = LINE('',#3665,#3666);
#3665 = CARTESIAN_POINT('',(0.,-0.));
#3666 = VECTOR('',#3667,1.);
#3667 = DIRECTION('',(0.,1.));
#3668 = ( GEOMETRIC_REPRESENTATION_CONTEXT(2) 
PARAMETRIC_REPRESENTATION_CONTEXT() REPRESENTATION_CONTEXT('2D SPACE',''
  ) );
#3669 = ORIENTED_EDGE('',*,*,#3670,.F.);
#3670 = EDGE_CURVE('',#3648,#3648,#3671,.T.);
#3671 = SURFACE_CURVE('',#3672,(#3677,#3684),.PCURVE_S1.);
#3672 = CIRCLE('',#3673,108.5);
#3673 = AXIS2_PLACEMENT_3D('',#3674,#3675,#3676);
#3674 = CARTESIAN_POINT('',(0.,0.,16.25));
#3675 = DIRECTION('',(0.,0.,1.));
#3676 = DIRECTION('',(1.,0.,-0.));
#3677 = PCURVE('',#3632,#3678);
#3678 = DEFINITIONAL_REPRESENTATION('',(#3679),#3683);
#3679 = LINE('',#3680,#3681);
#3680 = CARTESIAN_POINT('',(0.,17.25));
#3681 = VECTOR('',#3682,1.);
#3682 = DIRECTION('',(1.,0.));
#3683 = ( GEOMETRIC_REPRESENTATION_CONTEXT(2) 
PARAMETRIC_REPRESENTATION_CONTEXT() REPRESENTATION_CONTEXT('2D SPACE',''
  ) );
#3684 = PCURVE('',#3685,#3690);
#3685 = CONICAL_SURFACE('',#3686,108.5,0.785398163397);
#3686 = AXIS2_PLACEMENT_3D('',#3687,#3688,#3689);
#3687 = CARTESIAN_POINT('',(0.,0.,16.25));
#3688 = DIRECTION('',(-0.,-0.,-1.));
#3689 = DIRECTION('',(1.,0.,0.));
#3690 = DEFINITIONAL_REPRESENTATION('',(#3691),#3695);
#3691 = LINE('',#3692,#3693);
#3692 = CARTESIAN_POINT('',(-0.,-0.));
#3693 = VECTOR('',#3694,1.);
#3694 = DIRECTION('',(-1.,-0.));
#3695 = ( GEOMETRIC_REPRESENTATION_CONTEXT(2) 
PARAMETRIC_REPRESENTATION_CONTEXT() REPRESENTATION_CONTEXT('2D SPACE',''
  ) );
#3696 = ORIENTED_EDGE('',*,*,#3647,.F.);
#3697 = ORIENTED_EDGE('',*,*,#3617,.T.);
#3698 = ADVANCED_FACE('',(#3699),#3685,.F.);
#3699 = FACE_BOUND('',#3700,.F.);
#3700 = EDGE_LOOP('',(#3701,#3722,#3723,#3724));
#3701 = ORIENTED_EDGE('',*,*,#3702,.F.);
#3702 = EDGE_CURVE('',#3648,#3703,#3705,.T.);
#3703 = VERTEX_POINT('',#3704);
#3704 = CARTESIAN_POINT('',(107.95,0.,16.8));
#3705 = SEAM_CURVE('',#3706,(#3710,#3716),.PCURVE_S1.);
#3706 = LINE('',#3707,#3708);
#3707 = CARTESIAN_POINT('',(108.5,0.,16.25));
#3708 = VECTOR('',#3709,1.);
#3709 = DIRECTION('',(-0.707106781187,0.,0.707106781187));
#3710 = PCURVE('',#3685,#3711);
#3711 = DEFINITIONAL_REPRESENTATION('',(#3712),#3715);
#3712 = B_SPLINE_CURVE_WITH_KNOTS('',1,(#3713,#3714),.UNSPECIFIED.,.F.,
  .F.,(2,2),(0.,0.777817459305),.PIECEWISE_BEZIER_KNOTS.);
#3713 = CARTESIAN_POINT('',(0.,0.));
#3714 = CARTESIAN_POINT('',(0.,-0.55));
#3715 = ( GEOMETRIC_REPRESENTATION_CONTEXT(2) 
PARAMETRIC_REPRESENTATION_CONTEXT() REPRESENTATION_CONTEXT('2D SPACE',''
  ) );
#3716 = PCURVE('',#3685,#3717);
#3717 = DEFINITIONAL_REPRESENTATION('',(#3718),#3721);
#3718 = B_SPLINE_CURVE_WITH_KNOTS('',1,(#3719,#3720),.UNSPECIFIED.,.F.,
  .F.,(2,2),(0.,0.777817459305),.PIECEWISE_BEZIER_KNOTS.);
#3719 = CARTESIAN_POINT('',(-6.28318530718,0.));
#3720 = CARTESIAN_POINT('',(-6.28318530718,-0.55));
#3721 = ( GEOMETRIC_REPRESENTATION_CONTEXT(2) 
PARAMETRIC_REPRESENTATION_CONTEXT() REPRESENTATION_CONTEXT('2D SPACE',''
  ) );
#3722 = ORIENTED_EDGE('',*,*,#3670,.T.);
#3723 = ORIENTED_EDGE('',*,*,#3702,.T.);
#3724 = ORIENTED_EDGE('',*,*,#3725,.F.);
#3725 = EDGE_CURVE('',#3703,#3703,#3726,.T.);
#3726 = SURFACE_CURVE('',#3727,(#3732,#3739),.PCURVE_S1.);
#3727 = CIRCLE('',#3728,107.95);
#3728 = AXIS2_PLACEMENT_3D('',#3729,#3730,#3731);
#3729 = CARTESIAN_POINT('',(0.,0.,16.8));
#3730 = DIRECTION('',(0.,0.,1.));
#3731 = DIRECTION('',(1.,0.,-0.));
#3732 = PCURVE('',#3685,#3733);
#3733 = DEFINITIONAL_REPRESENTATION('',(#3734),#3738);
#3734 = LINE('',#3735,#3736);
#3735 = CARTESIAN_POINT('',(-0.,-0.55));
#3736 = VECTOR('',#3737,1.);
#3737 = DIRECTION('',(-1.,-0.));
#3738 = ( GEOMETRIC_REPRESENTATION_CONTEXT(2) 
PARAMETRIC_REPRESENTATION_CONTEXT() REPRESENTATION_CONTEXT('2D SPACE',''
  ) );
#3739 = PCURVE('',#3740,#3745);
#3740 = PLANE('',#3741);
#3741 = AXIS2_PLACEMENT_3D('',#3742,#3743,#3744);
#3742 = CARTESIAN_POINT('',(-168.,-168.,16.8));
#3743 = DIRECTION('',(0.,0.,1.));
#3744 = DIRECTION('',(1.,0.,0.));
#3745 = DEFINITIONAL_REPRESENTATION('',(#3746),#3750);
#3746 = CIRCLE('',#3747,107.95);
#3747 = AXIS2_PLACEMENT_2D('',#3748,#3749);
#3748 = CARTESIAN_POINT('',(168.,168.));
#3749 = DIRECTION('',(1.,0.));
#3750 = ( GEOMETRIC_REPRESENTATION_CONTEXT(2) 
PARAMETRIC_REPRESENTATION_CONTEXT() REPRESENTATION_CONTEXT('2D SPACE',''
  ) );
#3751 = ADVANCED_FACE('',(#3752,#3755),#3740,.F.);
#3752 = FACE_BOUND('',#3753,.F.);
#3753 = EDGE_LOOP('',(#3754));
#3754 = ORIENTED_EDGE('',*,*,#3725,.T.);
#3755 = FACE_BOUND('',#3756,.F.);
#3756 = EDGE_LOOP('',(#3757));
#3757 = ORIENTED_EDGE('',*,*,#3758,.F.);
#3758 = EDGE_CURVE('',#3759,#3759,#3761,.T.);
#3759 = VERTEX_POINT('',#3760);
#3760 = CARTESIAN_POINT('',(107.74146421241,0.,16.8));
#3761 = SURFACE_CURVE('',#3762,(#3785,#3811),.PCURVE_S1.);
#3762 = B_SPLINE_CURVE_WITH_KNOTS('',11,(#3763,#3764,#3765,#3766,#3767,
    #3768,#3769,#3770,#3771,#3772,#3773,#3774,#3775,#3776,#3777,#3778,
    #3779,#3780,#3781,#3782,#3783,#3784),.UNSPECIFIED.,.T.,.F.,(12,10,12
    ),(1.716566866578E-14,336.75191649723,673.50383299447),
  .UNSPECIFIED.);
#3763 = CARTESIAN_POINT('',(107.74146421241,0.,16.8));
#3764 = CARTESIAN_POINT('',(107.7414642124,30.325767647394,
    16.800000000001));
#3765 = CARTESIAN_POINT('',(98.351953127047,61.066029726496,
    16.799999999995));
#3766 = CARTESIAN_POINT('',(79.147358678047,88.760338953063,
    16.800000000014));
#3767 = CARTESIAN_POINT('',(51.286691788183,109.69091544863,
    16.799999999975));
#3768 = CARTESIAN_POINT('',(17.692749647123,120.75650633999,
    16.800000000032));
#3769 = CARTESIAN_POINT('',(-17.68211137904,120.70785270729,
    16.799999999968));
#3770 = CARTESIAN_POINT('',(-51.07114219666,109.58885365016,
    16.800000000023));
#3771 = CARTESIAN_POINT('',(-78.73880270265,88.93728828375,
    16.799999999987));
#3772 = CARTESIAN_POINT('',(-98.0747676651,61.541941088147,
    16.800000000005));
#3773 = CARTESIAN_POINT('',(-107.7414642124,30.770890223335,
    16.799999999999));
#3774 = CARTESIAN_POINT('',(-107.7414642124,-30.77089022333,
    16.800000000001));
#3775 = CARTESIAN_POINT('',(-98.07476766511,-61.5419410881,
    16.799999999997));
#3776 = CARTESIAN_POINT('',(-78.73880270261,-88.93728828387,
    16.800000000007));
#3777 = CARTESIAN_POINT('',(-51.07114219673,-109.5888536499,
    16.799999999986));
#3778 = CARTESIAN_POINT('',(-17.68211137895,-120.7078527076,
    16.80000000002));
#3779 = CARTESIAN_POINT('',(17.692749647021,-120.7565063396,
    16.799999999978));
#3780 = CARTESIAN_POINT('',(51.286691788256,-109.6909154489,
    16.800000000017));
#3781 = CARTESIAN_POINT('',(79.147358678013,-88.7603389529,
    16.79999999999));
#3782 = CARTESIAN_POINT('',(98.351953127056,-61.06602972655,
    16.800000000004));
#3783 = CARTESIAN_POINT('',(107.7414642124,-30.32576764738,
    16.799999999999));
#3784 = CARTESIAN_POINT('',(107.7414642124,0.,16.8));
#3785 = PCURVE('',#3740,#3786);
#3786 = DEFINITIONAL_REPRESENTATION('',(#3787),#3810);
#3787 = B_SPLINE_CURVE_WITH_KNOTS('',11,(#3788,#3789,#3790,#3791,#3792,
    #3793,#3794,#3795,#3796,#3797,#3798,#3799,#3800,#3801,#3802,#3803,
    #3804,#3805,#3806,#3807,#3808,#3809),.UNSPECIFIED.,.F.,.F.,(12,10,12
    ),(1.716566866578E-14,336.75191649723,673.50383299447),
  .UNSPECIFIED.);
#3788 = CARTESIAN_POINT('',(275.7414642124,168.));
#3789 = CARTESIAN_POINT('',(275.74146421242,198.3257676474));
#3790 = CARTESIAN_POINT('',(266.35195312697,229.06602972644));
#3791 = CARTESIAN_POINT('',(247.14735867823,256.76033895318));
#3792 = CARTESIAN_POINT('',(219.28669178785,277.6909154484));
#3793 = CARTESIAN_POINT('',(185.69274964755,288.75650634029));
#3794 = CARTESIAN_POINT('',(150.31788862052,288.70785270699));
#3795 = CARTESIAN_POINT('',(116.92885780365,277.58885365039));
#3796 = CARTESIAN_POINT('',(89.261197297172,256.93728828362));
#3797 = CARTESIAN_POINT('',(69.925232334966,229.54194108819));
#3798 = CARTESIAN_POINT('',(60.258535787578,198.77089022332));
#3799 = CARTESIAN_POINT('',(60.258535787602,137.22910977666));
#3800 = CARTESIAN_POINT('',(69.92523233486,106.45805891186));
#3801 = CARTESIAN_POINT('',(89.261197297449,79.062711716206));
#3802 = CARTESIAN_POINT('',(116.92885780314,58.411146349932));
#3803 = CARTESIAN_POINT('',(150.3178886212,47.29214729256));
#3804 = CARTESIAN_POINT('',(185.69274964686,47.243493660167));
#3805 = CARTESIAN_POINT('',(219.28669178836,58.309084551241));
#3806 = CARTESIAN_POINT('',(247.14735867795,79.239661047008));
#3807 = CARTESIAN_POINT('',(266.35195312708,106.93397027347));
#3808 = CARTESIAN_POINT('',(275.7414642124,137.67423235261));
#3809 = CARTESIAN_POINT('',(275.7414642124,168.));
#3810 = ( GEOMETRIC_REPRESENTATION_CONTEXT(2) 
PARAMETRIC_REPRESENTATION_CONTEXT() REPRESENTATION_CONTEXT('2D SPACE',''
  ) );
#3811 = PCURVE('',#3812,#3857);
#3812 = B_SPLINE_SURFACE_WITH_KNOTS('',1,11,(
    (#3813,#3814,#3815,#3816,#3817,#3818,#3819,#3820,#3821,#3822,#3823
      ,#3824,#3825,#3826,#3827,#3828,#3829,#3830,#3831,#3832,#3833,#3834
      )
    ,(#3835,#3836,#3837,#3838,#3839,#3840,#3841,#3842,#3843,#3844,#3845
      ,#3846,#3847,#3848,#3849,#3850,#3851,#3852,#3853,#3854,#3855,#3856
      )),.UNSPECIFIED.,.F.,.T.,.F.,(2,2),(12,10,12),(0.,673.50383299447)
  ,(1.716566866578E-14,336.75191649723,673.50383299447),.UNSPECIFIED.);
#3813 = CARTESIAN_POINT('',(107.74146421241,0.,16.8));
#3814 = CARTESIAN_POINT('',(107.7414642124,30.325767647394,
    16.800000000001));
#3815 = CARTESIAN_POINT('',(98.351953127047,61.066029726496,
    16.799999999995));
#3816 = CARTESIAN_POINT('',(79.147358678047,88.760338953063,
    16.800000000014));
#3817 = CARTESIAN_POINT('',(51.286691788183,109.69091544863,
    16.799999999975));
#3818 = CARTESIAN_POINT('',(17.692749647123,120.75650633999,
    16.800000000032));
#3819 = CARTESIAN_POINT('',(-17.68211137904,120.70785270729,
    16.799999999968));
#3820 = CARTESIAN_POINT('',(-51.07114219666,109.58885365016,
    16.800000000023));
#3821 = CARTESIAN_POINT('',(-78.73880270265,88.93728828375,
    16.799999999987));
#3822 = CARTESIAN_POINT('',(-98.0747676651,61.541941088147,
    16.800000000005));
#3823 = CARTESIAN_POINT('',(-107.7414642124,30.770890223335,
    16.799999999999));
#3824 = CARTESIAN_POINT('',(-107.7414642124,-30.77089022333,
    16.800000000001));
#3825 = CARTESIAN_POINT('',(-98.07476766511,-61.5419410881,
    16.799999999997));
#3826 = CARTESIAN_POINT('',(-78.73880270261,-88.93728828387,
    16.800000000007));
#3827 = CARTESIAN_POINT('',(-51.07114219673,-109.5888536499,
    16.799999999986));
#3828 = CARTESIAN_POINT('',(-17.68211137895,-120.7078527076,
    16.80000000002));
#3829 = CARTESIAN_POINT('',(17.692749647021,-120.7565063396,
    16.799999999978));
#3830 = CARTESIAN_POINT('',(51.286691788256,-109.6909154489,
    16.800000000017));
#3831 = CARTESIAN_POINT('',(79.147358678013,-88.7603389529,
    16.79999999999));
#3832 = CARTESIAN_POINT('',(98.351953127056,-61.06602972655,
    16.800000000004));
#3833 = CARTESIAN_POINT('',(107.7414642124,-30.32576764738,
    16.799999999999));
#3834 = CARTESIAN_POINT('',(107.7414642124,0.,16.8));
#3835 = CARTESIAN_POINT('',(107.10492599849,0.,17.343149277392));
#3836 = CARTESIAN_POINT('',(107.10492599849,30.146602549583,
    17.343149277394));
#3837 = CARTESIAN_POINT('',(97.770888287839,60.705250691449,
    17.343149277385));
#3838 = CARTESIAN_POINT('',(78.679754875759,88.235941516693,
    17.343149277411));
#3839 = CARTESIAN_POINT('',(50.983689230844,109.04285984706,
    17.343149277359));
#3840 = CARTESIAN_POINT('',(17.58822061234,120.04307505868,
    17.343149277436));
#3841 = CARTESIAN_POINT('',(-17.57764519532,119.99470887235,
    17.343149277349));
#3842 = CARTESIAN_POINT('',(-50.76941310959,108.94140103128,
    17.343149277424));
#3843 = CARTESIAN_POINT('',(-78.2736126553,88.411845428022,
    17.343149277375));
#3844 = CARTESIAN_POINT('',(-97.49534044182,61.178350361521,
    17.343149277399));
#3845 = CARTESIAN_POINT('',(-107.1049259984,30.589095334554,
    17.343149277391));
#3846 = CARTESIAN_POINT('',(-107.1049259984,-30.58909533455,
    17.343149277393));
#3847 = CARTESIAN_POINT('',(-97.49534044183,-61.17835036148,
    17.343149277392));
#3848 = CARTESIAN_POINT('',(-78.27361265529,-88.41184542814,
    17.343149277392));
#3849 = CARTESIAN_POINT('',(-50.7694131096,-108.941401031,
    17.343149277395));
#3850 = CARTESIAN_POINT('',(-17.5776451953,-119.9947088726,
    17.343149277388));
#3851 = CARTESIAN_POINT('',(17.588220612334,-120.0430750583,
    17.343149277397));
#3852 = CARTESIAN_POINT('',(50.98368923084,-109.0428598473,
    17.343149277389));
#3853 = CARTESIAN_POINT('',(78.679754875768,-88.23594151654,
    17.343149277394));
#3854 = CARTESIAN_POINT('',(97.770888287833,-60.7052506915,
    17.343149277392));
#3855 = CARTESIAN_POINT('',(107.10492599849,-30.14660254957,
    17.343149277392));
#3856 = CARTESIAN_POINT('',(107.10492599849,-2.623314095939E-14,
    17.343149277392));
#3857 = DEFINITIONAL_REPRESENTATION('',(#3858),#3862);
#3858 = LINE('',#3859,#3860);
#3859 = CARTESIAN_POINT('',(0.,0.));
#3860 = VECTOR('',#3861,1.);
#3861 = DIRECTION('',(0.,1.));
#3862 = ( GEOMETRIC_REPRESENTATION_CONTEXT(2) 
PARAMETRIC_REPRESENTATION_CONTEXT() REPRESENTATION_CONTEXT('2D SPACE',''
  ) );
#3863 = ADVANCED_FACE('',(#3864),#3812,.T.);
#3864 = FACE_BOUND('',#3865,.T.);
#3865 = EDGE_LOOP('',(#3866,#3886,#3950,#3951));
#3866 = ORIENTED_EDGE('',*,*,#3867,.T.);
#3867 = EDGE_CURVE('',#3759,#3868,#3870,.T.);
#3868 = VERTEX_POINT('',#3869);
#3869 = CARTESIAN_POINT('',(107.10492599849,0.,17.343149277392));
#3870 = SEAM_CURVE('',#3871,(#3874,#3880),.PCURVE_S1.);
#3871 = B_SPLINE_CURVE_WITH_KNOTS('',1,(#3872,#3873),.UNSPECIFIED.,.F.,
  .F.,(2,2),(0.,673.50383299447),.PIECEWISE_BEZIER_KNOTS.);
#3872 = CARTESIAN_POINT('',(107.74146421241,0.,16.8));
#3873 = CARTESIAN_POINT('',(107.10492599849,0.,17.343149277392));
#3874 = PCURVE('',#3812,#3875);
#3875 = DEFINITIONAL_REPRESENTATION('',(#3876),#3879);
#3876 = B_SPLINE_CURVE_WITH_KNOTS('',1,(#3877,#3878),.UNSPECIFIED.,.F.,
  .F.,(2,2),(0.,673.50383299447),.PIECEWISE_BEZIER_KNOTS.);
#3877 = CARTESIAN_POINT('',(0.,1.716566866578E-14));
#3878 = CARTESIAN_POINT('',(673.50383299447,1.716566866578E-14));
#3879 = ( GEOMETRIC_REPRESENTATION_CONTEXT(2) 
PARAMETRIC_REPRESENTATION_CONTEXT() REPRESENTATION_CONTEXT('2D SPACE',''
  ) );
#3880 = PCURVE('',#3812,#3881);
#3881 = DEFINITIONAL_REPRESENTATION('',(#3882),#3885);
#3882 = B_SPLINE_CURVE_WITH_KNOTS('',1,(#3883,#3884),.UNSPECIFIED.,.F.,
  .F.,(2,2),(0.,673.50383299447),.PIECEWISE_BEZIER_KNOTS.);
#3883 = CARTESIAN_POINT('',(0.,673.50383299447));
#3884 = CARTESIAN_POINT('',(673.50383299447,673.50383299447));
#3885 = ( GEOMETRIC_REPRESENTATION_CONTEXT(2) 
PARAMETRIC_REPRESENTATION_CONTEXT() REPRESENTATION_CONTEXT('2D SPACE',''
  ) );
#3886 = ORIENTED_EDGE('',*,*,#3887,.T.);
#3887 = EDGE_CURVE('',#3868,#3868,#3888,.T.);
#3888 = SURFACE_CURVE('',#3889,(#3912,#3919),.PCURVE_S1.);
#3889 = B_SPLINE_CURVE_WITH_KNOTS('',11,(#3890,#3891,#3892,#3893,#3894,
    #3895,#3896,#3897,#3898,#3899,#3900,#3901,#3902,#3903,#3904,#3905,
    #3906,#3907,#3908,#3909,#3910,#3911),.UNSPECIFIED.,.T.,.F.,(12,10,12
    ),(1.716566866578E-14,336.75191649723,673.50383299447),
  .UNSPECIFIED.);
#3890 = CARTESIAN_POINT('',(107.10492599849,0.,17.343149277392));
#3891 = CARTESIAN_POINT('',(107.10492599849,30.146602549583,
    17.343149277394));
#3892 = CARTESIAN_POINT('',(97.770888287839,60.705250691449,
    17.343149277385));
#3893 = CARTESIAN_POINT('',(78.679754875759,88.235941516693,
    17.343149277411));
#3894 = CARTESIAN_POINT('',(50.983689230844,109.04285984706,
    17.343149277359));
#3895 = CARTESIAN_POINT('',(17.58822061234,120.04307505868,
    17.343149277436));
#3896 = CARTESIAN_POINT('',(-17.57764519532,119.99470887235,
    17.343149277349));
#3897 = CARTESIAN_POINT('',(-50.76941310959,108.94140103128,
    17.343149277424));
#3898 = CARTESIAN_POINT('',(-78.2736126553,88.411845428022,
    17.343149277375));
#3899 = CARTESIAN_POINT('',(-97.49534044182,61.178350361521,
    17.343149277399));
#3900 = CARTESIAN_POINT('',(-107.1049259984,30.589095334554,
    17.343149277391));
#3901 = CARTESIAN_POINT('',(-107.1049259984,-30.58909533455,
    17.343149277393));
#3902 = CARTESIAN_POINT('',(-97.49534044183,-61.17835036148,
    17.343149277392));
#3903 = CARTESIAN_POINT('',(-78.27361265529,-88.41184542814,
    17.343149277392));
#3904 = CARTESIAN_POINT('',(-50.7694131096,-108.941401031,
    17.343149277395));
#3905 = CARTESIAN_POINT('',(-17.5776451953,-119.9947088726,
    17.343149277388));
#3906 = CARTESIAN_POINT('',(17.588220612334,-120.0430750583,
    17.343149277397));
#3907 = CARTESIAN_POINT('',(50.98368923084,-109.0428598473,
    17.343149277389));
#3908 = CARTESIAN_POINT('',(78.679754875768,-88.23594151654,
    17.343149277394));
#3909 = CARTESIAN_POINT('',(97.770888287833,-60.7052506915,
    17.343149277392));
#3910 = CARTESIAN_POINT('',(107.10492599849,-30.14660254957,
    17.343149277392));
#3911 = CARTESIAN_POINT('',(107.10492599849,-2.623314095939E-14,
    17.343149277392));
#3912 = PCURVE('',#3812,#3913);
#3913 = DEFINITIONAL_REPRESENTATION('',(#3914),#3918);
#3914 = LINE('',#3915,#3916);
#3915 = CARTESIAN_POINT('',(673.50383299447,0.));
#3916 = VECTOR('',#3917,1.);
#3917 = DIRECTION('',(0.,1.));
#3918 = ( GEOMETRIC_REPRESENTATION_CONTEXT(2) 
PARAMETRIC_REPRESENTATION_CONTEXT() REPRESENTATION_CONTEXT('2D SPACE',''
  ) );
#3919 = PCURVE('',#3920,#3925);
#3920 = SPHERICAL_SURFACE('',#3921,108.5);
#3921 = AXIS2_PLACEMENT_3D('',#3922,#3923,#3924);
#3922 = CARTESIAN_POINT('',(0.,0.,0.));
#3923 = DIRECTION('',(0.,0.,1.));
#3924 = DIRECTION('',(1.,0.,0.));
#3925 = DEFINITIONAL_REPRESENTATION('',(#3926),#3949);
#3926 = B_SPLINE_CURVE_WITH_KNOTS('',11,(#3927,#3928,#3929,#3930,#3931,
    #3932,#3933,#3934,#3935,#3936,#3937,#3938,#3939,#3940,#3941,#3942,
    #3943,#3944,#3945,#3946,#3947,#3948),.UNSPECIFIED.,.F.,.F.,(12,10,12
    ),(1.716566866578E-14,336.75191649723,673.50383299447),
  .UNSPECIFIED.);
#3927 = CARTESIAN_POINT('',(2.22044604925E-16,0.160533321838));
#3928 = CARTESIAN_POINT('',(0.281467936872,0.160533321838));
#3929 = CARTESIAN_POINT('',(0.566780268291,0.160533321838));
#3930 = CARTESIAN_POINT('',(0.853826319342,0.160533321838));
#3931 = CARTESIAN_POINT('',(1.141010657714,0.160533321838));
#3932 = CARTESIAN_POINT('',(1.427556280275,0.160533321838));
#3933 = CARTESIAN_POINT('',(1.713524372133,0.160533321838));
#3934 = CARTESIAN_POINT('',(1.99919485667,0.160533321838));
#3935 = CARTESIAN_POINT('',(2.28479477331,0.160533321838));
#3936 = CARTESIAN_POINT('',(2.570393973971,0.160533321838));
#3937 = CARTESIAN_POINT('',(2.855993321445,0.160533321838));
#3938 = CARTESIAN_POINT('',(3.427191985734,0.160533321838));
#3939 = CARTESIAN_POINT('',(3.712791333208,0.160533321838));
#3940 = CARTESIAN_POINT('',(3.998390533871,0.160533321838));
#3941 = CARTESIAN_POINT('',(4.283990450508,0.160533321838));
#3942 = CARTESIAN_POINT('',(4.569660935049,0.160533321838));
#3943 = CARTESIAN_POINT('',(4.855629026903,0.160533321838));
#3944 = CARTESIAN_POINT('',(5.142174649467,0.160533321838));
#3945 = CARTESIAN_POINT('',(5.429358987837,0.160533321838));
#3946 = CARTESIAN_POINT('',(5.716405038889,0.160533321838));
#3947 = CARTESIAN_POINT('',(6.001717370308,0.160533321838));
#3948 = CARTESIAN_POINT('',(6.28318530718,0.160533321838));
#3949 = ( GEOMETRIC_REPRESENTATION_CONTEXT(2) 
PARAMETRIC_REPRESENTATION_CONTEXT() REPRESENTATION_CONTEXT('2D SPACE',''
  ) );
#3950 = ORIENTED_EDGE('',*,*,#3867,.F.);
#3951 = ORIENTED_EDGE('',*,*,#3758,.F.);
#3952 = ADVANCED_FACE('',(#3953),#3920,.F.);
#3953 = FACE_BOUND('',#3954,.F.);
#3954 = EDGE_LOOP('',(#3955,#3979,#3980));
#3955 = ORIENTED_EDGE('',*,*,#3956,.T.);
#3956 = EDGE_CURVE('',#3868,#3957,#3959,.T.);
#3957 = VERTEX_POINT('',#3958);
#3958 = CARTESIAN_POINT('',(6.643708885374E-15,-1.627239364188E-30,108.5
    ));
#3959 = SEAM_CURVE('',#3960,(#3965,#3972),.PCURVE_S1.);
#3960 = CIRCLE('',#3961,108.5);
#3961 = AXIS2_PLACEMENT_3D('',#3962,#3963,#3964);
#3962 = CARTESIAN_POINT('',(0.,0.,0.));
#3963 = DIRECTION('',(-2.449293598295E-16,-1.,0.));
#3964 = DIRECTION('',(1.,-2.449293598295E-16,0.));
#3965 = PCURVE('',#3920,#3966);
#3966 = DEFINITIONAL_REPRESENTATION('',(#3967),#3971);
#3967 = LINE('',#3968,#3969);
#3968 = CARTESIAN_POINT('',(6.28318530718,-6.28318530718));
#3969 = VECTOR('',#3970,1.);
#3970 = DIRECTION('',(0.,1.));
#3971 = ( GEOMETRIC_REPRESENTATION_CONTEXT(2) 
PARAMETRIC_REPRESENTATION_CONTEXT() REPRESENTATION_CONTEXT('2D SPACE',''
  ) );
#3972 = PCURVE('',#3920,#3973);
#3973 = DEFINITIONAL_REPRESENTATION('',(#3974),#3978);
#3974 = LINE('',#3975,#3976);
#3975 = CARTESIAN_POINT('',(0.,-6.28318530718));
#3976 = VECTOR('',#3977,1.);
#3977 = DIRECTION('',(0.,1.));
#3978 = ( GEOMETRIC_REPRESENTATION_CONTEXT(2) 
PARAMETRIC_REPRESENTATION_CONTEXT() REPRESENTATION_CONTEXT('2D SPACE',''
  ) );
#3979 = ORIENTED_EDGE('',*,*,#3956,.F.);
#3980 = ORIENTED_EDGE('',*,*,#3887,.T.);
#3981 = ( GEOMETRIC_REPRESENTATION_CONTEXT(3) 
GLOBAL_UNCERTAINTY_ASSIGNED_CONTEXT((#3985)) 
GLOBAL_UNIT_ASSIGNED_CONTEXT((#3982,#3983,#3984)) REPRESENTATION_CONTEXT
('Context #1','3D Context with UNIT and UNCERTAINTY') );
#3982 = ( LENGTH_UNIT() NAMED_UNIT(*) SI_UNIT(.MILLI.,.METRE.) );
#3983 = ( NAMED_UNIT(*) PLANE_ANGLE_UNIT() SI_UNIT($,.RADIAN.) );
#3984 = ( NAMED_UNIT(*) SI_UNIT($,.STERADIAN.) SOLID_ANGLE_UNIT() );
#3985 = UNCERTAINTY_MEASURE_WITH_UNIT(LENGTH_MEASURE(2.E-06),#3982,
  'distance_accuracy_value','confusion accuracy');
#3986 = CONTEXT_DEPENDENT_SHAPE_REPRESENTATION(#3987,#3989);
#3987 = ( REPRESENTATION_RELATIONSHIP('','',#82,#59) 
REPRESENTATION_RELATIONSHIP_WITH_TRANSFORMATION(#3988) 
SHAPE_REPRESENTATION_RELATIONSHIP() );
#3988 = ITEM_DEFINED_TRANSFORMATION('','',#11,#60);
#3989 = PRODUCT_DEFINITION_SHAPE('Placement','Placement of an item',
  #3990);
#3990 = NEXT_ASSEMBLY_USAGE_OCCURRENCE('1','=>[0:1:1:4]','',#54,#77,$);
#3991 = PRODUCT_RELATED_PRODUCT_CATEGORY('part',$,(#79));
#3992 = SHAPE_DEFINITION_REPRESENTATION(#3993,#3999);
#3993 = PRODUCT_DEFINITION_SHAPE('','',#3994);
#3994 = PRODUCT_DEFINITION('design','',#3995,#3998);
#3995 = PRODUCT_DEFINITION_FORMATION('','',#3996);
#3996 = PRODUCT('SOLID','SOLID','',(#3997));
#3997 = PRODUCT_CONTEXT('',#2,'mechanical');
#3998 = PRODUCT_DEFINITION_CONTEXT('part definition',#2,'design');
#3999 = ADVANCED_BREP_SHAPE_REPRESENTATION('',(#11,#4000),#8538);
#4000 = MANIFOLD_SOLID_BREP('',#4001);
#4001 = CLOSED_SHELL('',(#4002,#4427,#4482,#4571,#4718,#4752,#4787,#4822
    ,#4987,#5037,#5090,#5097,#5186,#5241,#5276,#5329,#5382,#5624,#5679,
    #5765,#5846,#5927,#6003,#6056,#6109,#6162,#6215,#6268,#6299,#6330,
    #6406,#6487,#6513,#6594,#6620,#6696,#6751,#6806,#6861,#6916,#6951,
    #6983,#7015,#7091,#7123,#7192,#7224,#7293,#7360,#7413,#7466,#7519,
    #7572,#7625,#7631,#7637,#7799,#7805,#7811,#7846,#7881,#7916,#7951,
    #8001,#8054,#8107,#8160,#8213,#8238,#8286,#8334,#8382,#8430,#8457,
    #8484,#8511));
#4002 = ADVANCED_FACE('',(#4003,#4168),#4018,.T.);
#4003 = FACE_BOUND('',#4004,.T.);
#4004 = EDGE_LOOP('',(#4005,#4036,#4140,#4141));
#4005 = ORIENTED_EDGE('',*,*,#4006,.F.);
#4006 = EDGE_CURVE('',#4007,#4009,#4011,.T.);
#4007 = VERTEX_POINT('',#4008);
#4008 = CARTESIAN_POINT('',(109.70867178049,0.,22.539018083285));
#4009 = VERTEX_POINT('',#4010);
#4010 = CARTESIAN_POINT('',(31.999999999999,-7.837739514543E-15,
    107.33126291999));
#4011 = SEAM_CURVE('',#4012,(#4017,#4029),.PCURVE_S1.);
#4012 = CIRCLE('',#4013,112.);
#4013 = AXIS2_PLACEMENT_3D('',#4014,#4015,#4016);
#4014 = CARTESIAN_POINT('',(0.,0.,0.));
#4015 = DIRECTION('',(-2.449293598295E-16,-1.,0.));
#4016 = DIRECTION('',(1.,-2.449293598295E-16,0.));
#4017 = PCURVE('',#4018,#4023);
#4018 = SPHERICAL_SURFACE('',#4019,112.);
#4019 = AXIS2_PLACEMENT_3D('',#4020,#4021,#4022);
#4020 = CARTESIAN_POINT('',(0.,0.,0.));
#4021 = DIRECTION('',(0.,0.,1.));
#4022 = DIRECTION('',(1.,0.,0.));
#4023 = DEFINITIONAL_REPRESENTATION('',(#4024),#4028);
#4024 = LINE('',#4025,#4026);
#4025 = CARTESIAN_POINT('',(0.,-6.28318530718));
#4026 = VECTOR('',#4027,1.);
#4027 = DIRECTION('',(0.,1.));
#4028 = ( GEOMETRIC_REPRESENTATION_CONTEXT(2) 
PARAMETRIC_REPRESENTATION_CONTEXT() REPRESENTATION_CONTEXT('2D SPACE',''
  ) );
#4029 = PCURVE('',#4018,#4030);
#4030 = DEFINITIONAL_REPRESENTATION('',(#4031),#4035);
#4031 = LINE('',#4032,#4033);
#4032 = CARTESIAN_POINT('',(6.28318530718,-6.28318530718));
#4033 = VECTOR('',#4034,1.);
#4034 = DIRECTION('',(0.,1.));
#4035 = ( GEOMETRIC_REPRESENTATION_CONTEXT(2) 
PARAMETRIC_REPRESENTATION_CONTEXT() REPRESENTATION_CONTEXT('2D SPACE',''
  ) );
#4036 = ORIENTED_EDGE('',*,*,#4037,.T.);
#4037 = EDGE_CURVE('',#4007,#4007,#4038,.T.);
#4038 = SURFACE_CURVE('',#4039,(#4062,#4088),.PCURVE_S1.);
#4039 = B_SPLINE_CURVE_WITH_KNOTS('',11,(#4040,#4041,#4042,#4043,#4044,
    #4045,#4046,#4047,#4048,#4049,#4050,#4051,#4052,#4053,#4054,#4055,
    #4056,#4057,#4058,#4059,#4060,#4061),.UNSPECIFIED.,.T.,.F.,(12,10,12
    ),(1.758628779617E-14,345.00352038368,690.00704076737),
  .UNSPECIFIED.);
#4040 = CARTESIAN_POINT('',(109.70867178049,0.,22.539018083285));
#4041 = CARTESIAN_POINT('',(109.7086717805,30.879473502985,
    22.539018083287));
#4042 = CARTESIAN_POINT('',(100.14772143167,62.181009522891,
    22.539018083276));
#4043 = CARTESIAN_POINT('',(80.592478104684,90.380977876172,
    22.539018083306));
#4044 = CARTESIAN_POINT('',(52.223114631175,111.69371725384,
    22.53901808325));
#4045 = CARTESIAN_POINT('',(18.01579436591,122.96135026805,
    22.53901808333));
#4046 = CARTESIAN_POINT('',(-18.00496185802,122.91180828844,
    22.539018083242));
#4047 = CARTESIAN_POINT('',(-52.00362940735,111.58979195054,
    22.539018083315));
#4048 = CARTESIAN_POINT('',(-80.17646247192,90.561158052684,
    22.53901808327));
#4049 = CARTESIAN_POINT('',(-99.86547495313,62.665610356521,
    22.539018083289));
#4050 = CARTESIAN_POINT('',(-109.7086717805,31.332723390964,
    22.539018083285));
#4051 = CARTESIAN_POINT('',(-109.7086717804,-31.33272339096,
    22.539018083283));
#4052 = CARTESIAN_POINT('',(-99.86547495316,-62.66561035654,
    22.539018083296));
#4053 = CARTESIAN_POINT('',(-80.17646247185,-90.56115805261,
    22.539018083255));
#4054 = CARTESIAN_POINT('',(-52.00362940746,-111.5897919506,
    22.539018083337));
#4055 = CARTESIAN_POINT('',(-18.00496185789,-122.9118082883,
    22.539018083221));
#4056 = CARTESIAN_POINT('',(18.015794365789,-122.9613502681,
    22.539018083345));
#4057 = CARTESIAN_POINT('',(52.223114631266,-111.6937172537,
    22.539018083241));
#4058 = CARTESIAN_POINT('',(80.59247810463,-90.3809778762,22.53901808331
    ));
#4059 = CARTESIAN_POINT('',(100.14772143169,-62.18100952288,
    22.539018083275));
#4060 = CARTESIAN_POINT('',(109.70867178049,-30.87947350298,
    22.539018083287));
#4061 = CARTESIAN_POINT('',(109.70867178049,-2.687087474694E-14,
    22.539018083285));
#4062 = PCURVE('',#4018,#4063);
#4063 = DEFINITIONAL_REPRESENTATION('',(#4064),#4087);
#4064 = B_SPLINE_CURVE_WITH_KNOTS('',11,(#4065,#4066,#4067,#4068,#4069,
    #4070,#4071,#4072,#4073,#4074,#4075,#4076,#4077,#4078,#4079,#4080,
    #4081,#4082,#4083,#4084,#4085,#4086),.UNSPECIFIED.,.F.,.F.,(12,10,12
    ),(1.758628779617E-14,345.00352038368,690.00704076737),
  .UNSPECIFIED.);
#4065 = CARTESIAN_POINT('',(-2.22044604925E-16,0.202624912976));
#4066 = CARTESIAN_POINT('',(0.281467936872,0.202624912976));
#4067 = CARTESIAN_POINT('',(0.566780268291,0.202624912976));
#4068 = CARTESIAN_POINT('',(0.853826319342,0.202624912976));
#4069 = CARTESIAN_POINT('',(1.141010657714,0.202624912976));
#4070 = CARTESIAN_POINT('',(1.427556280275,0.202624912977));
#4071 = CARTESIAN_POINT('',(1.713524372133,0.202624912976));
#4072 = CARTESIAN_POINT('',(1.99919485667,0.202624912977));
#4073 = CARTESIAN_POINT('',(2.28479477331,0.202624912976));
#4074 = CARTESIAN_POINT('',(2.570393973971,0.202624912976));
#4075 = CARTESIAN_POINT('',(2.855993321445,0.202624912976));
#4076 = CARTESIAN_POINT('',(3.427191985734,0.202624912976));
#4077 = CARTESIAN_POINT('',(3.712791333211,0.202624912976));
#4078 = CARTESIAN_POINT('',(3.998390533864,0.202624912976));
#4079 = CARTESIAN_POINT('',(4.283990450519,0.202624912977));
#4080 = CARTESIAN_POINT('',(4.569660935035,0.202624912976));
#4081 = CARTESIAN_POINT('',(4.855629026916,0.202624912977));
#4082 = CARTESIAN_POINT('',(5.142174649457,0.202624912976));
#4083 = CARTESIAN_POINT('',(5.429358987842,0.202624912976));
#4084 = CARTESIAN_POINT('',(5.716405038887,0.202624912976));
#4085 = CARTESIAN_POINT('',(6.001717370308,0.202624912976));
#4086 = CARTESIAN_POINT('',(6.28318530718,0.202624912976));
#4087 = ( GEOMETRIC_REPRESENTATION_CONTEXT(2) 
PARAMETRIC_REPRESENTATION_CONTEXT() REPRESENTATION_CONTEXT('2D SPACE',''
  ) );
#4088 = PCURVE('',#4089,#4134);
#4089 = B_SPLINE_SURFACE_WITH_KNOTS('',1,11,(
    (#4090,#4091,#4092,#4093,#4094,#4095,#4096,#4097,#4098,#4099,#4100
      ,#4101,#4102,#4103,#4104,#4105,#4106,#4107,#4108,#4109,#4110,#4111
      )
    ,(#4112,#4113,#4114,#4115,#4116,#4117,#4118,#4119,#4120,#4121,#4122
      ,#4123,#4124,#4125,#4126,#4127,#4128,#4129,#4130,#4131,#4132,#4133
      )),.UNSPECIFIED.,.F.,.T.,.F.,(2,2),(12,10,12),(0.,690.00704076737)
  ,(1.758628779617E-14,345.00352038368,690.00704076737),.UNSPECIFIED.);
#4090 = CARTESIAN_POINT('',(109.70867178049,0.,22.539018083285));
#4091 = CARTESIAN_POINT('',(109.7086717805,30.879473502985,
    22.539018083287));
#4092 = CARTESIAN_POINT('',(100.14772143167,62.181009522891,
    22.539018083276));
#4093 = CARTESIAN_POINT('',(80.592478104684,90.380977876172,
    22.539018083306));
#4094 = CARTESIAN_POINT('',(52.223114631175,111.69371725384,
    22.53901808325));
#4095 = CARTESIAN_POINT('',(18.01579436591,122.96135026805,
    22.53901808333));
#4096 = CARTESIAN_POINT('',(-18.00496185802,122.91180828844,
    22.539018083242));
#4097 = CARTESIAN_POINT('',(-52.00362940735,111.58979195054,
    22.539018083315));
#4098 = CARTESIAN_POINT('',(-80.17646247192,90.561158052684,
    22.53901808327));
#4099 = CARTESIAN_POINT('',(-99.86547495313,62.665610356521,
    22.539018083289));
#4100 = CARTESIAN_POINT('',(-109.7086717805,31.332723390964,
    22.539018083285));
#4101 = CARTESIAN_POINT('',(-109.7086717804,-31.33272339096,
    22.539018083283));
#4102 = CARTESIAN_POINT('',(-99.86547495316,-62.66561035654,
    22.539018083296));
#4103 = CARTESIAN_POINT('',(-80.17646247185,-90.56115805261,
    22.539018083255));
#4104 = CARTESIAN_POINT('',(-52.00362940746,-111.5897919506,
    22.539018083337));
#4105 = CARTESIAN_POINT('',(-18.00496185789,-122.9118082883,
    22.539018083221));
#4106 = CARTESIAN_POINT('',(18.015794365789,-122.9613502681,
    22.539018083345));
#4107 = CARTESIAN_POINT('',(52.223114631266,-111.6937172537,
    22.539018083241));
#4108 = CARTESIAN_POINT('',(80.59247810463,-90.3809778762,22.53901808331
    ));
#4109 = CARTESIAN_POINT('',(100.14772143169,-62.18100952288,
    22.539018083275));
#4110 = CARTESIAN_POINT('',(109.70867178049,-30.87947350298,
    22.539018083287));
#4111 = CARTESIAN_POINT('',(109.70867178049,-2.687087474694E-14,
    22.539018083285));
#4112 = CARTESIAN_POINT('',(110.36803130634,0.,22.));
#4113 = CARTESIAN_POINT('',(110.36803130634,31.065062068383,
    22.000000000001));
#4114 = CARTESIAN_POINT('',(100.74961873884,62.554723289436,
    21.999999999995));
#4115 = CARTESIAN_POINT('',(81.076846544164,90.924176127994,
    22.000000000013));
#4116 = CARTESIAN_POINT('',(52.536980504715,112.36500709125,
    21.999999999979));
#4117 = CARTESIAN_POINT('',(18.124070999248,123.70035964899,
    22.000000000026));
#4118 = CARTESIAN_POINT('',(-18.11317338696,123.65051991726,
    21.999999999976));
#4119 = CARTESIAN_POINT('',(-52.31617615386,112.26045718711,
    22.000000000016));
#4120 = CARTESIAN_POINT('',(-80.65833061798,91.105439204404,
    21.999999999993));
#4121 = CARTESIAN_POINT('',(-100.4656759321,63.042236620075,
    22.000000000002));
#4122 = CARTESIAN_POINT('',(-110.3680313063,31.521036031185,22.));
#4123 = CARTESIAN_POINT('',(-110.3680313063,-31.52103603118,
    21.999999999998));
#4124 = CARTESIAN_POINT('',(-100.4656759322,-63.04223662009,
    22.000000000011));
#4125 = CARTESIAN_POINT('',(-80.65833061793,-91.10543920436,
    21.999999999971));
#4126 = CARTESIAN_POINT('',(-52.31617615394,-112.2604571871,
    22.000000000048));
#4127 = CARTESIAN_POINT('',(-18.11317338687,-123.6505199172,
    21.999999999941));
#4128 = CARTESIAN_POINT('',(18.124070999164,-123.700359649,
    22.000000000055));
#4129 = CARTESIAN_POINT('',(52.536980504773,-112.3650070912,
    21.999999999961));
#4130 = CARTESIAN_POINT('',(81.076846544134,-90.92417612799,
    22.000000000021));
#4131 = CARTESIAN_POINT('',(100.74961873885,-62.55472328943,
    21.999999999992));
#4132 = CARTESIAN_POINT('',(110.36803130633,-31.06506206838,
    22.000000000002));
#4133 = CARTESIAN_POINT('',(110.36803130633,0.,22.));
#4134 = DEFINITIONAL_REPRESENTATION('',(#4135),#4139);
#4135 = LINE('',#4136,#4137);
#4136 = CARTESIAN_POINT('',(0.,0.));
#4137 = VECTOR('',#4138,1.);
#4138 = DIRECTION('',(0.,1.));
#4139 = ( GEOMETRIC_REPRESENTATION_CONTEXT(2) 
PARAMETRIC_REPRESENTATION_CONTEXT() REPRESENTATION_CONTEXT('2D SPACE',''
  ) );
#4140 = ORIENTED_EDGE('',*,*,#4006,.T.);
#4141 = ORIENTED_EDGE('',*,*,#4142,.F.);
#4142 = EDGE_CURVE('',#4009,#4009,#4143,.T.);
#4143 = SURFACE_CURVE('',#4144,(#4149,#4156),.PCURVE_S1.);
#4144 = CIRCLE('',#4145,32.);
#4145 = AXIS2_PLACEMENT_3D('',#4146,#4147,#4148);
#4146 = CARTESIAN_POINT('',(0.,0.,107.33126291999));
#4147 = DIRECTION('',(0.,0.,1.));
#4148 = DIRECTION('',(0.,-1.,0.));
#4149 = PCURVE('',#4018,#4150);
#4150 = DEFINITIONAL_REPRESENTATION('',(#4151),#4155);
#4151 = LINE('',#4152,#4153);
#4152 = CARTESIAN_POINT('',(-1.570796326795,1.281044625359));
#4153 = VECTOR('',#4154,1.);
#4154 = DIRECTION('',(1.,0.));
#4155 = ( GEOMETRIC_REPRESENTATION_CONTEXT(2) 
PARAMETRIC_REPRESENTATION_CONTEXT() REPRESENTATION_CONTEXT('2D SPACE',''
  ) );
#4156 = PCURVE('',#4157,#4162);
#4157 = CYLINDRICAL_SURFACE('',#4158,32.);
#4158 = AXIS2_PLACEMENT_3D('',#4159,#4160,#4161);
#4159 = CARTESIAN_POINT('',(0.,0.,104.));
#4160 = DIRECTION('',(0.,0.,1.));
#4161 = DIRECTION('',(1.,0.,0.));
#4162 = DEFINITIONAL_REPRESENTATION('',(#4163),#4167);
#4163 = LINE('',#4164,#4165);
#4164 = CARTESIAN_POINT('',(-1.570796326795,3.33126291999));
#4165 = VECTOR('',#4166,1.);
#4166 = DIRECTION('',(1.,0.));
#4167 = ( GEOMETRIC_REPRESENTATION_CONTEXT(2) 
PARAMETRIC_REPRESENTATION_CONTEXT() REPRESENTATION_CONTEXT('2D SPACE',''
  ) );
#4168 = FACE_BOUND('',#4169,.T.);
#4169 = EDGE_LOOP('',(#4170,#4395));
#4170 = ORIENTED_EDGE('',*,*,#4171,.F.);
#4171 = EDGE_CURVE('',#4172,#4174,#4176,.T.);
#4172 = VERTEX_POINT('',#4173);
#4173 = CARTESIAN_POINT('',(-12.81564426948,-96.25,55.818426724138));
#4174 = VERTEX_POINT('',#4175);
#4175 = CARTESIAN_POINT('',(12.815644269487,-96.25,55.818426724138));
#4176 = SURFACE_CURVE('',#4177,(#4246,#4318),.PCURVE_S1.);
#4177 = B_SPLINE_CURVE_WITH_KNOTS('',7,(#4178,#4179,#4180,#4181,#4182,
    #4183,#4184,#4185,#4186,#4187,#4188,#4189,#4190,#4191,#4192,#4193,
    #4194,#4195,#4196,#4197,#4198,#4199,#4200,#4201,#4202,#4203,#4204,
    #4205,#4206,#4207,#4208,#4209,#4210,#4211,#4212,#4213,#4214,#4215,
    #4216,#4217,#4218,#4219,#4220,#4221,#4222,#4223,#4224,#4225,#4226,
    #4227,#4228,#4229,#4230,#4231,#4232,#4233,#4234,#4235,#4236,#4237,
    #4238,#4239,#4240,#4241,#4242,#4243,#4244,#4245),.UNSPECIFIED.,.F.,
  .F.,(8,6,6,6,6,6,6,6,6,6,6,8),(0.,0.188494706488,0.286502530906,
    0.367121322526,0.410876439013,0.438548373303,0.500198338558,
    0.589047079096,0.632801523256,0.713418181626,0.811423151271,1.),
  .UNSPECIFIED.);
#4178 = CARTESIAN_POINT('',(-12.81564443898,-96.2499994,55.818427719828)
  );
#4179 = CARTESIAN_POINT('',(-12.67212708566,-96.75804479339,
    54.975335154146));
#4180 = CARTESIAN_POINT('',(-12.46281093445,-97.26018782114,
    54.136845588231));
#4181 = CARTESIAN_POINT('',(-12.18644455661,-97.75452227056,
    53.306339523469));
#4182 = CARTESIAN_POINT('',(-11.84129017255,-98.23858686847,
    52.488231530891));
#4183 = CARTESIAN_POINT('',(-11.42551206919,-98.70942808609,
    51.687916532164));
#4184 = CARTESIAN_POINT('',(-10.93741374403,-99.16364562138,
    50.911719577748));
#4185 = CARTESIAN_POINT('',(-10.08282280958,-99.82282735349,
    49.779775752357));
#4186 = CARTESIAN_POINT('',(-9.770511874856,-100.0427123348,
    49.401167659687));
#4187 = CARTESIAN_POINT('',(-9.438034007009,-100.2564111348,
    49.032250721678));
#4188 = CARTESIAN_POINT('',(-9.085265425138,-100.4632643745,
    48.674261946014));
#4189 = CARTESIAN_POINT('',(-8.712189004613,-100.6625403563,
    48.328575794784));
#4190 = CARTESIAN_POINT('',(-8.318927150912,-100.8534462392,
    47.996684431154));
#4191 = CARTESIAN_POINT('',(-7.565925751324,-101.1845953223,
    47.419827642893));
#4192 = CARTESIAN_POINT('',(-7.212633332199,-101.3278111857,
    47.1698984251));
#4193 = CARTESIAN_POINT('',(-6.846083652642,-101.4643098463,
    46.931288697786));
#4194 = CARTESIAN_POINT('',(-6.466575129805,-101.5935828075,
    46.704956171387));
#4195 = CARTESIAN_POINT('',(-6.074536922915,-101.7151004116,
    46.49189893737));
#4196 = CARTESIAN_POINT('',(-5.670554136231,-101.8283260576,
    46.293128563617));
#4197 = CARTESIAN_POINT('',(-5.030078346328,-101.9894008604,
    46.010045889899));
#4198 = CARTESIAN_POINT('',(-4.801467648006,-102.043469761,
    45.914957319331));
#4199 = CARTESIAN_POINT('',(-4.569693739854,-102.0948564943,
    45.824528617742));
#4200 = CARTESIAN_POINT('',(-4.334897888478,-102.1434780066,
    45.738916259613));
#4201 = CARTESIAN_POINT('',(-4.097237643275,-102.1892537582,
    45.658271988582));
#4202 = CARTESIAN_POINT('',(-3.856888023952,-102.2321068259,
    45.582740712135));
#4203 = CARTESIAN_POINT('',(-3.46046067779,-102.2971724096,
    45.468009934442));
#4204 = CARTESIAN_POINT('',(-3.305880061672,-102.3211820995,
    45.425660624537));
#4205 = CARTESIAN_POINT('',(-3.150349733115,-102.3439756932,
    45.385445086037));
#4206 = CARTESIAN_POINT('',(-2.993921039728,-102.3655358506,
    45.347395975598));
#4207 = CARTESIAN_POINT('',(-2.836647803306,-102.385846273,
    45.311543987066));
#4208 = CARTESIAN_POINT('',(-2.678586319835,-102.4048917038,
    45.27791785148));
#4209 = CARTESIAN_POINT('',(-2.166026913602,-102.4622390802,
    45.176647666565));
#4210 = CARTESIAN_POINT('',(-1.808621950291,-102.495472801,
    45.117928430601));
#4211 = CARTESIAN_POINT('',(-1.448253009782,-102.522200602,
    45.070684820173));
#4212 = CARTESIAN_POINT('',(-1.085622108768,-102.5422989671,
    45.035149384241));
#4213 = CARTESIAN_POINT('',(-0.721461291898,-102.5556825842,
    45.011482825493));
#4214 = CARTESIAN_POINT('',(-0.356533183266,-102.5623075777,
    44.999767796105));
#4215 = CARTESIAN_POINT('',(0.53425767349,-102.5619832986,45.00034122311
    ));
#4216 = CARTESIAN_POINT('',(1.06019423347,-102.5477560838,45.02549938122
    ));
#4217 = CARTESIAN_POINT('',(1.583732541097,-102.5194882974,
    45.075485544694));
#4218 = CARTESIAN_POINT('',(2.102620148745,-102.4773840274,
    45.14991701636));
#4219 = CARTESIAN_POINT('',(2.614781825462,-102.4218093739,
    45.248103704869));
#4220 = CARTESIAN_POINT('',(3.118310330006,-102.3532664276,
    45.369098214564));
#4221 = CARTESIAN_POINT('',(3.854322260845,-102.2325587666,
    45.581944089593));
#4222 = CARTESIAN_POINT('',(4.09468659071,-102.1897342364,
    45.657425404396));
#4223 = CARTESIAN_POINT('',(4.332363124942,-102.1439866754,
    45.738020398205));
#4224 = CARTESIAN_POINT('',(4.567176760026,-102.0953929731,
    45.82358422724));
#4225 = CARTESIAN_POINT('',(4.798969860398,-102.0440336412,
    45.913965200884));
#4226 = CARTESIAN_POINT('',(5.027601071679,-101.9899917109,
    46.009006887067));
#4227 = CARTESIAN_POINT('',(5.668134065174,-101.8289934555,
    46.291956745355));
#4228 = CARTESIAN_POINT('',(6.072156756431,-101.7158165049,
    46.490642953547));
#4229 = CARTESIAN_POINT('',(6.464238773002,-101.5943461475,
    46.703618888463));
#4230 = CARTESIAN_POINT('',(6.843794517503,-101.4651189168,
    46.929873109502));
#4231 = CARTESIAN_POINT('',(7.210394382183,-101.328664444,
    47.168407574554));
#4232 = CARTESIAN_POINT('',(7.563739545366,-101.1854912328,
    47.418264558598));
#4233 = CARTESIAN_POINT('',(8.316861583076,-100.8544338194,
    47.994967008108));
#4234 = CARTESIAN_POINT('',(8.710192502707,-100.6635762761,
    48.32677761762));
#4235 = CARTESIAN_POINT('',(9.083340754347,-100.4643465108,
    48.672387222757));
#4236 = CARTESIAN_POINT('',(9.436183451753,-100.2575374448,
    49.03030350425));
#4237 = CARTESIAN_POINT('',(9.768737348004,-100.0438808738,
    49.399151808722));
#4238 = CARTESIAN_POINT('',(10.081125944536,-99.82403628224,
    49.777694922498));
#4239 = CARTESIAN_POINT('',(10.93620955432,-99.16476594611,
    50.90980507922));
#4240 = CARTESIAN_POINT('',(11.424657370811,-98.71039585717,
    51.686271550977));
#4241 = CARTESIAN_POINT('',(11.840722683642,-98.23938270869,
    52.486886495042));
#4242 = CARTESIAN_POINT('',(12.18610378748,-97.75513173288,
    53.30531559476));
#4243 = CARTESIAN_POINT('',(12.462638838536,-97.26060058139,
    54.136156348943));
#4244 = CARTESIAN_POINT('',(12.672068069919,-96.75825370665,
    54.974988466194));
#4245 = CARTESIAN_POINT('',(12.815644438981,-96.2499994,55.818427719828)
  );
#4246 = PCURVE('',#4018,#4247);
#4247 = DEFINITIONAL_REPRESENTATION('',(#4248),#4317);
#4248 = B_SPLINE_CURVE_WITH_KNOTS('',7,(#4249,#4250,#4251,#4252,#4253,
    #4254,#4255,#4256,#4257,#4258,#4259,#4260,#4261,#4262,#4263,#4264,
    #4265,#4266,#4267,#4268,#4269,#4270,#4271,#4272,#4273,#4274,#4275,
    #4276,#4277,#4278,#4279,#4280,#4281,#4282,#4283,#4284,#4285,#4286,
    #4287,#4288,#4289,#4290,#4291,#4292,#4293,#4294,#4295,#4296,#4297,
    #4298,#4299,#4300,#4301,#4302,#4303,#4304,#4305,#4306,#4307,#4308,
    #4309,#4310,#4311,#4312,#4313,#4314,#4315,#4316),.UNSPECIFIED.,.F.,
  .F.,(8,6,6,6,6,6,6,6,6,6,6,8),(0.,0.188494706488,0.286502530906,
    0.367121322526,0.410876439013,0.438548373303,0.500198338558,
    0.589047079096,0.632801523256,0.713418181626,0.811423151271,1.),
  .UNSPECIFIED.);
#4249 = CARTESIAN_POINT('',(4.580018022195,0.521727806363));
#4250 = CARTESIAN_POINT('',(4.582173709599,0.51304503248));
#4251 = CARTESIAN_POINT('',(4.584967982783,0.504460225684));
#4252 = CARTESIAN_POINT('',(4.588398963022,0.496005077564));
#4253 = CARTESIAN_POINT('',(4.592470476188,0.487720957513));
#4254 = CARTESIAN_POINT('',(4.597188354577,0.479657946083));
#4255 = CARTESIAN_POINT('',(4.602558890867,0.471874211155));
#4256 = CARTESIAN_POINT('',(4.611729290401,0.460570176922));
#4257 = CARTESIAN_POINT('',(4.615044697107,0.456797986664));
#4258 = CARTESIAN_POINT('',(4.618539288222,0.45313045487));
#4259 = CARTESIAN_POINT('',(4.622213301909,0.449578976867));
#4260 = CARTESIAN_POINT('',(4.62606614589,0.446156228757));
#4261 = CARTESIAN_POINT('',(4.630096150073,0.442875976562));
#4262 = CARTESIAN_POINT('',(4.637758563802,0.437183908472));
#4263 = CARTESIAN_POINT('',(4.641334499984,0.434721383107));
#4264 = CARTESIAN_POINT('',(4.645026238327,0.432373605967));
#4265 = CARTESIAN_POINT('',(4.648830950134,0.430149432642));
#4266 = CARTESIAN_POINT('',(4.652744727199,0.428058097802));
#4267 = CARTESIAN_POINT('',(4.656762364246,0.426108965881));
#4268 = CARTESIAN_POINT('',(4.663110279967,0.423335497848));
#4269 = CARTESIAN_POINT('',(4.665372073237,0.422404380904));
#4270 = CARTESIAN_POINT('',(4.667661331172,0.421519336159));
#4271 = CARTESIAN_POINT('',(4.669976815432,0.420681814264));
#4272 = CARTESIAN_POINT('',(4.672317150154,0.419893222391));
#4273 = CARTESIAN_POINT('',(4.674680810084,0.419154904814));
#4274 = CARTESIAN_POINT('',(4.678574636895,0.418033784182));
#4275 = CARTESIAN_POINT('',(4.680091823563,0.417620055199));
#4276 = CARTESIAN_POINT('',(4.681617243412,0.417227257842));
#4277 = CARTESIAN_POINT('',(4.683150450019,0.416855695222));
#4278 = CARTESIAN_POINT('',(4.684690975826,0.41650565227));
#4279 = CARTESIAN_POINT('',(4.686238332142,0.416177395737));
#4280 = CARTESIAN_POINT('',(4.69125342722,0.415188946953));
#4281 = CARTESIAN_POINT('',(4.694746371986,0.414616057226));
#4282 = CARTESIAN_POINT('',(4.698264979561,0.414155275758));
#4283 = CARTESIAN_POINT('',(4.701803169049,0.413808762655));
#4284 = CARTESIAN_POINT('',(4.705354614425,0.413578010318));
#4285 = CARTESIAN_POINT('',(4.708912716425,0.413463786387));
#4286 = CARTESIAN_POINT('',(4.717598090731,0.413469377406));
#4287 = CARTESIAN_POINT('',(4.722726096993,0.413714674162));
#4288 = CARTESIAN_POINT('',(4.727833256035,0.414202049533));
#4289 = CARTESIAN_POINT('',(4.732900112164,0.414927936921));
#4290 = CARTESIAN_POINT('',(4.737908768754,0.415885931115));
#4291 = CARTESIAN_POINT('',(4.742842675072,0.41706724798));
#4292 = CARTESIAN_POINT('',(4.750071922981,0.419147118203));
#4293 = CARTESIAN_POINT('',(4.752435699381,0.419884944817));
#4294 = CARTESIAN_POINT('',(4.754776164317,0.420673051853));
#4295 = CARTESIAN_POINT('',(4.757091791825,0.421510095622));
#4296 = CARTESIAN_POINT('',(4.759381205314,0.422394669442));
#4297 = CARTESIAN_POINT('',(4.761643165704,0.423325323053));
#4298 = CARTESIAN_POINT('',(4.767991541549,0.426097476531));
#4299 = CARTESIAN_POINT('',(4.772009499812,0.428045772826));
#4300 = CARTESIAN_POINT('',(4.775923632537,0.430136297581));
#4301 = CARTESIAN_POINT('',(4.779728730347,0.432359687512));
#4302 = CARTESIAN_POINT('',(4.783420881343,0.434706708382));
#4303 = CARTESIAN_POINT('',(4.786997253521,0.43716850444));
#4304 = CARTESIAN_POINT('',(4.794660667313,0.442859006488));
#4305 = CARTESIAN_POINT('',(4.798691246399,0.446138433859));
#4306 = CARTESIAN_POINT('',(4.802544691662,0.449560394339));
#4307 = CARTESIAN_POINT('',(4.806219329267,0.453111120425));
#4308 = CARTESIAN_POINT('',(4.809714564168,0.456777934226));
#4309 = CARTESIAN_POINT('',(4.813030632578,0.460549438493));
#4310 = CARTESIAN_POINT('',(4.822205820701,0.471855012603));
#4311 = CARTESIAN_POINT('',(4.827579908028,0.479641373293));
#4312 = CARTESIAN_POINT('',(4.832300790428,0.487707337768));
#4313 = CARTESIAN_POINT('',(4.836374767342,0.495994653254));
#4314 = CARTESIAN_POINT('',(4.839807680723,0.504453168994));
#4315 = CARTESIAN_POINT('',(4.842603364731,0.513041462038));
#4316 = CARTESIAN_POINT('',(4.844759938574,0.521727806363));
#4317 = ( GEOMETRIC_REPRESENTATION_CONTEXT(2) 
PARAMETRIC_REPRESENTATION_CONTEXT() REPRESENTATION_CONTEXT('2D SPACE',''
  ) );
#4318 = PCURVE('',#4319,#4324);
#4319 = CYLINDRICAL_SURFACE('',#4320,13.);
#4320 = AXIS2_PLACEMENT_3D('',#4321,#4322,#4323);
#4321 = CARTESIAN_POINT('',(0.,-96.25,58.));
#4322 = DIRECTION('',(0.,-1.,2.22044604925E-16));
#4323 = DIRECTION('',(1.,0.,0.));
#4324 = DEFINITIONAL_REPRESENTATION('',(#4325),#4394);
#4325 = B_SPLINE_CURVE_WITH_KNOTS('',7,(#4326,#4327,#4328,#4329,#4330,
    #4331,#4332,#4333,#4334,#4335,#4336,#4337,#4338,#4339,#4340,#4341,
    #4342,#4343,#4344,#4345,#4346,#4347,#4348,#4349,#4350,#4351,#4352,
    #4353,#4354,#4355,#4356,#4357,#4358,#4359,#4360,#4361,#4362,#4363,
    #4364,#4365,#4366,#4367,#4368,#4369,#4370,#4371,#4372,#4373,#4374,
    #4375,#4376,#4377,#4378,#4379,#4380,#4381,#4382,#4383,#4384,#4385,
    #4386,#4387,#4388,#4389,#4390,#4391,#4392,#4393),.UNSPECIFIED.,.F.,
  .F.,(8,6,6,6,6,6,6,6,6,6,6,8),(0.,0.188494706488,0.286502530906,
    0.367121322526,0.410876439013,0.438548373303,0.500198338558,
    0.589047079096,0.632801523256,0.713418181626,0.811423151271,1.),
  .UNSPECIFIED.);
#4326 = CARTESIAN_POINT('',(3.310203697471,-6.000000070117E-07));
#4327 = CARTESIAN_POINT('',(3.375989898835,0.508044793396));
#4328 = CARTESIAN_POINT('',(3.442276396697,1.010187821148));
#4329 = CARTESIAN_POINT('',(3.509288199798,1.504522270569));
#4330 = CARTESIAN_POINT('',(3.577209258437,1.988586868476));
#4331 = CARTESIAN_POINT('',(3.6462167128,2.459428086097));
#4332 = CARTESIAN_POINT('',(3.716491566283,2.913645621382));
#4333 = CARTESIAN_POINT('',(3.82559285707,3.572827353499));
#4334 = CARTESIAN_POINT('',(3.863311577057,3.792712334803));
#4335 = CARTESIAN_POINT('',(3.901454815974,4.006411134878));
#4336 = CARTESIAN_POINT('',(3.940045662726,4.213264374555));
#4337 = CARTESIAN_POINT('',(3.979103223946,4.412540356313));
#4338 = CARTESIAN_POINT('',(4.01864311684,4.6034462392));
#4339 = CARTESIAN_POINT('',(4.091609627029,4.934595322375));
#4340 = CARTESIAN_POINT('',(4.124874705609,5.077811185782));
#4341 = CARTESIAN_POINT('',(4.15847815426,5.214309846378));
#4342 = CARTESIAN_POINT('',(4.192420549306,5.343582807535));
#4343 = CARTESIAN_POINT('',(4.226698238294,5.465100411613));
#4344 = CARTESIAN_POINT('',(4.261302497948,5.5783260576));
#4345 = CARTESIAN_POINT('',(4.315167606568,5.739400860459));
#4346 = CARTESIAN_POINT('',(4.334208988272,5.793469761016));
#4347 = CARTESIAN_POINT('',(4.353339123279,5.844856494359));
#4348 = CARTESIAN_POINT('',(4.372554816371,5.893478006663));
#4349 = CARTESIAN_POINT('',(4.391852301528,5.939253758254));
#4350 = CARTESIAN_POINT('',(4.411227145837,5.982106825922));
#4351 = CARTESIAN_POINT('',(4.442972973698,6.047172409691));
#4352 = CARTESIAN_POINT('',(4.455300684677,6.071182099592));
#4353 = CARTESIAN_POINT('',(4.467655986259,6.093975693261));
#4354 = CARTESIAN_POINT('',(4.480037486131,6.115535850604));
#4355 = CARTESIAN_POINT('',(4.492443699732,6.135846273099));
#4356 = CARTESIAN_POINT('',(4.504873050255,6.1548917038));
#4357 = CARTESIAN_POINT('',(4.54506289525,6.212239080288));
#4358 = CARTESIAN_POINT('',(4.572909704863,6.245472801093));
#4359 = CARTESIAN_POINT('',(4.600843916422,6.272200602077));
#4360 = CARTESIAN_POINT('',(4.628845213321,6.292298967158));
#4361 = CARTESIAN_POINT('',(4.656892547769,6.305682584261));
#4362 = CARTESIAN_POINT('',(4.684963345131,6.312307577733));
#4363 = CARTESIAN_POINT('',(4.753485732925,6.311983298666));
#4364 = CARTESIAN_POINT('',(4.793943615898,6.297756083844));
#4365 = CARTESIAN_POINT('',(4.834326432287,6.26948829747));
#4366 = CARTESIAN_POINT('',(4.874568962451,6.227384027439));
#4367 = CARTESIAN_POINT('',(4.914614089543,6.171809373911));
#4368 = CARTESIAN_POINT('',(4.954408016508,6.103266427673));
#4369 = CARTESIAN_POINT('',(5.013344193444,5.982558766682));
#4370 = CARTESIAN_POINT('',(5.032718965603,5.939734236411));
#4371 = CARTESIAN_POINT('',(5.05201641977,5.893986675435));
#4372 = CARTESIAN_POINT('',(5.071232119674,5.845392973189));
#4373 = CARTESIAN_POINT('',(5.090362295911,5.794033641241));
#4374 = CARTESIAN_POINT('',(5.109403749805,5.739991710946));
#4375 = CARTESIAN_POINT('',(5.163268754091,5.578993455536));
#4376 = CARTESIAN_POINT('',(5.197872911056,5.465816504985));
#4377 = CARTESIAN_POINT('',(5.232150575749,5.344346147547));
#4378 = CARTESIAN_POINT('',(5.266093005725,5.215118916882));
#4379 = CARTESIAN_POINT('',(5.299696531558,5.078664444056));
#4380 = CARTESIAN_POINT('',(5.332961713814,4.93549123284));
#4381 = CARTESIAN_POINT('',(5.405928372284,4.604433819453));
#4382 = CARTESIAN_POINT('',(5.445468319598,4.413576276197));
#4383 = CARTESIAN_POINT('',(5.484525932418,4.214346510828));
#4384 = CARTESIAN_POINT('',(5.523116809333,4.00753744483));
#4385 = CARTESIAN_POINT('',(5.561260042538,3.793880873813));
#4386 = CARTESIAN_POINT('',(5.598978709388,3.574036282248));
#4387 = CARTESIAN_POINT('',(5.708113048912,2.914765946112));
#4388 = CARTESIAN_POINT('',(5.778419406202,2.460395857176));
#4389 = CARTESIAN_POINT('',(5.847457034097,1.989382708696));
#4390 = CARTESIAN_POINT('',(5.915407141049,1.505131732887));
#4391 = CARTESIAN_POINT('',(5.982447076081,1.01060058139));
#4392 = CARTESIAN_POINT('',(6.048761010001,0.508253706656));
#4393 = CARTESIAN_POINT('',(6.114574263299,-6.E-07));
#4394 = ( GEOMETRIC_REPRESENTATION_CONTEXT(2) 
PARAMETRIC_REPRESENTATION_CONTEXT() REPRESENTATION_CONTEXT('2D SPACE',''
  ) );
#4395 = ORIENTED_EDGE('',*,*,#4396,.F.);
#4396 = EDGE_CURVE('',#4174,#4172,#4397,.T.);
#4397 = SURFACE_CURVE('',#4398,(#4403,#4415),.PCURVE_S1.);
#4398 = CIRCLE('',#4399,57.270738601837);
#4399 = AXIS2_PLACEMENT_3D('',#4400,#4401,#4402);
#4400 = CARTESIAN_POINT('',(0.,-96.25,2.137179322403E-14));
#4401 = DIRECTION('',(0.,-1.,2.22044604925E-16));
#4402 = DIRECTION('',(0.,-2.22044604925E-16,-1.));
#4403 = PCURVE('',#4018,#4404);
#4404 = DEFINITIONAL_REPRESENTATION('',(#4405),#4414);
#4405 = B_SPLINE_CURVE_WITH_KNOTS('',7,(#4406,#4407,#4408,#4409,#4410,
    #4411,#4412,#4413),.UNSPECIFIED.,.F.,.F.,(8,8),(2.912604702653,
    3.370580604526),.PIECEWISE_BEZIER_KNOTS.);
#4406 = CARTESIAN_POINT('',(4.846641480594,0.521288632454));
#4407 = CARTESIAN_POINT('',(4.80940760393,0.530045758139));
#4408 = CARTESIAN_POINT('',(4.771074397901,0.535986406285));
#4409 = CARTESIAN_POINT('',(4.732033643778,0.538991080187));
#4410 = CARTESIAN_POINT('',(4.692744316992,0.538991080187));
#4411 = CARTESIAN_POINT('',(4.653703562869,0.535986406285));
#4412 = CARTESIAN_POINT('',(4.61537035684,0.530045758139));
#4413 = CARTESIAN_POINT('',(4.578136480176,0.521288632454));
#4414 = ( GEOMETRIC_REPRESENTATION_CONTEXT(2) 
PARAMETRIC_REPRESENTATION_CONTEXT() REPRESENTATION_CONTEXT('2D SPACE',''
  ) );
#4415 = PCURVE('',#4416,#4421);
#4416 = PLANE('',#4417);
#4417 = AXIS2_PLACEMENT_3D('',#4418,#4419,#4420);
#4418 = CARTESIAN_POINT('',(0.,-96.25,58.));
#4419 = DIRECTION('',(0.,-1.,2.22044604925E-16));
#4420 = DIRECTION('',(1.,0.,0.));
#4421 = DEFINITIONAL_REPRESENTATION('',(#4422),#4426);
#4422 = CIRCLE('',#4423,57.270738601837);
#4423 = AXIS2_PLACEMENT_2D('',#4424,#4425);
#4424 = CARTESIAN_POINT('',(0.,-58.));
#4425 = DIRECTION('',(0.,-1.));
#4426 = ( GEOMETRIC_REPRESENTATION_CONTEXT(2) 
PARAMETRIC_REPRESENTATION_CONTEXT() REPRESENTATION_CONTEXT('2D SPACE',''
  ) );
#4427 = ADVANCED_FACE('',(#4428),#4157,.T.);
#4428 = FACE_BOUND('',#4429,.T.);
#4429 = EDGE_LOOP('',(#4430,#4453,#4480,#4481));
#4430 = ORIENTED_EDGE('',*,*,#4431,.T.);
#4431 = EDGE_CURVE('',#4009,#4432,#4434,.T.);
#4432 = VERTEX_POINT('',#4433);
#4433 = CARTESIAN_POINT('',(32.,-7.837739514543E-15,116.));
#4434 = SEAM_CURVE('',#4435,(#4439,#4446),.PCURVE_S1.);
#4435 = LINE('',#4436,#4437);
#4436 = CARTESIAN_POINT('',(32.,-7.837739514543E-15,104.));
#4437 = VECTOR('',#4438,1.);
#4438 = DIRECTION('',(0.,0.,1.));
#4439 = PCURVE('',#4157,#4440);
#4440 = DEFINITIONAL_REPRESENTATION('',(#4441),#4445);
#4441 = LINE('',#4442,#4443);
#4442 = CARTESIAN_POINT('',(6.28318530718,-0.));
#4443 = VECTOR('',#4444,1.);
#4444 = DIRECTION('',(0.,1.));
#4445 = ( GEOMETRIC_REPRESENTATION_CONTEXT(2) 
PARAMETRIC_REPRESENTATION_CONTEXT() REPRESENTATION_CONTEXT('2D SPACE',''
  ) );
#4446 = PCURVE('',#4157,#4447);
#4447 = DEFINITIONAL_REPRESENTATION('',(#4448),#4452);
#4448 = LINE('',#4449,#4450);
#4449 = CARTESIAN_POINT('',(0.,-0.));
#4450 = VECTOR('',#4451,1.);
#4451 = DIRECTION('',(0.,1.));
#4452 = ( GEOMETRIC_REPRESENTATION_CONTEXT(2) 
PARAMETRIC_REPRESENTATION_CONTEXT() REPRESENTATION_CONTEXT('2D SPACE',''
  ) );
#4453 = ORIENTED_EDGE('',*,*,#4454,.F.);
#4454 = EDGE_CURVE('',#4432,#4432,#4455,.T.);
#4455 = SURFACE_CURVE('',#4456,(#4461,#4468),.PCURVE_S1.);
#4456 = CIRCLE('',#4457,32.);
#4457 = AXIS2_PLACEMENT_3D('',#4458,#4459,#4460);
#4458 = CARTESIAN_POINT('',(0.,0.,116.));
#4459 = DIRECTION('',(0.,0.,1.));
#4460 = DIRECTION('',(1.,0.,0.));
#4461 = PCURVE('',#4157,#4462);
#4462 = DEFINITIONAL_REPRESENTATION('',(#4463),#4467);
#4463 = LINE('',#4464,#4465);
#4464 = CARTESIAN_POINT('',(0.,12.));
#4465 = VECTOR('',#4466,1.);
#4466 = DIRECTION('',(1.,0.));
#4467 = ( GEOMETRIC_REPRESENTATION_CONTEXT(2) 
PARAMETRIC_REPRESENTATION_CONTEXT() REPRESENTATION_CONTEXT('2D SPACE',''
  ) );
#4468 = PCURVE('',#4469,#4474);
#4469 = PLANE('',#4470);
#4470 = AXIS2_PLACEMENT_3D('',#4471,#4472,#4473);
#4471 = CARTESIAN_POINT('',(0.,0.,116.));
#4472 = DIRECTION('',(0.,0.,1.));
#4473 = DIRECTION('',(1.,0.,0.));
#4474 = DEFINITIONAL_REPRESENTATION('',(#4475),#4479);
#4475 = CIRCLE('',#4476,32.);
#4476 = AXIS2_PLACEMENT_2D('',#4477,#4478);
#4477 = CARTESIAN_POINT('',(0.,0.));
#4478 = DIRECTION('',(1.,0.));
#4479 = ( GEOMETRIC_REPRESENTATION_CONTEXT(2) 
PARAMETRIC_REPRESENTATION_CONTEXT() REPRESENTATION_CONTEXT('2D SPACE',''
  ) );
#4480 = ORIENTED_EDGE('',*,*,#4431,.F.);
#4481 = ORIENTED_EDGE('',*,*,#4142,.T.);
#4482 = ADVANCED_FACE('',(#4483),#4089,.T.);
#4483 = FACE_BOUND('',#4484,.T.);
#4484 = EDGE_LOOP('',(#4485,#4505,#4569,#4570));
#4485 = ORIENTED_EDGE('',*,*,#4486,.T.);
#4486 = EDGE_CURVE('',#4007,#4487,#4489,.T.);
#4487 = VERTEX_POINT('',#4488);
#4488 = CARTESIAN_POINT('',(110.36803130634,0.,22.));
#4489 = SEAM_CURVE('',#4490,(#4493,#4499),.PCURVE_S1.);
#4490 = B_SPLINE_CURVE_WITH_KNOTS('',1,(#4491,#4492),.UNSPECIFIED.,.F.,
  .F.,(2,2),(0.,690.00704076737),.PIECEWISE_BEZIER_KNOTS.);
#4491 = CARTESIAN_POINT('',(109.70867178049,0.,22.539018083285));
#4492 = CARTESIAN_POINT('',(110.36803130634,0.,22.));
#4493 = PCURVE('',#4089,#4494);
#4494 = DEFINITIONAL_REPRESENTATION('',(#4495),#4498);
#4495 = B_SPLINE_CURVE_WITH_KNOTS('',1,(#4496,#4497),.UNSPECIFIED.,.F.,
  .F.,(2,2),(0.,690.00704076737),.PIECEWISE_BEZIER_KNOTS.);
#4496 = CARTESIAN_POINT('',(0.,1.758628779617E-14));
#4497 = CARTESIAN_POINT('',(690.00704076737,1.758628779617E-14));
#4498 = ( GEOMETRIC_REPRESENTATION_CONTEXT(2) 
PARAMETRIC_REPRESENTATION_CONTEXT() REPRESENTATION_CONTEXT('2D SPACE',''
  ) );
#4499 = PCURVE('',#4089,#4500);
#4500 = DEFINITIONAL_REPRESENTATION('',(#4501),#4504);
#4501 = B_SPLINE_CURVE_WITH_KNOTS('',1,(#4502,#4503),.UNSPECIFIED.,.F.,
  .F.,(2,2),(0.,690.00704076737),.PIECEWISE_BEZIER_KNOTS.);
#4502 = CARTESIAN_POINT('',(0.,690.00704076737));
#4503 = CARTESIAN_POINT('',(690.00704076737,690.00704076737));
#4504 = ( GEOMETRIC_REPRESENTATION_CONTEXT(2) 
PARAMETRIC_REPRESENTATION_CONTEXT() REPRESENTATION_CONTEXT('2D SPACE',''
  ) );
#4505 = ORIENTED_EDGE('',*,*,#4506,.T.);
#4506 = EDGE_CURVE('',#4487,#4487,#4507,.T.);
#4507 = SURFACE_CURVE('',#4508,(#4531,#4538),.PCURVE_S1.);
#4508 = B_SPLINE_CURVE_WITH_KNOTS('',11,(#4509,#4510,#4511,#4512,#4513,
    #4514,#4515,#4516,#4517,#4518,#4519,#4520,#4521,#4522,#4523,#4524,
    #4525,#4526,#4527,#4528,#4529,#4530),.UNSPECIFIED.,.T.,.F.,(12,10,12
    ),(1.758628779617E-14,345.00352038368,690.00704076737),
  .UNSPECIFIED.);
#4509 = CARTESIAN_POINT('',(110.36803130634,0.,22.));
#4510 = CARTESIAN_POINT('',(110.36803130634,31.065062068383,
    22.000000000001));
#4511 = CARTESIAN_POINT('',(100.74961873884,62.554723289436,
    21.999999999995));
#4512 = CARTESIAN_POINT('',(81.076846544164,90.924176127994,
    22.000000000013));
#4513 = CARTESIAN_POINT('',(52.536980504715,112.36500709125,
    21.999999999979));
#4514 = CARTESIAN_POINT('',(18.124070999248,123.70035964899,
    22.000000000026));
#4515 = CARTESIAN_POINT('',(-18.11317338696,123.65051991726,
    21.999999999976));
#4516 = CARTESIAN_POINT('',(-52.31617615386,112.26045718711,
    22.000000000016));
#4517 = CARTESIAN_POINT('',(-80.65833061798,91.105439204404,
    21.999999999993));
#4518 = CARTESIAN_POINT('',(-100.4656759321,63.042236620075,
    22.000000000002));
#4519 = CARTESIAN_POINT('',(-110.3680313063,31.521036031185,22.));
#4520 = CARTESIAN_POINT('',(-110.3680313063,-31.52103603118,
    21.999999999998));
#4521 = CARTESIAN_POINT('',(-100.4656759322,-63.04223662009,
    22.000000000011));
#4522 = CARTESIAN_POINT('',(-80.65833061793,-91.10543920436,
    21.999999999971));
#4523 = CARTESIAN_POINT('',(-52.31617615394,-112.2604571871,
    22.000000000048));
#4524 = CARTESIAN_POINT('',(-18.11317338687,-123.6505199172,
    21.999999999941));
#4525 = CARTESIAN_POINT('',(18.124070999164,-123.700359649,
    22.000000000055));
#4526 = CARTESIAN_POINT('',(52.536980504773,-112.3650070912,
    21.999999999961));
#4527 = CARTESIAN_POINT('',(81.076846544134,-90.92417612799,
    22.000000000021));
#4528 = CARTESIAN_POINT('',(100.74961873885,-62.55472328943,
    21.999999999992));
#4529 = CARTESIAN_POINT('',(110.36803130633,-31.06506206838,
    22.000000000002));
#4530 = CARTESIAN_POINT('',(110.36803130633,0.,22.));
#4531 = PCURVE('',#4089,#4532);
#4532 = DEFINITIONAL_REPRESENTATION('',(#4533),#4537);
#4533 = LINE('',#4534,#4535);
#4534 = CARTESIAN_POINT('',(690.00704076737,0.));
#4535 = VECTOR('',#4536,1.);
#4536 = DIRECTION('',(0.,1.));
#4537 = ( GEOMETRIC_REPRESENTATION_CONTEXT(2) 
PARAMETRIC_REPRESENTATION_CONTEXT() REPRESENTATION_CONTEXT('2D SPACE',''
  ) );
#4538 = PCURVE('',#4539,#4544);
#4539 = PLANE('',#4540);
#4540 = AXIS2_PLACEMENT_3D('',#4541,#4542,#4543);
#4541 = CARTESIAN_POINT('',(0.,0.,22.));
#4542 = DIRECTION('',(0.,0.,1.));
#4543 = DIRECTION('',(1.,0.,0.));
#4544 = DEFINITIONAL_REPRESENTATION('',(#4545),#4568);
#4545 = B_SPLINE_CURVE_WITH_KNOTS('',11,(#4546,#4547,#4548,#4549,#4550,
    #4551,#4552,#4553,#4554,#4555,#4556,#4557,#4558,#4559,#4560,#4561,
    #4562,#4563,#4564,#4565,#4566,#4567),.UNSPECIFIED.,.F.,.F.,(12,10,12
    ),(1.758628779617E-14,345.00352038368,690.00704076737),
  .UNSPECIFIED.);
#4546 = CARTESIAN_POINT('',(110.36803130633,-1.42108547152E-14));
#4547 = CARTESIAN_POINT('',(110.36803130634,31.065062068383));
#4548 = CARTESIAN_POINT('',(100.74961873884,62.554723289436));
#4549 = CARTESIAN_POINT('',(81.076846544164,90.924176127994));
#4550 = CARTESIAN_POINT('',(52.536980504715,112.36500709125));
#4551 = CARTESIAN_POINT('',(18.124070999248,123.70035964899));
#4552 = CARTESIAN_POINT('',(-18.11317338696,123.65051991726));
#4553 = CARTESIAN_POINT('',(-52.31617615386,112.26045718711));
#4554 = CARTESIAN_POINT('',(-80.65833061798,91.105439204404));
#4555 = CARTESIAN_POINT('',(-100.4656759321,63.042236620075));
#4556 = CARTESIAN_POINT('',(-110.3680313063,31.521036031185));
#4557 = CARTESIAN_POINT('',(-110.3680313063,-31.52103603118));
#4558 = CARTESIAN_POINT('',(-100.4656759322,-63.04223662009));
#4559 = CARTESIAN_POINT('',(-80.65833061793,-91.10543920436));
#4560 = CARTESIAN_POINT('',(-52.31617615394,-112.2604571871));
#4561 = CARTESIAN_POINT('',(-18.11317338687,-123.6505199172));
#4562 = CARTESIAN_POINT('',(18.124070999164,-123.700359649));
#4563 = CARTESIAN_POINT('',(52.536980504773,-112.3650070912));
#4564 = CARTESIAN_POINT('',(81.076846544134,-90.92417612799));
#4565 = CARTESIAN_POINT('',(100.74961873885,-62.55472328943));
#4566 = CARTESIAN_POINT('',(110.36803130633,-31.06506206838));
#4567 = CARTESIAN_POINT('',(110.36803130633,-4.973799150321E-13));
#4568 = ( GEOMETRIC_REPRESENTATION_CONTEXT(2) 
PARAMETRIC_REPRESENTATION_CONTEXT() REPRESENTATION_CONTEXT('2D SPACE',''
  ) );
#4569 = ORIENTED_EDGE('',*,*,#4486,.F.);
#4570 = ORIENTED_EDGE('',*,*,#4037,.F.);
#4571 = ADVANCED_FACE('',(#4572),#4319,.F.);
#4572 = FACE_BOUND('',#4573,.F.);
#4573 = EDGE_LOOP('',(#4574,#4575,#4599,#4696));
#4574 = ORIENTED_EDGE('',*,*,#4171,.F.);
#4575 = ORIENTED_EDGE('',*,*,#4576,.T.);
#4576 = EDGE_CURVE('',#4172,#4577,#4579,.T.);
#4577 = VERTEX_POINT('',#4578);
#4578 = CARTESIAN_POINT('',(-9.536771486864,-96.25,49.165409482759));
#4579 = SURFACE_CURVE('',#4580,(#4585,#4592),.PCURVE_S1.);
#4580 = CIRCLE('',#4581,13.);
#4581 = AXIS2_PLACEMENT_3D('',#4582,#4583,#4584);
#4582 = CARTESIAN_POINT('',(0.,-96.25,58.));
#4583 = DIRECTION('',(0.,-1.,2.22044604925E-16));
#4584 = DIRECTION('',(1.,0.,0.));
#4585 = PCURVE('',#4319,#4586);
#4586 = DEFINITIONAL_REPRESENTATION('',(#4587),#4591);
#4587 = LINE('',#4588,#4589);
#4588 = CARTESIAN_POINT('',(0.,0.));
#4589 = VECTOR('',#4590,1.);
#4590 = DIRECTION('',(1.,0.));
#4591 = ( GEOMETRIC_REPRESENTATION_CONTEXT(2) 
PARAMETRIC_REPRESENTATION_CONTEXT() REPRESENTATION_CONTEXT('2D SPACE',''
  ) );
#4592 = PCURVE('',#4416,#4593);
#4593 = DEFINITIONAL_REPRESENTATION('',(#4594),#4598);
#4594 = CIRCLE('',#4595,13.);
#4595 = AXIS2_PLACEMENT_2D('',#4596,#4597);
#4596 = CARTESIAN_POINT('',(0.,0.));
#4597 = DIRECTION('',(1.,0.));
#4598 = ( GEOMETRIC_REPRESENTATION_CONTEXT(2) 
PARAMETRIC_REPRESENTATION_CONTEXT() REPRESENTATION_CONTEXT('2D SPACE',''
  ) );
#4599 = ORIENTED_EDGE('',*,*,#4600,.T.);
#4600 = EDGE_CURVE('',#4577,#4601,#4603,.T.);
#4601 = VERTEX_POINT('',#4602);
#4602 = CARTESIAN_POINT('',(9.536771486864,-96.25,49.165409482759));
#4603 = SURFACE_CURVE('',#4604,(#4631,#4661),.PCURVE_S1.);
#4604 = B_SPLINE_CURVE_WITH_KNOTS('',7,(#4605,#4606,#4607,#4608,#4609,
    #4610,#4611,#4612,#4613,#4614,#4615,#4616,#4617,#4618,#4619,#4620,
    #4621,#4622,#4623,#4624,#4625,#4626,#4627,#4628,#4629,#4630),
  .UNSPECIFIED.,.F.,.F.,(8,6,6,6,8),(0.,0.261739061522,0.500342320739,
    0.738982959098,1.),.UNSPECIFIED.);
#4605 = CARTESIAN_POINT('',(-9.536772409242,-96.2499994,49.165410478448)
  );
#4606 = CARTESIAN_POINT('',(-9.044629899828,-96.57013441656,
    48.634151941337));
#4607 = CARTESIAN_POINT('',(-8.509149196857,-96.87548472793,
    48.125366859837));
#4608 = CARTESIAN_POINT('',(-7.929832654246,-97.16389254374,
    47.642978780329));
#4609 = CARTESIAN_POINT('',(-7.306793740021,-97.43268475447,
    47.191826119839));
#4610 = CARTESIAN_POINT('',(-6.641099850318,-97.67885005166,
    46.77738170104));
#4611 = CARTESIAN_POINT('',(-5.935018174307,-97.89914727466,
    46.405547779528));
#4612 = CARTESIAN_POINT('',(-4.515866189864,-98.26475702586,
    45.787223493655));
#4613 = CARTESIAN_POINT('',(-3.808590585167,-98.41506397813,
    45.532410803369));
#4614 = CARTESIAN_POINT('',(-3.074851936886,-98.53862231209,
    45.322527984076));
#4615 = CARTESIAN_POINT('',(-2.319680674515,-98.63312443078,
    45.161774859231));
#4616 = CARTESIAN_POINT('',(-1.549149055597,-98.69677679897,
    45.053424408127));
#4617 = CARTESIAN_POINT('',(-0.770452948963,-98.72843553842,
    44.999534622498));
#4618 = CARTESIAN_POINT('',(0.78620044931,-98.72788594477,
    45.000470146135));
#4619 = CARTESIAN_POINT('',(1.564905686774,-98.69566734056,
    45.055312938889));
#4620 = CARTESIAN_POINT('',(2.335333391558,-98.63145716631,
    45.164611622152));
#4621 = CARTESIAN_POINT('',(3.090295037586,-98.53641040937,
    45.326287946024));
#4622 = CARTESIAN_POINT('',(3.823730625313,-98.41232928829,
    45.53705310709));
#4623 = CARTESIAN_POINT('',(4.530625952484,-98.26152721703,
    45.792696812434));
#4624 = CARTESIAN_POINT('',(5.946695790486,-97.89549961484,
    46.411704451254));
#4625 = CARTESIAN_POINT('',(6.650275788708,-97.67545402943,
    46.783099148165));
#4626 = CARTESIAN_POINT('',(7.313664339614,-97.42971882746,
    47.196804184287));
#4627 = CARTESIAN_POINT('',(7.934623748753,-97.16150634664,
    47.646969861283));
#4628 = CARTESIAN_POINT('',(8.512101353439,-96.87380096748,
    48.128172380272));
#4629 = CARTESIAN_POINT('',(9.045986439718,-96.56925199752,
    48.635616300508));
#4630 = CARTESIAN_POINT('',(9.536772409242,-96.2499994,49.165410478448)
  );
#4631 = PCURVE('',#4319,#4632);
#4632 = DEFINITIONAL_REPRESENTATION('',(#4633),#4660);
#4633 = B_SPLINE_CURVE_WITH_KNOTS('',7,(#4634,#4635,#4636,#4637,#4638,
    #4639,#4640,#4641,#4642,#4643,#4644,#4645,#4646,#4647,#4648,#4649,
    #4650,#4651,#4652,#4653,#4654,#4655,#4656,#4657,#4658,#4659),
  .UNSPECIFIED.,.F.,.F.,(8,6,6,6,8),(0.,0.261739061522,0.500342320739,
    0.738982959098,1.),.UNSPECIFIED.);
#4634 = CARTESIAN_POINT('',(3.888787811014,-6.000000070117E-07));
#4635 = CARTESIAN_POINT('',(3.944494135367,0.320134416566));
#4636 = CARTESIAN_POINT('',(4.001197828507,0.625484727938));
#4637 = CARTESIAN_POINT('',(4.058985659766,0.913892543741));
#4638 = CARTESIAN_POINT('',(4.117907165195,1.182684754473));
#4639 = CARTESIAN_POINT('',(4.177980989712,1.428850051664));
#4640 = CARTESIAN_POINT('',(4.23919880562,1.649147274666));
#4641 = CARTESIAN_POINT('',(4.358276058588,2.014757025862));
#4642 = CARTESIAN_POINT('',(4.415982564622,2.165063978138));
#4643 = CARTESIAN_POINT('',(4.474473678081,2.288622312091));
#4644 = CARTESIAN_POINT('',(4.533608975895,2.383124430785));
#4645 = CARTESIAN_POINT('',(4.593226178954,2.446776798972));
#4646 = CARTESIAN_POINT('',(4.653123358151,2.478435538429));
#4647 = CARTESIAN_POINT('',(4.772865948873,2.477885944772));
#4648 = CARTESIAN_POINT('',(4.832768856994,2.445667340566));
#4649 = CARTESIAN_POINT('',(4.892388293791,2.381457166315));
#4650 = CARTESIAN_POINT('',(4.951522673546,2.286410409372));
#4651 = CARTESIAN_POINT('',(5.010010150386,2.162329288291));
#4652 = CARTESIAN_POINT('',(5.067710893703,2.011527217034));
#4653 = CARTESIAN_POINT('',(5.186591875481,1.645499614842));
#4654 = CARTESIAN_POINT('',(5.247625230042,1.425454029434));
#4655 = CARTESIAN_POINT('',(5.307520697652,1.179718827466));
#4656 = CARTESIAN_POINT('',(5.366270303523,0.911506346643));
#4657 = CARTESIAN_POINT('',(5.42389277611,0.623800967481));
#4658 = CARTESIAN_POINT('',(5.480437374119,0.319251997528));
#4659 = CARTESIAN_POINT('',(5.535990149755,-6.E-07));
#4660 = ( GEOMETRIC_REPRESENTATION_CONTEXT(2) 
PARAMETRIC_REPRESENTATION_CONTEXT() REPRESENTATION_CONTEXT('2D SPACE',''
  ) );
#4661 = PCURVE('',#4662,#4667);
#4662 = SPHERICAL_SURFACE('',#4663,108.5);
#4663 = AXIS2_PLACEMENT_3D('',#4664,#4665,#4666);
#4664 = CARTESIAN_POINT('',(0.,0.,0.));
#4665 = DIRECTION('',(0.,0.,1.));
#4666 = DIRECTION('',(1.,0.,0.));
#4667 = DEFINITIONAL_REPRESENTATION('',(#4668),#4695);
#4668 = B_SPLINE_CURVE_WITH_KNOTS('',7,(#4669,#4670,#4671,#4672,#4673,
    #4674,#4675,#4676,#4677,#4678,#4679,#4680,#4681,#4682,#4683,#4684,
    #4685,#4686,#4687,#4688,#4689,#4690,#4691,#4692,#4693,#4694),
  .UNSPECIFIED.,.F.,.F.,(8,6,6,6,8),(0.,0.261739061522,0.500342320739,
    0.738982959098,1.),.UNSPECIFIED.);
#4669 = CARTESIAN_POINT('',(4.613627983957,0.470281701763));
#4670 = CARTESIAN_POINT('',(4.619017797333,0.464789028846));
#4671 = CARTESIAN_POINT('',(4.62480331511,0.459546600269));
#4672 = CARTESIAN_POINT('',(4.630986747741,0.454591776654));
#4673 = CARTESIAN_POINT('',(4.637564944862,0.449970955827));
#4674 = CARTESIAN_POINT('',(4.644526682458,0.445736574615));
#4675 = CARTESIAN_POINT('',(4.651850974265,0.441945213322));
#4676 = CARTESIAN_POINT('',(4.666475099954,0.435650410862));
#4677 = CARTESIAN_POINT('',(4.673723371319,0.433061242231));
#4678 = CARTESIAN_POINT('',(4.681208267083,0.430931924536));
#4679 = CARTESIAN_POINT('',(4.688884432206,0.429302825543));
#4680 = CARTESIAN_POINT('',(4.696697990163,0.428205369234));
#4681 = CARTESIAN_POINT('',(4.704585199175,0.42765952895));
#4682 = CARTESIAN_POINT('',(4.720352265228,0.427669004702));
#4683 = CARTESIAN_POINT('',(4.728239697369,0.428224497826));
#4684 = CARTESIAN_POINT('',(4.736052468613,0.429331568599));
#4685 = CARTESIAN_POINT('',(4.743726903357,0.43097004907));
#4686 = CARTESIAN_POINT('',(4.751209230852,0.43310836338));
#4687 = CARTESIAN_POINT('',(4.758454237351,0.435706042658));
#4688 = CARTESIAN_POINT('',(4.773048126445,0.442007990067));
#4689 = CARTESIAN_POINT('',(4.78034724369,0.445794990654));
#4690 = CARTESIAN_POINT('',(4.787285560539,0.450021943086));
#4691 = CARTESIAN_POINT('',(4.793842353344,0.454632771244));
#4692 = CARTESIAN_POINT('',(4.800006542398,0.459575508));
#4693 = CARTESIAN_POINT('',(4.805775019899,0.46480416883));
#4694 = CARTESIAN_POINT('',(4.811149976812,0.470281701763));
#4695 = ( GEOMETRIC_REPRESENTATION_CONTEXT(2) 
PARAMETRIC_REPRESENTATION_CONTEXT() REPRESENTATION_CONTEXT('2D SPACE',''
  ) );
#4696 = ORIENTED_EDGE('',*,*,#4697,.T.);
#4697 = EDGE_CURVE('',#4601,#4174,#4698,.T.);
#4698 = SURFACE_CURVE('',#4699,(#4704,#4711),.PCURVE_S1.);
#4699 = CIRCLE('',#4700,13.);
#4700 = AXIS2_PLACEMENT_3D('',#4701,#4702,#4703);
#4701 = CARTESIAN_POINT('',(0.,-96.25,58.));
#4702 = DIRECTION('',(0.,-1.,2.22044604925E-16));
#4703 = DIRECTION('',(1.,0.,0.));
#4704 = PCURVE('',#4319,#4705);
#4705 = DEFINITIONAL_REPRESENTATION('',(#4706),#4710);
#4706 = LINE('',#4707,#4708);
#4707 = CARTESIAN_POINT('',(0.,0.));
#4708 = VECTOR('',#4709,1.);
#4709 = DIRECTION('',(1.,0.));
#4710 = ( GEOMETRIC_REPRESENTATION_CONTEXT(2) 
PARAMETRIC_REPRESENTATION_CONTEXT() REPRESENTATION_CONTEXT('2D SPACE',''
  ) );
#4711 = PCURVE('',#4416,#4712);
#4712 = DEFINITIONAL_REPRESENTATION('',(#4713),#4717);
#4713 = CIRCLE('',#4714,13.);
#4714 = AXIS2_PLACEMENT_2D('',#4715,#4716);
#4715 = CARTESIAN_POINT('',(0.,0.));
#4716 = DIRECTION('',(1.,0.));
#4717 = ( GEOMETRIC_REPRESENTATION_CONTEXT(2) 
PARAMETRIC_REPRESENTATION_CONTEXT() REPRESENTATION_CONTEXT('2D SPACE',''
  ) );
#4718 = ADVANCED_FACE('',(#4719),#4416,.T.);
#4719 = FACE_BOUND('',#4720,.T.);
#4720 = EDGE_LOOP('',(#4721,#4722,#4723,#4751));
#4721 = ORIENTED_EDGE('',*,*,#4396,.T.);
#4722 = ORIENTED_EDGE('',*,*,#4576,.T.);
#4723 = ORIENTED_EDGE('',*,*,#4724,.F.);
#4724 = EDGE_CURVE('',#4601,#4577,#4725,.T.);
#4725 = SURFACE_CURVE('',#4726,(#4731,#4738),.PCURVE_S1.);
#4726 = CIRCLE('',#4727,50.08180807439);
#4727 = AXIS2_PLACEMENT_3D('',#4728,#4729,#4730);
#4728 = CARTESIAN_POINT('',(0.,-96.25,2.137179322403E-14));
#4729 = DIRECTION('',(0.,-1.,2.22044604925E-16));
#4730 = DIRECTION('',(0.,-2.22044604925E-16,-1.));
#4731 = PCURVE('',#4416,#4732);
#4732 = DEFINITIONAL_REPRESENTATION('',(#4733),#4737);
#4733 = CIRCLE('',#4734,50.08180807439);
#4734 = AXIS2_PLACEMENT_2D('',#4735,#4736);
#4735 = CARTESIAN_POINT('',(0.,-58.));
#4736 = DIRECTION('',(0.,-1.));
#4737 = ( GEOMETRIC_REPRESENTATION_CONTEXT(2) 
PARAMETRIC_REPRESENTATION_CONTEXT() REPRESENTATION_CONTEXT('2D SPACE',''
  ) );
#4738 = PCURVE('',#4662,#4739);
#4739 = DEFINITIONAL_REPRESENTATION('',(#4740),#4750);
#4740 = B_SPLINE_CURVE_WITH_KNOTS('',8,(#4741,#4742,#4743,#4744,#4745,
    #4746,#4747,#4748,#4749),.UNSPECIFIED.,.F.,.F.,(9,9),(2.879010258237
    ,3.404175048943),.PIECEWISE_BEZIER_KNOTS.);
#4741 = CARTESIAN_POINT('',(4.846641480594,0.462025030169));
#4742 = CARTESIAN_POINT('',(4.814245870895,0.47081166567));
#4743 = CARTESIAN_POINT('',(4.780872988912,0.477189737855));
#4744 = CARTESIAN_POINT('',(4.746810690967,0.48106042493));
#4745 = CARTESIAN_POINT('',(4.712388980389,0.482358489604));
#4746 = CARTESIAN_POINT('',(4.677967269768,0.48106042493));
#4747 = CARTESIAN_POINT('',(4.64390497186,0.477189737855));
#4748 = CARTESIAN_POINT('',(4.610532089875,0.47081166567));
#4749 = CARTESIAN_POINT('',(4.578136480176,0.462025030169));
#4750 = ( GEOMETRIC_REPRESENTATION_CONTEXT(2) 
PARAMETRIC_REPRESENTATION_CONTEXT() REPRESENTATION_CONTEXT('2D SPACE',''
  ) );
#4751 = ORIENTED_EDGE('',*,*,#4697,.T.);
#4752 = ADVANCED_FACE('',(#4753,#4756),#4469,.T.);
#4753 = FACE_BOUND('',#4754,.T.);
#4754 = EDGE_LOOP('',(#4755));
#4755 = ORIENTED_EDGE('',*,*,#4454,.T.);
#4756 = FACE_BOUND('',#4757,.T.);
#4757 = EDGE_LOOP('',(#4758));
#4758 = ORIENTED_EDGE('',*,*,#4759,.F.);
#4759 = EDGE_CURVE('',#4760,#4760,#4762,.T.);
#4760 = VERTEX_POINT('',#4761);
#4761 = CARTESIAN_POINT('',(24.,-5.878304635907E-15,116.));
#4762 = SURFACE_CURVE('',#4763,(#4768,#4775),.PCURVE_S1.);
#4763 = CIRCLE('',#4764,24.);
#4764 = AXIS2_PLACEMENT_3D('',#4765,#4766,#4767);
#4765 = CARTESIAN_POINT('',(0.,0.,116.));
#4766 = DIRECTION('',(0.,0.,1.));
#4767 = DIRECTION('',(1.,0.,-0.));
#4768 = PCURVE('',#4469,#4769);
#4769 = DEFINITIONAL_REPRESENTATION('',(#4770),#4774);
#4770 = CIRCLE('',#4771,24.);
#4771 = AXIS2_PLACEMENT_2D('',#4772,#4773);
#4772 = CARTESIAN_POINT('',(0.,0.));
#4773 = DIRECTION('',(1.,0.));
#4774 = ( GEOMETRIC_REPRESENTATION_CONTEXT(2) 
PARAMETRIC_REPRESENTATION_CONTEXT() REPRESENTATION_CONTEXT('2D SPACE',''
  ) );
#4775 = PCURVE('',#4776,#4781);
#4776 = CYLINDRICAL_SURFACE('',#4777,24.);
#4777 = AXIS2_PLACEMENT_3D('',#4778,#4779,#4780);
#4778 = CARTESIAN_POINT('',(0.,0.,92.25));
#4779 = DIRECTION('',(0.,0.,1.));
#4780 = DIRECTION('',(1.,0.,0.));
#4781 = DEFINITIONAL_REPRESENTATION('',(#4782),#4786);
#4782 = LINE('',#4783,#4784);
#4783 = CARTESIAN_POINT('',(0.,23.75));
#4784 = VECTOR('',#4785,1.);
#4785 = DIRECTION('',(1.,0.));
#4786 = ( GEOMETRIC_REPRESENTATION_CONTEXT(2) 
PARAMETRIC_REPRESENTATION_CONTEXT() REPRESENTATION_CONTEXT('2D SPACE',''
  ) );
#4787 = ADVANCED_FACE('',(#4788,#4791),#4539,.T.);
#4788 = FACE_BOUND('',#4789,.T.);
#4789 = EDGE_LOOP('',(#4790));
#4790 = ORIENTED_EDGE('',*,*,#4506,.F.);
#4791 = FACE_BOUND('',#4792,.T.);
#4792 = EDGE_LOOP('',(#4793));
#4793 = ORIENTED_EDGE('',*,*,#4794,.T.);
#4794 = EDGE_CURVE('',#4795,#4795,#4797,.T.);
#4795 = VERTEX_POINT('',#4796);
#4796 = CARTESIAN_POINT('',(111.45,0.,22.));
#4797 = SURFACE_CURVE('',#4798,(#4803,#4810),.PCURVE_S1.);
#4798 = CIRCLE('',#4799,111.45);
#4799 = AXIS2_PLACEMENT_3D('',#4800,#4801,#4802);
#4800 = CARTESIAN_POINT('',(0.,0.,22.));
#4801 = DIRECTION('',(0.,0.,1.));
#4802 = DIRECTION('',(1.,0.,-0.));
#4803 = PCURVE('',#4539,#4804);
#4804 = DEFINITIONAL_REPRESENTATION('',(#4805),#4809);
#4805 = CIRCLE('',#4806,111.45);
#4806 = AXIS2_PLACEMENT_2D('',#4807,#4808);
#4807 = CARTESIAN_POINT('',(0.,0.));
#4808 = DIRECTION('',(1.,0.));
#4809 = ( GEOMETRIC_REPRESENTATION_CONTEXT(2) 
PARAMETRIC_REPRESENTATION_CONTEXT() REPRESENTATION_CONTEXT('2D SPACE',''
  ) );
#4810 = PCURVE('',#4811,#4816);
#4811 = CONICAL_SURFACE('',#4812,112.,0.785398163397);
#4812 = AXIS2_PLACEMENT_3D('',#4813,#4814,#4815);
#4813 = CARTESIAN_POINT('',(0.,0.,21.45));
#4814 = DIRECTION('',(-0.,-0.,-1.));
#4815 = DIRECTION('',(1.,0.,0.));
#4816 = DEFINITIONAL_REPRESENTATION('',(#4817),#4821);
#4817 = LINE('',#4818,#4819);
#4818 = CARTESIAN_POINT('',(-0.,-0.55));
#4819 = VECTOR('',#4820,1.);
#4820 = DIRECTION('',(-1.,0.));
#4821 = ( GEOMETRIC_REPRESENTATION_CONTEXT(2) 
PARAMETRIC_REPRESENTATION_CONTEXT() REPRESENTATION_CONTEXT('2D SPACE',''
  ) );
#4822 = ADVANCED_FACE('',(#4823,#4983),#4662,.F.);
#4823 = FACE_BOUND('',#4824,.F.);
#4824 = EDGE_LOOP('',(#4825,#4851,#4955,#4956));
#4825 = ORIENTED_EDGE('',*,*,#4826,.F.);
#4826 = EDGE_CURVE('',#4827,#4829,#4831,.T.);
#4827 = VERTEX_POINT('',#4828);
#4828 = CARTESIAN_POINT('',(107.10492599849,0.,17.343149277392));
#4829 = VERTEX_POINT('',#4830);
#4830 = CARTESIAN_POINT('',(30.923292192132,-7.574022160439E-15,104.));
#4831 = SEAM_CURVE('',#4832,(#4837,#4844),.PCURVE_S1.);
#4832 = CIRCLE('',#4833,108.5);
#4833 = AXIS2_PLACEMENT_3D('',#4834,#4835,#4836);
#4834 = CARTESIAN_POINT('',(0.,0.,0.));
#4835 = DIRECTION('',(-2.449293598295E-16,-1.,0.));
#4836 = DIRECTION('',(1.,-2.449293598295E-16,0.));
#4837 = PCURVE('',#4662,#4838);
#4838 = DEFINITIONAL_REPRESENTATION('',(#4839),#4843);
#4839 = LINE('',#4840,#4841);
#4840 = CARTESIAN_POINT('',(0.,-6.28318530718));
#4841 = VECTOR('',#4842,1.);
#4842 = DIRECTION('',(0.,1.));
#4843 = ( GEOMETRIC_REPRESENTATION_CONTEXT(2) 
PARAMETRIC_REPRESENTATION_CONTEXT() REPRESENTATION_CONTEXT('2D SPACE',''
  ) );
#4844 = PCURVE('',#4662,#4845);
#4845 = DEFINITIONAL_REPRESENTATION('',(#4846),#4850);
#4846 = LINE('',#4847,#4848);
#4847 = CARTESIAN_POINT('',(6.28318530718,-6.28318530718));
#4848 = VECTOR('',#4849,1.);
#4849 = DIRECTION('',(0.,1.));
#4850 = ( GEOMETRIC_REPRESENTATION_CONTEXT(2) 
PARAMETRIC_REPRESENTATION_CONTEXT() REPRESENTATION_CONTEXT('2D SPACE',''
  ) );
#4851 = ORIENTED_EDGE('',*,*,#4852,.T.);
#4852 = EDGE_CURVE('',#4827,#4827,#4853,.T.);
#4853 = SURFACE_CURVE('',#4854,(#4877,#4903),.PCURVE_S1.);
#4854 = B_SPLINE_CURVE_WITH_KNOTS('',11,(#4855,#4856,#4857,#4858,#4859,
    #4860,#4861,#4862,#4863,#4864,#4865,#4866,#4867,#4868,#4869,#4870,
    #4871,#4872,#4873,#4874,#4875,#4876),.UNSPECIFIED.,.T.,.F.,(12,10,12
    ),(1.716566866578E-14,336.75191649723,673.50383299447),
  .UNSPECIFIED.);
#4855 = CARTESIAN_POINT('',(107.10492599849,0.,17.343149277392));
#4856 = CARTESIAN_POINT('',(107.10492599849,30.146602549583,
    17.343149277394));
#4857 = CARTESIAN_POINT('',(97.770888287839,60.705250691449,
    17.343149277385));
#4858 = CARTESIAN_POINT('',(78.679754875759,88.235941516693,
    17.343149277411));
#4859 = CARTESIAN_POINT('',(50.983689230844,109.04285984706,
    17.343149277359));
#4860 = CARTESIAN_POINT('',(17.58822061234,120.04307505868,
    17.343149277436));
#4861 = CARTESIAN_POINT('',(-17.57764519532,119.99470887235,
    17.343149277349));
#4862 = CARTESIAN_POINT('',(-50.76941310959,108.94140103128,
    17.343149277424));
#4863 = CARTESIAN_POINT('',(-78.2736126553,88.411845428022,
    17.343149277375));
#4864 = CARTESIAN_POINT('',(-97.49534044182,61.178350361521,
    17.343149277399));
#4865 = CARTESIAN_POINT('',(-107.1049259984,30.589095334554,
    17.343149277391));
#4866 = CARTESIAN_POINT('',(-107.1049259984,-30.58909533455,
    17.343149277393));
#4867 = CARTESIAN_POINT('',(-97.49534044183,-61.17835036148,
    17.343149277392));
#4868 = CARTESIAN_POINT('',(-78.27361265529,-88.41184542814,
    17.343149277392));
#4869 = CARTESIAN_POINT('',(-50.7694131096,-108.941401031,
    17.343149277395));
#4870 = CARTESIAN_POINT('',(-17.5776451953,-119.9947088726,
    17.343149277388));
#4871 = CARTESIAN_POINT('',(17.588220612334,-120.0430750583,
    17.343149277397));
#4872 = CARTESIAN_POINT('',(50.98368923084,-109.0428598473,
    17.343149277389));
#4873 = CARTESIAN_POINT('',(78.679754875768,-88.23594151654,
    17.343149277394));
#4874 = CARTESIAN_POINT('',(97.770888287833,-60.7052506915,
    17.343149277392));
#4875 = CARTESIAN_POINT('',(107.10492599849,-30.14660254957,
    17.343149277392));
#4876 = CARTESIAN_POINT('',(107.10492599849,-2.623314095939E-14,
    17.343149277392));
#4877 = PCURVE('',#4662,#4878);
#4878 = DEFINITIONAL_REPRESENTATION('',(#4879),#4902);
#4879 = B_SPLINE_CURVE_WITH_KNOTS('',11,(#4880,#4881,#4882,#4883,#4884,
    #4885,#4886,#4887,#4888,#4889,#4890,#4891,#4892,#4893,#4894,#4895,
    #4896,#4897,#4898,#4899,#4900,#4901),.UNSPECIFIED.,.F.,.F.,(12,10,12
    ),(1.716566866578E-14,336.75191649723,673.50383299447),
  .UNSPECIFIED.);
#4880 = CARTESIAN_POINT('',(2.22044604925E-16,0.160533321838));
#4881 = CARTESIAN_POINT('',(0.281467936872,0.160533321838));
#4882 = CARTESIAN_POINT('',(0.566780268291,0.160533321838));
#4883 = CARTESIAN_POINT('',(0.853826319342,0.160533321838));
#4884 = CARTESIAN_POINT('',(1.141010657714,0.160533321838));
#4885 = CARTESIAN_POINT('',(1.427556280275,0.160533321838));
#4886 = CARTESIAN_POINT('',(1.713524372133,0.160533321838));
#4887 = CARTESIAN_POINT('',(1.99919485667,0.160533321838));
#4888 = CARTESIAN_POINT('',(2.28479477331,0.160533321838));
#4889 = CARTESIAN_POINT('',(2.570393973971,0.160533321838));
#4890 = CARTESIAN_POINT('',(2.855993321445,0.160533321838));
#4891 = CARTESIAN_POINT('',(3.427191985734,0.160533321838));
#4892 = CARTESIAN_POINT('',(3.712791333208,0.160533321838));
#4893 = CARTESIAN_POINT('',(3.998390533871,0.160533321838));
#4894 = CARTESIAN_POINT('',(4.283990450508,0.160533321838));
#4895 = CARTESIAN_POINT('',(4.569660935049,0.160533321838));
#4896 = CARTESIAN_POINT('',(4.855629026903,0.160533321838));
#4897 = CARTESIAN_POINT('',(5.142174649467,0.160533321838));
#4898 = CARTESIAN_POINT('',(5.429358987837,0.160533321838));
#4899 = CARTESIAN_POINT('',(5.716405038889,0.160533321838));
#4900 = CARTESIAN_POINT('',(6.001717370308,0.160533321838));
#4901 = CARTESIAN_POINT('',(6.28318530718,0.160533321838));
#4902 = ( GEOMETRIC_REPRESENTATION_CONTEXT(2) 
PARAMETRIC_REPRESENTATION_CONTEXT() REPRESENTATION_CONTEXT('2D SPACE',''
  ) );
#4903 = PCURVE('',#4904,#4949);
#4904 = B_SPLINE_SURFACE_WITH_KNOTS('',1,11,(
    (#4905,#4906,#4907,#4908,#4909,#4910,#4911,#4912,#4913,#4914,#4915
      ,#4916,#4917,#4918,#4919,#4920,#4921,#4922,#4923,#4924,#4925,#4926
      )
    ,(#4927,#4928,#4929,#4930,#4931,#4932,#4933,#4934,#4935,#4936,#4937
      ,#4938,#4939,#4940,#4941,#4942,#4943,#4944,#4945,#4946,#4947,#4948
      )),.UNSPECIFIED.,.F.,.T.,.F.,(2,2),(12,10,12),(0.,673.50383299447)
  ,(1.716566866578E-14,336.75191649723,673.50383299447),.UNSPECIFIED.);
#4905 = CARTESIAN_POINT('',(107.74146421241,0.,16.8));
#4906 = CARTESIAN_POINT('',(107.7414642124,30.325767647394,
    16.800000000001));
#4907 = CARTESIAN_POINT('',(98.351953127047,61.066029726496,
    16.799999999995));
#4908 = CARTESIAN_POINT('',(79.147358678047,88.760338953063,
    16.800000000014));
#4909 = CARTESIAN_POINT('',(51.286691788183,109.69091544863,
    16.799999999975));
#4910 = CARTESIAN_POINT('',(17.692749647123,120.75650633999,
    16.800000000032));
#4911 = CARTESIAN_POINT('',(-17.68211137904,120.70785270729,
    16.799999999968));
#4912 = CARTESIAN_POINT('',(-51.07114219666,109.58885365016,
    16.800000000023));
#4913 = CARTESIAN_POINT('',(-78.73880270265,88.93728828375,
    16.799999999987));
#4914 = CARTESIAN_POINT('',(-98.0747676651,61.541941088147,
    16.800000000005));
#4915 = CARTESIAN_POINT('',(-107.7414642124,30.770890223335,
    16.799999999999));
#4916 = CARTESIAN_POINT('',(-107.7414642124,-30.77089022333,
    16.800000000001));
#4917 = CARTESIAN_POINT('',(-98.07476766511,-61.5419410881,
    16.799999999997));
#4918 = CARTESIAN_POINT('',(-78.73880270261,-88.93728828387,
    16.800000000007));
#4919 = CARTESIAN_POINT('',(-51.07114219673,-109.5888536499,
    16.799999999986));
#4920 = CARTESIAN_POINT('',(-17.68211137895,-120.7078527076,
    16.80000000002));
#4921 = CARTESIAN_POINT('',(17.692749647021,-120.7565063396,
    16.799999999978));
#4922 = CARTESIAN_POINT('',(51.286691788256,-109.6909154489,
    16.800000000017));
#4923 = CARTESIAN_POINT('',(79.147358678013,-88.7603389529,
    16.79999999999));
#4924 = CARTESIAN_POINT('',(98.351953127056,-61.06602972655,
    16.800000000004));
#4925 = CARTESIAN_POINT('',(107.7414642124,-30.32576764738,
    16.799999999999));
#4926 = CARTESIAN_POINT('',(107.7414642124,0.,16.8));
#4927 = CARTESIAN_POINT('',(107.10492599849,0.,17.343149277392));
#4928 = CARTESIAN_POINT('',(107.10492599849,30.146602549583,
    17.343149277394));
#4929 = CARTESIAN_POINT('',(97.770888287839,60.705250691449,
    17.343149277385));
#4930 = CARTESIAN_POINT('',(78.679754875759,88.235941516693,
    17.343149277411));
#4931 = CARTESIAN_POINT('',(50.983689230844,109.04285984706,
    17.343149277359));
#4932 = CARTESIAN_POINT('',(17.58822061234,120.04307505868,
    17.343149277436));
#4933 = CARTESIAN_POINT('',(-17.57764519532,119.99470887235,
    17.343149277349));
#4934 = CARTESIAN_POINT('',(-50.76941310959,108.94140103128,
    17.343149277424));
#4935 = CARTESIAN_POINT('',(-78.2736126553,88.411845428022,
    17.343149277375));
#4936 = CARTESIAN_POINT('',(-97.49534044182,61.178350361521,
    17.343149277399));
#4937 = CARTESIAN_POINT('',(-107.1049259984,30.589095334554,
    17.343149277391));
#4938 = CARTESIAN_POINT('',(-107.1049259984,-30.58909533455,
    17.343149277393));
#4939 = CARTESIAN_POINT('',(-97.49534044183,-61.17835036148,
    17.343149277392));
#4940 = CARTESIAN_POINT('',(-78.27361265529,-88.41184542814,
    17.343149277392));
#4941 = CARTESIAN_POINT('',(-50.7694131096,-108.941401031,
    17.343149277395));
#4942 = CARTESIAN_POINT('',(-17.5776451953,-119.9947088726,
    17.343149277388));
#4943 = CARTESIAN_POINT('',(17.588220612334,-120.0430750583,
    17.343149277397));
#4944 = CARTESIAN_POINT('',(50.98368923084,-109.0428598473,
    17.343149277389));
#4945 = CARTESIAN_POINT('',(78.679754875768,-88.23594151654,
    17.343149277394));
#4946 = CARTESIAN_POINT('',(97.770888287833,-60.7052506915,
    17.343149277392));
#4947 = CARTESIAN_POINT('',(107.10492599849,-30.14660254957,
    17.343149277392));
#4948 = CARTESIAN_POINT('',(107.10492599849,-2.623314095939E-14,
    17.343149277392));
#4949 = DEFINITIONAL_REPRESENTATION('',(#4950),#4954);
#4950 = LINE('',#4951,#4952);
#4951 = CARTESIAN_POINT('',(673.50383299447,0.));
#4952 = VECTOR('',#4953,1.);
#4953 = DIRECTION('',(0.,1.));
#4954 = ( GEOMETRIC_REPRESENTATION_CONTEXT(2) 
PARAMETRIC_REPRESENTATION_CONTEXT() REPRESENTATION_CONTEXT('2D SPACE',''
  ) );
#4955 = ORIENTED_EDGE('',*,*,#4826,.T.);
#4956 = ORIENTED_EDGE('',*,*,#4957,.F.);
#4957 = EDGE_CURVE('',#4829,#4829,#4958,.T.);
#4958 = SURFACE_CURVE('',#4959,(#4964,#4971),.PCURVE_S1.);
#4959 = CIRCLE('',#4960,30.923292192132);
#4960 = AXIS2_PLACEMENT_3D('',#4961,#4962,#4963);
#4961 = CARTESIAN_POINT('',(0.,0.,104.));
#4962 = DIRECTION('',(0.,0.,1.));
#4963 = DIRECTION('',(1.,0.,-0.));
#4964 = PCURVE('',#4662,#4965);
#4965 = DEFINITIONAL_REPRESENTATION('',(#4966),#4970);
#4966 = LINE('',#4967,#4968);
#4967 = CARTESIAN_POINT('',(0.,1.281782281398));
#4968 = VECTOR('',#4969,1.);
#4969 = DIRECTION('',(1.,0.));
#4970 = ( GEOMETRIC_REPRESENTATION_CONTEXT(2) 
PARAMETRIC_REPRESENTATION_CONTEXT() REPRESENTATION_CONTEXT('2D SPACE',''
  ) );
#4971 = PCURVE('',#4972,#4977);
#4972 = PLANE('',#4973);
#4973 = AXIS2_PLACEMENT_3D('',#4974,#4975,#4976);
#4974 = CARTESIAN_POINT('',(0.,0.,104.));
#4975 = DIRECTION('',(0.,0.,1.));
#4976 = DIRECTION('',(1.,0.,0.));
#4977 = DEFINITIONAL_REPRESENTATION('',(#4978),#4982);
#4978 = CIRCLE('',#4979,30.923292192132);
#4979 = AXIS2_PLACEMENT_2D('',#4980,#4981);
#4980 = CARTESIAN_POINT('',(0.,0.));
#4981 = DIRECTION('',(1.,0.));
#4982 = ( GEOMETRIC_REPRESENTATION_CONTEXT(2) 
PARAMETRIC_REPRESENTATION_CONTEXT() REPRESENTATION_CONTEXT('2D SPACE',''
  ) );
#4983 = FACE_BOUND('',#4984,.F.);
#4984 = EDGE_LOOP('',(#4985,#4986));
#4985 = ORIENTED_EDGE('',*,*,#4600,.F.);
#4986 = ORIENTED_EDGE('',*,*,#4724,.F.);
#4987 = ADVANCED_FACE('',(#4988),#4776,.F.);
#4988 = FACE_BOUND('',#4989,.F.);
#4989 = EDGE_LOOP('',(#4990,#4991,#5014,#5036));
#4990 = ORIENTED_EDGE('',*,*,#4759,.F.);
#4991 = ORIENTED_EDGE('',*,*,#4992,.F.);
#4992 = EDGE_CURVE('',#4993,#4760,#4995,.T.);
#4993 = VERTEX_POINT('',#4994);
#4994 = CARTESIAN_POINT('',(24.,-5.878304635907E-15,104.));
#4995 = SEAM_CURVE('',#4996,(#5000,#5007),.PCURVE_S1.);
#4996 = LINE('',#4997,#4998);
#4997 = CARTESIAN_POINT('',(24.,-5.878304635907E-15,92.25));
#4998 = VECTOR('',#4999,1.);
#4999 = DIRECTION('',(0.,0.,1.));
#5000 = PCURVE('',#4776,#5001);
#5001 = DEFINITIONAL_REPRESENTATION('',(#5002),#5006);
#5002 = LINE('',#5003,#5004);
#5003 = CARTESIAN_POINT('',(6.28318530718,-0.));
#5004 = VECTOR('',#5005,1.);
#5005 = DIRECTION('',(0.,1.));
#5006 = ( GEOMETRIC_REPRESENTATION_CONTEXT(2) 
PARAMETRIC_REPRESENTATION_CONTEXT() REPRESENTATION_CONTEXT('2D SPACE',''
  ) );
#5007 = PCURVE('',#4776,#5008);
#5008 = DEFINITIONAL_REPRESENTATION('',(#5009),#5013);
#5009 = LINE('',#5010,#5011);
#5010 = CARTESIAN_POINT('',(0.,-0.));
#5011 = VECTOR('',#5012,1.);
#5012 = DIRECTION('',(0.,1.));
#5013 = ( GEOMETRIC_REPRESENTATION_CONTEXT(2) 
PARAMETRIC_REPRESENTATION_CONTEXT() REPRESENTATION_CONTEXT('2D SPACE',''
  ) );
#5014 = ORIENTED_EDGE('',*,*,#5015,.T.);
#5015 = EDGE_CURVE('',#4993,#4993,#5016,.T.);
#5016 = SURFACE_CURVE('',#5017,(#5022,#5029),.PCURVE_S1.);
#5017 = CIRCLE('',#5018,24.);
#5018 = AXIS2_PLACEMENT_3D('',#5019,#5020,#5021);
#5019 = CARTESIAN_POINT('',(0.,0.,104.));
#5020 = DIRECTION('',(0.,0.,1.));
#5021 = DIRECTION('',(1.,0.,-0.));
#5022 = PCURVE('',#4776,#5023);
#5023 = DEFINITIONAL_REPRESENTATION('',(#5024),#5028);
#5024 = LINE('',#5025,#5026);
#5025 = CARTESIAN_POINT('',(0.,11.75));
#5026 = VECTOR('',#5027,1.);
#5027 = DIRECTION('',(1.,0.));
#5028 = ( GEOMETRIC_REPRESENTATION_CONTEXT(2) 
PARAMETRIC_REPRESENTATION_CONTEXT() REPRESENTATION_CONTEXT('2D SPACE',''
  ) );
#5029 = PCURVE('',#4972,#5030);
#5030 = DEFINITIONAL_REPRESENTATION('',(#5031),#5035);
#5031 = CIRCLE('',#5032,24.);
#5032 = AXIS2_PLACEMENT_2D('',#5033,#5034);
#5033 = CARTESIAN_POINT('',(0.,0.));
#5034 = DIRECTION('',(1.,0.));
#5035 = ( GEOMETRIC_REPRESENTATION_CONTEXT(2) 
PARAMETRIC_REPRESENTATION_CONTEXT() REPRESENTATION_CONTEXT('2D SPACE',''
  ) );
#5036 = ORIENTED_EDGE('',*,*,#4992,.T.);
#5037 = ADVANCED_FACE('',(#5038),#4811,.T.);
#5038 = FACE_BOUND('',#5039,.F.);
#5039 = EDGE_LOOP('',(#5040,#5061,#5062,#5063));
#5040 = ORIENTED_EDGE('',*,*,#5041,.F.);
#5041 = EDGE_CURVE('',#4795,#5042,#5044,.T.);
#5042 = VERTEX_POINT('',#5043);
#5043 = CARTESIAN_POINT('',(112.,0.,21.45));
#5044 = SEAM_CURVE('',#5045,(#5049,#5055),.PCURVE_S1.);
#5045 = LINE('',#5046,#5047);
#5046 = CARTESIAN_POINT('',(112.,0.,21.45));
#5047 = VECTOR('',#5048,1.);
#5048 = DIRECTION('',(0.707106781187,0.,-0.707106781187));
#5049 = PCURVE('',#4811,#5050);
#5050 = DEFINITIONAL_REPRESENTATION('',(#5051),#5054);
#5051 = B_SPLINE_CURVE_WITH_KNOTS('',1,(#5052,#5053),.UNSPECIFIED.,.F.,
  .F.,(2,2),(-0.777817459305,0.),.PIECEWISE_BEZIER_KNOTS.);
#5052 = CARTESIAN_POINT('',(0.,-0.55));
#5053 = CARTESIAN_POINT('',(0.,0.));
#5054 = ( GEOMETRIC_REPRESENTATION_CONTEXT(2) 
PARAMETRIC_REPRESENTATION_CONTEXT() REPRESENTATION_CONTEXT('2D SPACE',''
  ) );
#5055 = PCURVE('',#4811,#5056);
#5056 = DEFINITIONAL_REPRESENTATION('',(#5057),#5060);
#5057 = B_SPLINE_CURVE_WITH_KNOTS('',1,(#5058,#5059),.UNSPECIFIED.,.F.,
  .F.,(2,2),(-0.777817459305,0.),.PIECEWISE_BEZIER_KNOTS.);
#5058 = CARTESIAN_POINT('',(-6.28318530718,-0.55));
#5059 = CARTESIAN_POINT('',(-6.28318530718,0.));
#5060 = ( GEOMETRIC_REPRESENTATION_CONTEXT(2) 
PARAMETRIC_REPRESENTATION_CONTEXT() REPRESENTATION_CONTEXT('2D SPACE',''
  ) );
#5061 = ORIENTED_EDGE('',*,*,#4794,.T.);
#5062 = ORIENTED_EDGE('',*,*,#5041,.T.);
#5063 = ORIENTED_EDGE('',*,*,#5064,.F.);
#5064 = EDGE_CURVE('',#5042,#5042,#5065,.T.);
#5065 = SURFACE_CURVE('',#5066,(#5071,#5078),.PCURVE_S1.);
#5066 = CIRCLE('',#5067,112.);
#5067 = AXIS2_PLACEMENT_3D('',#5068,#5069,#5070);
#5068 = CARTESIAN_POINT('',(0.,0.,21.45));
#5069 = DIRECTION('',(0.,0.,1.));
#5070 = DIRECTION('',(1.,0.,-0.));
#5071 = PCURVE('',#4811,#5072);
#5072 = DEFINITIONAL_REPRESENTATION('',(#5073),#5077);
#5073 = LINE('',#5074,#5075);
#5074 = CARTESIAN_POINT('',(-0.,0.));
#5075 = VECTOR('',#5076,1.);
#5076 = DIRECTION('',(-1.,0.));
#5077 = ( GEOMETRIC_REPRESENTATION_CONTEXT(2) 
PARAMETRIC_REPRESENTATION_CONTEXT() REPRESENTATION_CONTEXT('2D SPACE',''
  ) );
#5078 = PCURVE('',#5079,#5084);
#5079 = CYLINDRICAL_SURFACE('',#5080,112.);
#5080 = AXIS2_PLACEMENT_3D('',#5081,#5082,#5083);
#5081 = CARTESIAN_POINT('',(0.,0.,0.));
#5082 = DIRECTION('',(0.,0.,1.));
#5083 = DIRECTION('',(1.,0.,0.));
#5084 = DEFINITIONAL_REPRESENTATION('',(#5085),#5089);
#5085 = LINE('',#5086,#5087);
#5086 = CARTESIAN_POINT('',(0.,21.45));
#5087 = VECTOR('',#5088,1.);
#5088 = DIRECTION('',(1.,0.));
#5089 = ( GEOMETRIC_REPRESENTATION_CONTEXT(2) 
PARAMETRIC_REPRESENTATION_CONTEXT() REPRESENTATION_CONTEXT('2D SPACE',''
  ) );
#5090 = ADVANCED_FACE('',(#5091,#5094),#4972,.F.);
#5091 = FACE_BOUND('',#5092,.F.);
#5092 = EDGE_LOOP('',(#5093));
#5093 = ORIENTED_EDGE('',*,*,#4957,.T.);
#5094 = FACE_BOUND('',#5095,.F.);
#5095 = EDGE_LOOP('',(#5096));
#5096 = ORIENTED_EDGE('',*,*,#5015,.F.);
#5097 = ADVANCED_FACE('',(#5098),#4904,.T.);
#5098 = FACE_BOUND('',#5099,.T.);
#5099 = EDGE_LOOP('',(#5100,#5120,#5121,#5122));
#5100 = ORIENTED_EDGE('',*,*,#5101,.T.);
#5101 = EDGE_CURVE('',#5102,#4827,#5104,.T.);
#5102 = VERTEX_POINT('',#5103);
#5103 = CARTESIAN_POINT('',(107.74146421241,0.,16.8));
#5104 = SEAM_CURVE('',#5105,(#5108,#5114),.PCURVE_S1.);
#5105 = B_SPLINE_CURVE_WITH_KNOTS('',1,(#5106,#5107),.UNSPECIFIED.,.F.,
  .F.,(2,2),(0.,673.50383299447),.PIECEWISE_BEZIER_KNOTS.);
#5106 = CARTESIAN_POINT('',(107.74146421241,0.,16.8));
#5107 = CARTESIAN_POINT('',(107.10492599849,0.,17.343149277392));
#5108 = PCURVE('',#4904,#5109);
#5109 = DEFINITIONAL_REPRESENTATION('',(#5110),#5113);
#5110 = B_SPLINE_CURVE_WITH_KNOTS('',1,(#5111,#5112),.UNSPECIFIED.,.F.,
  .F.,(2,2),(0.,673.50383299447),.PIECEWISE_BEZIER_KNOTS.);
#5111 = CARTESIAN_POINT('',(0.,1.716566866578E-14));
#5112 = CARTESIAN_POINT('',(673.50383299447,1.716566866578E-14));
#5113 = ( GEOMETRIC_REPRESENTATION_CONTEXT(2) 
PARAMETRIC_REPRESENTATION_CONTEXT() REPRESENTATION_CONTEXT('2D SPACE',''
  ) );
#5114 = PCURVE('',#4904,#5115);
#5115 = DEFINITIONAL_REPRESENTATION('',(#5116),#5119);
#5116 = B_SPLINE_CURVE_WITH_KNOTS('',1,(#5117,#5118),.UNSPECIFIED.,.F.,
  .F.,(2,2),(0.,673.50383299447),.PIECEWISE_BEZIER_KNOTS.);
#5117 = CARTESIAN_POINT('',(0.,673.50383299447));
#5118 = CARTESIAN_POINT('',(673.50383299447,673.50383299447));
#5119 = ( GEOMETRIC_REPRESENTATION_CONTEXT(2) 
PARAMETRIC_REPRESENTATION_CONTEXT() REPRESENTATION_CONTEXT('2D SPACE',''
  ) );
#5120 = ORIENTED_EDGE('',*,*,#4852,.T.);
#5121 = ORIENTED_EDGE('',*,*,#5101,.F.);
#5122 = ORIENTED_EDGE('',*,*,#5123,.F.);
#5123 = EDGE_CURVE('',#5102,#5102,#5124,.T.);
#5124 = SURFACE_CURVE('',#5125,(#5148,#5155),.PCURVE_S1.);
#5125 = B_SPLINE_CURVE_WITH_KNOTS('',11,(#5126,#5127,#5128,#5129,#5130,
    #5131,#5132,#5133,#5134,#5135,#5136,#5137,#5138,#5139,#5140,#5141,
    #5142,#5143,#5144,#5145,#5146,#5147),.UNSPECIFIED.,.T.,.F.,(12,10,12
    ),(1.716566866578E-14,336.75191649723,673.50383299447),
  .UNSPECIFIED.);
#5126 = CARTESIAN_POINT('',(107.74146421241,0.,16.8));
#5127 = CARTESIAN_POINT('',(107.7414642124,30.325767647394,
    16.800000000001));
#5128 = CARTESIAN_POINT('',(98.351953127047,61.066029726496,
    16.799999999995));
#5129 = CARTESIAN_POINT('',(79.147358678047,88.760338953063,
    16.800000000014));
#5130 = CARTESIAN_POINT('',(51.286691788183,109.69091544863,
    16.799999999975));
#5131 = CARTESIAN_POINT('',(17.692749647123,120.75650633999,
    16.800000000032));
#5132 = CARTESIAN_POINT('',(-17.68211137904,120.70785270729,
    16.799999999968));
#5133 = CARTESIAN_POINT('',(-51.07114219666,109.58885365016,
    16.800000000023));
#5134 = CARTESIAN_POINT('',(-78.73880270265,88.93728828375,
    16.799999999987));
#5135 = CARTESIAN_POINT('',(-98.0747676651,61.541941088147,
    16.800000000005));
#5136 = CARTESIAN_POINT('',(-107.7414642124,30.770890223335,
    16.799999999999));
#5137 = CARTESIAN_POINT('',(-107.7414642124,-30.77089022333,
    16.800000000001));
#5138 = CARTESIAN_POINT('',(-98.07476766511,-61.5419410881,
    16.799999999997));
#5139 = CARTESIAN_POINT('',(-78.73880270261,-88.93728828387,
    16.800000000007));
#5140 = CARTESIAN_POINT('',(-51.07114219673,-109.5888536499,
    16.799999999986));
#5141 = CARTESIAN_POINT('',(-17.68211137895,-120.7078527076,
    16.80000000002));
#5142 = CARTESIAN_POINT('',(17.692749647021,-120.7565063396,
    16.799999999978));
#5143 = CARTESIAN_POINT('',(51.286691788256,-109.6909154489,
    16.800000000017));
#5144 = CARTESIAN_POINT('',(79.147358678013,-88.7603389529,
    16.79999999999));
#5145 = CARTESIAN_POINT('',(98.351953127056,-61.06602972655,
    16.800000000004));
#5146 = CARTESIAN_POINT('',(107.7414642124,-30.32576764738,
    16.799999999999));
#5147 = CARTESIAN_POINT('',(107.7414642124,0.,16.8));
#5148 = PCURVE('',#4904,#5149);
#5149 = DEFINITIONAL_REPRESENTATION('',(#5150),#5154);
#5150 = LINE('',#5151,#5152);
#5151 = CARTESIAN_POINT('',(0.,0.));
#5152 = VECTOR('',#5153,1.);
#5153 = DIRECTION('',(0.,1.));
#5154 = ( GEOMETRIC_REPRESENTATION_CONTEXT(2) 
PARAMETRIC_REPRESENTATION_CONTEXT() REPRESENTATION_CONTEXT('2D SPACE',''
  ) );
#5155 = PCURVE('',#5156,#5161);
#5156 = PLANE('',#5157);
#5157 = AXIS2_PLACEMENT_3D('',#5158,#5159,#5160);
#5158 = CARTESIAN_POINT('',(-168.,-168.,16.8));
#5159 = DIRECTION('',(0.,0.,1.));
#5160 = DIRECTION('',(1.,0.,0.));
#5161 = DEFINITIONAL_REPRESENTATION('',(#5162),#5185);
#5162 = B_SPLINE_CURVE_WITH_KNOTS('',11,(#5163,#5164,#5165,#5166,#5167,
    #5168,#5169,#5170,#5171,#5172,#5173,#5174,#5175,#5176,#5177,#5178,
    #5179,#5180,#5181,#5182,#5183,#5184),.UNSPECIFIED.,.F.,.F.,(12,10,12
    ),(1.716566866578E-14,336.75191649723,673.50383299447),
  .UNSPECIFIED.);
#5163 = CARTESIAN_POINT('',(275.7414642124,168.));
#5164 = CARTESIAN_POINT('',(275.74146421242,198.3257676474));
#5165 = CARTESIAN_POINT('',(266.35195312697,229.06602972644));
#5166 = CARTESIAN_POINT('',(247.14735867823,256.76033895318));
#5167 = CARTESIAN_POINT('',(219.28669178785,277.6909154484));
#5168 = CARTESIAN_POINT('',(185.69274964755,288.75650634029));
#5169 = CARTESIAN_POINT('',(150.31788862052,288.70785270699));
#5170 = CARTESIAN_POINT('',(116.92885780365,277.58885365039));
#5171 = CARTESIAN_POINT('',(89.261197297172,256.93728828362));
#5172 = CARTESIAN_POINT('',(69.925232334966,229.54194108819));
#5173 = CARTESIAN_POINT('',(60.258535787578,198.77089022332));
#5174 = CARTESIAN_POINT('',(60.258535787602,137.22910977666));
#5175 = CARTESIAN_POINT('',(69.92523233486,106.45805891186));
#5176 = CARTESIAN_POINT('',(89.261197297449,79.062711716206));
#5177 = CARTESIAN_POINT('',(116.92885780314,58.411146349932));
#5178 = CARTESIAN_POINT('',(150.3178886212,47.29214729256));
#5179 = CARTESIAN_POINT('',(185.69274964686,47.243493660167));
#5180 = CARTESIAN_POINT('',(219.28669178836,58.309084551241));
#5181 = CARTESIAN_POINT('',(247.14735867795,79.239661047008));
#5182 = CARTESIAN_POINT('',(266.35195312708,106.93397027347));
#5183 = CARTESIAN_POINT('',(275.7414642124,137.67423235261));
#5184 = CARTESIAN_POINT('',(275.7414642124,168.));
#5185 = ( GEOMETRIC_REPRESENTATION_CONTEXT(2) 
PARAMETRIC_REPRESENTATION_CONTEXT() REPRESENTATION_CONTEXT('2D SPACE',''
  ) );
#5186 = ADVANCED_FACE('',(#5187),#5079,.T.);
#5187 = FACE_BOUND('',#5188,.T.);
#5188 = EDGE_LOOP('',(#5189,#5212,#5213,#5214));
#5189 = ORIENTED_EDGE('',*,*,#5190,.T.);
#5190 = EDGE_CURVE('',#5191,#5042,#5193,.T.);
#5191 = VERTEX_POINT('',#5192);
#5192 = CARTESIAN_POINT('',(112.,0.,6.55));
#5193 = SEAM_CURVE('',#5194,(#5198,#5205),.PCURVE_S1.);
#5194 = LINE('',#5195,#5196);
#5195 = CARTESIAN_POINT('',(112.,-2.74320883009E-14,0.));
#5196 = VECTOR('',#5197,1.);
#5197 = DIRECTION('',(0.,0.,1.));
#5198 = PCURVE('',#5079,#5199);
#5199 = DEFINITIONAL_REPRESENTATION('',(#5200),#5204);
#5200 = LINE('',#5201,#5202);
#5201 = CARTESIAN_POINT('',(6.28318530718,-0.));
#5202 = VECTOR('',#5203,1.);
#5203 = DIRECTION('',(0.,1.));
#5204 = ( GEOMETRIC_REPRESENTATION_CONTEXT(2) 
PARAMETRIC_REPRESENTATION_CONTEXT() REPRESENTATION_CONTEXT('2D SPACE',''
  ) );
#5205 = PCURVE('',#5079,#5206);
#5206 = DEFINITIONAL_REPRESENTATION('',(#5207),#5211);
#5207 = LINE('',#5208,#5209);
#5208 = CARTESIAN_POINT('',(0.,-0.));
#5209 = VECTOR('',#5210,1.);
#5210 = DIRECTION('',(0.,1.));
#5211 = ( GEOMETRIC_REPRESENTATION_CONTEXT(2) 
PARAMETRIC_REPRESENTATION_CONTEXT() REPRESENTATION_CONTEXT('2D SPACE',''
  ) );
#5212 = ORIENTED_EDGE('',*,*,#5064,.F.);
#5213 = ORIENTED_EDGE('',*,*,#5190,.F.);
#5214 = ORIENTED_EDGE('',*,*,#5215,.T.);
#5215 = EDGE_CURVE('',#5191,#5191,#5216,.T.);
#5216 = SURFACE_CURVE('',#5217,(#5222,#5229),.PCURVE_S1.);
#5217 = CIRCLE('',#5218,112.);
#5218 = AXIS2_PLACEMENT_3D('',#5219,#5220,#5221);
#5219 = CARTESIAN_POINT('',(0.,0.,6.55));
#5220 = DIRECTION('',(0.,0.,1.));
#5221 = DIRECTION('',(1.,0.,-0.));
#5222 = PCURVE('',#5079,#5223);
#5223 = DEFINITIONAL_REPRESENTATION('',(#5224),#5228);
#5224 = LINE('',#5225,#5226);
#5225 = CARTESIAN_POINT('',(0.,6.55));
#5226 = VECTOR('',#5227,1.);
#5227 = DIRECTION('',(1.,0.));
#5228 = ( GEOMETRIC_REPRESENTATION_CONTEXT(2) 
PARAMETRIC_REPRESENTATION_CONTEXT() REPRESENTATION_CONTEXT('2D SPACE',''
  ) );
#5229 = PCURVE('',#5230,#5235);
#5230 = CONICAL_SURFACE('',#5231,112.,0.785398163397);
#5231 = AXIS2_PLACEMENT_3D('',#5232,#5233,#5234);
#5232 = CARTESIAN_POINT('',(0.,0.,6.55));
#5233 = DIRECTION('',(-0.,-0.,-1.));
#5234 = DIRECTION('',(1.,0.,0.));
#5235 = DEFINITIONAL_REPRESENTATION('',(#5236),#5240);
#5236 = LINE('',#5237,#5238);
#5237 = CARTESIAN_POINT('',(-0.,0.));
#5238 = VECTOR('',#5239,1.);
#5239 = DIRECTION('',(-1.,0.));
#5240 = ( GEOMETRIC_REPRESENTATION_CONTEXT(2) 
PARAMETRIC_REPRESENTATION_CONTEXT() REPRESENTATION_CONTEXT('2D SPACE',''
  ) );
#5241 = ADVANCED_FACE('',(#5242,#5273),#5156,.F.);
#5242 = FACE_BOUND('',#5243,.F.);
#5243 = EDGE_LOOP('',(#5244));
#5244 = ORIENTED_EDGE('',*,*,#5245,.T.);
#5245 = EDGE_CURVE('',#5246,#5246,#5248,.T.);
#5246 = VERTEX_POINT('',#5247);
#5247 = CARTESIAN_POINT('',(107.95,0.,16.8));
#5248 = SURFACE_CURVE('',#5249,(#5254,#5261),.PCURVE_S1.);
#5249 = CIRCLE('',#5250,107.95);
#5250 = AXIS2_PLACEMENT_3D('',#5251,#5252,#5253);
#5251 = CARTESIAN_POINT('',(0.,0.,16.8));
#5252 = DIRECTION('',(0.,0.,1.));
#5253 = DIRECTION('',(1.,0.,-0.));
#5254 = PCURVE('',#5156,#5255);
#5255 = DEFINITIONAL_REPRESENTATION('',(#5256),#5260);
#5256 = CIRCLE('',#5257,107.95);
#5257 = AXIS2_PLACEMENT_2D('',#5258,#5259);
#5258 = CARTESIAN_POINT('',(168.,168.));
#5259 = DIRECTION('',(1.,0.));
#5260 = ( GEOMETRIC_REPRESENTATION_CONTEXT(2) 
PARAMETRIC_REPRESENTATION_CONTEXT() REPRESENTATION_CONTEXT('2D SPACE',''
  ) );
#5261 = PCURVE('',#5262,#5267);
#5262 = CONICAL_SURFACE('',#5263,108.5,0.785398163397);
#5263 = AXIS2_PLACEMENT_3D('',#5264,#5265,#5266);
#5264 = CARTESIAN_POINT('',(0.,0.,16.25));
#5265 = DIRECTION('',(-0.,-0.,-1.));
#5266 = DIRECTION('',(1.,0.,0.));
#5267 = DEFINITIONAL_REPRESENTATION('',(#5268),#5272);
#5268 = LINE('',#5269,#5270);
#5269 = CARTESIAN_POINT('',(-0.,-0.55));
#5270 = VECTOR('',#5271,1.);
#5271 = DIRECTION('',(-1.,-0.));
#5272 = ( GEOMETRIC_REPRESENTATION_CONTEXT(2) 
PARAMETRIC_REPRESENTATION_CONTEXT() REPRESENTATION_CONTEXT('2D SPACE',''
  ) );
#5273 = FACE_BOUND('',#5274,.F.);
#5274 = EDGE_LOOP('',(#5275));
#5275 = ORIENTED_EDGE('',*,*,#5123,.F.);
#5276 = ADVANCED_FACE('',(#5277),#5230,.T.);
#5277 = FACE_BOUND('',#5278,.F.);
#5278 = EDGE_LOOP('',(#5279,#5300,#5301,#5302));
#5279 = ORIENTED_EDGE('',*,*,#5280,.F.);
#5280 = EDGE_CURVE('',#5191,#5281,#5283,.T.);
#5281 = VERTEX_POINT('',#5282);
#5282 = CARTESIAN_POINT('',(112.55,0.,6.));
#5283 = SEAM_CURVE('',#5284,(#5288,#5294),.PCURVE_S1.);
#5284 = LINE('',#5285,#5286);
#5285 = CARTESIAN_POINT('',(112.,0.,6.55));
#5286 = VECTOR('',#5287,1.);
#5287 = DIRECTION('',(0.707106781187,0.,-0.707106781187));
#5288 = PCURVE('',#5230,#5289);
#5289 = DEFINITIONAL_REPRESENTATION('',(#5290),#5293);
#5290 = B_SPLINE_CURVE_WITH_KNOTS('',1,(#5291,#5292),.UNSPECIFIED.,.F.,
  .F.,(2,2),(0.,0.777817459305),.PIECEWISE_BEZIER_KNOTS.);
#5291 = CARTESIAN_POINT('',(0.,0.));
#5292 = CARTESIAN_POINT('',(0.,0.55));
#5293 = ( GEOMETRIC_REPRESENTATION_CONTEXT(2) 
PARAMETRIC_REPRESENTATION_CONTEXT() REPRESENTATION_CONTEXT('2D SPACE',''
  ) );
#5294 = PCURVE('',#5230,#5295);
#5295 = DEFINITIONAL_REPRESENTATION('',(#5296),#5299);
#5296 = B_SPLINE_CURVE_WITH_KNOTS('',1,(#5297,#5298),.UNSPECIFIED.,.F.,
  .F.,(2,2),(0.,0.777817459305),.PIECEWISE_BEZIER_KNOTS.);
#5297 = CARTESIAN_POINT('',(-6.28318530718,0.));
#5298 = CARTESIAN_POINT('',(-6.28318530718,0.55));
#5299 = ( GEOMETRIC_REPRESENTATION_CONTEXT(2) 
PARAMETRIC_REPRESENTATION_CONTEXT() REPRESENTATION_CONTEXT('2D SPACE',''
  ) );
#5300 = ORIENTED_EDGE('',*,*,#5215,.T.);
#5301 = ORIENTED_EDGE('',*,*,#5280,.T.);
#5302 = ORIENTED_EDGE('',*,*,#5303,.F.);
#5303 = EDGE_CURVE('',#5281,#5281,#5304,.T.);
#5304 = SURFACE_CURVE('',#5305,(#5310,#5317),.PCURVE_S1.);
#5305 = CIRCLE('',#5306,112.55);
#5306 = AXIS2_PLACEMENT_3D('',#5307,#5308,#5309);
#5307 = CARTESIAN_POINT('',(0.,0.,6.));
#5308 = DIRECTION('',(0.,0.,1.));
#5309 = DIRECTION('',(1.,0.,-0.));
#5310 = PCURVE('',#5230,#5311);
#5311 = DEFINITIONAL_REPRESENTATION('',(#5312),#5316);
#5312 = LINE('',#5313,#5314);
#5313 = CARTESIAN_POINT('',(-0.,0.55));
#5314 = VECTOR('',#5315,1.);
#5315 = DIRECTION('',(-1.,0.));
#5316 = ( GEOMETRIC_REPRESENTATION_CONTEXT(2) 
PARAMETRIC_REPRESENTATION_CONTEXT() REPRESENTATION_CONTEXT('2D SPACE',''
  ) );
#5317 = PCURVE('',#5318,#5323);
#5318 = PLANE('',#5319);
#5319 = AXIS2_PLACEMENT_3D('',#5320,#5321,#5322);
#5320 = CARTESIAN_POINT('',(-120.,-120.,6.));
#5321 = DIRECTION('',(0.,0.,1.));
#5322 = DIRECTION('',(1.,0.,0.));
#5323 = DEFINITIONAL_REPRESENTATION('',(#5324),#5328);
#5324 = CIRCLE('',#5325,112.55);
#5325 = AXIS2_PLACEMENT_2D('',#5326,#5327);
#5326 = CARTESIAN_POINT('',(120.,120.));
#5327 = DIRECTION('',(1.,0.));
#5328 = ( GEOMETRIC_REPRESENTATION_CONTEXT(2) 
PARAMETRIC_REPRESENTATION_CONTEXT() REPRESENTATION_CONTEXT('2D SPACE',''
  ) );
#5329 = ADVANCED_FACE('',(#5330),#5262,.F.);
#5330 = FACE_BOUND('',#5331,.F.);
#5331 = EDGE_LOOP('',(#5332,#5353,#5380,#5381));
#5332 = ORIENTED_EDGE('',*,*,#5333,.F.);
#5333 = EDGE_CURVE('',#5334,#5246,#5336,.T.);
#5334 = VERTEX_POINT('',#5335);
#5335 = CARTESIAN_POINT('',(108.5,0.,16.25));
#5336 = SEAM_CURVE('',#5337,(#5341,#5347),.PCURVE_S1.);
#5337 = LINE('',#5338,#5339);
#5338 = CARTESIAN_POINT('',(108.5,0.,16.25));
#5339 = VECTOR('',#5340,1.);
#5340 = DIRECTION('',(-0.707106781187,0.,0.707106781187));
#5341 = PCURVE('',#5262,#5342);
#5342 = DEFINITIONAL_REPRESENTATION('',(#5343),#5346);
#5343 = B_SPLINE_CURVE_WITH_KNOTS('',1,(#5344,#5345),.UNSPECIFIED.,.F.,
  .F.,(2,2),(0.,0.777817459305),.PIECEWISE_BEZIER_KNOTS.);
#5344 = CARTESIAN_POINT('',(0.,0.));
#5345 = CARTESIAN_POINT('',(0.,-0.55));
#5346 = ( GEOMETRIC_REPRESENTATION_CONTEXT(2) 
PARAMETRIC_REPRESENTATION_CONTEXT() REPRESENTATION_CONTEXT('2D SPACE',''
  ) );
#5347 = PCURVE('',#5262,#5348);
#5348 = DEFINITIONAL_REPRESENTATION('',(#5349),#5352);
#5349 = B_SPLINE_CURVE_WITH_KNOTS('',1,(#5350,#5351),.UNSPECIFIED.,.F.,
  .F.,(2,2),(0.,0.777817459305),.PIECEWISE_BEZIER_KNOTS.);
#5350 = CARTESIAN_POINT('',(-6.28318530718,0.));
#5351 = CARTESIAN_POINT('',(-6.28318530718,-0.55));
#5352 = ( GEOMETRIC_REPRESENTATION_CONTEXT(2) 
PARAMETRIC_REPRESENTATION_CONTEXT() REPRESENTATION_CONTEXT('2D SPACE',''
  ) );
#5353 = ORIENTED_EDGE('',*,*,#5354,.T.);
#5354 = EDGE_CURVE('',#5334,#5334,#5355,.T.);
#5355 = SURFACE_CURVE('',#5356,(#5361,#5368),.PCURVE_S1.);
#5356 = CIRCLE('',#5357,108.5);
#5357 = AXIS2_PLACEMENT_3D('',#5358,#5359,#5360);
#5358 = CARTESIAN_POINT('',(0.,0.,16.25));
#5359 = DIRECTION('',(0.,0.,1.));
#5360 = DIRECTION('',(1.,0.,-0.));
#5361 = PCURVE('',#5262,#5362);
#5362 = DEFINITIONAL_REPRESENTATION('',(#5363),#5367);
#5363 = LINE('',#5364,#5365);
#5364 = CARTESIAN_POINT('',(-0.,-0.));
#5365 = VECTOR('',#5366,1.);
#5366 = DIRECTION('',(-1.,-0.));
#5367 = ( GEOMETRIC_REPRESENTATION_CONTEXT(2) 
PARAMETRIC_REPRESENTATION_CONTEXT() REPRESENTATION_CONTEXT('2D SPACE',''
  ) );
#5368 = PCURVE('',#5369,#5374);
#5369 = CYLINDRICAL_SURFACE('',#5370,108.5);
#5370 = AXIS2_PLACEMENT_3D('',#5371,#5372,#5373);
#5371 = CARTESIAN_POINT('',(0.,0.,-1.));
#5372 = DIRECTION('',(0.,0.,1.));
#5373 = DIRECTION('',(1.,0.,0.));
#5374 = DEFINITIONAL_REPRESENTATION('',(#5375),#5379);
#5375 = LINE('',#5376,#5377);
#5376 = CARTESIAN_POINT('',(0.,17.25));
#5377 = VECTOR('',#5378,1.);
#5378 = DIRECTION('',(1.,0.));
#5379 = ( GEOMETRIC_REPRESENTATION_CONTEXT(2) 
PARAMETRIC_REPRESENTATION_CONTEXT() REPRESENTATION_CONTEXT('2D SPACE',''
  ) );
#5380 = ORIENTED_EDGE('',*,*,#5333,.T.);
#5381 = ORIENTED_EDGE('',*,*,#5245,.F.);
#5382 = ADVANCED_FACE('',(#5383,#5386,#5500,#5531,#5562,#5593),#5318,.T.
  );
#5383 = FACE_BOUND('',#5384,.T.);
#5384 = EDGE_LOOP('',(#5385));
#5385 = ORIENTED_EDGE('',*,*,#5303,.F.);
#5386 = FACE_BOUND('',#5387,.T.);
#5387 = EDGE_LOOP('',(#5388,#5418,#5446,#5474));
#5388 = ORIENTED_EDGE('',*,*,#5389,.F.);
#5389 = EDGE_CURVE('',#5390,#5392,#5394,.T.);
#5390 = VERTEX_POINT('',#5391);
#5391 = CARTESIAN_POINT('',(-119.45,-119.45,6.));
#5392 = VERTEX_POINT('',#5393);
#5393 = CARTESIAN_POINT('',(-119.45,119.45,6.));
#5394 = SURFACE_CURVE('',#5395,(#5399,#5406),.PCURVE_S1.);
#5395 = LINE('',#5396,#5397);
#5396 = CARTESIAN_POINT('',(-119.45,-120.,6.));
#5397 = VECTOR('',#5398,1.);
#5398 = DIRECTION('',(0.,1.,0.));
#5399 = PCURVE('',#5318,#5400);
#5400 = DEFINITIONAL_REPRESENTATION('',(#5401),#5405);
#5401 = LINE('',#5402,#5403);
#5402 = CARTESIAN_POINT('',(0.55,0.));
#5403 = VECTOR('',#5404,1.);
#5404 = DIRECTION('',(0.,1.));
#5405 = ( GEOMETRIC_REPRESENTATION_CONTEXT(2) 
PARAMETRIC_REPRESENTATION_CONTEXT() REPRESENTATION_CONTEXT('2D SPACE',''
  ) );
#5406 = PCURVE('',#5407,#5412);
#5407 = PLANE('',#5408);
#5408 = AXIS2_PLACEMENT_3D('',#5409,#5410,#5411);
#5409 = CARTESIAN_POINT('',(-119.725,-120.,5.725));
#5410 = DIRECTION('',(0.707106781187,2.796097154378E-18,-0.707106781187)
  );
#5411 = DIRECTION('',(1.977139258717E-18,-1.,-1.977139258717E-18));
#5412 = DEFINITIONAL_REPRESENTATION('',(#5413),#5417);
#5413 = LINE('',#5414,#5415);
#5414 = CARTESIAN_POINT('',(-0.,-0.388908729653));
#5415 = VECTOR('',#5416,1.);
#5416 = DIRECTION('',(-1.,0.));
#5417 = ( GEOMETRIC_REPRESENTATION_CONTEXT(2) 
PARAMETRIC_REPRESENTATION_CONTEXT() REPRESENTATION_CONTEXT('2D SPACE',''
  ) );
#5418 = ORIENTED_EDGE('',*,*,#5419,.T.);
#5419 = EDGE_CURVE('',#5390,#5420,#5422,.T.);
#5420 = VERTEX_POINT('',#5421);
#5421 = CARTESIAN_POINT('',(119.45,-119.45,6.));
#5422 = SURFACE_CURVE('',#5423,(#5427,#5434),.PCURVE_S1.);
#5423 = LINE('',#5424,#5425);
#5424 = CARTESIAN_POINT('',(-120.,-119.45,6.));
#5425 = VECTOR('',#5426,1.);
#5426 = DIRECTION('',(1.,0.,0.));
#5427 = PCURVE('',#5318,#5428);
#5428 = DEFINITIONAL_REPRESENTATION('',(#5429),#5433);
#5429 = LINE('',#5430,#5431);
#5430 = CARTESIAN_POINT('',(0.,0.55));
#5431 = VECTOR('',#5432,1.);
#5432 = DIRECTION('',(1.,0.));
#5433 = ( GEOMETRIC_REPRESENTATION_CONTEXT(2) 
PARAMETRIC_REPRESENTATION_CONTEXT() REPRESENTATION_CONTEXT('2D SPACE',''
  ) );
#5434 = PCURVE('',#5435,#5440);
#5435 = PLANE('',#5436);
#5436 = AXIS2_PLACEMENT_3D('',#5437,#5438,#5439);
#5437 = CARTESIAN_POINT('',(-120.,-119.725,5.725));
#5438 = DIRECTION('',(5.147070856124E-19,0.707106781187,-0.707106781187)
  );
#5439 = DIRECTION('',(1.,-3.639528705613E-19,3.639528705613E-19));
#5440 = DEFINITIONAL_REPRESENTATION('',(#5441),#5445);
#5441 = LINE('',#5442,#5443);
#5442 = CARTESIAN_POINT('',(0.,-0.388908729653));
#5443 = VECTOR('',#5444,1.);
#5444 = DIRECTION('',(1.,0.));
#5445 = ( GEOMETRIC_REPRESENTATION_CONTEXT(2) 
PARAMETRIC_REPRESENTATION_CONTEXT() REPRESENTATION_CONTEXT('2D SPACE',''
  ) );
#5446 = ORIENTED_EDGE('',*,*,#5447,.T.);
#5447 = EDGE_CURVE('',#5420,#5448,#5450,.T.);
#5448 = VERTEX_POINT('',#5449);
#5449 = CARTESIAN_POINT('',(119.45,119.45,6.));
#5450 = SURFACE_CURVE('',#5451,(#5455,#5462),.PCURVE_S1.);
#5451 = LINE('',#5452,#5453);
#5452 = CARTESIAN_POINT('',(119.45,-120.,6.));
#5453 = VECTOR('',#5454,1.);
#5454 = DIRECTION('',(0.,1.,0.));
#5455 = PCURVE('',#5318,#5456);
#5456 = DEFINITIONAL_REPRESENTATION('',(#5457),#5461);
#5457 = LINE('',#5458,#5459);
#5458 = CARTESIAN_POINT('',(239.45,0.));
#5459 = VECTOR('',#5460,1.);
#5460 = DIRECTION('',(0.,1.));
#5461 = ( GEOMETRIC_REPRESENTATION_CONTEXT(2) 
PARAMETRIC_REPRESENTATION_CONTEXT() REPRESENTATION_CONTEXT('2D SPACE',''
  ) );
#5462 = PCURVE('',#5463,#5468);
#5463 = PLANE('',#5464);
#5464 = AXIS2_PLACEMENT_3D('',#5465,#5466,#5467);
#5465 = CARTESIAN_POINT('',(119.725,-120.,5.725));
#5466 = DIRECTION('',(0.707106781187,-2.796097154378E-18,0.707106781187)
  );
#5467 = DIRECTION('',(-1.977139258717E-18,-1.,-1.977139258717E-18));
#5468 = DEFINITIONAL_REPRESENTATION('',(#5469),#5473);
#5469 = LINE('',#5470,#5471);
#5470 = CARTESIAN_POINT('',(-0.,-0.388908729653));
#5471 = VECTOR('',#5472,1.);
#5472 = DIRECTION('',(-1.,0.));
#5473 = ( GEOMETRIC_REPRESENTATION_CONTEXT(2) 
PARAMETRIC_REPRESENTATION_CONTEXT() REPRESENTATION_CONTEXT('2D SPACE',''
  ) );
#5474 = ORIENTED_EDGE('',*,*,#5475,.F.);
#5475 = EDGE_CURVE('',#5392,#5448,#5476,.T.);
#5476 = SURFACE_CURVE('',#5477,(#5481,#5488),.PCURVE_S1.);
#5477 = LINE('',#5478,#5479);
#5478 = CARTESIAN_POINT('',(-120.,119.45,6.));
#5479 = VECTOR('',#5480,1.);
#5480 = DIRECTION('',(1.,0.,0.));
#5481 = PCURVE('',#5318,#5482);
#5482 = DEFINITIONAL_REPRESENTATION('',(#5483),#5487);
#5483 = LINE('',#5484,#5485);
#5484 = CARTESIAN_POINT('',(0.,239.45));
#5485 = VECTOR('',#5486,1.);
#5486 = DIRECTION('',(1.,0.));
#5487 = ( GEOMETRIC_REPRESENTATION_CONTEXT(2) 
PARAMETRIC_REPRESENTATION_CONTEXT() REPRESENTATION_CONTEXT('2D SPACE',''
  ) );
#5488 = PCURVE('',#5489,#5494);
#5489 = PLANE('',#5490);
#5490 = AXIS2_PLACEMENT_3D('',#5491,#5492,#5493);
#5491 = CARTESIAN_POINT('',(-120.,119.725,5.725));
#5492 = DIRECTION('',(-5.147070856124E-19,0.707106781187,0.707106781187)
  );
#5493 = DIRECTION('',(1.,3.639528705613E-19,3.639528705613E-19));
#5494 = DEFINITIONAL_REPRESENTATION('',(#5495),#5499);
#5495 = LINE('',#5496,#5497);
#5496 = CARTESIAN_POINT('',(0.,-0.388908729653));
#5497 = VECTOR('',#5498,1.);
#5498 = DIRECTION('',(1.,0.));
#5499 = ( GEOMETRIC_REPRESENTATION_CONTEXT(2) 
PARAMETRIC_REPRESENTATION_CONTEXT() REPRESENTATION_CONTEXT('2D SPACE',''
  ) );
#5500 = FACE_BOUND('',#5501,.T.);
#5501 = EDGE_LOOP('',(#5502));
#5502 = ORIENTED_EDGE('',*,*,#5503,.F.);
#5503 = EDGE_CURVE('',#5504,#5504,#5506,.T.);
#5504 = VERTEX_POINT('',#5505);
#5505 = CARTESIAN_POINT('',(-94.95,-100.,6.));
#5506 = SURFACE_CURVE('',#5507,(#5512,#5519),.PCURVE_S1.);
#5507 = CIRCLE('',#5508,5.05);
#5508 = AXIS2_PLACEMENT_3D('',#5509,#5510,#5511);
#5509 = CARTESIAN_POINT('',(-100.,-100.,6.));
#5510 = DIRECTION('',(0.,0.,1.));
#5511 = DIRECTION('',(1.,0.,-0.));
#5512 = PCURVE('',#5318,#5513);
#5513 = DEFINITIONAL_REPRESENTATION('',(#5514),#5518);
#5514 = CIRCLE('',#5515,5.05);
#5515 = AXIS2_PLACEMENT_2D('',#5516,#5517);
#5516 = CARTESIAN_POINT('',(20.,20.));
#5517 = DIRECTION('',(1.,0.));
#5518 = ( GEOMETRIC_REPRESENTATION_CONTEXT(2) 
PARAMETRIC_REPRESENTATION_CONTEXT() REPRESENTATION_CONTEXT('2D SPACE',''
  ) );
#5519 = PCURVE('',#5520,#5525);
#5520 = CONICAL_SURFACE('',#5521,4.5,0.785398163397);
#5521 = AXIS2_PLACEMENT_3D('',#5522,#5523,#5524);
#5522 = CARTESIAN_POINT('',(-100.,-100.,5.45));
#5523 = DIRECTION('',(0.,0.,1.));
#5524 = DIRECTION('',(1.,0.,-0.));
#5525 = DEFINITIONAL_REPRESENTATION('',(#5526),#5530);
#5526 = LINE('',#5527,#5528);
#5527 = CARTESIAN_POINT('',(-0.,0.55));
#5528 = VECTOR('',#5529,1.);
#5529 = DIRECTION('',(1.,-0.));
#5530 = ( GEOMETRIC_REPRESENTATION_CONTEXT(2) 
PARAMETRIC_REPRESENTATION_CONTEXT() REPRESENTATION_CONTEXT('2D SPACE',''
  ) );
#5531 = FACE_BOUND('',#5532,.T.);
#5532 = EDGE_LOOP('',(#5533));
#5533 = ORIENTED_EDGE('',*,*,#5534,.F.);
#5534 = EDGE_CURVE('',#5535,#5535,#5537,.T.);
#5535 = VERTEX_POINT('',#5536);
#5536 = CARTESIAN_POINT('',(105.05,-100.,6.));
#5537 = SURFACE_CURVE('',#5538,(#5543,#5550),.PCURVE_S1.);
#5538 = CIRCLE('',#5539,5.05);
#5539 = AXIS2_PLACEMENT_3D('',#5540,#5541,#5542);
#5540 = CARTESIAN_POINT('',(100.,-100.,6.));
#5541 = DIRECTION('',(0.,0.,1.));
#5542 = DIRECTION('',(1.,0.,-0.));
#5543 = PCURVE('',#5318,#5544);
#5544 = DEFINITIONAL_REPRESENTATION('',(#5545),#5549);
#5545 = CIRCLE('',#5546,5.05);
#5546 = AXIS2_PLACEMENT_2D('',#5547,#5548);
#5547 = CARTESIAN_POINT('',(220.,20.));
#5548 = DIRECTION('',(1.,0.));
#5549 = ( GEOMETRIC_REPRESENTATION_CONTEXT(2) 
PARAMETRIC_REPRESENTATION_CONTEXT() REPRESENTATION_CONTEXT('2D SPACE',''
  ) );
#5550 = PCURVE('',#5551,#5556);
#5551 = CONICAL_SURFACE('',#5552,4.5,0.785398163397);
#5552 = AXIS2_PLACEMENT_3D('',#5553,#5554,#5555);
#5553 = CARTESIAN_POINT('',(100.,-100.,5.45));
#5554 = DIRECTION('',(0.,0.,1.));
#5555 = DIRECTION('',(1.,0.,-0.));
#5556 = DEFINITIONAL_REPRESENTATION('',(#5557),#5561);
#5557 = LINE('',#5558,#5559);
#5558 = CARTESIAN_POINT('',(-0.,0.55));
#5559 = VECTOR('',#5560,1.);
#5560 = DIRECTION('',(1.,-0.));
#5561 = ( GEOMETRIC_REPRESENTATION_CONTEXT(2) 
PARAMETRIC_REPRESENTATION_CONTEXT() REPRESENTATION_CONTEXT('2D SPACE',''
  ) );
#5562 = FACE_BOUND('',#5563,.T.);
#5563 = EDGE_LOOP('',(#5564));
#5564 = ORIENTED_EDGE('',*,*,#5565,.F.);
#5565 = EDGE_CURVE('',#5566,#5566,#5568,.T.);
#5566 = VERTEX_POINT('',#5567);
#5567 = CARTESIAN_POINT('',(-94.95,100.,6.));
#5568 = SURFACE_CURVE('',#5569,(#5574,#5581),.PCURVE_S1.);
#5569 = CIRCLE('',#5570,5.05);
#5570 = AXIS2_PLACEMENT_3D('',#5571,#5572,#5573);
#5571 = CARTESIAN_POINT('',(-100.,100.,6.));
#5572 = DIRECTION('',(0.,0.,1.));
#5573 = DIRECTION('',(1.,0.,-0.));
#5574 = PCURVE('',#5318,#5575);
#5575 = DEFINITIONAL_REPRESENTATION('',(#5576),#5580);
#5576 = CIRCLE('',#5577,5.05);
#5577 = AXIS2_PLACEMENT_2D('',#5578,#5579);
#5578 = CARTESIAN_POINT('',(20.,220.));
#5579 = DIRECTION('',(1.,0.));
#5580 = ( GEOMETRIC_REPRESENTATION_CONTEXT(2) 
PARAMETRIC_REPRESENTATION_CONTEXT() REPRESENTATION_CONTEXT('2D SPACE',''
  ) );
#5581 = PCURVE('',#5582,#5587);
#5582 = CONICAL_SURFACE('',#5583,4.5,0.785398163397);
#5583 = AXIS2_PLACEMENT_3D('',#5584,#5585,#5586);
#5584 = CARTESIAN_POINT('',(-100.,100.,5.45));
#5585 = DIRECTION('',(0.,0.,1.));
#5586 = DIRECTION('',(1.,0.,-0.));
#5587 = DEFINITIONAL_REPRESENTATION('',(#5588),#5592);
#5588 = LINE('',#5589,#5590);
#5589 = CARTESIAN_POINT('',(-0.,0.55));
#5590 = VECTOR('',#5591,1.);
#5591 = DIRECTION('',(1.,-0.));
#5592 = ( GEOMETRIC_REPRESENTATION_CONTEXT(2) 
PARAMETRIC_REPRESENTATION_CONTEXT() REPRESENTATION_CONTEXT('2D SPACE',''
  ) );
#5593 = FACE_BOUND('',#5594,.T.);
#5594 = EDGE_LOOP('',(#5595));
#5595 = ORIENTED_EDGE('',*,*,#5596,.F.);
#5596 = EDGE_CURVE('',#5597,#5597,#5599,.T.);
#5597 = VERTEX_POINT('',#5598);
#5598 = CARTESIAN_POINT('',(105.05,100.,6.));
#5599 = SURFACE_CURVE('',#5600,(#5605,#5612),.PCURVE_S1.);
#5600 = CIRCLE('',#5601,5.05);
#5601 = AXIS2_PLACEMENT_3D('',#5602,#5603,#5604);
#5602 = CARTESIAN_POINT('',(100.,100.,6.));
#5603 = DIRECTION('',(0.,0.,1.));
#5604 = DIRECTION('',(1.,0.,-0.));
#5605 = PCURVE('',#5318,#5606);
#5606 = DEFINITIONAL_REPRESENTATION('',(#5607),#5611);
#5607 = CIRCLE('',#5608,5.05);
#5608 = AXIS2_PLACEMENT_2D('',#5609,#5610);
#5609 = CARTESIAN_POINT('',(220.,220.));
#5610 = DIRECTION('',(1.,0.));
#5611 = ( GEOMETRIC_REPRESENTATION_CONTEXT(2) 
PARAMETRIC_REPRESENTATION_CONTEXT() REPRESENTATION_CONTEXT('2D SPACE',''
  ) );
#5612 = PCURVE('',#5613,#5618);
#5613 = CONICAL_SURFACE('',#5614,4.5,0.785398163397);
#5614 = AXIS2_PLACEMENT_3D('',#5615,#5616,#5617);
#5615 = CARTESIAN_POINT('',(100.,100.,5.45));
#5616 = DIRECTION('',(0.,0.,1.));
#5617 = DIRECTION('',(1.,0.,-0.));
#5618 = DEFINITIONAL_REPRESENTATION('',(#5619),#5623);
#5619 = LINE('',#5620,#5621);
#5620 = CARTESIAN_POINT('',(-0.,0.55));
#5621 = VECTOR('',#5622,1.);
#5622 = DIRECTION('',(1.,-0.));
#5623 = ( GEOMETRIC_REPRESENTATION_CONTEXT(2) 
PARAMETRIC_REPRESENTATION_CONTEXT() REPRESENTATION_CONTEXT('2D SPACE',''
  ) );
#5624 = ADVANCED_FACE('',(#5625),#5369,.F.);
#5625 = FACE_BOUND('',#5626,.F.);
#5626 = EDGE_LOOP('',(#5627,#5650,#5651,#5652));
#5627 = ORIENTED_EDGE('',*,*,#5628,.T.);
#5628 = EDGE_CURVE('',#5629,#5334,#5631,.T.);
#5629 = VERTEX_POINT('',#5630);
#5630 = CARTESIAN_POINT('',(108.5,0.,6.55));
#5631 = SEAM_CURVE('',#5632,(#5636,#5643),.PCURVE_S1.);
#5632 = LINE('',#5633,#5634);
#5633 = CARTESIAN_POINT('',(108.5,-2.65748355415E-14,-1.));
#5634 = VECTOR('',#5635,1.);
#5635 = DIRECTION('',(0.,0.,1.));
#5636 = PCURVE('',#5369,#5637);
#5637 = DEFINITIONAL_REPRESENTATION('',(#5638),#5642);
#5638 = LINE('',#5639,#5640);
#5639 = CARTESIAN_POINT('',(6.28318530718,-0.));
#5640 = VECTOR('',#5641,1.);
#5641 = DIRECTION('',(0.,1.));
#5642 = ( GEOMETRIC_REPRESENTATION_CONTEXT(2) 
PARAMETRIC_REPRESENTATION_CONTEXT() REPRESENTATION_CONTEXT('2D SPACE',''
  ) );
#5643 = PCURVE('',#5369,#5644);
#5644 = DEFINITIONAL_REPRESENTATION('',(#5645),#5649);
#5645 = LINE('',#5646,#5647);
#5646 = CARTESIAN_POINT('',(0.,-0.));
#5647 = VECTOR('',#5648,1.);
#5648 = DIRECTION('',(0.,1.));
#5649 = ( GEOMETRIC_REPRESENTATION_CONTEXT(2) 
PARAMETRIC_REPRESENTATION_CONTEXT() REPRESENTATION_CONTEXT('2D SPACE',''
  ) );
#5650 = ORIENTED_EDGE('',*,*,#5354,.F.);
#5651 = ORIENTED_EDGE('',*,*,#5628,.F.);
#5652 = ORIENTED_EDGE('',*,*,#5653,.T.);
#5653 = EDGE_CURVE('',#5629,#5629,#5654,.T.);
#5654 = SURFACE_CURVE('',#5655,(#5660,#5667),.PCURVE_S1.);
#5655 = CIRCLE('',#5656,108.5);
#5656 = AXIS2_PLACEMENT_3D('',#5657,#5658,#5659);
#5657 = CARTESIAN_POINT('',(0.,0.,6.55));
#5658 = DIRECTION('',(0.,0.,1.));
#5659 = DIRECTION('',(1.,0.,-0.));
#5660 = PCURVE('',#5369,#5661);
#5661 = DEFINITIONAL_REPRESENTATION('',(#5662),#5666);
#5662 = LINE('',#5663,#5664);
#5663 = CARTESIAN_POINT('',(0.,7.55));
#5664 = VECTOR('',#5665,1.);
#5665 = DIRECTION('',(1.,0.));
#5666 = ( GEOMETRIC_REPRESENTATION_CONTEXT(2) 
PARAMETRIC_REPRESENTATION_CONTEXT() REPRESENTATION_CONTEXT('2D SPACE',''
  ) );
#5667 = PCURVE('',#5668,#5673);
#5668 = CONICAL_SURFACE('',#5669,108.5,0.785398163397);
#5669 = AXIS2_PLACEMENT_3D('',#5670,#5671,#5672);
#5670 = CARTESIAN_POINT('',(0.,0.,6.55));
#5671 = DIRECTION('',(0.,0.,1.));
#5672 = DIRECTION('',(1.,0.,-0.));
#5673 = DEFINITIONAL_REPRESENTATION('',(#5674),#5678);
#5674 = LINE('',#5675,#5676);
#5675 = CARTESIAN_POINT('',(0.,0.));
#5676 = VECTOR('',#5677,1.);
#5677 = DIRECTION('',(1.,0.));
#5678 = ( GEOMETRIC_REPRESENTATION_CONTEXT(2) 
PARAMETRIC_REPRESENTATION_CONTEXT() REPRESENTATION_CONTEXT('2D SPACE',''
  ) );
#5679 = ADVANCED_FACE('',(#5680),#5407,.F.);
#5680 = FACE_BOUND('',#5681,.T.);
#5681 = EDGE_LOOP('',(#5682,#5683,#5711,#5739));
#5682 = ORIENTED_EDGE('',*,*,#5389,.T.);
#5683 = ORIENTED_EDGE('',*,*,#5684,.T.);
#5684 = EDGE_CURVE('',#5392,#5685,#5687,.T.);
#5685 = VERTEX_POINT('',#5686);
#5686 = CARTESIAN_POINT('',(-120.,119.45,5.45));
#5687 = SURFACE_CURVE('',#5688,(#5692,#5699),.PCURVE_S1.);
#5688 = LINE('',#5689,#5690);
#5689 = CARTESIAN_POINT('',(-119.725,119.45,5.725));
#5690 = VECTOR('',#5691,1.);
#5691 = DIRECTION('',(-0.707106781187,4.550739386937E-15,-0.707106781187
    ));
#5692 = PCURVE('',#5407,#5693);
#5693 = DEFINITIONAL_REPRESENTATION('',(#5694),#5698);
#5694 = LINE('',#5695,#5696);
#5695 = CARTESIAN_POINT('',(-239.45,-5.325753619855E-13));
#5696 = VECTOR('',#5697,1.);
#5697 = DIRECTION('',(-4.550739386937E-15,1.));
#5698 = ( GEOMETRIC_REPRESENTATION_CONTEXT(2) 
PARAMETRIC_REPRESENTATION_CONTEXT() REPRESENTATION_CONTEXT('2D SPACE',''
  ) );
#5699 = PCURVE('',#5700,#5705);
#5700 = PLANE('',#5701);
#5701 = AXIS2_PLACEMENT_3D('',#5702,#5703,#5704);
#5702 = CARTESIAN_POINT('',(-119.45,120.,5.45));
#5703 = DIRECTION('',(-0.57735026919,0.57735026919,0.57735026919));
#5704 = DIRECTION('',(-0.707106781187,-5.420659409173E-17,
    -0.707106781187));
#5705 = DEFINITIONAL_REPRESENTATION('',(#5706),#5710);
#5706 = LINE('',#5707,#5708);
#5707 = CARTESIAN_POINT('',(-5.372241617098E-13,0.673609679265));
#5708 = VECTOR('',#5709,1.);
#5709 = DIRECTION('',(1.,-5.64511789072E-15));
#5710 = ( GEOMETRIC_REPRESENTATION_CONTEXT(2) 
PARAMETRIC_REPRESENTATION_CONTEXT() REPRESENTATION_CONTEXT('2D SPACE',''
  ) );
#5711 = ORIENTED_EDGE('',*,*,#5712,.F.);
#5712 = EDGE_CURVE('',#5713,#5685,#5715,.T.);
#5713 = VERTEX_POINT('',#5714);
#5714 = CARTESIAN_POINT('',(-120.,-119.45,5.45));
#5715 = SURFACE_CURVE('',#5716,(#5720,#5727),.PCURVE_S1.);
#5716 = LINE('',#5717,#5718);
#5717 = CARTESIAN_POINT('',(-120.,-120.,5.45));
#5718 = VECTOR('',#5719,1.);
#5719 = DIRECTION('',(0.,1.,0.));
#5720 = PCURVE('',#5407,#5721);
#5721 = DEFINITIONAL_REPRESENTATION('',(#5722),#5726);
#5722 = LINE('',#5723,#5724);
#5723 = CARTESIAN_POINT('',(-0.,0.388908729653));
#5724 = VECTOR('',#5725,1.);
#5725 = DIRECTION('',(-1.,0.));
#5726 = ( GEOMETRIC_REPRESENTATION_CONTEXT(2) 
PARAMETRIC_REPRESENTATION_CONTEXT() REPRESENTATION_CONTEXT('2D SPACE',''
  ) );
#5727 = PCURVE('',#5728,#5733);
#5728 = PLANE('',#5729);
#5729 = AXIS2_PLACEMENT_3D('',#5730,#5731,#5732);
#5730 = CARTESIAN_POINT('',(-120.,-120.,0.));
#5731 = DIRECTION('',(1.,0.,0.));
#5732 = DIRECTION('',(0.,0.,1.));
#5733 = DEFINITIONAL_REPRESENTATION('',(#5734),#5738);
#5734 = LINE('',#5735,#5736);
#5735 = CARTESIAN_POINT('',(5.45,0.));
#5736 = VECTOR('',#5737,1.);
#5737 = DIRECTION('',(0.,-1.));
#5738 = ( GEOMETRIC_REPRESENTATION_CONTEXT(2) 
PARAMETRIC_REPRESENTATION_CONTEXT() REPRESENTATION_CONTEXT('2D SPACE',''
  ) );
#5739 = ORIENTED_EDGE('',*,*,#5740,.F.);
#5740 = EDGE_CURVE('',#5390,#5713,#5741,.T.);
#5741 = SURFACE_CURVE('',#5742,(#5746,#5753),.PCURVE_S1.);
#5742 = LINE('',#5743,#5744);
#5743 = CARTESIAN_POINT('',(-119.725,-119.45,5.725));
#5744 = VECTOR('',#5745,1.);
#5745 = DIRECTION('',(-0.707106781187,1.474721785211E-14,-0.707106781187
    ));
#5746 = PCURVE('',#5407,#5747);
#5747 = DEFINITIONAL_REPRESENTATION('',(#5748),#5752);
#5748 = LINE('',#5749,#5750);
#5749 = CARTESIAN_POINT('',(-0.55,-3.768221900841E-15));
#5750 = VECTOR('',#5751,1.);
#5751 = DIRECTION('',(-1.474721785211E-14,1.));
#5752 = ( GEOMETRIC_REPRESENTATION_CONTEXT(2) 
PARAMETRIC_REPRESENTATION_CONTEXT() REPRESENTATION_CONTEXT('2D SPACE',''
  ) );
#5753 = PCURVE('',#5754,#5759);
#5754 = PLANE('',#5755);
#5755 = AXIS2_PLACEMENT_3D('',#5756,#5757,#5758);
#5756 = CARTESIAN_POINT('',(-119.45,-120.,5.45));
#5757 = DIRECTION('',(0.57735026919,0.57735026919,-0.57735026919));
#5758 = DIRECTION('',(-0.707106781187,1.824571704904E-14,-0.707106781187
    ));
#5759 = DEFINITIONAL_REPRESENTATION('',(#5760),#5764);
#5760 = LINE('',#5761,#5762);
#5761 = CARTESIAN_POINT('',(1.252869064298E-15,0.673609679265));
#5762 = VECTOR('',#5763,1.);
#5763 = DIRECTION('',(1.,-4.303243935898E-15));
#5764 = ( GEOMETRIC_REPRESENTATION_CONTEXT(2) 
PARAMETRIC_REPRESENTATION_CONTEXT() REPRESENTATION_CONTEXT('2D SPACE',''
  ) );
#5765 = ADVANCED_FACE('',(#5766),#5435,.F.);
#5766 = FACE_BOUND('',#5767,.F.);
#5767 = EDGE_LOOP('',(#5768,#5791,#5792,#5820));
#5768 = ORIENTED_EDGE('',*,*,#5769,.T.);
#5769 = EDGE_CURVE('',#5770,#5390,#5772,.T.);
#5770 = VERTEX_POINT('',#5771);
#5771 = CARTESIAN_POINT('',(-119.45,-120.,5.45));
#5772 = SURFACE_CURVE('',#5773,(#5777,#5784),.PCURVE_S1.);
#5773 = LINE('',#5774,#5775);
#5774 = CARTESIAN_POINT('',(-119.45,-119.8625,5.5875));
#5775 = VECTOR('',#5776,1.);
#5776 = DIRECTION('',(-1.474227072623E-14,0.707106781187,0.707106781187)
  );
#5777 = PCURVE('',#5435,#5778);
#5778 = DEFINITIONAL_REPRESENTATION('',(#5779),#5783);
#5779 = LINE('',#5780,#5781);
#5780 = CARTESIAN_POINT('',(0.55,0.194454364826));
#5781 = VECTOR('',#5782,1.);
#5782 = DIRECTION('',(-1.474227072623E-14,-1.));
#5783 = ( GEOMETRIC_REPRESENTATION_CONTEXT(2) 
PARAMETRIC_REPRESENTATION_CONTEXT() REPRESENTATION_CONTEXT('2D SPACE',''
  ) );
#5784 = PCURVE('',#5754,#5785);
#5785 = DEFINITIONAL_REPRESENTATION('',(#5786),#5790);
#5786 = LINE('',#5787,#5788);
#5787 = CARTESIAN_POINT('',(-9.722718241316E-02,0.168402419816));
#5788 = VECTOR('',#5789,1.);
#5789 = DIRECTION('',(-0.5,0.866025403784));
#5790 = ( GEOMETRIC_REPRESENTATION_CONTEXT(2) 
PARAMETRIC_REPRESENTATION_CONTEXT() REPRESENTATION_CONTEXT('2D SPACE',''
  ) );
#5791 = ORIENTED_EDGE('',*,*,#5419,.T.);
#5792 = ORIENTED_EDGE('',*,*,#5793,.T.);
#5793 = EDGE_CURVE('',#5420,#5794,#5796,.T.);
#5794 = VERTEX_POINT('',#5795);
#5795 = CARTESIAN_POINT('',(119.45,-120.,5.45));
#5796 = SURFACE_CURVE('',#5797,(#5801,#5808),.PCURVE_S1.);
#5797 = LINE('',#5798,#5799);
#5798 = CARTESIAN_POINT('',(119.45,-119.725,5.724999999999));
#5799 = VECTOR('',#5800,1.);
#5800 = DIRECTION('',(-1.477692152286E-14,-0.707106781187,
    -0.707106781187));
#5801 = PCURVE('',#5435,#5802);
#5802 = DEFINITIONAL_REPRESENTATION('',(#5803),#5807);
#5803 = LINE('',#5804,#5805);
#5804 = CARTESIAN_POINT('',(239.45,1.763527849594E-12));
#5805 = VECTOR('',#5806,1.);
#5806 = DIRECTION('',(-1.477692152286E-14,1.));
#5807 = ( GEOMETRIC_REPRESENTATION_CONTEXT(2) 
PARAMETRIC_REPRESENTATION_CONTEXT() REPRESENTATION_CONTEXT('2D SPACE',''
  ) );
#5808 = PCURVE('',#5809,#5814);
#5809 = PLANE('',#5810);
#5810 = AXIS2_PLACEMENT_3D('',#5811,#5812,#5813);
#5811 = CARTESIAN_POINT('',(120.,-119.45,5.45));
#5812 = DIRECTION('',(-0.57735026919,0.57735026919,-0.57735026919));
#5813 = DIRECTION('',(5.165803182392E-17,-0.707106781187,-0.707106781187
    ));
#5814 = DEFINITIONAL_REPRESENTATION('',(#5815),#5819);
#5815 = LINE('',#5816,#5817);
#5816 = CARTESIAN_POINT('',(1.763477909932E-12,0.673609679265));
#5817 = VECTOR('',#5818,1.);
#5818 = DIRECTION('',(1.,1.818072078914E-14));
#5819 = ( GEOMETRIC_REPRESENTATION_CONTEXT(2) 
PARAMETRIC_REPRESENTATION_CONTEXT() REPRESENTATION_CONTEXT('2D SPACE',''
  ) );
#5820 = ORIENTED_EDGE('',*,*,#5821,.F.);
#5821 = EDGE_CURVE('',#5770,#5794,#5822,.T.);
#5822 = SURFACE_CURVE('',#5823,(#5827,#5834),.PCURVE_S1.);
#5823 = LINE('',#5824,#5825);
#5824 = CARTESIAN_POINT('',(-120.,-120.,5.45));
#5825 = VECTOR('',#5826,1.);
#5826 = DIRECTION('',(1.,0.,0.));
#5827 = PCURVE('',#5435,#5828);
#5828 = DEFINITIONAL_REPRESENTATION('',(#5829),#5833);
#5829 = LINE('',#5830,#5831);
#5830 = CARTESIAN_POINT('',(0.,0.388908729653));
#5831 = VECTOR('',#5832,1.);
#5832 = DIRECTION('',(1.,0.));
#5833 = ( GEOMETRIC_REPRESENTATION_CONTEXT(2) 
PARAMETRIC_REPRESENTATION_CONTEXT() REPRESENTATION_CONTEXT('2D SPACE',''
  ) );
#5834 = PCURVE('',#5835,#5840);
#5835 = PLANE('',#5836);
#5836 = AXIS2_PLACEMENT_3D('',#5837,#5838,#5839);
#5837 = CARTESIAN_POINT('',(-120.,-120.,0.));
#5838 = DIRECTION('',(0.,1.,0.));
#5839 = DIRECTION('',(0.,0.,1.));
#5840 = DEFINITIONAL_REPRESENTATION('',(#5841),#5845);
#5841 = LINE('',#5842,#5843);
#5842 = CARTESIAN_POINT('',(5.45,0.));
#5843 = VECTOR('',#5844,1.);
#5844 = DIRECTION('',(0.,1.));
#5845 = ( GEOMETRIC_REPRESENTATION_CONTEXT(2) 
PARAMETRIC_REPRESENTATION_CONTEXT() REPRESENTATION_CONTEXT('2D SPACE',''
  ) );
#5846 = ADVANCED_FACE('',(#5847),#5489,.T.);
#5847 = FACE_BOUND('',#5848,.T.);
#5848 = EDGE_LOOP('',(#5849,#5872,#5873,#5901));
#5849 = ORIENTED_EDGE('',*,*,#5850,.T.);
#5850 = EDGE_CURVE('',#5851,#5392,#5853,.T.);
#5851 = VERTEX_POINT('',#5852);
#5852 = CARTESIAN_POINT('',(-119.45,120.,5.45));
#5853 = SURFACE_CURVE('',#5854,(#5858,#5865),.PCURVE_S1.);
#5854 = LINE('',#5855,#5856);
#5855 = CARTESIAN_POINT('',(-119.45,119.8625,5.5875));
#5856 = VECTOR('',#5857,1.);
#5857 = DIRECTION('',(3.4400767893E-15,-0.707106781187,0.707106781187));
#5858 = PCURVE('',#5489,#5859);
#5859 = DEFINITIONAL_REPRESENTATION('',(#5860),#5864);
#5860 = LINE('',#5861,#5862);
#5861 = CARTESIAN_POINT('',(0.55,0.194454364826));
#5862 = VECTOR('',#5863,1.);
#5863 = DIRECTION('',(3.4400767893E-15,-1.));
#5864 = ( GEOMETRIC_REPRESENTATION_CONTEXT(2) 
PARAMETRIC_REPRESENTATION_CONTEXT() REPRESENTATION_CONTEXT('2D SPACE',''
  ) );
#5865 = PCURVE('',#5700,#5866);
#5866 = DEFINITIONAL_REPRESENTATION('',(#5867),#5871);
#5867 = LINE('',#5868,#5869);
#5868 = CARTESIAN_POINT('',(-9.722718241318E-02,0.168402419816));
#5869 = VECTOR('',#5870,1.);
#5870 = DIRECTION('',(-0.5,0.866025403784));
#5871 = ( GEOMETRIC_REPRESENTATION_CONTEXT(2) 
PARAMETRIC_REPRESENTATION_CONTEXT() REPRESENTATION_CONTEXT('2D SPACE',''
  ) );
#5872 = ORIENTED_EDGE('',*,*,#5475,.T.);
#5873 = ORIENTED_EDGE('',*,*,#5874,.T.);
#5874 = EDGE_CURVE('',#5448,#5875,#5877,.T.);
#5875 = VERTEX_POINT('',#5876);
#5876 = CARTESIAN_POINT('',(119.45,120.,5.45));
#5877 = SURFACE_CURVE('',#5878,(#5882,#5889),.PCURVE_S1.);
#5878 = LINE('',#5879,#5880);
#5879 = CARTESIAN_POINT('',(119.45,119.725,5.725));
#5880 = VECTOR('',#5881,1.);
#5881 = DIRECTION('',(3.461748265757E-15,0.707106781187,-0.707106781187)
  );
#5882 = PCURVE('',#5489,#5883);
#5883 = DEFINITIONAL_REPRESENTATION('',(#5884),#5888);
#5884 = LINE('',#5885,#5886);
#5885 = CARTESIAN_POINT('',(239.45,-4.113642241751E-13));
#5886 = VECTOR('',#5887,1.);
#5887 = DIRECTION('',(3.461748265757E-15,1.));
#5888 = ( GEOMETRIC_REPRESENTATION_CONTEXT(2) 
PARAMETRIC_REPRESENTATION_CONTEXT() REPRESENTATION_CONTEXT('2D SPACE',''
  ) );
#5889 = PCURVE('',#5890,#5895);
#5890 = PLANE('',#5891);
#5891 = AXIS2_PLACEMENT_3D('',#5892,#5893,#5894);
#5892 = CARTESIAN_POINT('',(120.,119.45,5.45));
#5893 = DIRECTION('',(0.57735026919,0.57735026919,0.57735026919));
#5894 = DIRECTION('',(-4.685935062154E-18,0.707106781187,-0.707106781187
    ));
#5895 = DEFINITIONAL_REPRESENTATION('',(#5896),#5900);
#5896 = LINE('',#5897,#5898);
#5897 = CARTESIAN_POINT('',(-4.057213845478E-13,0.673609679265));
#5898 = VECTOR('',#5899,1.);
#5899 = DIRECTION('',(1.,-4.244150212563E-15));
#5900 = ( GEOMETRIC_REPRESENTATION_CONTEXT(2) 
PARAMETRIC_REPRESENTATION_CONTEXT() REPRESENTATION_CONTEXT('2D SPACE',''
  ) );
#5901 = ORIENTED_EDGE('',*,*,#5902,.F.);
#5902 = EDGE_CURVE('',#5851,#5875,#5903,.T.);
#5903 = SURFACE_CURVE('',#5904,(#5908,#5915),.PCURVE_S1.);
#5904 = LINE('',#5905,#5906);
#5905 = CARTESIAN_POINT('',(-120.,120.,5.45));
#5906 = VECTOR('',#5907,1.);
#5907 = DIRECTION('',(1.,0.,0.));
#5908 = PCURVE('',#5489,#5909);
#5909 = DEFINITIONAL_REPRESENTATION('',(#5910),#5914);
#5910 = LINE('',#5911,#5912);
#5911 = CARTESIAN_POINT('',(0.,0.388908729653));
#5912 = VECTOR('',#5913,1.);
#5913 = DIRECTION('',(1.,0.));
#5914 = ( GEOMETRIC_REPRESENTATION_CONTEXT(2) 
PARAMETRIC_REPRESENTATION_CONTEXT() REPRESENTATION_CONTEXT('2D SPACE',''
  ) );
#5915 = PCURVE('',#5916,#5921);
#5916 = PLANE('',#5917);
#5917 = AXIS2_PLACEMENT_3D('',#5918,#5919,#5920);
#5918 = CARTESIAN_POINT('',(-120.,120.,0.));
#5919 = DIRECTION('',(0.,1.,0.));
#5920 = DIRECTION('',(0.,0.,1.));
#5921 = DEFINITIONAL_REPRESENTATION('',(#5922),#5926);
#5922 = LINE('',#5923,#5924);
#5923 = CARTESIAN_POINT('',(5.45,0.));
#5924 = VECTOR('',#5925,1.);
#5925 = DIRECTION('',(0.,1.));
#5926 = ( GEOMETRIC_REPRESENTATION_CONTEXT(2) 
PARAMETRIC_REPRESENTATION_CONTEXT() REPRESENTATION_CONTEXT('2D SPACE',''
  ) );
#5927 = ADVANCED_FACE('',(#5928),#5463,.T.);
#5928 = FACE_BOUND('',#5929,.F.);
#5929 = EDGE_LOOP('',(#5930,#5953,#5954,#5977));
#5930 = ORIENTED_EDGE('',*,*,#5931,.T.);
#5931 = EDGE_CURVE('',#5932,#5420,#5934,.T.);
#5932 = VERTEX_POINT('',#5933);
#5933 = CARTESIAN_POINT('',(120.,-119.45,5.45));
#5934 = SURFACE_CURVE('',#5935,(#5939,#5946),.PCURVE_S1.);
#5935 = LINE('',#5936,#5937);
#5936 = CARTESIAN_POINT('',(119.8625,-119.45,5.5875));
#5937 = VECTOR('',#5938,1.);
#5938 = DIRECTION('',(-0.707106781187,3.411800214043E-15,0.707106781187)
  );
#5939 = PCURVE('',#5463,#5940);
#5940 = DEFINITIONAL_REPRESENTATION('',(#5941),#5945);
#5941 = LINE('',#5942,#5943);
#5942 = CARTESIAN_POINT('',(-0.55,0.194454364826));
#5943 = VECTOR('',#5944,1.);
#5944 = DIRECTION('',(-3.411800214043E-15,-1.));
#5945 = ( GEOMETRIC_REPRESENTATION_CONTEXT(2) 
PARAMETRIC_REPRESENTATION_CONTEXT() REPRESENTATION_CONTEXT('2D SPACE',''
  ) );
#5946 = PCURVE('',#5809,#5947);
#5947 = DEFINITIONAL_REPRESENTATION('',(#5948),#5952);
#5948 = LINE('',#5949,#5950);
#5949 = CARTESIAN_POINT('',(-9.722718241315E-02,0.168402419816));
#5950 = VECTOR('',#5951,1.);
#5951 = DIRECTION('',(-0.5,0.866025403784));
#5952 = ( GEOMETRIC_REPRESENTATION_CONTEXT(2) 
PARAMETRIC_REPRESENTATION_CONTEXT() REPRESENTATION_CONTEXT('2D SPACE',''
  ) );
#5953 = ORIENTED_EDGE('',*,*,#5447,.T.);
#5954 = ORIENTED_EDGE('',*,*,#5955,.F.);
#5955 = EDGE_CURVE('',#5956,#5448,#5958,.T.);
#5956 = VERTEX_POINT('',#5957);
#5957 = CARTESIAN_POINT('',(120.,119.45,5.45));
#5958 = SURFACE_CURVE('',#5959,(#5963,#5970),.PCURVE_S1.);
#5959 = LINE('',#5960,#5961);
#5960 = CARTESIAN_POINT('',(119.86249999999,119.45,5.587500000002));
#5961 = VECTOR('',#5962,1.);
#5962 = DIRECTION('',(-0.707106781187,-2.288555730987E-14,0.707106781187
    ));
#5963 = PCURVE('',#5463,#5964);
#5964 = DEFINITIONAL_REPRESENTATION('',(#5965),#5969);
#5965 = LINE('',#5966,#5967);
#5966 = CARTESIAN_POINT('',(-239.45,0.194454364824));
#5967 = VECTOR('',#5968,1.);
#5968 = DIRECTION('',(2.288555730987E-14,-1.));
#5969 = ( GEOMETRIC_REPRESENTATION_CONTEXT(2) 
PARAMETRIC_REPRESENTATION_CONTEXT() REPRESENTATION_CONTEXT('2D SPACE',''
  ) );
#5970 = PCURVE('',#5890,#5971);
#5971 = DEFINITIONAL_REPRESENTATION('',(#5972),#5976);
#5972 = LINE('',#5973,#5974);
#5973 = CARTESIAN_POINT('',(-9.722718241454E-02,0.168402419819));
#5974 = VECTOR('',#5975,1.);
#5975 = DIRECTION('',(-0.5,0.866025403784));
#5976 = ( GEOMETRIC_REPRESENTATION_CONTEXT(2) 
PARAMETRIC_REPRESENTATION_CONTEXT() REPRESENTATION_CONTEXT('2D SPACE',''
  ) );
#5977 = ORIENTED_EDGE('',*,*,#5978,.F.);
#5978 = EDGE_CURVE('',#5932,#5956,#5979,.T.);
#5979 = SURFACE_CURVE('',#5980,(#5984,#5991),.PCURVE_S1.);
#5980 = LINE('',#5981,#5982);
#5981 = CARTESIAN_POINT('',(120.,-120.,5.45));
#5982 = VECTOR('',#5983,1.);
#5983 = DIRECTION('',(0.,1.,0.));
#5984 = PCURVE('',#5463,#5985);
#5985 = DEFINITIONAL_REPRESENTATION('',(#5986),#5990);
#5986 = LINE('',#5987,#5988);
#5987 = CARTESIAN_POINT('',(-0.,0.388908729653));
#5988 = VECTOR('',#5989,1.);
#5989 = DIRECTION('',(-1.,0.));
#5990 = ( GEOMETRIC_REPRESENTATION_CONTEXT(2) 
PARAMETRIC_REPRESENTATION_CONTEXT() REPRESENTATION_CONTEXT('2D SPACE',''
  ) );
#5991 = PCURVE('',#5992,#5997);
#5992 = PLANE('',#5993);
#5993 = AXIS2_PLACEMENT_3D('',#5994,#5995,#5996);
#5994 = CARTESIAN_POINT('',(120.,-120.,0.));
#5995 = DIRECTION('',(1.,0.,0.));
#5996 = DIRECTION('',(0.,0.,1.));
#5997 = DEFINITIONAL_REPRESENTATION('',(#5998),#6002);
#5998 = LINE('',#5999,#6000);
#5999 = CARTESIAN_POINT('',(5.45,0.));
#6000 = VECTOR('',#6001,1.);
#6001 = DIRECTION('',(0.,-1.));
#6002 = ( GEOMETRIC_REPRESENTATION_CONTEXT(2) 
PARAMETRIC_REPRESENTATION_CONTEXT() REPRESENTATION_CONTEXT('2D SPACE',''
  ) );
#6003 = ADVANCED_FACE('',(#6004),#5520,.F.);
#6004 = FACE_BOUND('',#6005,.T.);
#6005 = EDGE_LOOP('',(#6006,#6027,#6028,#6029));
#6006 = ORIENTED_EDGE('',*,*,#6007,.F.);
#6007 = EDGE_CURVE('',#5504,#6008,#6010,.T.);
#6008 = VERTEX_POINT('',#6009);
#6009 = CARTESIAN_POINT('',(-95.5,-100.,5.45));
#6010 = SEAM_CURVE('',#6011,(#6015,#6021),.PCURVE_S1.);
#6011 = LINE('',#6012,#6013);
#6012 = CARTESIAN_POINT('',(-95.5,-100.,5.45));
#6013 = VECTOR('',#6014,1.);
#6014 = DIRECTION('',(-0.707106781187,-0.,-0.707106781187));
#6015 = PCURVE('',#5520,#6016);
#6016 = DEFINITIONAL_REPRESENTATION('',(#6017),#6020);
#6017 = B_SPLINE_CURVE_WITH_KNOTS('',1,(#6018,#6019),.UNSPECIFIED.,.F.,
  .F.,(2,2),(-0.777817459305,0.),.PIECEWISE_BEZIER_KNOTS.);
#6018 = CARTESIAN_POINT('',(0.,0.55));
#6019 = CARTESIAN_POINT('',(0.,0.));
#6020 = ( GEOMETRIC_REPRESENTATION_CONTEXT(2) 
PARAMETRIC_REPRESENTATION_CONTEXT() REPRESENTATION_CONTEXT('2D SPACE',''
  ) );
#6021 = PCURVE('',#5520,#6022);
#6022 = DEFINITIONAL_REPRESENTATION('',(#6023),#6026);
#6023 = B_SPLINE_CURVE_WITH_KNOTS('',1,(#6024,#6025),.UNSPECIFIED.,.F.,
  .F.,(2,2),(-0.777817459305,0.),.PIECEWISE_BEZIER_KNOTS.);
#6024 = CARTESIAN_POINT('',(6.28318530718,0.55));
#6025 = CARTESIAN_POINT('',(6.28318530718,0.));
#6026 = ( GEOMETRIC_REPRESENTATION_CONTEXT(2) 
PARAMETRIC_REPRESENTATION_CONTEXT() REPRESENTATION_CONTEXT('2D SPACE',''
  ) );
#6027 = ORIENTED_EDGE('',*,*,#5503,.T.);
#6028 = ORIENTED_EDGE('',*,*,#6007,.T.);
#6029 = ORIENTED_EDGE('',*,*,#6030,.F.);
#6030 = EDGE_CURVE('',#6008,#6008,#6031,.T.);
#6031 = SURFACE_CURVE('',#6032,(#6037,#6044),.PCURVE_S1.);
#6032 = CIRCLE('',#6033,4.5);
#6033 = AXIS2_PLACEMENT_3D('',#6034,#6035,#6036);
#6034 = CARTESIAN_POINT('',(-100.,-100.,5.45));
#6035 = DIRECTION('',(0.,0.,1.));
#6036 = DIRECTION('',(1.,0.,-0.));
#6037 = PCURVE('',#5520,#6038);
#6038 = DEFINITIONAL_REPRESENTATION('',(#6039),#6043);
#6039 = LINE('',#6040,#6041);
#6040 = CARTESIAN_POINT('',(0.,-0.));
#6041 = VECTOR('',#6042,1.);
#6042 = DIRECTION('',(1.,-0.));
#6043 = ( GEOMETRIC_REPRESENTATION_CONTEXT(2) 
PARAMETRIC_REPRESENTATION_CONTEXT() REPRESENTATION_CONTEXT('2D SPACE',''
  ) );
#6044 = PCURVE('',#6045,#6050);
#6045 = CYLINDRICAL_SURFACE('',#6046,4.5);
#6046 = AXIS2_PLACEMENT_3D('',#6047,#6048,#6049);
#6047 = CARTESIAN_POINT('',(-100.,-100.,4.));
#6048 = DIRECTION('',(0.,0.,1.));
#6049 = DIRECTION('',(1.,0.,0.));
#6050 = DEFINITIONAL_REPRESENTATION('',(#6051),#6055);
#6051 = LINE('',#6052,#6053);
#6052 = CARTESIAN_POINT('',(0.,1.45));
#6053 = VECTOR('',#6054,1.);
#6054 = DIRECTION('',(1.,0.));
#6055 = ( GEOMETRIC_REPRESENTATION_CONTEXT(2) 
PARAMETRIC_REPRESENTATION_CONTEXT() REPRESENTATION_CONTEXT('2D SPACE',''
  ) );
#6056 = ADVANCED_FACE('',(#6057),#5551,.F.);
#6057 = FACE_BOUND('',#6058,.T.);
#6058 = EDGE_LOOP('',(#6059,#6080,#6081,#6082));
#6059 = ORIENTED_EDGE('',*,*,#6060,.F.);
#6060 = EDGE_CURVE('',#5535,#6061,#6063,.T.);
#6061 = VERTEX_POINT('',#6062);
#6062 = CARTESIAN_POINT('',(104.5,-100.,5.45));
#6063 = SEAM_CURVE('',#6064,(#6068,#6074),.PCURVE_S1.);
#6064 = LINE('',#6065,#6066);
#6065 = CARTESIAN_POINT('',(104.5,-100.,5.45));
#6066 = VECTOR('',#6067,1.);
#6067 = DIRECTION('',(-0.707106781187,-0.,-0.707106781187));
#6068 = PCURVE('',#5551,#6069);
#6069 = DEFINITIONAL_REPRESENTATION('',(#6070),#6073);
#6070 = B_SPLINE_CURVE_WITH_KNOTS('',1,(#6071,#6072),.UNSPECIFIED.,.F.,
  .F.,(2,2),(-0.777817459305,0.),.PIECEWISE_BEZIER_KNOTS.);
#6071 = CARTESIAN_POINT('',(0.,0.55));
#6072 = CARTESIAN_POINT('',(0.,0.));
#6073 = ( GEOMETRIC_REPRESENTATION_CONTEXT(2) 
PARAMETRIC_REPRESENTATION_CONTEXT() REPRESENTATION_CONTEXT('2D SPACE',''
  ) );
#6074 = PCURVE('',#5551,#6075);
#6075 = DEFINITIONAL_REPRESENTATION('',(#6076),#6079);
#6076 = B_SPLINE_CURVE_WITH_KNOTS('',1,(#6077,#6078),.UNSPECIFIED.,.F.,
  .F.,(2,2),(-0.777817459305,0.),.PIECEWISE_BEZIER_KNOTS.);
#6077 = CARTESIAN_POINT('',(6.28318530718,0.55));
#6078 = CARTESIAN_POINT('',(6.28318530718,0.));
#6079 = ( GEOMETRIC_REPRESENTATION_CONTEXT(2) 
PARAMETRIC_REPRESENTATION_CONTEXT() REPRESENTATION_CONTEXT('2D SPACE',''
  ) );
#6080 = ORIENTED_EDGE('',*,*,#5534,.T.);
#6081 = ORIENTED_EDGE('',*,*,#6060,.T.);
#6082 = ORIENTED_EDGE('',*,*,#6083,.F.);
#6083 = EDGE_CURVE('',#6061,#6061,#6084,.T.);
#6084 = SURFACE_CURVE('',#6085,(#6090,#6097),.PCURVE_S1.);
#6085 = CIRCLE('',#6086,4.5);
#6086 = AXIS2_PLACEMENT_3D('',#6087,#6088,#6089);
#6087 = CARTESIAN_POINT('',(100.,-100.,5.45));
#6088 = DIRECTION('',(0.,0.,1.));
#6089 = DIRECTION('',(1.,0.,-0.));
#6090 = PCURVE('',#5551,#6091);
#6091 = DEFINITIONAL_REPRESENTATION('',(#6092),#6096);
#6092 = LINE('',#6093,#6094);
#6093 = CARTESIAN_POINT('',(0.,-0.));
#6094 = VECTOR('',#6095,1.);
#6095 = DIRECTION('',(1.,-0.));
#6096 = ( GEOMETRIC_REPRESENTATION_CONTEXT(2) 
PARAMETRIC_REPRESENTATION_CONTEXT() REPRESENTATION_CONTEXT('2D SPACE',''
  ) );
#6097 = PCURVE('',#6098,#6103);
#6098 = CYLINDRICAL_SURFACE('',#6099,4.5);
#6099 = AXIS2_PLACEMENT_3D('',#6100,#6101,#6102);
#6100 = CARTESIAN_POINT('',(100.,-100.,4.));
#6101 = DIRECTION('',(0.,0.,1.));
#6102 = DIRECTION('',(1.,0.,0.));
#6103 = DEFINITIONAL_REPRESENTATION('',(#6104),#6108);
#6104 = LINE('',#6105,#6106);
#6105 = CARTESIAN_POINT('',(0.,1.45));
#6106 = VECTOR('',#6107,1.);
#6107 = DIRECTION('',(1.,0.));
#6108 = ( GEOMETRIC_REPRESENTATION_CONTEXT(2) 
PARAMETRIC_REPRESENTATION_CONTEXT() REPRESENTATION_CONTEXT('2D SPACE',''
  ) );
#6109 = ADVANCED_FACE('',(#6110),#5582,.F.);
#6110 = FACE_BOUND('',#6111,.T.);
#6111 = EDGE_LOOP('',(#6112,#6133,#6134,#6135));
#6112 = ORIENTED_EDGE('',*,*,#6113,.F.);
#6113 = EDGE_CURVE('',#5566,#6114,#6116,.T.);
#6114 = VERTEX_POINT('',#6115);
#6115 = CARTESIAN_POINT('',(-95.5,100.,5.45));
#6116 = SEAM_CURVE('',#6117,(#6121,#6127),.PCURVE_S1.);
#6117 = LINE('',#6118,#6119);
#6118 = CARTESIAN_POINT('',(-95.5,100.,5.45));
#6119 = VECTOR('',#6120,1.);
#6120 = DIRECTION('',(-0.707106781187,-0.,-0.707106781187));
#6121 = PCURVE('',#5582,#6122);
#6122 = DEFINITIONAL_REPRESENTATION('',(#6123),#6126);
#6123 = B_SPLINE_CURVE_WITH_KNOTS('',1,(#6124,#6125),.UNSPECIFIED.,.F.,
  .F.,(2,2),(-0.777817459305,0.),.PIECEWISE_BEZIER_KNOTS.);
#6124 = CARTESIAN_POINT('',(0.,0.55));
#6125 = CARTESIAN_POINT('',(0.,0.));
#6126 = ( GEOMETRIC_REPRESENTATION_CONTEXT(2) 
PARAMETRIC_REPRESENTATION_CONTEXT() REPRESENTATION_CONTEXT('2D SPACE',''
  ) );
#6127 = PCURVE('',#5582,#6128);
#6128 = DEFINITIONAL_REPRESENTATION('',(#6129),#6132);
#6129 = B_SPLINE_CURVE_WITH_KNOTS('',1,(#6130,#6131),.UNSPECIFIED.,.F.,
  .F.,(2,2),(-0.777817459305,0.),.PIECEWISE_BEZIER_KNOTS.);
#6130 = CARTESIAN_POINT('',(6.28318530718,0.55));
#6131 = CARTESIAN_POINT('',(6.28318530718,0.));
#6132 = ( GEOMETRIC_REPRESENTATION_CONTEXT(2) 
PARAMETRIC_REPRESENTATION_CONTEXT() REPRESENTATION_CONTEXT('2D SPACE',''
  ) );
#6133 = ORIENTED_EDGE('',*,*,#5565,.T.);
#6134 = ORIENTED_EDGE('',*,*,#6113,.T.);
#6135 = ORIENTED_EDGE('',*,*,#6136,.F.);
#6136 = EDGE_CURVE('',#6114,#6114,#6137,.T.);
#6137 = SURFACE_CURVE('',#6138,(#6143,#6150),.PCURVE_S1.);
#6138 = CIRCLE('',#6139,4.5);
#6139 = AXIS2_PLACEMENT_3D('',#6140,#6141,#6142);
#6140 = CARTESIAN_POINT('',(-100.,100.,5.45));
#6141 = DIRECTION('',(0.,0.,1.));
#6142 = DIRECTION('',(1.,0.,-0.));
#6143 = PCURVE('',#5582,#6144);
#6144 = DEFINITIONAL_REPRESENTATION('',(#6145),#6149);
#6145 = LINE('',#6146,#6147);
#6146 = CARTESIAN_POINT('',(0.,-0.));
#6147 = VECTOR('',#6148,1.);
#6148 = DIRECTION('',(1.,-0.));
#6149 = ( GEOMETRIC_REPRESENTATION_CONTEXT(2) 
PARAMETRIC_REPRESENTATION_CONTEXT() REPRESENTATION_CONTEXT('2D SPACE',''
  ) );
#6150 = PCURVE('',#6151,#6156);
#6151 = CYLINDRICAL_SURFACE('',#6152,4.5);
#6152 = AXIS2_PLACEMENT_3D('',#6153,#6154,#6155);
#6153 = CARTESIAN_POINT('',(-100.,100.,4.));
#6154 = DIRECTION('',(0.,0.,1.));
#6155 = DIRECTION('',(1.,0.,0.));
#6156 = DEFINITIONAL_REPRESENTATION('',(#6157),#6161);
#6157 = LINE('',#6158,#6159);
#6158 = CARTESIAN_POINT('',(0.,1.45));
#6159 = VECTOR('',#6160,1.);
#6160 = DIRECTION('',(1.,0.));
#6161 = ( GEOMETRIC_REPRESENTATION_CONTEXT(2) 
PARAMETRIC_REPRESENTATION_CONTEXT() REPRESENTATION_CONTEXT('2D SPACE',''
  ) );
#6162 = ADVANCED_FACE('',(#6163),#5613,.F.);
#6163 = FACE_BOUND('',#6164,.T.);
#6164 = EDGE_LOOP('',(#6165,#6186,#6187,#6188));
#6165 = ORIENTED_EDGE('',*,*,#6166,.F.);
#6166 = EDGE_CURVE('',#5597,#6167,#6169,.T.);
#6167 = VERTEX_POINT('',#6168);
#6168 = CARTESIAN_POINT('',(104.5,100.,5.45));
#6169 = SEAM_CURVE('',#6170,(#6174,#6180),.PCURVE_S1.);
#6170 = LINE('',#6171,#6172);
#6171 = CARTESIAN_POINT('',(104.5,100.,5.45));
#6172 = VECTOR('',#6173,1.);
#6173 = DIRECTION('',(-0.707106781187,-0.,-0.707106781187));
#6174 = PCURVE('',#5613,#6175);
#6175 = DEFINITIONAL_REPRESENTATION('',(#6176),#6179);
#6176 = B_SPLINE_CURVE_WITH_KNOTS('',1,(#6177,#6178),.UNSPECIFIED.,.F.,
  .F.,(2,2),(-0.777817459305,0.),.PIECEWISE_BEZIER_KNOTS.);
#6177 = CARTESIAN_POINT('',(0.,0.55));
#6178 = CARTESIAN_POINT('',(0.,0.));
#6179 = ( GEOMETRIC_REPRESENTATION_CONTEXT(2) 
PARAMETRIC_REPRESENTATION_CONTEXT() REPRESENTATION_CONTEXT('2D SPACE',''
  ) );
#6180 = PCURVE('',#5613,#6181);
#6181 = DEFINITIONAL_REPRESENTATION('',(#6182),#6185);
#6182 = B_SPLINE_CURVE_WITH_KNOTS('',1,(#6183,#6184),.UNSPECIFIED.,.F.,
  .F.,(2,2),(-0.777817459305,0.),.PIECEWISE_BEZIER_KNOTS.);
#6183 = CARTESIAN_POINT('',(6.28318530718,0.55));
#6184 = CARTESIAN_POINT('',(6.28318530718,0.));
#6185 = ( GEOMETRIC_REPRESENTATION_CONTEXT(2) 
PARAMETRIC_REPRESENTATION_CONTEXT() REPRESENTATION_CONTEXT('2D SPACE',''
  ) );
#6186 = ORIENTED_EDGE('',*,*,#5596,.T.);
#6187 = ORIENTED_EDGE('',*,*,#6166,.T.);
#6188 = ORIENTED_EDGE('',*,*,#6189,.F.);
#6189 = EDGE_CURVE('',#6167,#6167,#6190,.T.);
#6190 = SURFACE_CURVE('',#6191,(#6196,#6203),.PCURVE_S1.);
#6191 = CIRCLE('',#6192,4.5);
#6192 = AXIS2_PLACEMENT_3D('',#6193,#6194,#6195);
#6193 = CARTESIAN_POINT('',(100.,100.,5.45));
#6194 = DIRECTION('',(0.,0.,1.));
#6195 = DIRECTION('',(1.,0.,-0.));
#6196 = PCURVE('',#5613,#6197);
#6197 = DEFINITIONAL_REPRESENTATION('',(#6198),#6202);
#6198 = LINE('',#6199,#6200);
#6199 = CARTESIAN_POINT('',(0.,-0.));
#6200 = VECTOR('',#6201,1.);
#6201 = DIRECTION('',(1.,-0.));
#6202 = ( GEOMETRIC_REPRESENTATION_CONTEXT(2) 
PARAMETRIC_REPRESENTATION_CONTEXT() REPRESENTATION_CONTEXT('2D SPACE',''
  ) );
#6203 = PCURVE('',#6204,#6209);
#6204 = CYLINDRICAL_SURFACE('',#6205,4.5);
#6205 = AXIS2_PLACEMENT_3D('',#6206,#6207,#6208);
#6206 = CARTESIAN_POINT('',(100.,100.,4.));
#6207 = DIRECTION('',(0.,0.,1.));
#6208 = DIRECTION('',(1.,0.,0.));
#6209 = DEFINITIONAL_REPRESENTATION('',(#6210),#6214);
#6210 = LINE('',#6211,#6212);
#6211 = CARTESIAN_POINT('',(0.,1.45));
#6212 = VECTOR('',#6213,1.);
#6213 = DIRECTION('',(1.,0.));
#6214 = ( GEOMETRIC_REPRESENTATION_CONTEXT(2) 
PARAMETRIC_REPRESENTATION_CONTEXT() REPRESENTATION_CONTEXT('2D SPACE',''
  ) );
#6215 = ADVANCED_FACE('',(#6216),#5668,.F.);
#6216 = FACE_BOUND('',#6217,.F.);
#6217 = EDGE_LOOP('',(#6218,#6239,#6266,#6267));
#6218 = ORIENTED_EDGE('',*,*,#6219,.F.);
#6219 = EDGE_CURVE('',#6220,#5629,#6222,.T.);
#6220 = VERTEX_POINT('',#6221);
#6221 = CARTESIAN_POINT('',(107.95,0.,6.));
#6222 = SEAM_CURVE('',#6223,(#6227,#6233),.PCURVE_S1.);
#6223 = LINE('',#6224,#6225);
#6224 = CARTESIAN_POINT('',(108.5,0.,6.55));
#6225 = VECTOR('',#6226,1.);
#6226 = DIRECTION('',(0.707106781187,0.,0.707106781187));
#6227 = PCURVE('',#5668,#6228);
#6228 = DEFINITIONAL_REPRESENTATION('',(#6229),#6232);
#6229 = B_SPLINE_CURVE_WITH_KNOTS('',1,(#6230,#6231),.UNSPECIFIED.,.F.,
  .F.,(2,2),(-0.777817459305,0.),.PIECEWISE_BEZIER_KNOTS.);
#6230 = CARTESIAN_POINT('',(0.,-0.55));
#6231 = CARTESIAN_POINT('',(0.,0.));
#6232 = ( GEOMETRIC_REPRESENTATION_CONTEXT(2) 
PARAMETRIC_REPRESENTATION_CONTEXT() REPRESENTATION_CONTEXT('2D SPACE',''
  ) );
#6233 = PCURVE('',#5668,#6234);
#6234 = DEFINITIONAL_REPRESENTATION('',(#6235),#6238);
#6235 = B_SPLINE_CURVE_WITH_KNOTS('',1,(#6236,#6237),.UNSPECIFIED.,.F.,
  .F.,(2,2),(-0.777817459305,0.),.PIECEWISE_BEZIER_KNOTS.);
#6236 = CARTESIAN_POINT('',(6.28318530718,-0.55));
#6237 = CARTESIAN_POINT('',(6.28318530718,0.));
#6238 = ( GEOMETRIC_REPRESENTATION_CONTEXT(2) 
PARAMETRIC_REPRESENTATION_CONTEXT() REPRESENTATION_CONTEXT('2D SPACE',''
  ) );
#6239 = ORIENTED_EDGE('',*,*,#6240,.T.);
#6240 = EDGE_CURVE('',#6220,#6220,#6241,.T.);
#6241 = SURFACE_CURVE('',#6242,(#6247,#6254),.PCURVE_S1.);
#6242 = CIRCLE('',#6243,107.95);
#6243 = AXIS2_PLACEMENT_3D('',#6244,#6245,#6246);
#6244 = CARTESIAN_POINT('',(0.,0.,6.));
#6245 = DIRECTION('',(0.,0.,1.));
#6246 = DIRECTION('',(1.,0.,-0.));
#6247 = PCURVE('',#5668,#6248);
#6248 = DEFINITIONAL_REPRESENTATION('',(#6249),#6253);
#6249 = LINE('',#6250,#6251);
#6250 = CARTESIAN_POINT('',(0.,-0.55));
#6251 = VECTOR('',#6252,1.);
#6252 = DIRECTION('',(1.,0.));
#6253 = ( GEOMETRIC_REPRESENTATION_CONTEXT(2) 
PARAMETRIC_REPRESENTATION_CONTEXT() REPRESENTATION_CONTEXT('2D SPACE',''
  ) );
#6254 = PCURVE('',#6255,#6260);
#6255 = PLANE('',#6256);
#6256 = AXIS2_PLACEMENT_3D('',#6257,#6258,#6259);
#6257 = CARTESIAN_POINT('',(-120.,-120.,6.));
#6258 = DIRECTION('',(0.,0.,1.));
#6259 = DIRECTION('',(1.,0.,0.));
#6260 = DEFINITIONAL_REPRESENTATION('',(#6261),#6265);
#6261 = CIRCLE('',#6262,107.95);
#6262 = AXIS2_PLACEMENT_2D('',#6263,#6264);
#6263 = CARTESIAN_POINT('',(120.,120.));
#6264 = DIRECTION('',(1.,0.));
#6265 = ( GEOMETRIC_REPRESENTATION_CONTEXT(2) 
PARAMETRIC_REPRESENTATION_CONTEXT() REPRESENTATION_CONTEXT('2D SPACE',''
  ) );
#6266 = ORIENTED_EDGE('',*,*,#6219,.T.);
#6267 = ORIENTED_EDGE('',*,*,#5653,.F.);
#6268 = ADVANCED_FACE('',(#6269),#5754,.F.);
#6269 = FACE_BOUND('',#6270,.F.);
#6270 = EDGE_LOOP('',(#6271,#6272,#6298));
#6271 = ORIENTED_EDGE('',*,*,#5769,.F.);
#6272 = ORIENTED_EDGE('',*,*,#6273,.T.);
#6273 = EDGE_CURVE('',#5770,#5713,#6274,.T.);
#6274 = SURFACE_CURVE('',#6275,(#6279,#6286),.PCURVE_S1.);
#6275 = LINE('',#6276,#6277);
#6276 = CARTESIAN_POINT('',(-119.5875,-119.8625,5.45));
#6277 = VECTOR('',#6278,1.);
#6278 = DIRECTION('',(-0.707106781187,0.707106781187,-2.877857953293E-17
    ));
#6279 = PCURVE('',#5754,#6280);
#6280 = DEFINITIONAL_REPRESENTATION('',(#6281),#6285);
#6281 = LINE('',#6282,#6283);
#6282 = CARTESIAN_POINT('',(9.722718241316E-02,0.168402419816));
#6283 = VECTOR('',#6284,1.);
#6284 = DIRECTION('',(0.5,0.866025403784));
#6285 = ( GEOMETRIC_REPRESENTATION_CONTEXT(2) 
PARAMETRIC_REPRESENTATION_CONTEXT() REPRESENTATION_CONTEXT('2D SPACE',''
  ) );
#6286 = PCURVE('',#6287,#6292);
#6287 = PLANE('',#6288);
#6288 = AXIS2_PLACEMENT_3D('',#6289,#6290,#6291);
#6289 = CARTESIAN_POINT('',(-119.725,-119.725,0.));
#6290 = DIRECTION('',(-0.707106781187,-0.707106781187,
    -3.388030442428E-18));
#6291 = DIRECTION('',(2.395699300708E-18,2.395699300708E-18,-1.));
#6292 = DEFINITIONAL_REPRESENTATION('',(#6293),#6297);
#6293 = LINE('',#6294,#6295);
#6294 = CARTESIAN_POINT('',(-5.45,0.194454364826));
#6295 = VECTOR('',#6296,1.);
#6296 = DIRECTION('',(2.877857953293E-17,-1.));
#6297 = ( GEOMETRIC_REPRESENTATION_CONTEXT(2) 
PARAMETRIC_REPRESENTATION_CONTEXT() REPRESENTATION_CONTEXT('2D SPACE',''
  ) );
#6298 = ORIENTED_EDGE('',*,*,#5740,.F.);
#6299 = ADVANCED_FACE('',(#6300),#5700,.T.);
#6300 = FACE_BOUND('',#6301,.T.);
#6301 = EDGE_LOOP('',(#6302,#6303,#6329));
#6302 = ORIENTED_EDGE('',*,*,#5850,.F.);
#6303 = ORIENTED_EDGE('',*,*,#6304,.T.);
#6304 = EDGE_CURVE('',#5851,#5685,#6305,.T.);
#6305 = SURFACE_CURVE('',#6306,(#6310,#6317),.PCURVE_S1.);
#6306 = LINE('',#6307,#6308);
#6307 = CARTESIAN_POINT('',(-119.5875,119.8625,5.45));
#6308 = VECTOR('',#6309,1.);
#6309 = DIRECTION('',(-0.707106781187,-0.707106781187,1.086831143985E-15
    ));
#6310 = PCURVE('',#5700,#6311);
#6311 = DEFINITIONAL_REPRESENTATION('',(#6312),#6316);
#6312 = LINE('',#6313,#6314);
#6313 = CARTESIAN_POINT('',(9.722718241316E-02,0.168402419816));
#6314 = VECTOR('',#6315,1.);
#6315 = DIRECTION('',(0.5,0.866025403784));
#6316 = ( GEOMETRIC_REPRESENTATION_CONTEXT(2) 
PARAMETRIC_REPRESENTATION_CONTEXT() REPRESENTATION_CONTEXT('2D SPACE',''
  ) );
#6317 = PCURVE('',#6318,#6323);
#6318 = PLANE('',#6319);
#6319 = AXIS2_PLACEMENT_3D('',#6320,#6321,#6322);
#6320 = CARTESIAN_POINT('',(-119.725,119.725,0.));
#6321 = DIRECTION('',(0.707106781187,-0.707106781187,3.388030442428E-18)
  );
#6322 = DIRECTION('',(2.395699300708E-18,-2.395699300708E-18,-1.));
#6323 = DEFINITIONAL_REPRESENTATION('',(#6324),#6328);
#6324 = LINE('',#6325,#6326);
#6325 = CARTESIAN_POINT('',(-5.45,0.194454364826));
#6326 = VECTOR('',#6327,1.);
#6327 = DIRECTION('',(-1.086831143985E-15,-1.));
#6328 = ( GEOMETRIC_REPRESENTATION_CONTEXT(2) 
PARAMETRIC_REPRESENTATION_CONTEXT() REPRESENTATION_CONTEXT('2D SPACE',''
  ) );
#6329 = ORIENTED_EDGE('',*,*,#5684,.F.);
#6330 = ADVANCED_FACE('',(#6331),#5728,.F.);
#6331 = FACE_BOUND('',#6332,.F.);
#6332 = EDGE_LOOP('',(#6333,#6334,#6357,#6385));
#6333 = ORIENTED_EDGE('',*,*,#5712,.F.);
#6334 = ORIENTED_EDGE('',*,*,#6335,.F.);
#6335 = EDGE_CURVE('',#6336,#5713,#6338,.T.);
#6336 = VERTEX_POINT('',#6337);
#6337 = CARTESIAN_POINT('',(-120.,-119.45,0.55));
#6338 = SURFACE_CURVE('',#6339,(#6343,#6350),.PCURVE_S1.);
#6339 = LINE('',#6340,#6341);
#6340 = CARTESIAN_POINT('',(-120.,-119.45,0.));
#6341 = VECTOR('',#6342,1.);
#6342 = DIRECTION('',(0.,0.,1.));
#6343 = PCURVE('',#5728,#6344);
#6344 = DEFINITIONAL_REPRESENTATION('',(#6345),#6349);
#6345 = LINE('',#6346,#6347);
#6346 = CARTESIAN_POINT('',(0.,-0.55));
#6347 = VECTOR('',#6348,1.);
#6348 = DIRECTION('',(1.,0.));
#6349 = ( GEOMETRIC_REPRESENTATION_CONTEXT(2) 
PARAMETRIC_REPRESENTATION_CONTEXT() REPRESENTATION_CONTEXT('2D SPACE',''
  ) );
#6350 = PCURVE('',#6287,#6351);
#6351 = DEFINITIONAL_REPRESENTATION('',(#6352),#6356);
#6352 = LINE('',#6353,#6354);
#6353 = CARTESIAN_POINT('',(-9.860761315263E-32,-0.388908729653));
#6354 = VECTOR('',#6355,1.);
#6355 = DIRECTION('',(-1.,0.));
#6356 = ( GEOMETRIC_REPRESENTATION_CONTEXT(2) 
PARAMETRIC_REPRESENTATION_CONTEXT() REPRESENTATION_CONTEXT('2D SPACE',''
  ) );
#6357 = ORIENTED_EDGE('',*,*,#6358,.T.);
#6358 = EDGE_CURVE('',#6336,#6359,#6361,.T.);
#6359 = VERTEX_POINT('',#6360);
#6360 = CARTESIAN_POINT('',(-120.,119.45,0.55));
#6361 = SURFACE_CURVE('',#6362,(#6366,#6373),.PCURVE_S1.);
#6362 = LINE('',#6363,#6364);
#6363 = CARTESIAN_POINT('',(-120.,-120.,0.55));
#6364 = VECTOR('',#6365,1.);
#6365 = DIRECTION('',(0.,1.,0.));
#6366 = PCURVE('',#5728,#6367);
#6367 = DEFINITIONAL_REPRESENTATION('',(#6368),#6372);
#6368 = LINE('',#6369,#6370);
#6369 = CARTESIAN_POINT('',(0.55,0.));
#6370 = VECTOR('',#6371,1.);
#6371 = DIRECTION('',(0.,-1.));
#6372 = ( GEOMETRIC_REPRESENTATION_CONTEXT(2) 
PARAMETRIC_REPRESENTATION_CONTEXT() REPRESENTATION_CONTEXT('2D SPACE',''
  ) );
#6373 = PCURVE('',#6374,#6379);
#6374 = PLANE('',#6375);
#6375 = AXIS2_PLACEMENT_3D('',#6376,#6377,#6378);
#6376 = CARTESIAN_POINT('',(-119.725,-120.,0.275));
#6377 = DIRECTION('',(-0.707106781187,4.163755251655E-18,-0.707106781187
    ));
#6378 = DIRECTION('',(2.944219573646E-18,1.,2.944219573646E-18));
#6379 = DEFINITIONAL_REPRESENTATION('',(#6380),#6384);
#6380 = LINE('',#6381,#6382);
#6381 = CARTESIAN_POINT('',(0.,-0.388908729653));
#6382 = VECTOR('',#6383,1.);
#6383 = DIRECTION('',(1.,0.));
#6384 = ( GEOMETRIC_REPRESENTATION_CONTEXT(2) 
PARAMETRIC_REPRESENTATION_CONTEXT() REPRESENTATION_CONTEXT('2D SPACE',''
  ) );
#6385 = ORIENTED_EDGE('',*,*,#6386,.T.);
#6386 = EDGE_CURVE('',#6359,#5685,#6387,.T.);
#6387 = SURFACE_CURVE('',#6388,(#6392,#6399),.PCURVE_S1.);
#6388 = LINE('',#6389,#6390);
#6389 = CARTESIAN_POINT('',(-120.,119.45,0.));
#6390 = VECTOR('',#6391,1.);
#6391 = DIRECTION('',(0.,0.,1.));
#6392 = PCURVE('',#5728,#6393);
#6393 = DEFINITIONAL_REPRESENTATION('',(#6394),#6398);
#6394 = LINE('',#6395,#6396);
#6395 = CARTESIAN_POINT('',(0.,-239.45));
#6396 = VECTOR('',#6397,1.);
#6397 = DIRECTION('',(1.,0.));
#6398 = ( GEOMETRIC_REPRESENTATION_CONTEXT(2) 
PARAMETRIC_REPRESENTATION_CONTEXT() REPRESENTATION_CONTEXT('2D SPACE',''
  ) );
#6399 = PCURVE('',#6318,#6400);
#6400 = DEFINITIONAL_REPRESENTATION('',(#6401),#6405);
#6401 = LINE('',#6402,#6403);
#6402 = CARTESIAN_POINT('',(-9.860761315263E-32,-0.388908729653));
#6403 = VECTOR('',#6404,1.);
#6404 = DIRECTION('',(-1.,0.));
#6405 = ( GEOMETRIC_REPRESENTATION_CONTEXT(2) 
PARAMETRIC_REPRESENTATION_CONTEXT() REPRESENTATION_CONTEXT('2D SPACE',''
  ) );
#6406 = ADVANCED_FACE('',(#6407),#5835,.F.);
#6407 = FACE_BOUND('',#6408,.F.);
#6408 = EDGE_LOOP('',(#6409,#6410,#6438,#6466));
#6409 = ORIENTED_EDGE('',*,*,#5821,.T.);
#6410 = ORIENTED_EDGE('',*,*,#6411,.F.);
#6411 = EDGE_CURVE('',#6412,#5794,#6414,.T.);
#6412 = VERTEX_POINT('',#6413);
#6413 = CARTESIAN_POINT('',(119.45,-120.,0.55));
#6414 = SURFACE_CURVE('',#6415,(#6419,#6426),.PCURVE_S1.);
#6415 = LINE('',#6416,#6417);
#6416 = CARTESIAN_POINT('',(119.45,-120.,0.));
#6417 = VECTOR('',#6418,1.);
#6418 = DIRECTION('',(0.,0.,1.));
#6419 = PCURVE('',#5835,#6420);
#6420 = DEFINITIONAL_REPRESENTATION('',(#6421),#6425);
#6421 = LINE('',#6422,#6423);
#6422 = CARTESIAN_POINT('',(0.,239.45));
#6423 = VECTOR('',#6424,1.);
#6424 = DIRECTION('',(1.,0.));
#6425 = ( GEOMETRIC_REPRESENTATION_CONTEXT(2) 
PARAMETRIC_REPRESENTATION_CONTEXT() REPRESENTATION_CONTEXT('2D SPACE',''
  ) );
#6426 = PCURVE('',#6427,#6432);
#6427 = PLANE('',#6428);
#6428 = AXIS2_PLACEMENT_3D('',#6429,#6430,#6431);
#6429 = CARTESIAN_POINT('',(119.725,-119.725,0.));
#6430 = DIRECTION('',(-0.707106781187,0.707106781187,3.388030442428E-18)
  );
#6431 = DIRECTION('',(2.395699300708E-18,-2.395699300708E-18,1.));
#6432 = DEFINITIONAL_REPRESENTATION('',(#6433),#6437);
#6433 = LINE('',#6434,#6435);
#6434 = CARTESIAN_POINT('',(9.860761315263E-32,-0.388908729653));
#6435 = VECTOR('',#6436,1.);
#6436 = DIRECTION('',(1.,0.));
#6437 = ( GEOMETRIC_REPRESENTATION_CONTEXT(2) 
PARAMETRIC_REPRESENTATION_CONTEXT() REPRESENTATION_CONTEXT('2D SPACE',''
  ) );
#6438 = ORIENTED_EDGE('',*,*,#6439,.F.);
#6439 = EDGE_CURVE('',#6440,#6412,#6442,.T.);
#6440 = VERTEX_POINT('',#6441);
#6441 = CARTESIAN_POINT('',(-119.45,-120.,0.55));
#6442 = SURFACE_CURVE('',#6443,(#6447,#6454),.PCURVE_S1.);
#6443 = LINE('',#6444,#6445);
#6444 = CARTESIAN_POINT('',(-120.,-120.,0.55));
#6445 = VECTOR('',#6446,1.);
#6446 = DIRECTION('',(1.,0.,0.));
#6447 = PCURVE('',#5835,#6448);
#6448 = DEFINITIONAL_REPRESENTATION('',(#6449),#6453);
#6449 = LINE('',#6450,#6451);
#6450 = CARTESIAN_POINT('',(0.55,0.));
#6451 = VECTOR('',#6452,1.);
#6452 = DIRECTION('',(0.,1.));
#6453 = ( GEOMETRIC_REPRESENTATION_CONTEXT(2) 
PARAMETRIC_REPRESENTATION_CONTEXT() REPRESENTATION_CONTEXT('2D SPACE',''
  ) );
#6454 = PCURVE('',#6455,#6460);
#6455 = PLANE('',#6456);
#6456 = AXIS2_PLACEMENT_3D('',#6457,#6458,#6459);
#6457 = CARTESIAN_POINT('',(-120.,-119.725,0.275));
#6458 = DIRECTION('',(-7.987689144191E-18,-0.707106781187,
    -0.707106781187));
#6459 = DIRECTION('',(-1.,5.648149159867E-18,5.648149159867E-18));
#6460 = DEFINITIONAL_REPRESENTATION('',(#6461),#6465);
#6461 = LINE('',#6462,#6463);
#6462 = CARTESIAN_POINT('',(-0.,-0.388908729653));
#6463 = VECTOR('',#6464,1.);
#6464 = DIRECTION('',(-1.,0.));
#6465 = ( GEOMETRIC_REPRESENTATION_CONTEXT(2) 
PARAMETRIC_REPRESENTATION_CONTEXT() REPRESENTATION_CONTEXT('2D SPACE',''
  ) );
#6466 = ORIENTED_EDGE('',*,*,#6467,.T.);
#6467 = EDGE_CURVE('',#6440,#5770,#6468,.T.);
#6468 = SURFACE_CURVE('',#6469,(#6473,#6480),.PCURVE_S1.);
#6469 = LINE('',#6470,#6471);
#6470 = CARTESIAN_POINT('',(-119.45,-120.,0.));
#6471 = VECTOR('',#6472,1.);
#6472 = DIRECTION('',(0.,0.,1.));
#6473 = PCURVE('',#5835,#6474);
#6474 = DEFINITIONAL_REPRESENTATION('',(#6475),#6479);
#6475 = LINE('',#6476,#6477);
#6476 = CARTESIAN_POINT('',(0.,0.55));
#6477 = VECTOR('',#6478,1.);
#6478 = DIRECTION('',(1.,0.));
#6479 = ( GEOMETRIC_REPRESENTATION_CONTEXT(2) 
PARAMETRIC_REPRESENTATION_CONTEXT() REPRESENTATION_CONTEXT('2D SPACE',''
  ) );
#6480 = PCURVE('',#6287,#6481);
#6481 = DEFINITIONAL_REPRESENTATION('',(#6482),#6486);
#6482 = LINE('',#6483,#6484);
#6483 = CARTESIAN_POINT('',(-9.860761315263E-32,0.388908729653));
#6484 = VECTOR('',#6485,1.);
#6485 = DIRECTION('',(-1.,0.));
#6486 = ( GEOMETRIC_REPRESENTATION_CONTEXT(2) 
PARAMETRIC_REPRESENTATION_CONTEXT() REPRESENTATION_CONTEXT('2D SPACE',''
  ) );
#6487 = ADVANCED_FACE('',(#6488),#5809,.F.);
#6488 = FACE_BOUND('',#6489,.F.);
#6489 = EDGE_LOOP('',(#6490,#6491,#6512));
#6490 = ORIENTED_EDGE('',*,*,#5931,.F.);
#6491 = ORIENTED_EDGE('',*,*,#6492,.T.);
#6492 = EDGE_CURVE('',#5932,#5794,#6493,.T.);
#6493 = SURFACE_CURVE('',#6494,(#6498,#6505),.PCURVE_S1.);
#6494 = LINE('',#6495,#6496);
#6495 = CARTESIAN_POINT('',(119.8625,-119.5875,5.45));
#6496 = VECTOR('',#6497,1.);
#6497 = DIRECTION('',(-0.707106781187,-0.707106781187,
    -1.820471614448E-14));
#6498 = PCURVE('',#5809,#6499);
#6499 = DEFINITIONAL_REPRESENTATION('',(#6500),#6504);
#6500 = LINE('',#6501,#6502);
#6501 = CARTESIAN_POINT('',(9.722718241319E-02,0.168402419816));
#6502 = VECTOR('',#6503,1.);
#6503 = DIRECTION('',(0.5,0.866025403784));
#6504 = ( GEOMETRIC_REPRESENTATION_CONTEXT(2) 
PARAMETRIC_REPRESENTATION_CONTEXT() REPRESENTATION_CONTEXT('2D SPACE',''
  ) );
#6505 = PCURVE('',#6427,#6506);
#6506 = DEFINITIONAL_REPRESENTATION('',(#6507),#6511);
#6507 = LINE('',#6508,#6509);
#6508 = CARTESIAN_POINT('',(5.45,0.194454364826));
#6509 = VECTOR('',#6510,1.);
#6510 = DIRECTION('',(-1.820471614448E-14,-1.));
#6511 = ( GEOMETRIC_REPRESENTATION_CONTEXT(2) 
PARAMETRIC_REPRESENTATION_CONTEXT() REPRESENTATION_CONTEXT('2D SPACE',''
  ) );
#6512 = ORIENTED_EDGE('',*,*,#5793,.F.);
#6513 = ADVANCED_FACE('',(#6514),#5916,.T.);
#6514 = FACE_BOUND('',#6515,.T.);
#6515 = EDGE_LOOP('',(#6516,#6517,#6545,#6573));
#6516 = ORIENTED_EDGE('',*,*,#5902,.T.);
#6517 = ORIENTED_EDGE('',*,*,#6518,.F.);
#6518 = EDGE_CURVE('',#6519,#5875,#6521,.T.);
#6519 = VERTEX_POINT('',#6520);
#6520 = CARTESIAN_POINT('',(119.45,120.,0.55));
#6521 = SURFACE_CURVE('',#6522,(#6526,#6533),.PCURVE_S1.);
#6522 = LINE('',#6523,#6524);
#6523 = CARTESIAN_POINT('',(119.45,120.,0.));
#6524 = VECTOR('',#6525,1.);
#6525 = DIRECTION('',(0.,0.,1.));
#6526 = PCURVE('',#5916,#6527);
#6527 = DEFINITIONAL_REPRESENTATION('',(#6528),#6532);
#6528 = LINE('',#6529,#6530);
#6529 = CARTESIAN_POINT('',(0.,239.45));
#6530 = VECTOR('',#6531,1.);
#6531 = DIRECTION('',(1.,0.));
#6532 = ( GEOMETRIC_REPRESENTATION_CONTEXT(2) 
PARAMETRIC_REPRESENTATION_CONTEXT() REPRESENTATION_CONTEXT('2D SPACE',''
  ) );
#6533 = PCURVE('',#6534,#6539);
#6534 = PLANE('',#6535);
#6535 = AXIS2_PLACEMENT_3D('',#6536,#6537,#6538);
#6536 = CARTESIAN_POINT('',(119.725,119.725,0.));
#6537 = DIRECTION('',(0.707106781187,0.707106781187,-3.388030442428E-18)
  );
#6538 = DIRECTION('',(2.395699300708E-18,2.395699300708E-18,1.));
#6539 = DEFINITIONAL_REPRESENTATION('',(#6540),#6544);
#6540 = LINE('',#6541,#6542);
#6541 = CARTESIAN_POINT('',(9.860761315263E-32,-0.388908729653));
#6542 = VECTOR('',#6543,1.);
#6543 = DIRECTION('',(1.,0.));
#6544 = ( GEOMETRIC_REPRESENTATION_CONTEXT(2) 
PARAMETRIC_REPRESENTATION_CONTEXT() REPRESENTATION_CONTEXT('2D SPACE',''
  ) );
#6545 = ORIENTED_EDGE('',*,*,#6546,.F.);
#6546 = EDGE_CURVE('',#6547,#6519,#6549,.T.);
#6547 = VERTEX_POINT('',#6548);
#6548 = CARTESIAN_POINT('',(-119.45,120.,0.55));
#6549 = SURFACE_CURVE('',#6550,(#6554,#6561),.PCURVE_S1.);
#6550 = LINE('',#6551,#6552);
#6551 = CARTESIAN_POINT('',(-120.,120.,0.55));
#6552 = VECTOR('',#6553,1.);
#6553 = DIRECTION('',(1.,0.,0.));
#6554 = PCURVE('',#5916,#6555);
#6555 = DEFINITIONAL_REPRESENTATION('',(#6556),#6560);
#6556 = LINE('',#6557,#6558);
#6557 = CARTESIAN_POINT('',(0.55,0.));
#6558 = VECTOR('',#6559,1.);
#6559 = DIRECTION('',(0.,1.));
#6560 = ( GEOMETRIC_REPRESENTATION_CONTEXT(2) 
PARAMETRIC_REPRESENTATION_CONTEXT() REPRESENTATION_CONTEXT('2D SPACE',''
  ) );
#6561 = PCURVE('',#6562,#6567);
#6562 = PLANE('',#6563);
#6563 = AXIS2_PLACEMENT_3D('',#6564,#6565,#6566);
#6564 = CARTESIAN_POINT('',(-120.,119.725,0.275));
#6565 = DIRECTION('',(7.987689144191E-18,-0.707106781187,0.707106781187)
  );
#6566 = DIRECTION('',(-1.,-5.648149159867E-18,5.648149159867E-18));
#6567 = DEFINITIONAL_REPRESENTATION('',(#6568),#6572);
#6568 = LINE('',#6569,#6570);
#6569 = CARTESIAN_POINT('',(-0.,-0.388908729653));
#6570 = VECTOR('',#6571,1.);
#6571 = DIRECTION('',(-1.,0.));
#6572 = ( GEOMETRIC_REPRESENTATION_CONTEXT(2) 
PARAMETRIC_REPRESENTATION_CONTEXT() REPRESENTATION_CONTEXT('2D SPACE',''
  ) );
#6573 = ORIENTED_EDGE('',*,*,#6574,.T.);
#6574 = EDGE_CURVE('',#6547,#5851,#6575,.T.);
#6575 = SURFACE_CURVE('',#6576,(#6580,#6587),.PCURVE_S1.);
#6576 = LINE('',#6577,#6578);
#6577 = CARTESIAN_POINT('',(-119.45,120.,0.));
#6578 = VECTOR('',#6579,1.);
#6579 = DIRECTION('',(0.,0.,1.));
#6580 = PCURVE('',#5916,#6581);
#6581 = DEFINITIONAL_REPRESENTATION('',(#6582),#6586);
#6582 = LINE('',#6583,#6584);
#6583 = CARTESIAN_POINT('',(0.,0.55));
#6584 = VECTOR('',#6585,1.);
#6585 = DIRECTION('',(1.,0.));
#6586 = ( GEOMETRIC_REPRESENTATION_CONTEXT(2) 
PARAMETRIC_REPRESENTATION_CONTEXT() REPRESENTATION_CONTEXT('2D SPACE',''
  ) );
#6587 = PCURVE('',#6318,#6588);
#6588 = DEFINITIONAL_REPRESENTATION('',(#6589),#6593);
#6589 = LINE('',#6590,#6591);
#6590 = CARTESIAN_POINT('',(-9.860761315263E-32,0.388908729653));
#6591 = VECTOR('',#6592,1.);
#6592 = DIRECTION('',(-1.,0.));
#6593 = ( GEOMETRIC_REPRESENTATION_CONTEXT(2) 
PARAMETRIC_REPRESENTATION_CONTEXT() REPRESENTATION_CONTEXT('2D SPACE',''
  ) );
#6594 = ADVANCED_FACE('',(#6595),#5890,.T.);
#6595 = FACE_BOUND('',#6596,.T.);
#6596 = EDGE_LOOP('',(#6597,#6598,#6619));
#6597 = ORIENTED_EDGE('',*,*,#5955,.F.);
#6598 = ORIENTED_EDGE('',*,*,#6599,.T.);
#6599 = EDGE_CURVE('',#5956,#5875,#6600,.T.);
#6600 = SURFACE_CURVE('',#6601,(#6605,#6612),.PCURVE_S1.);
#6601 = LINE('',#6602,#6603);
#6602 = CARTESIAN_POINT('',(119.8625,119.5875,5.45));
#6603 = VECTOR('',#6604,1.);
#6604 = DIRECTION('',(-0.707106781187,0.707106781187,-1.94727962754E-14)
  );
#6605 = PCURVE('',#5890,#6606);
#6606 = DEFINITIONAL_REPRESENTATION('',(#6607),#6611);
#6607 = LINE('',#6608,#6609);
#6608 = CARTESIAN_POINT('',(9.722718241319E-02,0.168402419816));
#6609 = VECTOR('',#6610,1.);
#6610 = DIRECTION('',(0.5,0.866025403784));
#6611 = ( GEOMETRIC_REPRESENTATION_CONTEXT(2) 
PARAMETRIC_REPRESENTATION_CONTEXT() REPRESENTATION_CONTEXT('2D SPACE',''
  ) );
#6612 = PCURVE('',#6534,#6613);
#6613 = DEFINITIONAL_REPRESENTATION('',(#6614),#6618);
#6614 = LINE('',#6615,#6616);
#6615 = CARTESIAN_POINT('',(5.45,0.194454364826));
#6616 = VECTOR('',#6617,1.);
#6617 = DIRECTION('',(-1.94727962754E-14,-1.));
#6618 = ( GEOMETRIC_REPRESENTATION_CONTEXT(2) 
PARAMETRIC_REPRESENTATION_CONTEXT() REPRESENTATION_CONTEXT('2D SPACE',''
  ) );
#6619 = ORIENTED_EDGE('',*,*,#5874,.F.);
#6620 = ADVANCED_FACE('',(#6621),#5992,.T.);
#6621 = FACE_BOUND('',#6622,.T.);
#6622 = EDGE_LOOP('',(#6623,#6624,#6647,#6675));
#6623 = ORIENTED_EDGE('',*,*,#5978,.F.);
#6624 = ORIENTED_EDGE('',*,*,#6625,.F.);
#6625 = EDGE_CURVE('',#6626,#5932,#6628,.T.);
#6626 = VERTEX_POINT('',#6627);
#6627 = CARTESIAN_POINT('',(120.,-119.45,0.55));
#6628 = SURFACE_CURVE('',#6629,(#6633,#6640),.PCURVE_S1.);
#6629 = LINE('',#6630,#6631);
#6630 = CARTESIAN_POINT('',(120.,-119.45,0.));
#6631 = VECTOR('',#6632,1.);
#6632 = DIRECTION('',(0.,0.,1.));
#6633 = PCURVE('',#5992,#6634);
#6634 = DEFINITIONAL_REPRESENTATION('',(#6635),#6639);
#6635 = LINE('',#6636,#6637);
#6636 = CARTESIAN_POINT('',(0.,-0.55));
#6637 = VECTOR('',#6638,1.);
#6638 = DIRECTION('',(1.,0.));
#6639 = ( GEOMETRIC_REPRESENTATION_CONTEXT(2) 
PARAMETRIC_REPRESENTATION_CONTEXT() REPRESENTATION_CONTEXT('2D SPACE',''
  ) );
#6640 = PCURVE('',#6427,#6641);
#6641 = DEFINITIONAL_REPRESENTATION('',(#6642),#6646);
#6642 = LINE('',#6643,#6644);
#6643 = CARTESIAN_POINT('',(9.860761315263E-32,0.388908729653));
#6644 = VECTOR('',#6645,1.);
#6645 = DIRECTION('',(1.,0.));
#6646 = ( GEOMETRIC_REPRESENTATION_CONTEXT(2) 
PARAMETRIC_REPRESENTATION_CONTEXT() REPRESENTATION_CONTEXT('2D SPACE',''
  ) );
#6647 = ORIENTED_EDGE('',*,*,#6648,.T.);
#6648 = EDGE_CURVE('',#6626,#6649,#6651,.T.);
#6649 = VERTEX_POINT('',#6650);
#6650 = CARTESIAN_POINT('',(120.,119.45,0.55));
#6651 = SURFACE_CURVE('',#6652,(#6656,#6663),.PCURVE_S1.);
#6652 = LINE('',#6653,#6654);
#6653 = CARTESIAN_POINT('',(120.,-120.,0.55));
#6654 = VECTOR('',#6655,1.);
#6655 = DIRECTION('',(0.,1.,0.));
#6656 = PCURVE('',#5992,#6657);
#6657 = DEFINITIONAL_REPRESENTATION('',(#6658),#6662);
#6658 = LINE('',#6659,#6660);
#6659 = CARTESIAN_POINT('',(0.55,0.));
#6660 = VECTOR('',#6661,1.);
#6661 = DIRECTION('',(0.,-1.));
#6662 = ( GEOMETRIC_REPRESENTATION_CONTEXT(2) 
PARAMETRIC_REPRESENTATION_CONTEXT() REPRESENTATION_CONTEXT('2D SPACE',''
  ) );
#6663 = PCURVE('',#6664,#6669);
#6664 = PLANE('',#6665);
#6665 = AXIS2_PLACEMENT_3D('',#6666,#6667,#6668);
#6666 = CARTESIAN_POINT('',(119.725,-120.,0.275));
#6667 = DIRECTION('',(-0.707106781187,-4.163755251655E-18,0.707106781187
    ));
#6668 = DIRECTION('',(-2.944219573646E-18,1.,2.944219573646E-18));
#6669 = DEFINITIONAL_REPRESENTATION('',(#6670),#6674);
#6670 = LINE('',#6671,#6672);
#6671 = CARTESIAN_POINT('',(0.,-0.388908729653));
#6672 = VECTOR('',#6673,1.);
#6673 = DIRECTION('',(1.,0.));
#6674 = ( GEOMETRIC_REPRESENTATION_CONTEXT(2) 
PARAMETRIC_REPRESENTATION_CONTEXT() REPRESENTATION_CONTEXT('2D SPACE',''
  ) );
#6675 = ORIENTED_EDGE('',*,*,#6676,.T.);
#6676 = EDGE_CURVE('',#6649,#5956,#6677,.T.);
#6677 = SURFACE_CURVE('',#6678,(#6682,#6689),.PCURVE_S1.);
#6678 = LINE('',#6679,#6680);
#6679 = CARTESIAN_POINT('',(120.,119.45,0.));
#6680 = VECTOR('',#6681,1.);
#6681 = DIRECTION('',(0.,0.,1.));
#6682 = PCURVE('',#5992,#6683);
#6683 = DEFINITIONAL_REPRESENTATION('',(#6684),#6688);
#6684 = LINE('',#6685,#6686);
#6685 = CARTESIAN_POINT('',(0.,-239.45));
#6686 = VECTOR('',#6687,1.);
#6687 = DIRECTION('',(1.,0.));
#6688 = ( GEOMETRIC_REPRESENTATION_CONTEXT(2) 
PARAMETRIC_REPRESENTATION_CONTEXT() REPRESENTATION_CONTEXT('2D SPACE',''
  ) );
#6689 = PCURVE('',#6534,#6690);
#6690 = DEFINITIONAL_REPRESENTATION('',(#6691),#6695);
#6691 = LINE('',#6692,#6693);
#6692 = CARTESIAN_POINT('',(9.860761315263E-32,0.388908729653));
#6693 = VECTOR('',#6694,1.);
#6694 = DIRECTION('',(1.,0.));
#6695 = ( GEOMETRIC_REPRESENTATION_CONTEXT(2) 
PARAMETRIC_REPRESENTATION_CONTEXT() REPRESENTATION_CONTEXT('2D SPACE',''
  ) );
#6696 = ADVANCED_FACE('',(#6697),#6045,.F.);
#6697 = FACE_BOUND('',#6698,.F.);
#6698 = EDGE_LOOP('',(#6699,#6722,#6723,#6724));
#6699 = ORIENTED_EDGE('',*,*,#6700,.T.);
#6700 = EDGE_CURVE('',#6701,#6008,#6703,.T.);
#6701 = VERTEX_POINT('',#6702);
#6702 = CARTESIAN_POINT('',(-95.5,-100.,4.55));
#6703 = SEAM_CURVE('',#6704,(#6708,#6715),.PCURVE_S1.);
#6704 = LINE('',#6705,#6706);
#6705 = CARTESIAN_POINT('',(-95.5,-100.,4.));
#6706 = VECTOR('',#6707,1.);
#6707 = DIRECTION('',(0.,0.,1.));
#6708 = PCURVE('',#6045,#6709);
#6709 = DEFINITIONAL_REPRESENTATION('',(#6710),#6714);
#6710 = LINE('',#6711,#6712);
#6711 = CARTESIAN_POINT('',(6.28318530718,-0.));
#6712 = VECTOR('',#6713,1.);
#6713 = DIRECTION('',(0.,1.));
#6714 = ( GEOMETRIC_REPRESENTATION_CONTEXT(2) 
PARAMETRIC_REPRESENTATION_CONTEXT() REPRESENTATION_CONTEXT('2D SPACE',''
  ) );
#6715 = PCURVE('',#6045,#6716);
#6716 = DEFINITIONAL_REPRESENTATION('',(#6717),#6721);
#6717 = LINE('',#6718,#6719);
#6718 = CARTESIAN_POINT('',(0.,-0.));
#6719 = VECTOR('',#6720,1.);
#6720 = DIRECTION('',(0.,1.));
#6721 = ( GEOMETRIC_REPRESENTATION_CONTEXT(2) 
PARAMETRIC_REPRESENTATION_CONTEXT() REPRESENTATION_CONTEXT('2D SPACE',''
  ) );
#6722 = ORIENTED_EDGE('',*,*,#6030,.F.);
#6723 = ORIENTED_EDGE('',*,*,#6700,.F.);
#6724 = ORIENTED_EDGE('',*,*,#6725,.T.);
#6725 = EDGE_CURVE('',#6701,#6701,#6726,.T.);
#6726 = SURFACE_CURVE('',#6727,(#6732,#6739),.PCURVE_S1.);
#6727 = CIRCLE('',#6728,4.5);
#6728 = AXIS2_PLACEMENT_3D('',#6729,#6730,#6731);
#6729 = CARTESIAN_POINT('',(-100.,-100.,4.55));
#6730 = DIRECTION('',(0.,0.,1.));
#6731 = DIRECTION('',(1.,0.,-0.));
#6732 = PCURVE('',#6045,#6733);
#6733 = DEFINITIONAL_REPRESENTATION('',(#6734),#6738);
#6734 = LINE('',#6735,#6736);
#6735 = CARTESIAN_POINT('',(0.,0.55));
#6736 = VECTOR('',#6737,1.);
#6737 = DIRECTION('',(1.,0.));
#6738 = ( GEOMETRIC_REPRESENTATION_CONTEXT(2) 
PARAMETRIC_REPRESENTATION_CONTEXT() REPRESENTATION_CONTEXT('2D SPACE',''
  ) );
#6739 = PCURVE('',#6740,#6745);
#6740 = CONICAL_SURFACE('',#6741,4.5,0.785398163397);
#6741 = AXIS2_PLACEMENT_3D('',#6742,#6743,#6744);
#6742 = CARTESIAN_POINT('',(-100.,-100.,4.55));
#6743 = DIRECTION('',(0.,0.,1.));
#6744 = DIRECTION('',(1.,0.,-0.));
#6745 = DEFINITIONAL_REPRESENTATION('',(#6746),#6750);
#6746 = LINE('',#6747,#6748);
#6747 = CARTESIAN_POINT('',(0.,-0.));
#6748 = VECTOR('',#6749,1.);
#6749 = DIRECTION('',(1.,-0.));
#6750 = ( GEOMETRIC_REPRESENTATION_CONTEXT(2) 
PARAMETRIC_REPRESENTATION_CONTEXT() REPRESENTATION_CONTEXT('2D SPACE',''
  ) );
#6751 = ADVANCED_FACE('',(#6752),#6098,.F.);
#6752 = FACE_BOUND('',#6753,.F.);
#6753 = EDGE_LOOP('',(#6754,#6777,#6778,#6779));
#6754 = ORIENTED_EDGE('',*,*,#6755,.T.);
#6755 = EDGE_CURVE('',#6756,#6061,#6758,.T.);
#6756 = VERTEX_POINT('',#6757);
#6757 = CARTESIAN_POINT('',(104.5,-100.,4.55));
#6758 = SEAM_CURVE('',#6759,(#6763,#6770),.PCURVE_S1.);
#6759 = LINE('',#6760,#6761);
#6760 = CARTESIAN_POINT('',(104.5,-100.,4.));
#6761 = VECTOR('',#6762,1.);
#6762 = DIRECTION('',(0.,0.,1.));
#6763 = PCURVE('',#6098,#6764);
#6764 = DEFINITIONAL_REPRESENTATION('',(#6765),#6769);
#6765 = LINE('',#6766,#6767);
#6766 = CARTESIAN_POINT('',(6.28318530718,-0.));
#6767 = VECTOR('',#6768,1.);
#6768 = DIRECTION('',(0.,1.));
#6769 = ( GEOMETRIC_REPRESENTATION_CONTEXT(2) 
PARAMETRIC_REPRESENTATION_CONTEXT() REPRESENTATION_CONTEXT('2D SPACE',''
  ) );
#6770 = PCURVE('',#6098,#6771);
#6771 = DEFINITIONAL_REPRESENTATION('',(#6772),#6776);
#6772 = LINE('',#6773,#6774);
#6773 = CARTESIAN_POINT('',(0.,-0.));
#6774 = VECTOR('',#6775,1.);
#6775 = DIRECTION('',(0.,1.));
#6776 = ( GEOMETRIC_REPRESENTATION_CONTEXT(2) 
PARAMETRIC_REPRESENTATION_CONTEXT() REPRESENTATION_CONTEXT('2D SPACE',''
  ) );
#6777 = ORIENTED_EDGE('',*,*,#6083,.F.);
#6778 = ORIENTED_EDGE('',*,*,#6755,.F.);
#6779 = ORIENTED_EDGE('',*,*,#6780,.T.);
#6780 = EDGE_CURVE('',#6756,#6756,#6781,.T.);
#6781 = SURFACE_CURVE('',#6782,(#6787,#6794),.PCURVE_S1.);
#6782 = CIRCLE('',#6783,4.5);
#6783 = AXIS2_PLACEMENT_3D('',#6784,#6785,#6786);
#6784 = CARTESIAN_POINT('',(100.,-100.,4.55));
#6785 = DIRECTION('',(0.,0.,1.));
#6786 = DIRECTION('',(1.,0.,-0.));
#6787 = PCURVE('',#6098,#6788);
#6788 = DEFINITIONAL_REPRESENTATION('',(#6789),#6793);
#6789 = LINE('',#6790,#6791);
#6790 = CARTESIAN_POINT('',(0.,0.55));
#6791 = VECTOR('',#6792,1.);
#6792 = DIRECTION('',(1.,0.));
#6793 = ( GEOMETRIC_REPRESENTATION_CONTEXT(2) 
PARAMETRIC_REPRESENTATION_CONTEXT() REPRESENTATION_CONTEXT('2D SPACE',''
  ) );
#6794 = PCURVE('',#6795,#6800);
#6795 = CONICAL_SURFACE('',#6796,4.5,0.785398163397);
#6796 = AXIS2_PLACEMENT_3D('',#6797,#6798,#6799);
#6797 = CARTESIAN_POINT('',(100.,-100.,4.55));
#6798 = DIRECTION('',(0.,0.,1.));
#6799 = DIRECTION('',(1.,0.,-0.));
#6800 = DEFINITIONAL_REPRESENTATION('',(#6801),#6805);
#6801 = LINE('',#6802,#6803);
#6802 = CARTESIAN_POINT('',(0.,-0.));
#6803 = VECTOR('',#6804,1.);
#6804 = DIRECTION('',(1.,-0.));
#6805 = ( GEOMETRIC_REPRESENTATION_CONTEXT(2) 
PARAMETRIC_REPRESENTATION_CONTEXT() REPRESENTATION_CONTEXT('2D SPACE',''
  ) );
#6806 = ADVANCED_FACE('',(#6807),#6151,.F.);
#6807 = FACE_BOUND('',#6808,.F.);
#6808 = EDGE_LOOP('',(#6809,#6832,#6833,#6834));
#6809 = ORIENTED_EDGE('',*,*,#6810,.T.);
#6810 = EDGE_CURVE('',#6811,#6114,#6813,.T.);
#6811 = VERTEX_POINT('',#6812);
#6812 = CARTESIAN_POINT('',(-95.5,100.,4.55));
#6813 = SEAM_CURVE('',#6814,(#6818,#6825),.PCURVE_S1.);
#6814 = LINE('',#6815,#6816);
#6815 = CARTESIAN_POINT('',(-95.5,100.,4.));
#6816 = VECTOR('',#6817,1.);
#6817 = DIRECTION('',(0.,0.,1.));
#6818 = PCURVE('',#6151,#6819);
#6819 = DEFINITIONAL_REPRESENTATION('',(#6820),#6824);
#6820 = LINE('',#6821,#6822);
#6821 = CARTESIAN_POINT('',(6.28318530718,-0.));
#6822 = VECTOR('',#6823,1.);
#6823 = DIRECTION('',(0.,1.));
#6824 = ( GEOMETRIC_REPRESENTATION_CONTEXT(2) 
PARAMETRIC_REPRESENTATION_CONTEXT() REPRESENTATION_CONTEXT('2D SPACE',''
  ) );
#6825 = PCURVE('',#6151,#6826);
#6826 = DEFINITIONAL_REPRESENTATION('',(#6827),#6831);
#6827 = LINE('',#6828,#6829);
#6828 = CARTESIAN_POINT('',(0.,-0.));
#6829 = VECTOR('',#6830,1.);
#6830 = DIRECTION('',(0.,1.));
#6831 = ( GEOMETRIC_REPRESENTATION_CONTEXT(2) 
PARAMETRIC_REPRESENTATION_CONTEXT() REPRESENTATION_CONTEXT('2D SPACE',''
  ) );
#6832 = ORIENTED_EDGE('',*,*,#6136,.F.);
#6833 = ORIENTED_EDGE('',*,*,#6810,.F.);
#6834 = ORIENTED_EDGE('',*,*,#6835,.T.);
#6835 = EDGE_CURVE('',#6811,#6811,#6836,.T.);
#6836 = SURFACE_CURVE('',#6837,(#6842,#6849),.PCURVE_S1.);
#6837 = CIRCLE('',#6838,4.5);
#6838 = AXIS2_PLACEMENT_3D('',#6839,#6840,#6841);
#6839 = CARTESIAN_POINT('',(-100.,100.,4.55));
#6840 = DIRECTION('',(0.,0.,1.));
#6841 = DIRECTION('',(1.,0.,-0.));
#6842 = PCURVE('',#6151,#6843);
#6843 = DEFINITIONAL_REPRESENTATION('',(#6844),#6848);
#6844 = LINE('',#6845,#6846);
#6845 = CARTESIAN_POINT('',(0.,0.55));
#6846 = VECTOR('',#6847,1.);
#6847 = DIRECTION('',(1.,0.));
#6848 = ( GEOMETRIC_REPRESENTATION_CONTEXT(2) 
PARAMETRIC_REPRESENTATION_CONTEXT() REPRESENTATION_CONTEXT('2D SPACE',''
  ) );
#6849 = PCURVE('',#6850,#6855);
#6850 = CONICAL_SURFACE('',#6851,4.5,0.785398163397);
#6851 = AXIS2_PLACEMENT_3D('',#6852,#6853,#6854);
#6852 = CARTESIAN_POINT('',(-100.,100.,4.55));
#6853 = DIRECTION('',(0.,0.,1.));
#6854 = DIRECTION('',(1.,0.,-0.));
#6855 = DEFINITIONAL_REPRESENTATION('',(#6856),#6860);
#6856 = LINE('',#6857,#6858);
#6857 = CARTESIAN_POINT('',(0.,-0.));
#6858 = VECTOR('',#6859,1.);
#6859 = DIRECTION('',(1.,-0.));
#6860 = ( GEOMETRIC_REPRESENTATION_CONTEXT(2) 
PARAMETRIC_REPRESENTATION_CONTEXT() REPRESENTATION_CONTEXT('2D SPACE',''
  ) );
#6861 = ADVANCED_FACE('',(#6862),#6204,.F.);
#6862 = FACE_BOUND('',#6863,.F.);
#6863 = EDGE_LOOP('',(#6864,#6887,#6888,#6889));
#6864 = ORIENTED_EDGE('',*,*,#6865,.T.);
#6865 = EDGE_CURVE('',#6866,#6167,#6868,.T.);
#6866 = VERTEX_POINT('',#6867);
#6867 = CARTESIAN_POINT('',(104.5,100.,4.55));
#6868 = SEAM_CURVE('',#6869,(#6873,#6880),.PCURVE_S1.);
#6869 = LINE('',#6870,#6871);
#6870 = CARTESIAN_POINT('',(104.5,100.,4.));
#6871 = VECTOR('',#6872,1.);
#6872 = DIRECTION('',(0.,0.,1.));
#6873 = PCURVE('',#6204,#6874);
#6874 = DEFINITIONAL_REPRESENTATION('',(#6875),#6879);
#6875 = LINE('',#6876,#6877);
#6876 = CARTESIAN_POINT('',(6.28318530718,-0.));
#6877 = VECTOR('',#6878,1.);
#6878 = DIRECTION('',(0.,1.));
#6879 = ( GEOMETRIC_REPRESENTATION_CONTEXT(2) 
PARAMETRIC_REPRESENTATION_CONTEXT() REPRESENTATION_CONTEXT('2D SPACE',''
  ) );
#6880 = PCURVE('',#6204,#6881);
#6881 = DEFINITIONAL_REPRESENTATION('',(#6882),#6886);
#6882 = LINE('',#6883,#6884);
#6883 = CARTESIAN_POINT('',(0.,-0.));
#6884 = VECTOR('',#6885,1.);
#6885 = DIRECTION('',(0.,1.));
#6886 = ( GEOMETRIC_REPRESENTATION_CONTEXT(2) 
PARAMETRIC_REPRESENTATION_CONTEXT() REPRESENTATION_CONTEXT('2D SPACE',''
  ) );
#6887 = ORIENTED_EDGE('',*,*,#6189,.F.);
#6888 = ORIENTED_EDGE('',*,*,#6865,.F.);
#6889 = ORIENTED_EDGE('',*,*,#6890,.T.);
#6890 = EDGE_CURVE('',#6866,#6866,#6891,.T.);
#6891 = SURFACE_CURVE('',#6892,(#6897,#6904),.PCURVE_S1.);
#6892 = CIRCLE('',#6893,4.5);
#6893 = AXIS2_PLACEMENT_3D('',#6894,#6895,#6896);
#6894 = CARTESIAN_POINT('',(100.,100.,4.55));
#6895 = DIRECTION('',(0.,0.,1.));
#6896 = DIRECTION('',(1.,0.,-0.));
#6897 = PCURVE('',#6204,#6898);
#6898 = DEFINITIONAL_REPRESENTATION('',(#6899),#6903);
#6899 = LINE('',#6900,#6901);
#6900 = CARTESIAN_POINT('',(0.,0.55));
#6901 = VECTOR('',#6902,1.);
#6902 = DIRECTION('',(1.,0.));
#6903 = ( GEOMETRIC_REPRESENTATION_CONTEXT(2) 
PARAMETRIC_REPRESENTATION_CONTEXT() REPRESENTATION_CONTEXT('2D SPACE',''
  ) );
#6904 = PCURVE('',#6905,#6910);
#6905 = CONICAL_SURFACE('',#6906,4.5,0.785398163397);
#6906 = AXIS2_PLACEMENT_3D('',#6907,#6908,#6909);
#6907 = CARTESIAN_POINT('',(100.,100.,4.55));
#6908 = DIRECTION('',(0.,0.,1.));
#6909 = DIRECTION('',(1.,0.,-0.));
#6910 = DEFINITIONAL_REPRESENTATION('',(#6911),#6915);
#6911 = LINE('',#6912,#6913);
#6912 = CARTESIAN_POINT('',(0.,-0.));
#6913 = VECTOR('',#6914,1.);
#6914 = DIRECTION('',(1.,-0.));
#6915 = ( GEOMETRIC_REPRESENTATION_CONTEXT(2) 
PARAMETRIC_REPRESENTATION_CONTEXT() REPRESENTATION_CONTEXT('2D SPACE',''
  ) );
#6916 = ADVANCED_FACE('',(#6917,#6948),#6255,.T.);
#6917 = FACE_BOUND('',#6918,.T.);
#6918 = EDGE_LOOP('',(#6919));
#6919 = ORIENTED_EDGE('',*,*,#6920,.F.);
#6920 = EDGE_CURVE('',#6921,#6921,#6923,.T.);
#6921 = VERTEX_POINT('',#6922);
#6922 = CARTESIAN_POINT('',(107.05,0.,6.));
#6923 = SURFACE_CURVE('',#6924,(#6929,#6936),.PCURVE_S1.);
#6924 = CIRCLE('',#6925,107.05);
#6925 = AXIS2_PLACEMENT_3D('',#6926,#6927,#6928);
#6926 = CARTESIAN_POINT('',(0.,0.,6.));
#6927 = DIRECTION('',(0.,0.,1.));
#6928 = DIRECTION('',(1.,0.,-0.));
#6929 = PCURVE('',#6255,#6930);
#6930 = DEFINITIONAL_REPRESENTATION('',(#6931),#6935);
#6931 = CIRCLE('',#6932,107.05);
#6932 = AXIS2_PLACEMENT_2D('',#6933,#6934);
#6933 = CARTESIAN_POINT('',(120.,120.));
#6934 = DIRECTION('',(1.,0.));
#6935 = ( GEOMETRIC_REPRESENTATION_CONTEXT(2) 
PARAMETRIC_REPRESENTATION_CONTEXT() REPRESENTATION_CONTEXT('2D SPACE',''
  ) );
#6936 = PCURVE('',#6937,#6942);
#6937 = CONICAL_SURFACE('',#6938,106.5,0.785398163397);
#6938 = AXIS2_PLACEMENT_3D('',#6939,#6940,#6941);
#6939 = CARTESIAN_POINT('',(0.,0.,5.45));
#6940 = DIRECTION('',(0.,0.,1.));
#6941 = DIRECTION('',(1.,0.,-0.));
#6942 = DEFINITIONAL_REPRESENTATION('',(#6943),#6947);
#6943 = LINE('',#6944,#6945);
#6944 = CARTESIAN_POINT('',(0.,0.55));
#6945 = VECTOR('',#6946,1.);
#6946 = DIRECTION('',(1.,0.));
#6947 = ( GEOMETRIC_REPRESENTATION_CONTEXT(2) 
PARAMETRIC_REPRESENTATION_CONTEXT() REPRESENTATION_CONTEXT('2D SPACE',''
  ) );
#6948 = FACE_BOUND('',#6949,.T.);
#6949 = EDGE_LOOP('',(#6950));
#6950 = ORIENTED_EDGE('',*,*,#6240,.T.);
#6951 = ADVANCED_FACE('',(#6952),#6287,.T.);
#6952 = FACE_BOUND('',#6953,.F.);
#6953 = EDGE_LOOP('',(#6954,#6955,#6956,#6957));
#6954 = ORIENTED_EDGE('',*,*,#6335,.T.);
#6955 = ORIENTED_EDGE('',*,*,#6273,.F.);
#6956 = ORIENTED_EDGE('',*,*,#6467,.F.);
#6957 = ORIENTED_EDGE('',*,*,#6958,.F.);
#6958 = EDGE_CURVE('',#6336,#6440,#6959,.T.);
#6959 = SURFACE_CURVE('',#6960,(#6964,#6971),.PCURVE_S1.);
#6960 = LINE('',#6961,#6962);
#6961 = CARTESIAN_POINT('',(-119.725,-119.725,0.55));
#6962 = VECTOR('',#6963,1.);
#6963 = DIRECTION('',(0.707106781187,-0.707106781187,1.104728169894E-17)
  );
#6964 = PCURVE('',#6287,#6965);
#6965 = DEFINITIONAL_REPRESENTATION('',(#6966),#6970);
#6966 = LINE('',#6967,#6968);
#6967 = CARTESIAN_POINT('',(-0.55,-4.077770477165E-35));
#6968 = VECTOR('',#6969,1.);
#6969 = DIRECTION('',(-1.104728169894E-17,1.));
#6970 = ( GEOMETRIC_REPRESENTATION_CONTEXT(2) 
PARAMETRIC_REPRESENTATION_CONTEXT() REPRESENTATION_CONTEXT('2D SPACE',''
  ) );
#6971 = PCURVE('',#6972,#6977);
#6972 = PLANE('',#6973);
#6973 = AXIS2_PLACEMENT_3D('',#6974,#6975,#6976);
#6974 = CARTESIAN_POINT('',(-119.45,-119.45,1.110223024625E-15));
#6975 = DIRECTION('',(-0.57735026919,-0.57735026919,-0.57735026919));
#6976 = DIRECTION('',(0.707106781187,-0.707106781187,1.747033607862E-21)
  );
#6977 = DEFINITIONAL_REPRESENTATION('',(#6978),#6982);
#6978 = LINE('',#6979,#6980);
#6979 = CARTESIAN_POINT('',(-2.130579061982E-18,0.673609679265));
#6980 = VECTOR('',#6981,1.);
#6981 = DIRECTION('',(1.,-9.281120209944E-18));
#6982 = ( GEOMETRIC_REPRESENTATION_CONTEXT(2) 
PARAMETRIC_REPRESENTATION_CONTEXT() REPRESENTATION_CONTEXT('2D SPACE',''
  ) );
#6983 = ADVANCED_FACE('',(#6984),#6318,.F.);
#6984 = FACE_BOUND('',#6985,.T.);
#6985 = EDGE_LOOP('',(#6986,#6987,#6988,#6989));
#6986 = ORIENTED_EDGE('',*,*,#6386,.T.);
#6987 = ORIENTED_EDGE('',*,*,#6304,.F.);
#6988 = ORIENTED_EDGE('',*,*,#6574,.F.);
#6989 = ORIENTED_EDGE('',*,*,#6990,.F.);
#6990 = EDGE_CURVE('',#6359,#6547,#6991,.T.);
#6991 = SURFACE_CURVE('',#6992,(#6996,#7003),.PCURVE_S1.);
#6992 = LINE('',#6993,#6994);
#6993 = CARTESIAN_POINT('',(-119.725,119.725,0.55));
#6994 = VECTOR('',#6995,1.);
#6995 = DIRECTION('',(0.707106781187,0.707106781187,-9.954349873265E-16)
  );
#6996 = PCURVE('',#6318,#6997);
#6997 = DEFINITIONAL_REPRESENTATION('',(#6998),#7002);
#6998 = LINE('',#6999,#7000);
#6999 = CARTESIAN_POINT('',(-0.55,-4.077770477165E-35));
#7000 = VECTOR('',#7001,1.);
#7001 = DIRECTION('',(9.954349873265E-16,1.));
#7002 = ( GEOMETRIC_REPRESENTATION_CONTEXT(2) 
PARAMETRIC_REPRESENTATION_CONTEXT() REPRESENTATION_CONTEXT('2D SPACE',''
  ) );
#7003 = PCURVE('',#7004,#7009);
#7004 = PLANE('',#7005);
#7005 = AXIS2_PLACEMENT_3D('',#7006,#7007,#7008);
#7006 = CARTESIAN_POINT('',(-119.45,119.45,1.461166472061E-15));
#7007 = DIRECTION('',(0.57735026919,-0.57735026919,0.57735026919));
#7008 = DIRECTION('',(0.707106781187,0.707106781187,-8.889801361323E-16)
  );
#7009 = DEFINITIONAL_REPRESENTATION('',(#7010),#7014);
#7010 = LINE('',#7011,#7012);
#7011 = CARTESIAN_POINT('',(9.586978891232E-15,0.673609679265));
#7012 = VECTOR('',#7013,1.);
#7013 = DIRECTION('',(1.,-1.277003328334E-16));
#7014 = ( GEOMETRIC_REPRESENTATION_CONTEXT(2) 
PARAMETRIC_REPRESENTATION_CONTEXT() REPRESENTATION_CONTEXT('2D SPACE',''
  ) );
#7015 = ADVANCED_FACE('',(#7016),#6374,.T.);
#7016 = FACE_BOUND('',#7017,.T.);
#7017 = EDGE_LOOP('',(#7018,#7041,#7042,#7065));
#7018 = ORIENTED_EDGE('',*,*,#7019,.T.);
#7019 = EDGE_CURVE('',#7020,#6336,#7022,.T.);
#7020 = VERTEX_POINT('',#7021);
#7021 = CARTESIAN_POINT('',(-119.45,-119.45,1.110223024625E-15));
#7022 = SURFACE_CURVE('',#7023,(#7027,#7034),.PCURVE_S1.);
#7023 = LINE('',#7024,#7025);
#7024 = CARTESIAN_POINT('',(-119.5875,-119.45,0.1375));
#7025 = VECTOR('',#7026,1.);
#7026 = DIRECTION('',(-0.707106781187,1.533418418297E-14,0.707106781187)
  );
#7027 = PCURVE('',#6374,#7028);
#7028 = DEFINITIONAL_REPRESENTATION('',(#7029),#7033);
#7029 = LINE('',#7030,#7031);
#7030 = CARTESIAN_POINT('',(0.55,0.194454364826));
#7031 = VECTOR('',#7032,1.);
#7032 = DIRECTION('',(1.533418418297E-14,-1.));
#7033 = ( GEOMETRIC_REPRESENTATION_CONTEXT(2) 
PARAMETRIC_REPRESENTATION_CONTEXT() REPRESENTATION_CONTEXT('2D SPACE',''
  ) );
#7034 = PCURVE('',#6972,#7035);
#7035 = DEFINITIONAL_REPRESENTATION('',(#7036),#7040);
#7036 = LINE('',#7037,#7038);
#7037 = CARTESIAN_POINT('',(-9.722718241312E-02,0.168402419816));
#7038 = VECTOR('',#7039,1.);
#7039 = DIRECTION('',(-0.5,0.866025403784));
#7040 = ( GEOMETRIC_REPRESENTATION_CONTEXT(2) 
PARAMETRIC_REPRESENTATION_CONTEXT() REPRESENTATION_CONTEXT('2D SPACE',''
  ) );
#7041 = ORIENTED_EDGE('',*,*,#6358,.T.);
#7042 = ORIENTED_EDGE('',*,*,#7043,.F.);
#7043 = EDGE_CURVE('',#7044,#6359,#7046,.T.);
#7044 = VERTEX_POINT('',#7045);
#7045 = CARTESIAN_POINT('',(-119.45,119.45,1.461166472061E-15));
#7046 = SURFACE_CURVE('',#7047,(#7051,#7058),.PCURVE_S1.);
#7047 = LINE('',#7048,#7049);
#7048 = CARTESIAN_POINT('',(-119.5875,119.45,0.1375));
#7049 = VECTOR('',#7050,1.);
#7050 = DIRECTION('',(-0.707106781187,2.411736831928E-15,0.707106781187)
  );
#7051 = PCURVE('',#6374,#7052);
#7052 = DEFINITIONAL_REPRESENTATION('',(#7053),#7057);
#7053 = LINE('',#7054,#7055);
#7054 = CARTESIAN_POINT('',(239.45,0.194454364827));
#7055 = VECTOR('',#7056,1.);
#7056 = DIRECTION('',(2.411736831928E-15,-1.));
#7057 = ( GEOMETRIC_REPRESENTATION_CONTEXT(2) 
PARAMETRIC_REPRESENTATION_CONTEXT() REPRESENTATION_CONTEXT('2D SPACE',''
  ) );
#7058 = PCURVE('',#7004,#7059);
#7059 = DEFINITIONAL_REPRESENTATION('',(#7060),#7064);
#7060 = LINE('',#7061,#7062);
#7061 = CARTESIAN_POINT('',(-9.722718241294E-02,0.168402419816));
#7062 = VECTOR('',#7063,1.);
#7063 = DIRECTION('',(-0.5,0.866025403784));
#7064 = ( GEOMETRIC_REPRESENTATION_CONTEXT(2) 
PARAMETRIC_REPRESENTATION_CONTEXT() REPRESENTATION_CONTEXT('2D SPACE',''
  ) );
#7065 = ORIENTED_EDGE('',*,*,#7066,.F.);
#7066 = EDGE_CURVE('',#7020,#7044,#7067,.T.);
#7067 = SURFACE_CURVE('',#7068,(#7072,#7079),.PCURVE_S1.);
#7068 = LINE('',#7069,#7070);
#7069 = CARTESIAN_POINT('',(-119.45,-120.,0.));
#7070 = VECTOR('',#7071,1.);
#7071 = DIRECTION('',(0.,1.,0.));
#7072 = PCURVE('',#6374,#7073);
#7073 = DEFINITIONAL_REPRESENTATION('',(#7074),#7078);
#7074 = LINE('',#7075,#7076);
#7075 = CARTESIAN_POINT('',(0.,0.388908729653));
#7076 = VECTOR('',#7077,1.);
#7077 = DIRECTION('',(1.,0.));
#7078 = ( GEOMETRIC_REPRESENTATION_CONTEXT(2) 
PARAMETRIC_REPRESENTATION_CONTEXT() REPRESENTATION_CONTEXT('2D SPACE',''
  ) );
#7079 = PCURVE('',#7080,#7085);
#7080 = PLANE('',#7081);
#7081 = AXIS2_PLACEMENT_3D('',#7082,#7083,#7084);
#7082 = CARTESIAN_POINT('',(-120.,-120.,0.));
#7083 = DIRECTION('',(0.,0.,1.));
#7084 = DIRECTION('',(1.,0.,0.));
#7085 = DEFINITIONAL_REPRESENTATION('',(#7086),#7090);
#7086 = LINE('',#7087,#7088);
#7087 = CARTESIAN_POINT('',(0.55,0.));
#7088 = VECTOR('',#7089,1.);
#7089 = DIRECTION('',(0.,1.));
#7090 = ( GEOMETRIC_REPRESENTATION_CONTEXT(2) 
PARAMETRIC_REPRESENTATION_CONTEXT() REPRESENTATION_CONTEXT('2D SPACE',''
  ) );
#7091 = ADVANCED_FACE('',(#7092),#6427,.F.);
#7092 = FACE_BOUND('',#7093,.F.);
#7093 = EDGE_LOOP('',(#7094,#7120,#7121,#7122));
#7094 = ORIENTED_EDGE('',*,*,#7095,.T.);
#7095 = EDGE_CURVE('',#6626,#6412,#7096,.T.);
#7096 = SURFACE_CURVE('',#7097,(#7101,#7108),.PCURVE_S1.);
#7097 = LINE('',#7098,#7099);
#7098 = CARTESIAN_POINT('',(119.8625,-119.5875,0.55));
#7099 = VECTOR('',#7100,1.);
#7100 = DIRECTION('',(-0.707106781187,-0.707106781187,1.660319068477E-14
    ));
#7101 = PCURVE('',#6427,#7102);
#7102 = DEFINITIONAL_REPRESENTATION('',(#7103),#7107);
#7103 = LINE('',#7104,#7105);
#7104 = CARTESIAN_POINT('',(0.55,0.194454364826));
#7105 = VECTOR('',#7106,1.);
#7106 = DIRECTION('',(1.660319068477E-14,-1.));
#7107 = ( GEOMETRIC_REPRESENTATION_CONTEXT(2) 
PARAMETRIC_REPRESENTATION_CONTEXT() REPRESENTATION_CONTEXT('2D SPACE',''
  ) );
#7108 = PCURVE('',#7109,#7114);
#7109 = PLANE('',#7110);
#7110 = AXIS2_PLACEMENT_3D('',#7111,#7112,#7113);
#7111 = CARTESIAN_POINT('',(120.,-119.45,0.55));
#7112 = DIRECTION('',(-0.57735026919,0.57735026919,0.57735026919));
#7113 = DIRECTION('',(8.564164149159E-18,0.707106781187,-0.707106781187)
  );
#7114 = DEFINITIONAL_REPRESENTATION('',(#7115),#7119);
#7115 = LINE('',#7116,#7117);
#7116 = CARTESIAN_POINT('',(-9.722718241315E-02,0.168402419816));
#7117 = VECTOR('',#7118,1.);
#7118 = DIRECTION('',(-0.5,0.866025403784));
#7119 = ( GEOMETRIC_REPRESENTATION_CONTEXT(2) 
PARAMETRIC_REPRESENTATION_CONTEXT() REPRESENTATION_CONTEXT('2D SPACE',''
  ) );
#7120 = ORIENTED_EDGE('',*,*,#6411,.T.);
#7121 = ORIENTED_EDGE('',*,*,#6492,.F.);
#7122 = ORIENTED_EDGE('',*,*,#6625,.F.);
#7123 = ADVANCED_FACE('',(#7124),#6455,.T.);
#7124 = FACE_BOUND('',#7125,.F.);
#7125 = EDGE_LOOP('',(#7126,#7147,#7148,#7171));
#7126 = ORIENTED_EDGE('',*,*,#7127,.T.);
#7127 = EDGE_CURVE('',#7020,#6440,#7128,.T.);
#7128 = SURFACE_CURVE('',#7129,(#7133,#7140),.PCURVE_S1.);
#7129 = LINE('',#7130,#7131);
#7130 = CARTESIAN_POINT('',(-119.45,-119.5875,0.1375));
#7131 = VECTOR('',#7132,1.);
#7132 = DIRECTION('',(1.532599256966E-14,-0.707106781187,0.707106781187)
  );
#7133 = PCURVE('',#6455,#7134);
#7134 = DEFINITIONAL_REPRESENTATION('',(#7135),#7139);
#7135 = LINE('',#7136,#7137);
#7136 = CARTESIAN_POINT('',(-0.55,0.194454364826));
#7137 = VECTOR('',#7138,1.);
#7138 = DIRECTION('',(-1.532599256966E-14,-1.));
#7139 = ( GEOMETRIC_REPRESENTATION_CONTEXT(2) 
PARAMETRIC_REPRESENTATION_CONTEXT() REPRESENTATION_CONTEXT('2D SPACE',''
  ) );
#7140 = PCURVE('',#6972,#7141);
#7141 = DEFINITIONAL_REPRESENTATION('',(#7142),#7146);
#7142 = LINE('',#7143,#7144);
#7143 = CARTESIAN_POINT('',(9.722718241314E-02,0.168402419816));
#7144 = VECTOR('',#7145,1.);
#7145 = DIRECTION('',(0.5,0.866025403784));
#7146 = ( GEOMETRIC_REPRESENTATION_CONTEXT(2) 
PARAMETRIC_REPRESENTATION_CONTEXT() REPRESENTATION_CONTEXT('2D SPACE',''
  ) );
#7147 = ORIENTED_EDGE('',*,*,#6439,.T.);
#7148 = ORIENTED_EDGE('',*,*,#7149,.T.);
#7149 = EDGE_CURVE('',#6412,#7150,#7152,.T.);
#7150 = VERTEX_POINT('',#7151);
#7151 = CARTESIAN_POINT('',(119.45,-119.45,4.440892098501E-16));
#7152 = SURFACE_CURVE('',#7153,(#7157,#7164),.PCURVE_S1.);
#7153 = LINE('',#7154,#7155);
#7154 = CARTESIAN_POINT('',(119.45,-119.725,0.275000000001));
#7155 = VECTOR('',#7156,1.);
#7156 = DIRECTION('',(1.468760642606E-14,0.707106781187,-0.707106781187)
  );
#7157 = PCURVE('',#6455,#7158);
#7158 = DEFINITIONAL_REPRESENTATION('',(#7159),#7163);
#7159 = LINE('',#7160,#7161);
#7160 = CARTESIAN_POINT('',(-239.45,-1.757954021365E-12));
#7161 = VECTOR('',#7162,1.);
#7162 = DIRECTION('',(-1.468760642606E-14,1.));
#7163 = ( GEOMETRIC_REPRESENTATION_CONTEXT(2) 
PARAMETRIC_REPRESENTATION_CONTEXT() REPRESENTATION_CONTEXT('2D SPACE',''
  ) );
#7164 = PCURVE('',#7109,#7165);
#7165 = DEFINITIONAL_REPRESENTATION('',(#7166),#7170);
#7166 = LINE('',#7167,#7168);
#7167 = CARTESIAN_POINT('',(-1.757668567835E-12,0.673609679265));
#7168 = VECTOR('',#7169,1.);
#7169 = DIRECTION('',(1.,-1.805294644497E-14));
#7170 = ( GEOMETRIC_REPRESENTATION_CONTEXT(2) 
PARAMETRIC_REPRESENTATION_CONTEXT() REPRESENTATION_CONTEXT('2D SPACE',''
  ) );
#7171 = ORIENTED_EDGE('',*,*,#7172,.F.);
#7172 = EDGE_CURVE('',#7020,#7150,#7173,.T.);
#7173 = SURFACE_CURVE('',#7174,(#7178,#7185),.PCURVE_S1.);
#7174 = LINE('',#7175,#7176);
#7175 = CARTESIAN_POINT('',(-120.,-119.45,0.));
#7176 = VECTOR('',#7177,1.);
#7177 = DIRECTION('',(1.,0.,0.));
#7178 = PCURVE('',#6455,#7179);
#7179 = DEFINITIONAL_REPRESENTATION('',(#7180),#7184);
#7180 = LINE('',#7181,#7182);
#7181 = CARTESIAN_POINT('',(-0.,0.388908729653));
#7182 = VECTOR('',#7183,1.);
#7183 = DIRECTION('',(-1.,0.));
#7184 = ( GEOMETRIC_REPRESENTATION_CONTEXT(2) 
PARAMETRIC_REPRESENTATION_CONTEXT() REPRESENTATION_CONTEXT('2D SPACE',''
  ) );
#7185 = PCURVE('',#7080,#7186);
#7186 = DEFINITIONAL_REPRESENTATION('',(#7187),#7191);
#7187 = LINE('',#7188,#7189);
#7188 = CARTESIAN_POINT('',(0.,0.55));
#7189 = VECTOR('',#7190,1.);
#7190 = DIRECTION('',(1.,0.));
#7191 = ( GEOMETRIC_REPRESENTATION_CONTEXT(2) 
PARAMETRIC_REPRESENTATION_CONTEXT() REPRESENTATION_CONTEXT('2D SPACE',''
  ) );
#7192 = ADVANCED_FACE('',(#7193),#6534,.T.);
#7193 = FACE_BOUND('',#7194,.T.);
#7194 = EDGE_LOOP('',(#7195,#7221,#7222,#7223));
#7195 = ORIENTED_EDGE('',*,*,#7196,.T.);
#7196 = EDGE_CURVE('',#6649,#6519,#7197,.T.);
#7197 = SURFACE_CURVE('',#7198,(#7202,#7209),.PCURVE_S1.);
#7198 = LINE('',#7199,#7200);
#7199 = CARTESIAN_POINT('',(119.8625,119.5875,0.55));
#7200 = VECTOR('',#7201,1.);
#7201 = DIRECTION('',(-0.707106781187,0.707106781187,1.56132048276E-14)
  );
#7202 = PCURVE('',#6534,#7203);
#7203 = DEFINITIONAL_REPRESENTATION('',(#7204),#7208);
#7204 = LINE('',#7205,#7206);
#7205 = CARTESIAN_POINT('',(0.55,0.194454364826));
#7206 = VECTOR('',#7207,1.);
#7207 = DIRECTION('',(1.56132048276E-14,-1.));
#7208 = ( GEOMETRIC_REPRESENTATION_CONTEXT(2) 
PARAMETRIC_REPRESENTATION_CONTEXT() REPRESENTATION_CONTEXT('2D SPACE',''
  ) );
#7209 = PCURVE('',#7210,#7215);
#7210 = PLANE('',#7211);
#7211 = AXIS2_PLACEMENT_3D('',#7212,#7213,#7214);
#7212 = CARTESIAN_POINT('',(120.,119.45,0.55));
#7213 = DIRECTION('',(0.57735026919,0.57735026919,-0.57735026919));
#7214 = DIRECTION('',(-2.302291526137E-17,-0.707106781187,
    -0.707106781187));
#7215 = DEFINITIONAL_REPRESENTATION('',(#7216),#7220);
#7216 = LINE('',#7217,#7218);
#7217 = CARTESIAN_POINT('',(-9.722718241313E-02,0.168402419816));
#7218 = VECTOR('',#7219,1.);
#7219 = DIRECTION('',(-0.5,0.866025403784));
#7220 = ( GEOMETRIC_REPRESENTATION_CONTEXT(2) 
PARAMETRIC_REPRESENTATION_CONTEXT() REPRESENTATION_CONTEXT('2D SPACE',''
  ) );
#7221 = ORIENTED_EDGE('',*,*,#6518,.T.);
#7222 = ORIENTED_EDGE('',*,*,#6599,.F.);
#7223 = ORIENTED_EDGE('',*,*,#6676,.F.);
#7224 = ADVANCED_FACE('',(#7225),#6562,.F.);
#7225 = FACE_BOUND('',#7226,.T.);
#7226 = EDGE_LOOP('',(#7227,#7248,#7249,#7272));
#7227 = ORIENTED_EDGE('',*,*,#7228,.T.);
#7228 = EDGE_CURVE('',#7044,#6547,#7229,.T.);
#7229 = SURFACE_CURVE('',#7230,(#7234,#7241),.PCURVE_S1.);
#7230 = LINE('',#7231,#7232);
#7231 = CARTESIAN_POINT('',(-119.45,119.5875,0.1375));
#7232 = VECTOR('',#7233,1.);
#7233 = DIRECTION('',(-3.393417890547E-15,0.707106781187,0.707106781187)
  );
#7234 = PCURVE('',#6562,#7235);
#7235 = DEFINITIONAL_REPRESENTATION('',(#7236),#7240);
#7236 = LINE('',#7237,#7238);
#7237 = CARTESIAN_POINT('',(-0.55,0.194454364826));
#7238 = VECTOR('',#7239,1.);
#7239 = DIRECTION('',(3.393417890547E-15,-1.));
#7240 = ( GEOMETRIC_REPRESENTATION_CONTEXT(2) 
PARAMETRIC_REPRESENTATION_CONTEXT() REPRESENTATION_CONTEXT('2D SPACE',''
  ) );
#7241 = PCURVE('',#7004,#7242);
#7242 = DEFINITIONAL_REPRESENTATION('',(#7243),#7247);
#7243 = LINE('',#7244,#7245);
#7244 = CARTESIAN_POINT('',(9.722718241316E-02,0.168402419816));
#7245 = VECTOR('',#7246,1.);
#7246 = DIRECTION('',(0.5,0.866025403784));
#7247 = ( GEOMETRIC_REPRESENTATION_CONTEXT(2) 
PARAMETRIC_REPRESENTATION_CONTEXT() REPRESENTATION_CONTEXT('2D SPACE',''
  ) );
#7248 = ORIENTED_EDGE('',*,*,#6546,.T.);
#7249 = ORIENTED_EDGE('',*,*,#7250,.T.);
#7250 = EDGE_CURVE('',#6519,#7251,#7253,.T.);
#7251 = VERTEX_POINT('',#7252);
#7252 = CARTESIAN_POINT('',(119.45,119.45,8.049116928532E-16));
#7253 = SURFACE_CURVE('',#7254,(#7258,#7265),.PCURVE_S1.);
#7254 = LINE('',#7255,#7256);
#7255 = CARTESIAN_POINT('',(119.45,119.725,0.275));
#7256 = VECTOR('',#7257,1.);
#7257 = DIRECTION('',(-4.184274441558E-15,-0.707106781187,
    -0.707106781187));
#7258 = PCURVE('',#6562,#7259);
#7259 = DEFINITIONAL_REPRESENTATION('',(#7260),#7264);
#7260 = LINE('',#7261,#7262);
#7261 = CARTESIAN_POINT('',(-239.45,5.043922023522E-13));
#7262 = VECTOR('',#7263,1.);
#7263 = DIRECTION('',(4.184274441558E-15,1.));
#7264 = ( GEOMETRIC_REPRESENTATION_CONTEXT(2) 
PARAMETRIC_REPRESENTATION_CONTEXT() REPRESENTATION_CONTEXT('2D SPACE',''
  ) );
#7265 = PCURVE('',#7210,#7266);
#7266 = DEFINITIONAL_REPRESENTATION('',(#7267),#7271);
#7267 = LINE('',#7268,#7269);
#7268 = CARTESIAN_POINT('',(4.999592255259E-13,0.673609679265));
#7269 = VECTOR('',#7270,1.);
#7270 = DIRECTION('',(1.,5.110983842669E-15));
#7271 = ( GEOMETRIC_REPRESENTATION_CONTEXT(2) 
PARAMETRIC_REPRESENTATION_CONTEXT() REPRESENTATION_CONTEXT('2D SPACE',''
  ) );
#7272 = ORIENTED_EDGE('',*,*,#7273,.F.);
#7273 = EDGE_CURVE('',#7044,#7251,#7274,.T.);
#7274 = SURFACE_CURVE('',#7275,(#7279,#7286),.PCURVE_S1.);
#7275 = LINE('',#7276,#7277);
#7276 = CARTESIAN_POINT('',(-120.,119.45,0.));
#7277 = VECTOR('',#7278,1.);
#7278 = DIRECTION('',(1.,0.,0.));
#7279 = PCURVE('',#6562,#7280);
#7280 = DEFINITIONAL_REPRESENTATION('',(#7281),#7285);
#7281 = LINE('',#7282,#7283);
#7282 = CARTESIAN_POINT('',(-0.,0.388908729653));
#7283 = VECTOR('',#7284,1.);
#7284 = DIRECTION('',(-1.,0.));
#7285 = ( GEOMETRIC_REPRESENTATION_CONTEXT(2) 
PARAMETRIC_REPRESENTATION_CONTEXT() REPRESENTATION_CONTEXT('2D SPACE',''
  ) );
#7286 = PCURVE('',#7080,#7287);
#7287 = DEFINITIONAL_REPRESENTATION('',(#7288),#7292);
#7288 = LINE('',#7289,#7290);
#7289 = CARTESIAN_POINT('',(0.,239.45));
#7290 = VECTOR('',#7291,1.);
#7291 = DIRECTION('',(1.,0.));
#7292 = ( GEOMETRIC_REPRESENTATION_CONTEXT(2) 
PARAMETRIC_REPRESENTATION_CONTEXT() REPRESENTATION_CONTEXT('2D SPACE',''
  ) );
#7293 = ADVANCED_FACE('',(#7294),#6664,.F.);
#7294 = FACE_BOUND('',#7295,.F.);
#7295 = EDGE_LOOP('',(#7296,#7317,#7318,#7339));
#7296 = ORIENTED_EDGE('',*,*,#7297,.F.);
#7297 = EDGE_CURVE('',#6626,#7150,#7298,.T.);
#7298 = SURFACE_CURVE('',#7299,(#7303,#7310),.PCURVE_S1.);
#7299 = LINE('',#7300,#7301);
#7300 = CARTESIAN_POINT('',(119.8625,-119.45,0.4125));
#7301 = VECTOR('',#7302,1.);
#7302 = DIRECTION('',(-0.707106781187,1.873015914325E-15,-0.707106781187
    ));
#7303 = PCURVE('',#6664,#7304);
#7304 = DEFINITIONAL_REPRESENTATION('',(#7305),#7309);
#7305 = LINE('',#7306,#7307);
#7306 = CARTESIAN_POINT('',(0.55,-0.194454364826));
#7307 = VECTOR('',#7308,1.);
#7308 = DIRECTION('',(1.873015914325E-15,1.));
#7309 = ( GEOMETRIC_REPRESENTATION_CONTEXT(2) 
PARAMETRIC_REPRESENTATION_CONTEXT() REPRESENTATION_CONTEXT('2D SPACE',''
  ) );
#7310 = PCURVE('',#7109,#7311);
#7311 = DEFINITIONAL_REPRESENTATION('',(#7312),#7316);
#7312 = LINE('',#7313,#7314);
#7313 = CARTESIAN_POINT('',(9.722718241314E-02,0.168402419816));
#7314 = VECTOR('',#7315,1.);
#7315 = DIRECTION('',(0.5,0.866025403784));
#7316 = ( GEOMETRIC_REPRESENTATION_CONTEXT(2) 
PARAMETRIC_REPRESENTATION_CONTEXT() REPRESENTATION_CONTEXT('2D SPACE',''
  ) );
#7317 = ORIENTED_EDGE('',*,*,#6648,.T.);
#7318 = ORIENTED_EDGE('',*,*,#7319,.T.);
#7319 = EDGE_CURVE('',#6649,#7251,#7320,.T.);
#7320 = SURFACE_CURVE('',#7321,(#7325,#7332),.PCURVE_S1.);
#7321 = LINE('',#7322,#7323);
#7322 = CARTESIAN_POINT('',(119.86249999999,119.45,0.412499999998));
#7323 = VECTOR('',#7324,1.);
#7324 = DIRECTION('',(-0.707106781187,-1.989088492032E-14,
    -0.707106781187));
#7325 = PCURVE('',#6664,#7326);
#7326 = DEFINITIONAL_REPRESENTATION('',(#7327),#7331);
#7327 = LINE('',#7328,#7329);
#7328 = CARTESIAN_POINT('',(239.45,-0.194454364824));
#7329 = VECTOR('',#7330,1.);
#7330 = DIRECTION('',(-1.989088492032E-14,1.));
#7331 = ( GEOMETRIC_REPRESENTATION_CONTEXT(2) 
PARAMETRIC_REPRESENTATION_CONTEXT() REPRESENTATION_CONTEXT('2D SPACE',''
  ) );
#7332 = PCURVE('',#7210,#7333);
#7333 = DEFINITIONAL_REPRESENTATION('',(#7334),#7338);
#7334 = LINE('',#7335,#7336);
#7335 = CARTESIAN_POINT('',(9.722718241438E-02,0.168402419818));
#7336 = VECTOR('',#7337,1.);
#7337 = DIRECTION('',(0.5,0.866025403784));
#7338 = ( GEOMETRIC_REPRESENTATION_CONTEXT(2) 
PARAMETRIC_REPRESENTATION_CONTEXT() REPRESENTATION_CONTEXT('2D SPACE',''
  ) );
#7339 = ORIENTED_EDGE('',*,*,#7340,.F.);
#7340 = EDGE_CURVE('',#7150,#7251,#7341,.T.);
#7341 = SURFACE_CURVE('',#7342,(#7346,#7353),.PCURVE_S1.);
#7342 = LINE('',#7343,#7344);
#7343 = CARTESIAN_POINT('',(119.45,-120.,0.));
#7344 = VECTOR('',#7345,1.);
#7345 = DIRECTION('',(0.,1.,0.));
#7346 = PCURVE('',#6664,#7347);
#7347 = DEFINITIONAL_REPRESENTATION('',(#7348),#7352);
#7348 = LINE('',#7349,#7350);
#7349 = CARTESIAN_POINT('',(0.,0.388908729653));
#7350 = VECTOR('',#7351,1.);
#7351 = DIRECTION('',(1.,0.));
#7352 = ( GEOMETRIC_REPRESENTATION_CONTEXT(2) 
PARAMETRIC_REPRESENTATION_CONTEXT() REPRESENTATION_CONTEXT('2D SPACE',''
  ) );
#7353 = PCURVE('',#7080,#7354);
#7354 = DEFINITIONAL_REPRESENTATION('',(#7355),#7359);
#7355 = LINE('',#7356,#7357);
#7356 = CARTESIAN_POINT('',(239.45,0.));
#7357 = VECTOR('',#7358,1.);
#7358 = DIRECTION('',(0.,1.));
#7359 = ( GEOMETRIC_REPRESENTATION_CONTEXT(2) 
PARAMETRIC_REPRESENTATION_CONTEXT() REPRESENTATION_CONTEXT('2D SPACE',''
  ) );
#7360 = ADVANCED_FACE('',(#7361),#6740,.F.);
#7361 = FACE_BOUND('',#7362,.T.);
#7362 = EDGE_LOOP('',(#7363,#7384,#7385,#7386));
#7363 = ORIENTED_EDGE('',*,*,#7364,.F.);
#7364 = EDGE_CURVE('',#6701,#7365,#7367,.T.);
#7365 = VERTEX_POINT('',#7366);
#7366 = CARTESIAN_POINT('',(-96.05,-100.,4.));
#7367 = SEAM_CURVE('',#7368,(#7372,#7378),.PCURVE_S1.);
#7368 = LINE('',#7369,#7370);
#7369 = CARTESIAN_POINT('',(-95.5,-100.,4.55));
#7370 = VECTOR('',#7371,1.);
#7371 = DIRECTION('',(-0.707106781187,-0.,-0.707106781187));
#7372 = PCURVE('',#6740,#7373);
#7373 = DEFINITIONAL_REPRESENTATION('',(#7374),#7377);
#7374 = B_SPLINE_CURVE_WITH_KNOTS('',1,(#7375,#7376),.UNSPECIFIED.,.F.,
  .F.,(2,2),(0.,0.777817459305),.PIECEWISE_BEZIER_KNOTS.);
#7375 = CARTESIAN_POINT('',(0.,0.));
#7376 = CARTESIAN_POINT('',(0.,-0.55));
#7377 = ( GEOMETRIC_REPRESENTATION_CONTEXT(2) 
PARAMETRIC_REPRESENTATION_CONTEXT() REPRESENTATION_CONTEXT('2D SPACE',''
  ) );
#7378 = PCURVE('',#6740,#7379);
#7379 = DEFINITIONAL_REPRESENTATION('',(#7380),#7383);
#7380 = B_SPLINE_CURVE_WITH_KNOTS('',1,(#7381,#7382),.UNSPECIFIED.,.F.,
  .F.,(2,2),(0.,0.777817459305),.PIECEWISE_BEZIER_KNOTS.);
#7381 = CARTESIAN_POINT('',(6.28318530718,0.));
#7382 = CARTESIAN_POINT('',(6.28318530718,-0.55));
#7383 = ( GEOMETRIC_REPRESENTATION_CONTEXT(2) 
PARAMETRIC_REPRESENTATION_CONTEXT() REPRESENTATION_CONTEXT('2D SPACE',''
  ) );
#7384 = ORIENTED_EDGE('',*,*,#6725,.T.);
#7385 = ORIENTED_EDGE('',*,*,#7364,.T.);
#7386 = ORIENTED_EDGE('',*,*,#7387,.F.);
#7387 = EDGE_CURVE('',#7365,#7365,#7388,.T.);
#7388 = SURFACE_CURVE('',#7389,(#7394,#7401),.PCURVE_S1.);
#7389 = CIRCLE('',#7390,3.95);
#7390 = AXIS2_PLACEMENT_3D('',#7391,#7392,#7393);
#7391 = CARTESIAN_POINT('',(-100.,-100.,4.));
#7392 = DIRECTION('',(0.,0.,1.));
#7393 = DIRECTION('',(1.,0.,-0.));
#7394 = PCURVE('',#6740,#7395);
#7395 = DEFINITIONAL_REPRESENTATION('',(#7396),#7400);
#7396 = LINE('',#7397,#7398);
#7397 = CARTESIAN_POINT('',(0.,-0.55));
#7398 = VECTOR('',#7399,1.);
#7399 = DIRECTION('',(1.,-0.));
#7400 = ( GEOMETRIC_REPRESENTATION_CONTEXT(2) 
PARAMETRIC_REPRESENTATION_CONTEXT() REPRESENTATION_CONTEXT('2D SPACE',''
  ) );
#7401 = PCURVE('',#7402,#7407);
#7402 = PLANE('',#7403);
#7403 = AXIS2_PLACEMENT_3D('',#7404,#7405,#7406);
#7404 = CARTESIAN_POINT('',(-100.,-100.,4.));
#7405 = DIRECTION('',(0.,0.,1.));
#7406 = DIRECTION('',(1.,0.,0.));
#7407 = DEFINITIONAL_REPRESENTATION('',(#7408),#7412);
#7408 = CIRCLE('',#7409,3.95);
#7409 = AXIS2_PLACEMENT_2D('',#7410,#7411);
#7410 = CARTESIAN_POINT('',(0.,0.));
#7411 = DIRECTION('',(1.,0.));
#7412 = ( GEOMETRIC_REPRESENTATION_CONTEXT(2) 
PARAMETRIC_REPRESENTATION_CONTEXT() REPRESENTATION_CONTEXT('2D SPACE',''
  ) );
#7413 = ADVANCED_FACE('',(#7414),#6795,.F.);
#7414 = FACE_BOUND('',#7415,.T.);
#7415 = EDGE_LOOP('',(#7416,#7437,#7438,#7439));
#7416 = ORIENTED_EDGE('',*,*,#7417,.F.);
#7417 = EDGE_CURVE('',#6756,#7418,#7420,.T.);
#7418 = VERTEX_POINT('',#7419);
#7419 = CARTESIAN_POINT('',(103.95,-100.,4.));
#7420 = SEAM_CURVE('',#7421,(#7425,#7431),.PCURVE_S1.);
#7421 = LINE('',#7422,#7423);
#7422 = CARTESIAN_POINT('',(104.5,-100.,4.55));
#7423 = VECTOR('',#7424,1.);
#7424 = DIRECTION('',(-0.707106781187,-0.,-0.707106781187));
#7425 = PCURVE('',#6795,#7426);
#7426 = DEFINITIONAL_REPRESENTATION('',(#7427),#7430);
#7427 = B_SPLINE_CURVE_WITH_KNOTS('',1,(#7428,#7429),.UNSPECIFIED.,.F.,
  .F.,(2,2),(0.,0.777817459305),.PIECEWISE_BEZIER_KNOTS.);
#7428 = CARTESIAN_POINT('',(0.,0.));
#7429 = CARTESIAN_POINT('',(0.,-0.55));
#7430 = ( GEOMETRIC_REPRESENTATION_CONTEXT(2) 
PARAMETRIC_REPRESENTATION_CONTEXT() REPRESENTATION_CONTEXT('2D SPACE',''
  ) );
#7431 = PCURVE('',#6795,#7432);
#7432 = DEFINITIONAL_REPRESENTATION('',(#7433),#7436);
#7433 = B_SPLINE_CURVE_WITH_KNOTS('',1,(#7434,#7435),.UNSPECIFIED.,.F.,
  .F.,(2,2),(0.,0.777817459305),.PIECEWISE_BEZIER_KNOTS.);
#7434 = CARTESIAN_POINT('',(6.28318530718,0.));
#7435 = CARTESIAN_POINT('',(6.28318530718,-0.55));
#7436 = ( GEOMETRIC_REPRESENTATION_CONTEXT(2) 
PARAMETRIC_REPRESENTATION_CONTEXT() REPRESENTATION_CONTEXT('2D SPACE',''
  ) );
#7437 = ORIENTED_EDGE('',*,*,#6780,.T.);
#7438 = ORIENTED_EDGE('',*,*,#7417,.T.);
#7439 = ORIENTED_EDGE('',*,*,#7440,.F.);
#7440 = EDGE_CURVE('',#7418,#7418,#7441,.T.);
#7441 = SURFACE_CURVE('',#7442,(#7447,#7454),.PCURVE_S1.);
#7442 = CIRCLE('',#7443,3.95);
#7443 = AXIS2_PLACEMENT_3D('',#7444,#7445,#7446);
#7444 = CARTESIAN_POINT('',(100.,-100.,4.));
#7445 = DIRECTION('',(0.,0.,1.));
#7446 = DIRECTION('',(1.,0.,-0.));
#7447 = PCURVE('',#6795,#7448);
#7448 = DEFINITIONAL_REPRESENTATION('',(#7449),#7453);
#7449 = LINE('',#7450,#7451);
#7450 = CARTESIAN_POINT('',(0.,-0.55));
#7451 = VECTOR('',#7452,1.);
#7452 = DIRECTION('',(1.,-0.));
#7453 = ( GEOMETRIC_REPRESENTATION_CONTEXT(2) 
PARAMETRIC_REPRESENTATION_CONTEXT() REPRESENTATION_CONTEXT('2D SPACE',''
  ) );
#7454 = PCURVE('',#7455,#7460);
#7455 = PLANE('',#7456);
#7456 = AXIS2_PLACEMENT_3D('',#7457,#7458,#7459);
#7457 = CARTESIAN_POINT('',(100.,-100.,4.));
#7458 = DIRECTION('',(0.,0.,1.));
#7459 = DIRECTION('',(1.,0.,0.));
#7460 = DEFINITIONAL_REPRESENTATION('',(#7461),#7465);
#7461 = CIRCLE('',#7462,3.95);
#7462 = AXIS2_PLACEMENT_2D('',#7463,#7464);
#7463 = CARTESIAN_POINT('',(0.,0.));
#7464 = DIRECTION('',(1.,0.));
#7465 = ( GEOMETRIC_REPRESENTATION_CONTEXT(2) 
PARAMETRIC_REPRESENTATION_CONTEXT() REPRESENTATION_CONTEXT('2D SPACE',''
  ) );
#7466 = ADVANCED_FACE('',(#7467),#6850,.F.);
#7467 = FACE_BOUND('',#7468,.T.);
#7468 = EDGE_LOOP('',(#7469,#7490,#7491,#7492));
#7469 = ORIENTED_EDGE('',*,*,#7470,.F.);
#7470 = EDGE_CURVE('',#6811,#7471,#7473,.T.);
#7471 = VERTEX_POINT('',#7472);
#7472 = CARTESIAN_POINT('',(-96.05,100.,4.));
#7473 = SEAM_CURVE('',#7474,(#7478,#7484),.PCURVE_S1.);
#7474 = LINE('',#7475,#7476);
#7475 = CARTESIAN_POINT('',(-95.5,100.,4.55));
#7476 = VECTOR('',#7477,1.);
#7477 = DIRECTION('',(-0.707106781187,-0.,-0.707106781187));
#7478 = PCURVE('',#6850,#7479);
#7479 = DEFINITIONAL_REPRESENTATION('',(#7480),#7483);
#7480 = B_SPLINE_CURVE_WITH_KNOTS('',1,(#7481,#7482),.UNSPECIFIED.,.F.,
  .F.,(2,2),(0.,0.777817459305),.PIECEWISE_BEZIER_KNOTS.);
#7481 = CARTESIAN_POINT('',(0.,0.));
#7482 = CARTESIAN_POINT('',(0.,-0.55));
#7483 = ( GEOMETRIC_REPRESENTATION_CONTEXT(2) 
PARAMETRIC_REPRESENTATION_CONTEXT() REPRESENTATION_CONTEXT('2D SPACE',''
  ) );
#7484 = PCURVE('',#6850,#7485);
#7485 = DEFINITIONAL_REPRESENTATION('',(#7486),#7489);
#7486 = B_SPLINE_CURVE_WITH_KNOTS('',1,(#7487,#7488),.UNSPECIFIED.,.F.,
  .F.,(2,2),(0.,0.777817459305),.PIECEWISE_BEZIER_KNOTS.);
#7487 = CARTESIAN_POINT('',(6.28318530718,0.));
#7488 = CARTESIAN_POINT('',(6.28318530718,-0.55));
#7489 = ( GEOMETRIC_REPRESENTATION_CONTEXT(2) 
PARAMETRIC_REPRESENTATION_CONTEXT() REPRESENTATION_CONTEXT('2D SPACE',''
  ) );
#7490 = ORIENTED_EDGE('',*,*,#6835,.T.);
#7491 = ORIENTED_EDGE('',*,*,#7470,.T.);
#7492 = ORIENTED_EDGE('',*,*,#7493,.F.);
#7493 = EDGE_CURVE('',#7471,#7471,#7494,.T.);
#7494 = SURFACE_CURVE('',#7495,(#7500,#7507),.PCURVE_S1.);
#7495 = CIRCLE('',#7496,3.95);
#7496 = AXIS2_PLACEMENT_3D('',#7497,#7498,#7499);
#7497 = CARTESIAN_POINT('',(-100.,100.,4.));
#7498 = DIRECTION('',(0.,0.,1.));
#7499 = DIRECTION('',(1.,0.,-0.));
#7500 = PCURVE('',#6850,#7501);
#7501 = DEFINITIONAL_REPRESENTATION('',(#7502),#7506);
#7502 = LINE('',#7503,#7504);
#7503 = CARTESIAN_POINT('',(0.,-0.55));
#7504 = VECTOR('',#7505,1.);
#7505 = DIRECTION('',(1.,-0.));
#7506 = ( GEOMETRIC_REPRESENTATION_CONTEXT(2) 
PARAMETRIC_REPRESENTATION_CONTEXT() REPRESENTATION_CONTEXT('2D SPACE',''
  ) );
#7507 = PCURVE('',#7508,#7513);
#7508 = PLANE('',#7509);
#7509 = AXIS2_PLACEMENT_3D('',#7510,#7511,#7512);
#7510 = CARTESIAN_POINT('',(-100.,100.,4.));
#7511 = DIRECTION('',(0.,0.,1.));
#7512 = DIRECTION('',(1.,0.,0.));
#7513 = DEFINITIONAL_REPRESENTATION('',(#7514),#7518);
#7514 = CIRCLE('',#7515,3.95);
#7515 = AXIS2_PLACEMENT_2D('',#7516,#7517);
#7516 = CARTESIAN_POINT('',(0.,0.));
#7517 = DIRECTION('',(1.,0.));
#7518 = ( GEOMETRIC_REPRESENTATION_CONTEXT(2) 
PARAMETRIC_REPRESENTATION_CONTEXT() REPRESENTATION_CONTEXT('2D SPACE',''
  ) );
#7519 = ADVANCED_FACE('',(#7520),#6905,.F.);
#7520 = FACE_BOUND('',#7521,.T.);
#7521 = EDGE_LOOP('',(#7522,#7543,#7544,#7545));
#7522 = ORIENTED_EDGE('',*,*,#7523,.F.);
#7523 = EDGE_CURVE('',#6866,#7524,#7526,.T.);
#7524 = VERTEX_POINT('',#7525);
#7525 = CARTESIAN_POINT('',(103.95,100.,4.));
#7526 = SEAM_CURVE('',#7527,(#7531,#7537),.PCURVE_S1.);
#7527 = LINE('',#7528,#7529);
#7528 = CARTESIAN_POINT('',(104.5,100.,4.55));
#7529 = VECTOR('',#7530,1.);
#7530 = DIRECTION('',(-0.707106781187,-0.,-0.707106781187));
#7531 = PCURVE('',#6905,#7532);
#7532 = DEFINITIONAL_REPRESENTATION('',(#7533),#7536);
#7533 = B_SPLINE_CURVE_WITH_KNOTS('',1,(#7534,#7535),.UNSPECIFIED.,.F.,
  .F.,(2,2),(0.,0.777817459305),.PIECEWISE_BEZIER_KNOTS.);
#7534 = CARTESIAN_POINT('',(0.,0.));
#7535 = CARTESIAN_POINT('',(0.,-0.55));
#7536 = ( GEOMETRIC_REPRESENTATION_CONTEXT(2) 
PARAMETRIC_REPRESENTATION_CONTEXT() REPRESENTATION_CONTEXT('2D SPACE',''
  ) );
#7537 = PCURVE('',#6905,#7538);
#7538 = DEFINITIONAL_REPRESENTATION('',(#7539),#7542);
#7539 = B_SPLINE_CURVE_WITH_KNOTS('',1,(#7540,#7541),.UNSPECIFIED.,.F.,
  .F.,(2,2),(0.,0.777817459305),.PIECEWISE_BEZIER_KNOTS.);
#7540 = CARTESIAN_POINT('',(6.28318530718,0.));
#7541 = CARTESIAN_POINT('',(6.28318530718,-0.55));
#7542 = ( GEOMETRIC_REPRESENTATION_CONTEXT(2) 
PARAMETRIC_REPRESENTATION_CONTEXT() REPRESENTATION_CONTEXT('2D SPACE',''
  ) );
#7543 = ORIENTED_EDGE('',*,*,#6890,.T.);
#7544 = ORIENTED_EDGE('',*,*,#7523,.T.);
#7545 = ORIENTED_EDGE('',*,*,#7546,.F.);
#7546 = EDGE_CURVE('',#7524,#7524,#7547,.T.);
#7547 = SURFACE_CURVE('',#7548,(#7553,#7560),.PCURVE_S1.);
#7548 = CIRCLE('',#7549,3.95);
#7549 = AXIS2_PLACEMENT_3D('',#7550,#7551,#7552);
#7550 = CARTESIAN_POINT('',(100.,100.,4.));
#7551 = DIRECTION('',(0.,0.,1.));
#7552 = DIRECTION('',(1.,0.,-0.));
#7553 = PCURVE('',#6905,#7554);
#7554 = DEFINITIONAL_REPRESENTATION('',(#7555),#7559);
#7555 = LINE('',#7556,#7557);
#7556 = CARTESIAN_POINT('',(0.,-0.55));
#7557 = VECTOR('',#7558,1.);
#7558 = DIRECTION('',(1.,-0.));
#7559 = ( GEOMETRIC_REPRESENTATION_CONTEXT(2) 
PARAMETRIC_REPRESENTATION_CONTEXT() REPRESENTATION_CONTEXT('2D SPACE',''
  ) );
#7560 = PCURVE('',#7561,#7566);
#7561 = PLANE('',#7562);
#7562 = AXIS2_PLACEMENT_3D('',#7563,#7564,#7565);
#7563 = CARTESIAN_POINT('',(100.,100.,4.));
#7564 = DIRECTION('',(0.,0.,1.));
#7565 = DIRECTION('',(1.,0.,0.));
#7566 = DEFINITIONAL_REPRESENTATION('',(#7567),#7571);
#7567 = CIRCLE('',#7568,3.95);
#7568 = AXIS2_PLACEMENT_2D('',#7569,#7570);
#7569 = CARTESIAN_POINT('',(0.,0.));
#7570 = DIRECTION('',(1.,0.));
#7571 = ( GEOMETRIC_REPRESENTATION_CONTEXT(2) 
PARAMETRIC_REPRESENTATION_CONTEXT() REPRESENTATION_CONTEXT('2D SPACE',''
  ) );
#7572 = ADVANCED_FACE('',(#7573),#6937,.F.);
#7573 = FACE_BOUND('',#7574,.F.);
#7574 = EDGE_LOOP('',(#7575,#7596,#7623,#7624));
#7575 = ORIENTED_EDGE('',*,*,#7576,.F.);
#7576 = EDGE_CURVE('',#7577,#6921,#7579,.T.);
#7577 = VERTEX_POINT('',#7578);
#7578 = CARTESIAN_POINT('',(106.5,0.,5.45));
#7579 = SEAM_CURVE('',#7580,(#7584,#7590),.PCURVE_S1.);
#7580 = LINE('',#7581,#7582);
#7581 = CARTESIAN_POINT('',(106.5,0.,5.45));
#7582 = VECTOR('',#7583,1.);
#7583 = DIRECTION('',(0.707106781187,0.,0.707106781187));
#7584 = PCURVE('',#6937,#7585);
#7585 = DEFINITIONAL_REPRESENTATION('',(#7586),#7589);
#7586 = B_SPLINE_CURVE_WITH_KNOTS('',1,(#7587,#7588),.UNSPECIFIED.,.F.,
  .F.,(2,2),(0.,0.777817459305),.PIECEWISE_BEZIER_KNOTS.);
#7587 = CARTESIAN_POINT('',(0.,0.));
#7588 = CARTESIAN_POINT('',(0.,0.55));
#7589 = ( GEOMETRIC_REPRESENTATION_CONTEXT(2) 
PARAMETRIC_REPRESENTATION_CONTEXT() REPRESENTATION_CONTEXT('2D SPACE',''
  ) );
#7590 = PCURVE('',#6937,#7591);
#7591 = DEFINITIONAL_REPRESENTATION('',(#7592),#7595);
#7592 = B_SPLINE_CURVE_WITH_KNOTS('',1,(#7593,#7594),.UNSPECIFIED.,.F.,
  .F.,(2,2),(0.,0.777817459305),.PIECEWISE_BEZIER_KNOTS.);
#7593 = CARTESIAN_POINT('',(6.28318530718,0.));
#7594 = CARTESIAN_POINT('',(6.28318530718,0.55));
#7595 = ( GEOMETRIC_REPRESENTATION_CONTEXT(2) 
PARAMETRIC_REPRESENTATION_CONTEXT() REPRESENTATION_CONTEXT('2D SPACE',''
  ) );
#7596 = ORIENTED_EDGE('',*,*,#7597,.T.);
#7597 = EDGE_CURVE('',#7577,#7577,#7598,.T.);
#7598 = SURFACE_CURVE('',#7599,(#7604,#7611),.PCURVE_S1.);
#7599 = CIRCLE('',#7600,106.5);
#7600 = AXIS2_PLACEMENT_3D('',#7601,#7602,#7603);
#7601 = CARTESIAN_POINT('',(0.,0.,5.45));
#7602 = DIRECTION('',(0.,0.,1.));
#7603 = DIRECTION('',(1.,0.,-0.));
#7604 = PCURVE('',#6937,#7605);
#7605 = DEFINITIONAL_REPRESENTATION('',(#7606),#7610);
#7606 = LINE('',#7607,#7608);
#7607 = CARTESIAN_POINT('',(0.,0.));
#7608 = VECTOR('',#7609,1.);
#7609 = DIRECTION('',(1.,0.));
#7610 = ( GEOMETRIC_REPRESENTATION_CONTEXT(2) 
PARAMETRIC_REPRESENTATION_CONTEXT() REPRESENTATION_CONTEXT('2D SPACE',''
  ) );
#7611 = PCURVE('',#7612,#7617);
#7612 = CYLINDRICAL_SURFACE('',#7613,106.5);
#7613 = AXIS2_PLACEMENT_3D('',#7614,#7615,#7616);
#7614 = CARTESIAN_POINT('',(0.,0.,-2.));
#7615 = DIRECTION('',(0.,0.,1.));
#7616 = DIRECTION('',(1.,0.,0.));
#7617 = DEFINITIONAL_REPRESENTATION('',(#7618),#7622);
#7618 = LINE('',#7619,#7620);
#7619 = CARTESIAN_POINT('',(0.,7.45));
#7620 = VECTOR('',#7621,1.);
#7621 = DIRECTION('',(1.,0.));
#7622 = ( GEOMETRIC_REPRESENTATION_CONTEXT(2) 
PARAMETRIC_REPRESENTATION_CONTEXT() REPRESENTATION_CONTEXT('2D SPACE',''
  ) );
#7623 = ORIENTED_EDGE('',*,*,#7576,.T.);
#7624 = ORIENTED_EDGE('',*,*,#6920,.F.);
#7625 = ADVANCED_FACE('',(#7626),#6972,.T.);
#7626 = FACE_BOUND('',#7627,.T.);
#7627 = EDGE_LOOP('',(#7628,#7629,#7630));
#7628 = ORIENTED_EDGE('',*,*,#7019,.F.);
#7629 = ORIENTED_EDGE('',*,*,#7127,.T.);
#7630 = ORIENTED_EDGE('',*,*,#6958,.F.);
#7631 = ADVANCED_FACE('',(#7632),#7004,.F.);
#7632 = FACE_BOUND('',#7633,.F.);
#7633 = EDGE_LOOP('',(#7634,#7635,#7636));
#7634 = ORIENTED_EDGE('',*,*,#7043,.F.);
#7635 = ORIENTED_EDGE('',*,*,#7228,.T.);
#7636 = ORIENTED_EDGE('',*,*,#6990,.F.);
#7637 = ADVANCED_FACE('',(#7638,#7644,#7675,#7706,#7737,#7768),#7080,.F.
  );
#7638 = FACE_BOUND('',#7639,.F.);
#7639 = EDGE_LOOP('',(#7640,#7641,#7642,#7643));
#7640 = ORIENTED_EDGE('',*,*,#7066,.F.);
#7641 = ORIENTED_EDGE('',*,*,#7172,.T.);
#7642 = ORIENTED_EDGE('',*,*,#7340,.T.);
#7643 = ORIENTED_EDGE('',*,*,#7273,.F.);
#7644 = FACE_BOUND('',#7645,.F.);
#7645 = EDGE_LOOP('',(#7646));
#7646 = ORIENTED_EDGE('',*,*,#7647,.F.);
#7647 = EDGE_CURVE('',#7648,#7648,#7650,.T.);
#7648 = VERTEX_POINT('',#7649);
#7649 = CARTESIAN_POINT('',(-97.2,-100.,-1.443289932013E-15));
#7650 = SURFACE_CURVE('',#7651,(#7656,#7663),.PCURVE_S1.);
#7651 = CIRCLE('',#7652,2.8);
#7652 = AXIS2_PLACEMENT_3D('',#7653,#7654,#7655);
#7653 = CARTESIAN_POINT('',(-100.,-100.,0.));
#7654 = DIRECTION('',(0.,0.,1.));
#7655 = DIRECTION('',(1.,0.,-0.));
#7656 = PCURVE('',#7080,#7657);
#7657 = DEFINITIONAL_REPRESENTATION('',(#7658),#7662);
#7658 = CIRCLE('',#7659,2.8);
#7659 = AXIS2_PLACEMENT_2D('',#7660,#7661);
#7660 = CARTESIAN_POINT('',(20.,20.));
#7661 = DIRECTION('',(1.,0.));
#7662 = ( GEOMETRIC_REPRESENTATION_CONTEXT(2) 
PARAMETRIC_REPRESENTATION_CONTEXT() REPRESENTATION_CONTEXT('2D SPACE',''
  ) );
#7663 = PCURVE('',#7664,#7669);
#7664 = CONICAL_SURFACE('',#7665,2.25,0.785398163397);
#7665 = AXIS2_PLACEMENT_3D('',#7666,#7667,#7668);
#7666 = CARTESIAN_POINT('',(-100.,-100.,0.55));
#7667 = DIRECTION('',(-0.,-0.,-1.));
#7668 = DIRECTION('',(1.,0.,0.));
#7669 = DEFINITIONAL_REPRESENTATION('',(#7670),#7674);
#7670 = LINE('',#7671,#7672);
#7671 = CARTESIAN_POINT('',(0.,0.55));
#7672 = VECTOR('',#7673,1.);
#7673 = DIRECTION('',(-1.,-0.));
#7674 = ( GEOMETRIC_REPRESENTATION_CONTEXT(2) 
PARAMETRIC_REPRESENTATION_CONTEXT() REPRESENTATION_CONTEXT('2D SPACE',''
  ) );
#7675 = FACE_BOUND('',#7676,.F.);
#7676 = EDGE_LOOP('',(#7677));
#7677 = ORIENTED_EDGE('',*,*,#7678,.F.);
#7678 = EDGE_CURVE('',#7679,#7679,#7681,.T.);
#7679 = VERTEX_POINT('',#7680);
#7680 = CARTESIAN_POINT('',(102.8,-100.,-1.443289932013E-15));
#7681 = SURFACE_CURVE('',#7682,(#7687,#7694),.PCURVE_S1.);
#7682 = CIRCLE('',#7683,2.8);
#7683 = AXIS2_PLACEMENT_3D('',#7684,#7685,#7686);
#7684 = CARTESIAN_POINT('',(100.,-100.,0.));
#7685 = DIRECTION('',(0.,0.,1.));
#7686 = DIRECTION('',(1.,0.,-0.));
#7687 = PCURVE('',#7080,#7688);
#7688 = DEFINITIONAL_REPRESENTATION('',(#7689),#7693);
#7689 = CIRCLE('',#7690,2.8);
#7690 = AXIS2_PLACEMENT_2D('',#7691,#7692);
#7691 = CARTESIAN_POINT('',(220.,20.));
#7692 = DIRECTION('',(1.,0.));
#7693 = ( GEOMETRIC_REPRESENTATION_CONTEXT(2) 
PARAMETRIC_REPRESENTATION_CONTEXT() REPRESENTATION_CONTEXT('2D SPACE',''
  ) );
#7694 = PCURVE('',#7695,#7700);
#7695 = CONICAL_SURFACE('',#7696,2.25,0.785398163397);
#7696 = AXIS2_PLACEMENT_3D('',#7697,#7698,#7699);
#7697 = CARTESIAN_POINT('',(100.,-100.,0.55));
#7698 = DIRECTION('',(-0.,-0.,-1.));
#7699 = DIRECTION('',(1.,0.,0.));
#7700 = DEFINITIONAL_REPRESENTATION('',(#7701),#7705);
#7701 = LINE('',#7702,#7703);
#7702 = CARTESIAN_POINT('',(0.,0.55));
#7703 = VECTOR('',#7704,1.);
#7704 = DIRECTION('',(-1.,-0.));
#7705 = ( GEOMETRIC_REPRESENTATION_CONTEXT(2) 
PARAMETRIC_REPRESENTATION_CONTEXT() REPRESENTATION_CONTEXT('2D SPACE',''
  ) );
#7706 = FACE_BOUND('',#7707,.F.);
#7707 = EDGE_LOOP('',(#7708));
#7708 = ORIENTED_EDGE('',*,*,#7709,.F.);
#7709 = EDGE_CURVE('',#7710,#7710,#7712,.T.);
#7710 = VERTEX_POINT('',#7711);
#7711 = CARTESIAN_POINT('',(-97.2,100.,-1.443289932013E-15));
#7712 = SURFACE_CURVE('',#7713,(#7718,#7725),.PCURVE_S1.);
#7713 = CIRCLE('',#7714,2.8);
#7714 = AXIS2_PLACEMENT_3D('',#7715,#7716,#7717);
#7715 = CARTESIAN_POINT('',(-100.,100.,0.));
#7716 = DIRECTION('',(0.,0.,1.));
#7717 = DIRECTION('',(1.,0.,-0.));
#7718 = PCURVE('',#7080,#7719);
#7719 = DEFINITIONAL_REPRESENTATION('',(#7720),#7724);
#7720 = CIRCLE('',#7721,2.8);
#7721 = AXIS2_PLACEMENT_2D('',#7722,#7723);
#7722 = CARTESIAN_POINT('',(20.,220.));
#7723 = DIRECTION('',(1.,0.));
#7724 = ( GEOMETRIC_REPRESENTATION_CONTEXT(2) 
PARAMETRIC_REPRESENTATION_CONTEXT() REPRESENTATION_CONTEXT('2D SPACE',''
  ) );
#7725 = PCURVE('',#7726,#7731);
#7726 = CONICAL_SURFACE('',#7727,2.25,0.785398163397);
#7727 = AXIS2_PLACEMENT_3D('',#7728,#7729,#7730);
#7728 = CARTESIAN_POINT('',(-100.,100.,0.55));
#7729 = DIRECTION('',(-0.,-0.,-1.));
#7730 = DIRECTION('',(1.,0.,0.));
#7731 = DEFINITIONAL_REPRESENTATION('',(#7732),#7736);
#7732 = LINE('',#7733,#7734);
#7733 = CARTESIAN_POINT('',(0.,0.55));
#7734 = VECTOR('',#7735,1.);
#7735 = DIRECTION('',(-1.,-0.));
#7736 = ( GEOMETRIC_REPRESENTATION_CONTEXT(2) 
PARAMETRIC_REPRESENTATION_CONTEXT() REPRESENTATION_CONTEXT('2D SPACE',''
  ) );
#7737 = FACE_BOUND('',#7738,.F.);
#7738 = EDGE_LOOP('',(#7739));
#7739 = ORIENTED_EDGE('',*,*,#7740,.F.);
#7740 = EDGE_CURVE('',#7741,#7741,#7743,.T.);
#7741 = VERTEX_POINT('',#7742);
#7742 = CARTESIAN_POINT('',(102.8,100.,-1.443289932013E-15));
#7743 = SURFACE_CURVE('',#7744,(#7749,#7756),.PCURVE_S1.);
#7744 = CIRCLE('',#7745,2.8);
#7745 = AXIS2_PLACEMENT_3D('',#7746,#7747,#7748);
#7746 = CARTESIAN_POINT('',(100.,100.,0.));
#7747 = DIRECTION('',(0.,0.,1.));
#7748 = DIRECTION('',(1.,0.,-0.));
#7749 = PCURVE('',#7080,#7750);
#7750 = DEFINITIONAL_REPRESENTATION('',(#7751),#7755);
#7751 = CIRCLE('',#7752,2.8);
#7752 = AXIS2_PLACEMENT_2D('',#7753,#7754);
#7753 = CARTESIAN_POINT('',(220.,220.));
#7754 = DIRECTION('',(1.,0.));
#7755 = ( GEOMETRIC_REPRESENTATION_CONTEXT(2) 
PARAMETRIC_REPRESENTATION_CONTEXT() REPRESENTATION_CONTEXT('2D SPACE',''
  ) );
#7756 = PCURVE('',#7757,#7762);
#7757 = CONICAL_SURFACE('',#7758,2.25,0.785398163397);
#7758 = AXIS2_PLACEMENT_3D('',#7759,#7760,#7761);
#7759 = CARTESIAN_POINT('',(100.,100.,0.55));
#7760 = DIRECTION('',(-0.,-0.,-1.));
#7761 = DIRECTION('',(1.,0.,0.));
#7762 = DEFINITIONAL_REPRESENTATION('',(#7763),#7767);
#7763 = LINE('',#7764,#7765);
#7764 = CARTESIAN_POINT('',(0.,0.55));
#7765 = VECTOR('',#7766,1.);
#7766 = DIRECTION('',(-1.,-0.));
#7767 = ( GEOMETRIC_REPRESENTATION_CONTEXT(2) 
PARAMETRIC_REPRESENTATION_CONTEXT() REPRESENTATION_CONTEXT('2D SPACE',''
  ) );
#7768 = FACE_BOUND('',#7769,.F.);
#7769 = EDGE_LOOP('',(#7770));
#7770 = ORIENTED_EDGE('',*,*,#7771,.F.);
#7771 = EDGE_CURVE('',#7772,#7772,#7774,.T.);
#7772 = VERTEX_POINT('',#7773);
#7773 = CARTESIAN_POINT('',(107.05,0.,0.));
#7774 = SURFACE_CURVE('',#7775,(#7780,#7787),.PCURVE_S1.);
#7775 = CIRCLE('',#7776,107.05);
#7776 = AXIS2_PLACEMENT_3D('',#7777,#7778,#7779);
#7777 = CARTESIAN_POINT('',(0.,0.,0.));
#7778 = DIRECTION('',(0.,0.,1.));
#7779 = DIRECTION('',(1.,0.,-0.));
#7780 = PCURVE('',#7080,#7781);
#7781 = DEFINITIONAL_REPRESENTATION('',(#7782),#7786);
#7782 = CIRCLE('',#7783,107.05);
#7783 = AXIS2_PLACEMENT_2D('',#7784,#7785);
#7784 = CARTESIAN_POINT('',(120.,120.));
#7785 = DIRECTION('',(1.,0.));
#7786 = ( GEOMETRIC_REPRESENTATION_CONTEXT(2) 
PARAMETRIC_REPRESENTATION_CONTEXT() REPRESENTATION_CONTEXT('2D SPACE',''
  ) );
#7787 = PCURVE('',#7788,#7793);
#7788 = CONICAL_SURFACE('',#7789,106.5,0.785398163397);
#7789 = AXIS2_PLACEMENT_3D('',#7790,#7791,#7792);
#7790 = CARTESIAN_POINT('',(0.,0.,0.55));
#7791 = DIRECTION('',(-0.,-0.,-1.));
#7792 = DIRECTION('',(1.,0.,0.));
#7793 = DEFINITIONAL_REPRESENTATION('',(#7794),#7798);
#7794 = LINE('',#7795,#7796);
#7795 = CARTESIAN_POINT('',(0.,0.55));
#7796 = VECTOR('',#7797,1.);
#7797 = DIRECTION('',(-1.,-0.));
#7798 = ( GEOMETRIC_REPRESENTATION_CONTEXT(2) 
PARAMETRIC_REPRESENTATION_CONTEXT() REPRESENTATION_CONTEXT('2D SPACE',''
  ) );
#7799 = ADVANCED_FACE('',(#7800),#7109,.F.);
#7800 = FACE_BOUND('',#7801,.F.);
#7801 = EDGE_LOOP('',(#7802,#7803,#7804));
#7802 = ORIENTED_EDGE('',*,*,#7095,.F.);
#7803 = ORIENTED_EDGE('',*,*,#7297,.T.);
#7804 = ORIENTED_EDGE('',*,*,#7149,.F.);
#7805 = ADVANCED_FACE('',(#7806),#7210,.T.);
#7806 = FACE_BOUND('',#7807,.T.);
#7807 = EDGE_LOOP('',(#7808,#7809,#7810));
#7808 = ORIENTED_EDGE('',*,*,#7196,.F.);
#7809 = ORIENTED_EDGE('',*,*,#7319,.T.);
#7810 = ORIENTED_EDGE('',*,*,#7250,.F.);
#7811 = ADVANCED_FACE('',(#7812,#7815),#7402,.T.);
#7812 = FACE_BOUND('',#7813,.T.);
#7813 = EDGE_LOOP('',(#7814));
#7814 = ORIENTED_EDGE('',*,*,#7387,.T.);
#7815 = FACE_BOUND('',#7816,.T.);
#7816 = EDGE_LOOP('',(#7817));
#7817 = ORIENTED_EDGE('',*,*,#7818,.F.);
#7818 = EDGE_CURVE('',#7819,#7819,#7821,.T.);
#7819 = VERTEX_POINT('',#7820);
#7820 = CARTESIAN_POINT('',(-97.2,-100.,4.));
#7821 = SURFACE_CURVE('',#7822,(#7827,#7834),.PCURVE_S1.);
#7822 = CIRCLE('',#7823,2.8);
#7823 = AXIS2_PLACEMENT_3D('',#7824,#7825,#7826);
#7824 = CARTESIAN_POINT('',(-100.,-100.,4.));
#7825 = DIRECTION('',(0.,0.,1.));
#7826 = DIRECTION('',(1.,0.,-0.));
#7827 = PCURVE('',#7402,#7828);
#7828 = DEFINITIONAL_REPRESENTATION('',(#7829),#7833);
#7829 = CIRCLE('',#7830,2.8);
#7830 = AXIS2_PLACEMENT_2D('',#7831,#7832);
#7831 = CARTESIAN_POINT('',(0.,0.));
#7832 = DIRECTION('',(1.,0.));
#7833 = ( GEOMETRIC_REPRESENTATION_CONTEXT(2) 
PARAMETRIC_REPRESENTATION_CONTEXT() REPRESENTATION_CONTEXT('2D SPACE',''
  ) );
#7834 = PCURVE('',#7835,#7840);
#7835 = CONICAL_SURFACE('',#7836,2.25,0.785398163397);
#7836 = AXIS2_PLACEMENT_3D('',#7837,#7838,#7839);
#7837 = CARTESIAN_POINT('',(-100.,-100.,3.45));
#7838 = DIRECTION('',(0.,0.,1.));
#7839 = DIRECTION('',(1.,0.,-0.));
#7840 = DEFINITIONAL_REPRESENTATION('',(#7841),#7845);
#7841 = LINE('',#7842,#7843);
#7842 = CARTESIAN_POINT('',(-0.,0.55));
#7843 = VECTOR('',#7844,1.);
#7844 = DIRECTION('',(1.,-0.));
#7845 = ( GEOMETRIC_REPRESENTATION_CONTEXT(2) 
PARAMETRIC_REPRESENTATION_CONTEXT() REPRESENTATION_CONTEXT('2D SPACE',''
  ) );
#7846 = ADVANCED_FACE('',(#7847,#7850),#7455,.T.);
#7847 = FACE_BOUND('',#7848,.T.);
#7848 = EDGE_LOOP('',(#7849));
#7849 = ORIENTED_EDGE('',*,*,#7440,.T.);
#7850 = FACE_BOUND('',#7851,.T.);
#7851 = EDGE_LOOP('',(#7852));
#7852 = ORIENTED_EDGE('',*,*,#7853,.F.);
#7853 = EDGE_CURVE('',#7854,#7854,#7856,.T.);
#7854 = VERTEX_POINT('',#7855);
#7855 = CARTESIAN_POINT('',(102.8,-100.,4.));
#7856 = SURFACE_CURVE('',#7857,(#7862,#7869),.PCURVE_S1.);
#7857 = CIRCLE('',#7858,2.8);
#7858 = AXIS2_PLACEMENT_3D('',#7859,#7860,#7861);
#7859 = CARTESIAN_POINT('',(100.,-100.,4.));
#7860 = DIRECTION('',(0.,0.,1.));
#7861 = DIRECTION('',(1.,0.,-0.));
#7862 = PCURVE('',#7455,#7863);
#7863 = DEFINITIONAL_REPRESENTATION('',(#7864),#7868);
#7864 = CIRCLE('',#7865,2.8);
#7865 = AXIS2_PLACEMENT_2D('',#7866,#7867);
#7866 = CARTESIAN_POINT('',(0.,0.));
#7867 = DIRECTION('',(1.,0.));
#7868 = ( GEOMETRIC_REPRESENTATION_CONTEXT(2) 
PARAMETRIC_REPRESENTATION_CONTEXT() REPRESENTATION_CONTEXT('2D SPACE',''
  ) );
#7869 = PCURVE('',#7870,#7875);
#7870 = CONICAL_SURFACE('',#7871,2.25,0.785398163397);
#7871 = AXIS2_PLACEMENT_3D('',#7872,#7873,#7874);
#7872 = CARTESIAN_POINT('',(100.,-100.,3.45));
#7873 = DIRECTION('',(0.,0.,1.));
#7874 = DIRECTION('',(1.,0.,-0.));
#7875 = DEFINITIONAL_REPRESENTATION('',(#7876),#7880);
#7876 = LINE('',#7877,#7878);
#7877 = CARTESIAN_POINT('',(-0.,0.55));
#7878 = VECTOR('',#7879,1.);
#7879 = DIRECTION('',(1.,-0.));
#7880 = ( GEOMETRIC_REPRESENTATION_CONTEXT(2) 
PARAMETRIC_REPRESENTATION_CONTEXT() REPRESENTATION_CONTEXT('2D SPACE',''
  ) );
#7881 = ADVANCED_FACE('',(#7882,#7885),#7508,.T.);
#7882 = FACE_BOUND('',#7883,.T.);
#7883 = EDGE_LOOP('',(#7884));
#7884 = ORIENTED_EDGE('',*,*,#7493,.T.);
#7885 = FACE_BOUND('',#7886,.T.);
#7886 = EDGE_LOOP('',(#7887));
#7887 = ORIENTED_EDGE('',*,*,#7888,.F.);
#7888 = EDGE_CURVE('',#7889,#7889,#7891,.T.);
#7889 = VERTEX_POINT('',#7890);
#7890 = CARTESIAN_POINT('',(-97.2,100.,4.));
#7891 = SURFACE_CURVE('',#7892,(#7897,#7904),.PCURVE_S1.);
#7892 = CIRCLE('',#7893,2.8);
#7893 = AXIS2_PLACEMENT_3D('',#7894,#7895,#7896);
#7894 = CARTESIAN_POINT('',(-100.,100.,4.));
#7895 = DIRECTION('',(0.,0.,1.));
#7896 = DIRECTION('',(1.,0.,-0.));
#7897 = PCURVE('',#7508,#7898);
#7898 = DEFINITIONAL_REPRESENTATION('',(#7899),#7903);
#7899 = CIRCLE('',#7900,2.8);
#7900 = AXIS2_PLACEMENT_2D('',#7901,#7902);
#7901 = CARTESIAN_POINT('',(0.,0.));
#7902 = DIRECTION('',(1.,0.));
#7903 = ( GEOMETRIC_REPRESENTATION_CONTEXT(2) 
PARAMETRIC_REPRESENTATION_CONTEXT() REPRESENTATION_CONTEXT('2D SPACE',''
  ) );
#7904 = PCURVE('',#7905,#7910);
#7905 = CONICAL_SURFACE('',#7906,2.25,0.785398163397);
#7906 = AXIS2_PLACEMENT_3D('',#7907,#7908,#7909);
#7907 = CARTESIAN_POINT('',(-100.,100.,3.45));
#7908 = DIRECTION('',(0.,0.,1.));
#7909 = DIRECTION('',(1.,0.,-0.));
#7910 = DEFINITIONAL_REPRESENTATION('',(#7911),#7915);
#7911 = LINE('',#7912,#7913);
#7912 = CARTESIAN_POINT('',(-0.,0.55));
#7913 = VECTOR('',#7914,1.);
#7914 = DIRECTION('',(1.,-0.));
#7915 = ( GEOMETRIC_REPRESENTATION_CONTEXT(2) 
PARAMETRIC_REPRESENTATION_CONTEXT() REPRESENTATION_CONTEXT('2D SPACE',''
  ) );
#7916 = ADVANCED_FACE('',(#7917,#7920),#7561,.T.);
#7917 = FACE_BOUND('',#7918,.T.);
#7918 = EDGE_LOOP('',(#7919));
#7919 = ORIENTED_EDGE('',*,*,#7546,.T.);
#7920 = FACE_BOUND('',#7921,.T.);
#7921 = EDGE_LOOP('',(#7922));
#7922 = ORIENTED_EDGE('',*,*,#7923,.F.);
#7923 = EDGE_CURVE('',#7924,#7924,#7926,.T.);
#7924 = VERTEX_POINT('',#7925);
#7925 = CARTESIAN_POINT('',(102.8,100.,4.));
#7926 = SURFACE_CURVE('',#7927,(#7932,#7939),.PCURVE_S1.);
#7927 = CIRCLE('',#7928,2.8);
#7928 = AXIS2_PLACEMENT_3D('',#7929,#7930,#7931);
#7929 = CARTESIAN_POINT('',(100.,100.,4.));
#7930 = DIRECTION('',(0.,0.,1.));
#7931 = DIRECTION('',(1.,0.,-0.));
#7932 = PCURVE('',#7561,#7933);
#7933 = DEFINITIONAL_REPRESENTATION('',(#7934),#7938);
#7934 = CIRCLE('',#7935,2.8);
#7935 = AXIS2_PLACEMENT_2D('',#7936,#7937);
#7936 = CARTESIAN_POINT('',(0.,0.));
#7937 = DIRECTION('',(1.,0.));
#7938 = ( GEOMETRIC_REPRESENTATION_CONTEXT(2) 
PARAMETRIC_REPRESENTATION_CONTEXT() REPRESENTATION_CONTEXT('2D SPACE',''
  ) );
#7939 = PCURVE('',#7940,#7945);
#7940 = CONICAL_SURFACE('',#7941,2.25,0.785398163397);
#7941 = AXIS2_PLACEMENT_3D('',#7942,#7943,#7944);
#7942 = CARTESIAN_POINT('',(100.,100.,3.45));
#7943 = DIRECTION('',(0.,0.,1.));
#7944 = DIRECTION('',(1.,0.,-0.));
#7945 = DEFINITIONAL_REPRESENTATION('',(#7946),#7950);
#7946 = LINE('',#7947,#7948);
#7947 = CARTESIAN_POINT('',(-0.,0.55));
#7948 = VECTOR('',#7949,1.);
#7949 = DIRECTION('',(1.,-0.));
#7950 = ( GEOMETRIC_REPRESENTATION_CONTEXT(2) 
PARAMETRIC_REPRESENTATION_CONTEXT() REPRESENTATION_CONTEXT('2D SPACE',''
  ) );
#7951 = ADVANCED_FACE('',(#7952),#7612,.F.);
#7952 = FACE_BOUND('',#7953,.F.);
#7953 = EDGE_LOOP('',(#7954,#7977,#7978,#7979));
#7954 = ORIENTED_EDGE('',*,*,#7955,.T.);
#7955 = EDGE_CURVE('',#7956,#7577,#7958,.T.);
#7956 = VERTEX_POINT('',#7957);
#7957 = CARTESIAN_POINT('',(106.5,0.,0.55));
#7958 = SEAM_CURVE('',#7959,(#7963,#7970),.PCURVE_S1.);
#7959 = LINE('',#7960,#7961);
#7960 = CARTESIAN_POINT('',(106.5,-2.608497682184E-14,-2.));
#7961 = VECTOR('',#7962,1.);
#7962 = DIRECTION('',(0.,0.,1.));
#7963 = PCURVE('',#7612,#7964);
#7964 = DEFINITIONAL_REPRESENTATION('',(#7965),#7969);
#7965 = LINE('',#7966,#7967);
#7966 = CARTESIAN_POINT('',(6.28318530718,-0.));
#7967 = VECTOR('',#7968,1.);
#7968 = DIRECTION('',(0.,1.));
#7969 = ( GEOMETRIC_REPRESENTATION_CONTEXT(2) 
PARAMETRIC_REPRESENTATION_CONTEXT() REPRESENTATION_CONTEXT('2D SPACE',''
  ) );
#7970 = PCURVE('',#7612,#7971);
#7971 = DEFINITIONAL_REPRESENTATION('',(#7972),#7976);
#7972 = LINE('',#7973,#7974);
#7973 = CARTESIAN_POINT('',(0.,-0.));
#7974 = VECTOR('',#7975,1.);
#7975 = DIRECTION('',(0.,1.));
#7976 = ( GEOMETRIC_REPRESENTATION_CONTEXT(2) 
PARAMETRIC_REPRESENTATION_CONTEXT() REPRESENTATION_CONTEXT('2D SPACE',''
  ) );
#7977 = ORIENTED_EDGE('',*,*,#7597,.F.);
#7978 = ORIENTED_EDGE('',*,*,#7955,.F.);
#7979 = ORIENTED_EDGE('',*,*,#7980,.T.);
#7980 = EDGE_CURVE('',#7956,#7956,#7981,.T.);
#7981 = SURFACE_CURVE('',#7982,(#7987,#7994),.PCURVE_S1.);
#7982 = CIRCLE('',#7983,106.5);
#7983 = AXIS2_PLACEMENT_3D('',#7984,#7985,#7986);
#7984 = CARTESIAN_POINT('',(0.,0.,0.55));
#7985 = DIRECTION('',(0.,0.,1.));
#7986 = DIRECTION('',(1.,0.,-0.));
#7987 = PCURVE('',#7612,#7988);
#7988 = DEFINITIONAL_REPRESENTATION('',(#7989),#7993);
#7989 = LINE('',#7990,#7991);
#7990 = CARTESIAN_POINT('',(0.,2.55));
#7991 = VECTOR('',#7992,1.);
#7992 = DIRECTION('',(1.,0.));
#7993 = ( GEOMETRIC_REPRESENTATION_CONTEXT(2) 
PARAMETRIC_REPRESENTATION_CONTEXT() REPRESENTATION_CONTEXT('2D SPACE',''
  ) );
#7994 = PCURVE('',#7788,#7995);
#7995 = DEFINITIONAL_REPRESENTATION('',(#7996),#8000);
#7996 = LINE('',#7997,#7998);
#7997 = CARTESIAN_POINT('',(-0.,-0.));
#7998 = VECTOR('',#7999,1.);
#7999 = DIRECTION('',(-1.,-0.));
#8000 = ( GEOMETRIC_REPRESENTATION_CONTEXT(2) 
PARAMETRIC_REPRESENTATION_CONTEXT() REPRESENTATION_CONTEXT('2D SPACE',''
  ) );
#8001 = ADVANCED_FACE('',(#8002),#7664,.F.);
#8002 = FACE_BOUND('',#8003,.F.);
#8003 = EDGE_LOOP('',(#8004,#8025,#8026,#8027));
#8004 = ORIENTED_EDGE('',*,*,#8005,.F.);
#8005 = EDGE_CURVE('',#7648,#8006,#8008,.T.);
#8006 = VERTEX_POINT('',#8007);
#8007 = CARTESIAN_POINT('',(-97.75,-100.,0.55));
#8008 = SEAM_CURVE('',#8009,(#8013,#8019),.PCURVE_S1.);
#8009 = LINE('',#8010,#8011);
#8010 = CARTESIAN_POINT('',(-97.75,-100.,0.55));
#8011 = VECTOR('',#8012,1.);
#8012 = DIRECTION('',(-0.707106781187,0.,0.707106781187));
#8013 = PCURVE('',#7664,#8014);
#8014 = DEFINITIONAL_REPRESENTATION('',(#8015),#8018);
#8015 = B_SPLINE_CURVE_WITH_KNOTS('',1,(#8016,#8017),.UNSPECIFIED.,.F.,
  .F.,(2,2),(-0.777817459305,0.),.PIECEWISE_BEZIER_KNOTS.);
#8016 = CARTESIAN_POINT('',(0.,0.55));
#8017 = CARTESIAN_POINT('',(0.,0.));
#8018 = ( GEOMETRIC_REPRESENTATION_CONTEXT(2) 
PARAMETRIC_REPRESENTATION_CONTEXT() REPRESENTATION_CONTEXT('2D SPACE',''
  ) );
#8019 = PCURVE('',#7664,#8020);
#8020 = DEFINITIONAL_REPRESENTATION('',(#8021),#8024);
#8021 = B_SPLINE_CURVE_WITH_KNOTS('',1,(#8022,#8023),.UNSPECIFIED.,.F.,
  .F.,(2,2),(-0.777817459305,0.),.PIECEWISE_BEZIER_KNOTS.);
#8022 = CARTESIAN_POINT('',(-6.28318530718,0.55));
#8023 = CARTESIAN_POINT('',(-6.28318530718,0.));
#8024 = ( GEOMETRIC_REPRESENTATION_CONTEXT(2) 
PARAMETRIC_REPRESENTATION_CONTEXT() REPRESENTATION_CONTEXT('2D SPACE',''
  ) );
#8025 = ORIENTED_EDGE('',*,*,#7647,.T.);
#8026 = ORIENTED_EDGE('',*,*,#8005,.T.);
#8027 = ORIENTED_EDGE('',*,*,#8028,.F.);
#8028 = EDGE_CURVE('',#8006,#8006,#8029,.T.);
#8029 = SURFACE_CURVE('',#8030,(#8035,#8042),.PCURVE_S1.);
#8030 = CIRCLE('',#8031,2.25);
#8031 = AXIS2_PLACEMENT_3D('',#8032,#8033,#8034);
#8032 = CARTESIAN_POINT('',(-100.,-100.,0.55));
#8033 = DIRECTION('',(0.,0.,1.));
#8034 = DIRECTION('',(1.,0.,-0.));
#8035 = PCURVE('',#7664,#8036);
#8036 = DEFINITIONAL_REPRESENTATION('',(#8037),#8041);
#8037 = LINE('',#8038,#8039);
#8038 = CARTESIAN_POINT('',(-0.,-0.));
#8039 = VECTOR('',#8040,1.);
#8040 = DIRECTION('',(-1.,-0.));
#8041 = ( GEOMETRIC_REPRESENTATION_CONTEXT(2) 
PARAMETRIC_REPRESENTATION_CONTEXT() REPRESENTATION_CONTEXT('2D SPACE',''
  ) );
#8042 = PCURVE('',#8043,#8048);
#8043 = CYLINDRICAL_SURFACE('',#8044,2.25);
#8044 = AXIS2_PLACEMENT_3D('',#8045,#8046,#8047);
#8045 = CARTESIAN_POINT('',(-100.,-100.,-3.));
#8046 = DIRECTION('',(0.,0.,1.));
#8047 = DIRECTION('',(1.,0.,0.));
#8048 = DEFINITIONAL_REPRESENTATION('',(#8049),#8053);
#8049 = LINE('',#8050,#8051);
#8050 = CARTESIAN_POINT('',(0.,3.55));
#8051 = VECTOR('',#8052,1.);
#8052 = DIRECTION('',(1.,0.));
#8053 = ( GEOMETRIC_REPRESENTATION_CONTEXT(2) 
PARAMETRIC_REPRESENTATION_CONTEXT() REPRESENTATION_CONTEXT('2D SPACE',''
  ) );
#8054 = ADVANCED_FACE('',(#8055),#7695,.F.);
#8055 = FACE_BOUND('',#8056,.F.);
#8056 = EDGE_LOOP('',(#8057,#8078,#8079,#8080));
#8057 = ORIENTED_EDGE('',*,*,#8058,.F.);
#8058 = EDGE_CURVE('',#7679,#8059,#8061,.T.);
#8059 = VERTEX_POINT('',#8060);
#8060 = CARTESIAN_POINT('',(102.25,-100.,0.55));
#8061 = SEAM_CURVE('',#8062,(#8066,#8072),.PCURVE_S1.);
#8062 = LINE('',#8063,#8064);
#8063 = CARTESIAN_POINT('',(102.25,-100.,0.55));
#8064 = VECTOR('',#8065,1.);
#8065 = DIRECTION('',(-0.707106781187,0.,0.707106781187));
#8066 = PCURVE('',#7695,#8067);
#8067 = DEFINITIONAL_REPRESENTATION('',(#8068),#8071);
#8068 = B_SPLINE_CURVE_WITH_KNOTS('',1,(#8069,#8070),.UNSPECIFIED.,.F.,
  .F.,(2,2),(-0.777817459305,0.),.PIECEWISE_BEZIER_KNOTS.);
#8069 = CARTESIAN_POINT('',(0.,0.55));
#8070 = CARTESIAN_POINT('',(0.,0.));
#8071 = ( GEOMETRIC_REPRESENTATION_CONTEXT(2) 
PARAMETRIC_REPRESENTATION_CONTEXT() REPRESENTATION_CONTEXT('2D SPACE',''
  ) );
#8072 = PCURVE('',#7695,#8073);
#8073 = DEFINITIONAL_REPRESENTATION('',(#8074),#8077);
#8074 = B_SPLINE_CURVE_WITH_KNOTS('',1,(#8075,#8076),.UNSPECIFIED.,.F.,
  .F.,(2,2),(-0.777817459305,0.),.PIECEWISE_BEZIER_KNOTS.);
#8075 = CARTESIAN_POINT('',(-6.28318530718,0.55));
#8076 = CARTESIAN_POINT('',(-6.28318530718,0.));
#8077 = ( GEOMETRIC_REPRESENTATION_CONTEXT(2) 
PARAMETRIC_REPRESENTATION_CONTEXT() REPRESENTATION_CONTEXT('2D SPACE',''
  ) );
#8078 = ORIENTED_EDGE('',*,*,#7678,.T.);
#8079 = ORIENTED_EDGE('',*,*,#8058,.T.);
#8080 = ORIENTED_EDGE('',*,*,#8081,.F.);
#8081 = EDGE_CURVE('',#8059,#8059,#8082,.T.);
#8082 = SURFACE_CURVE('',#8083,(#8088,#8095),.PCURVE_S1.);
#8083 = CIRCLE('',#8084,2.25);
#8084 = AXIS2_PLACEMENT_3D('',#8085,#8086,#8087);
#8085 = CARTESIAN_POINT('',(100.,-100.,0.55));
#8086 = DIRECTION('',(0.,0.,1.));
#8087 = DIRECTION('',(1.,0.,-0.));
#8088 = PCURVE('',#7695,#8089);
#8089 = DEFINITIONAL_REPRESENTATION('',(#8090),#8094);
#8090 = LINE('',#8091,#8092);
#8091 = CARTESIAN_POINT('',(-0.,-0.));
#8092 = VECTOR('',#8093,1.);
#8093 = DIRECTION('',(-1.,-0.));
#8094 = ( GEOMETRIC_REPRESENTATION_CONTEXT(2) 
PARAMETRIC_REPRESENTATION_CONTEXT() REPRESENTATION_CONTEXT('2D SPACE',''
  ) );
#8095 = PCURVE('',#8096,#8101);
#8096 = CYLINDRICAL_SURFACE('',#8097,2.25);
#8097 = AXIS2_PLACEMENT_3D('',#8098,#8099,#8100);
#8098 = CARTESIAN_POINT('',(100.,-100.,-3.));
#8099 = DIRECTION('',(0.,0.,1.));
#8100 = DIRECTION('',(1.,0.,0.));
#8101 = DEFINITIONAL_REPRESENTATION('',(#8102),#8106);
#8102 = LINE('',#8103,#8104);
#8103 = CARTESIAN_POINT('',(0.,3.55));
#8104 = VECTOR('',#8105,1.);
#8105 = DIRECTION('',(1.,0.));
#8106 = ( GEOMETRIC_REPRESENTATION_CONTEXT(2) 
PARAMETRIC_REPRESENTATION_CONTEXT() REPRESENTATION_CONTEXT('2D SPACE',''
  ) );
#8107 = ADVANCED_FACE('',(#8108),#7726,.F.);
#8108 = FACE_BOUND('',#8109,.F.);
#8109 = EDGE_LOOP('',(#8110,#8131,#8132,#8133));
#8110 = ORIENTED_EDGE('',*,*,#8111,.F.);
#8111 = EDGE_CURVE('',#7710,#8112,#8114,.T.);
#8112 = VERTEX_POINT('',#8113);
#8113 = CARTESIAN_POINT('',(-97.75,100.,0.55));
#8114 = SEAM_CURVE('',#8115,(#8119,#8125),.PCURVE_S1.);
#8115 = LINE('',#8116,#8117);
#8116 = CARTESIAN_POINT('',(-97.75,100.,0.55));
#8117 = VECTOR('',#8118,1.);
#8118 = DIRECTION('',(-0.707106781187,0.,0.707106781187));
#8119 = PCURVE('',#7726,#8120);
#8120 = DEFINITIONAL_REPRESENTATION('',(#8121),#8124);
#8121 = B_SPLINE_CURVE_WITH_KNOTS('',1,(#8122,#8123),.UNSPECIFIED.,.F.,
  .F.,(2,2),(-0.777817459305,0.),.PIECEWISE_BEZIER_KNOTS.);
#8122 = CARTESIAN_POINT('',(0.,0.55));
#8123 = CARTESIAN_POINT('',(0.,0.));
#8124 = ( GEOMETRIC_REPRESENTATION_CONTEXT(2) 
PARAMETRIC_REPRESENTATION_CONTEXT() REPRESENTATION_CONTEXT('2D SPACE',''
  ) );
#8125 = PCURVE('',#7726,#8126);
#8126 = DEFINITIONAL_REPRESENTATION('',(#8127),#8130);
#8127 = B_SPLINE_CURVE_WITH_KNOTS('',1,(#8128,#8129),.UNSPECIFIED.,.F.,
  .F.,(2,2),(-0.777817459305,0.),.PIECEWISE_BEZIER_KNOTS.);
#8128 = CARTESIAN_POINT('',(-6.28318530718,0.55));
#8129 = CARTESIAN_POINT('',(-6.28318530718,0.));
#8130 = ( GEOMETRIC_REPRESENTATION_CONTEXT(2) 
PARAMETRIC_REPRESENTATION_CONTEXT() REPRESENTATION_CONTEXT('2D SPACE',''
  ) );
#8131 = ORIENTED_EDGE('',*,*,#7709,.T.);
#8132 = ORIENTED_EDGE('',*,*,#8111,.T.);
#8133 = ORIENTED_EDGE('',*,*,#8134,.F.);
#8134 = EDGE_CURVE('',#8112,#8112,#8135,.T.);
#8135 = SURFACE_CURVE('',#8136,(#8141,#8148),.PCURVE_S1.);
#8136 = CIRCLE('',#8137,2.25);
#8137 = AXIS2_PLACEMENT_3D('',#8138,#8139,#8140);
#8138 = CARTESIAN_POINT('',(-100.,100.,0.55));
#8139 = DIRECTION('',(0.,0.,1.));
#8140 = DIRECTION('',(1.,0.,-0.));
#8141 = PCURVE('',#7726,#8142);
#8142 = DEFINITIONAL_REPRESENTATION('',(#8143),#8147);
#8143 = LINE('',#8144,#8145);
#8144 = CARTESIAN_POINT('',(-0.,-0.));
#8145 = VECTOR('',#8146,1.);
#8146 = DIRECTION('',(-1.,-0.));
#8147 = ( GEOMETRIC_REPRESENTATION_CONTEXT(2) 
PARAMETRIC_REPRESENTATION_CONTEXT() REPRESENTATION_CONTEXT('2D SPACE',''
  ) );
#8148 = PCURVE('',#8149,#8154);
#8149 = CYLINDRICAL_SURFACE('',#8150,2.25);
#8150 = AXIS2_PLACEMENT_3D('',#8151,#8152,#8153);
#8151 = CARTESIAN_POINT('',(-100.,100.,-3.));
#8152 = DIRECTION('',(0.,0.,1.));
#8153 = DIRECTION('',(1.,0.,0.));
#8154 = DEFINITIONAL_REPRESENTATION('',(#8155),#8159);
#8155 = LINE('',#8156,#8157);
#8156 = CARTESIAN_POINT('',(0.,3.55));
#8157 = VECTOR('',#8158,1.);
#8158 = DIRECTION('',(1.,0.));
#8159 = ( GEOMETRIC_REPRESENTATION_CONTEXT(2) 
PARAMETRIC_REPRESENTATION_CONTEXT() REPRESENTATION_CONTEXT('2D SPACE',''
  ) );
#8160 = ADVANCED_FACE('',(#8161),#7757,.F.);
#8161 = FACE_BOUND('',#8162,.F.);
#8162 = EDGE_LOOP('',(#8163,#8184,#8185,#8186));
#8163 = ORIENTED_EDGE('',*,*,#8164,.F.);
#8164 = EDGE_CURVE('',#7741,#8165,#8167,.T.);
#8165 = VERTEX_POINT('',#8166);
#8166 = CARTESIAN_POINT('',(102.25,100.,0.55));
#8167 = SEAM_CURVE('',#8168,(#8172,#8178),.PCURVE_S1.);
#8168 = LINE('',#8169,#8170);
#8169 = CARTESIAN_POINT('',(102.25,100.,0.55));
#8170 = VECTOR('',#8171,1.);
#8171 = DIRECTION('',(-0.707106781187,0.,0.707106781187));
#8172 = PCURVE('',#7757,#8173);
#8173 = DEFINITIONAL_REPRESENTATION('',(#8174),#8177);
#8174 = B_SPLINE_CURVE_WITH_KNOTS('',1,(#8175,#8176),.UNSPECIFIED.,.F.,
  .F.,(2,2),(-0.777817459305,0.),.PIECEWISE_BEZIER_KNOTS.);
#8175 = CARTESIAN_POINT('',(0.,0.55));
#8176 = CARTESIAN_POINT('',(0.,0.));
#8177 = ( GEOMETRIC_REPRESENTATION_CONTEXT(2) 
PARAMETRIC_REPRESENTATION_CONTEXT() REPRESENTATION_CONTEXT('2D SPACE',''
  ) );
#8178 = PCURVE('',#7757,#8179);
#8179 = DEFINITIONAL_REPRESENTATION('',(#8180),#8183);
#8180 = B_SPLINE_CURVE_WITH_KNOTS('',1,(#8181,#8182),.UNSPECIFIED.,.F.,
  .F.,(2,2),(-0.777817459305,0.),.PIECEWISE_BEZIER_KNOTS.);
#8181 = CARTESIAN_POINT('',(-6.28318530718,0.55));
#8182 = CARTESIAN_POINT('',(-6.28318530718,0.));
#8183 = ( GEOMETRIC_REPRESENTATION_CONTEXT(2) 
PARAMETRIC_REPRESENTATION_CONTEXT() REPRESENTATION_CONTEXT('2D SPACE',''
  ) );
#8184 = ORIENTED_EDGE('',*,*,#7740,.T.);
#8185 = ORIENTED_EDGE('',*,*,#8164,.T.);
#8186 = ORIENTED_EDGE('',*,*,#8187,.F.);
#8187 = EDGE_CURVE('',#8165,#8165,#8188,.T.);
#8188 = SURFACE_CURVE('',#8189,(#8194,#8201),.PCURVE_S1.);
#8189 = CIRCLE('',#8190,2.25);
#8190 = AXIS2_PLACEMENT_3D('',#8191,#8192,#8193);
#8191 = CARTESIAN_POINT('',(100.,100.,0.55));
#8192 = DIRECTION('',(0.,0.,1.));
#8193 = DIRECTION('',(1.,0.,-0.));
#8194 = PCURVE('',#7757,#8195);
#8195 = DEFINITIONAL_REPRESENTATION('',(#8196),#8200);
#8196 = LINE('',#8197,#8198);
#8197 = CARTESIAN_POINT('',(-0.,-0.));
#8198 = VECTOR('',#8199,1.);
#8199 = DIRECTION('',(-1.,-0.));
#8200 = ( GEOMETRIC_REPRESENTATION_CONTEXT(2) 
PARAMETRIC_REPRESENTATION_CONTEXT() REPRESENTATION_CONTEXT('2D SPACE',''
  ) );
#8201 = PCURVE('',#8202,#8207);
#8202 = CYLINDRICAL_SURFACE('',#8203,2.25);
#8203 = AXIS2_PLACEMENT_3D('',#8204,#8205,#8206);
#8204 = CARTESIAN_POINT('',(100.,100.,-3.));
#8205 = DIRECTION('',(0.,0.,1.));
#8206 = DIRECTION('',(1.,0.,0.));
#8207 = DEFINITIONAL_REPRESENTATION('',(#8208),#8212);
#8208 = LINE('',#8209,#8210);
#8209 = CARTESIAN_POINT('',(0.,3.55));
#8210 = VECTOR('',#8211,1.);
#8211 = DIRECTION('',(1.,0.));
#8212 = ( GEOMETRIC_REPRESENTATION_CONTEXT(2) 
PARAMETRIC_REPRESENTATION_CONTEXT() REPRESENTATION_CONTEXT('2D SPACE',''
  ) );
#8213 = ADVANCED_FACE('',(#8214),#7788,.F.);
#8214 = FACE_BOUND('',#8215,.F.);
#8215 = EDGE_LOOP('',(#8216,#8235,#8236,#8237));
#8216 = ORIENTED_EDGE('',*,*,#8217,.F.);
#8217 = EDGE_CURVE('',#7772,#7956,#8218,.T.);
#8218 = SEAM_CURVE('',#8219,(#8223,#8229),.PCURVE_S1.);
#8219 = LINE('',#8220,#8221);
#8220 = CARTESIAN_POINT('',(106.5,0.,0.55));
#8221 = VECTOR('',#8222,1.);
#8222 = DIRECTION('',(-0.707106781187,0.,0.707106781187));
#8223 = PCURVE('',#7788,#8224);
#8224 = DEFINITIONAL_REPRESENTATION('',(#8225),#8228);
#8225 = B_SPLINE_CURVE_WITH_KNOTS('',1,(#8226,#8227),.UNSPECIFIED.,.F.,
  .F.,(2,2),(-0.777817459305,0.),.PIECEWISE_BEZIER_KNOTS.);
#8226 = CARTESIAN_POINT('',(0.,0.55));
#8227 = CARTESIAN_POINT('',(0.,0.));
#8228 = ( GEOMETRIC_REPRESENTATION_CONTEXT(2) 
PARAMETRIC_REPRESENTATION_CONTEXT() REPRESENTATION_CONTEXT('2D SPACE',''
  ) );
#8229 = PCURVE('',#7788,#8230);
#8230 = DEFINITIONAL_REPRESENTATION('',(#8231),#8234);
#8231 = B_SPLINE_CURVE_WITH_KNOTS('',1,(#8232,#8233),.UNSPECIFIED.,.F.,
  .F.,(2,2),(-0.777817459305,0.),.PIECEWISE_BEZIER_KNOTS.);
#8232 = CARTESIAN_POINT('',(-6.28318530718,0.55));
#8233 = CARTESIAN_POINT('',(-6.28318530718,0.));
#8234 = ( GEOMETRIC_REPRESENTATION_CONTEXT(2) 
PARAMETRIC_REPRESENTATION_CONTEXT() REPRESENTATION_CONTEXT('2D SPACE',''
  ) );
#8235 = ORIENTED_EDGE('',*,*,#7771,.T.);
#8236 = ORIENTED_EDGE('',*,*,#8217,.T.);
#8237 = ORIENTED_EDGE('',*,*,#7980,.F.);
#8238 = ADVANCED_FACE('',(#8239),#7835,.F.);
#8239 = FACE_BOUND('',#8240,.T.);
#8240 = EDGE_LOOP('',(#8241,#8262,#8263,#8264));
#8241 = ORIENTED_EDGE('',*,*,#8242,.F.);
#8242 = EDGE_CURVE('',#7819,#8243,#8245,.T.);
#8243 = VERTEX_POINT('',#8244);
#8244 = CARTESIAN_POINT('',(-97.75,-100.,3.45));
#8245 = SEAM_CURVE('',#8246,(#8250,#8256),.PCURVE_S1.);
#8246 = LINE('',#8247,#8248);
#8247 = CARTESIAN_POINT('',(-97.75,-100.,3.45));
#8248 = VECTOR('',#8249,1.);
#8249 = DIRECTION('',(-0.707106781187,-0.,-0.707106781187));
#8250 = PCURVE('',#7835,#8251);
#8251 = DEFINITIONAL_REPRESENTATION('',(#8252),#8255);
#8252 = B_SPLINE_CURVE_WITH_KNOTS('',1,(#8253,#8254),.UNSPECIFIED.,.F.,
  .F.,(2,2),(-0.777817459305,0.),.PIECEWISE_BEZIER_KNOTS.);
#8253 = CARTESIAN_POINT('',(0.,0.55));
#8254 = CARTESIAN_POINT('',(0.,0.));
#8255 = ( GEOMETRIC_REPRESENTATION_CONTEXT(2) 
PARAMETRIC_REPRESENTATION_CONTEXT() REPRESENTATION_CONTEXT('2D SPACE',''
  ) );
#8256 = PCURVE('',#7835,#8257);
#8257 = DEFINITIONAL_REPRESENTATION('',(#8258),#8261);
#8258 = B_SPLINE_CURVE_WITH_KNOTS('',1,(#8259,#8260),.UNSPECIFIED.,.F.,
  .F.,(2,2),(-0.777817459305,0.),.PIECEWISE_BEZIER_KNOTS.);
#8259 = CARTESIAN_POINT('',(6.28318530718,0.55));
#8260 = CARTESIAN_POINT('',(6.28318530718,0.));
#8261 = ( GEOMETRIC_REPRESENTATION_CONTEXT(2) 
PARAMETRIC_REPRESENTATION_CONTEXT() REPRESENTATION_CONTEXT('2D SPACE',''
  ) );
#8262 = ORIENTED_EDGE('',*,*,#7818,.T.);
#8263 = ORIENTED_EDGE('',*,*,#8242,.T.);
#8264 = ORIENTED_EDGE('',*,*,#8265,.F.);
#8265 = EDGE_CURVE('',#8243,#8243,#8266,.T.);
#8266 = SURFACE_CURVE('',#8267,(#8272,#8279),.PCURVE_S1.);
#8267 = CIRCLE('',#8268,2.25);
#8268 = AXIS2_PLACEMENT_3D('',#8269,#8270,#8271);
#8269 = CARTESIAN_POINT('',(-100.,-100.,3.45));
#8270 = DIRECTION('',(0.,0.,1.));
#8271 = DIRECTION('',(1.,0.,-0.));
#8272 = PCURVE('',#7835,#8273);
#8273 = DEFINITIONAL_REPRESENTATION('',(#8274),#8278);
#8274 = LINE('',#8275,#8276);
#8275 = CARTESIAN_POINT('',(0.,-0.));
#8276 = VECTOR('',#8277,1.);
#8277 = DIRECTION('',(1.,-0.));
#8278 = ( GEOMETRIC_REPRESENTATION_CONTEXT(2) 
PARAMETRIC_REPRESENTATION_CONTEXT() REPRESENTATION_CONTEXT('2D SPACE',''
  ) );
#8279 = PCURVE('',#8043,#8280);
#8280 = DEFINITIONAL_REPRESENTATION('',(#8281),#8285);
#8281 = LINE('',#8282,#8283);
#8282 = CARTESIAN_POINT('',(0.,6.45));
#8283 = VECTOR('',#8284,1.);
#8284 = DIRECTION('',(1.,0.));
#8285 = ( GEOMETRIC_REPRESENTATION_CONTEXT(2) 
PARAMETRIC_REPRESENTATION_CONTEXT() REPRESENTATION_CONTEXT('2D SPACE',''
  ) );
#8286 = ADVANCED_FACE('',(#8287),#7870,.F.);
#8287 = FACE_BOUND('',#8288,.T.);
#8288 = EDGE_LOOP('',(#8289,#8310,#8311,#8312));
#8289 = ORIENTED_EDGE('',*,*,#8290,.F.);
#8290 = EDGE_CURVE('',#7854,#8291,#8293,.T.);
#8291 = VERTEX_POINT('',#8292);
#8292 = CARTESIAN_POINT('',(102.25,-100.,3.45));
#8293 = SEAM_CURVE('',#8294,(#8298,#8304),.PCURVE_S1.);
#8294 = LINE('',#8295,#8296);
#8295 = CARTESIAN_POINT('',(102.25,-100.,3.45));
#8296 = VECTOR('',#8297,1.);
#8297 = DIRECTION('',(-0.707106781187,-0.,-0.707106781187));
#8298 = PCURVE('',#7870,#8299);
#8299 = DEFINITIONAL_REPRESENTATION('',(#8300),#8303);
#8300 = B_SPLINE_CURVE_WITH_KNOTS('',1,(#8301,#8302),.UNSPECIFIED.,.F.,
  .F.,(2,2),(-0.777817459305,0.),.PIECEWISE_BEZIER_KNOTS.);
#8301 = CARTESIAN_POINT('',(0.,0.55));
#8302 = CARTESIAN_POINT('',(0.,0.));
#8303 = ( GEOMETRIC_REPRESENTATION_CONTEXT(2) 
PARAMETRIC_REPRESENTATION_CONTEXT() REPRESENTATION_CONTEXT('2D SPACE',''
  ) );
#8304 = PCURVE('',#7870,#8305);
#8305 = DEFINITIONAL_REPRESENTATION('',(#8306),#8309);
#8306 = B_SPLINE_CURVE_WITH_KNOTS('',1,(#8307,#8308),.UNSPECIFIED.,.F.,
  .F.,(2,2),(-0.777817459305,0.),.PIECEWISE_BEZIER_KNOTS.);
#8307 = CARTESIAN_POINT('',(6.28318530718,0.55));
#8308 = CARTESIAN_POINT('',(6.28318530718,0.));
#8309 = ( GEOMETRIC_REPRESENTATION_CONTEXT(2) 
PARAMETRIC_REPRESENTATION_CONTEXT() REPRESENTATION_CONTEXT('2D SPACE',''
  ) );
#8310 = ORIENTED_EDGE('',*,*,#7853,.T.);
#8311 = ORIENTED_EDGE('',*,*,#8290,.T.);
#8312 = ORIENTED_EDGE('',*,*,#8313,.F.);
#8313 = EDGE_CURVE('',#8291,#8291,#8314,.T.);
#8314 = SURFACE_CURVE('',#8315,(#8320,#8327),.PCURVE_S1.);
#8315 = CIRCLE('',#8316,2.25);
#8316 = AXIS2_PLACEMENT_3D('',#8317,#8318,#8319);
#8317 = CARTESIAN_POINT('',(100.,-100.,3.45));
#8318 = DIRECTION('',(0.,0.,1.));
#8319 = DIRECTION('',(1.,0.,-0.));
#8320 = PCURVE('',#7870,#8321);
#8321 = DEFINITIONAL_REPRESENTATION('',(#8322),#8326);
#8322 = LINE('',#8323,#8324);
#8323 = CARTESIAN_POINT('',(0.,-0.));
#8324 = VECTOR('',#8325,1.);
#8325 = DIRECTION('',(1.,-0.));
#8326 = ( GEOMETRIC_REPRESENTATION_CONTEXT(2) 
PARAMETRIC_REPRESENTATION_CONTEXT() REPRESENTATION_CONTEXT('2D SPACE',''
  ) );
#8327 = PCURVE('',#8096,#8328);
#8328 = DEFINITIONAL_REPRESENTATION('',(#8329),#8333);
#8329 = LINE('',#8330,#8331);
#8330 = CARTESIAN_POINT('',(0.,6.45));
#8331 = VECTOR('',#8332,1.);
#8332 = DIRECTION('',(1.,0.));
#8333 = ( GEOMETRIC_REPRESENTATION_CONTEXT(2) 
PARAMETRIC_REPRESENTATION_CONTEXT() REPRESENTATION_CONTEXT('2D SPACE',''
  ) );
#8334 = ADVANCED_FACE('',(#8335),#7905,.F.);
#8335 = FACE_BOUND('',#8336,.T.);
#8336 = EDGE_LOOP('',(#8337,#8358,#8359,#8360));
#8337 = ORIENTED_EDGE('',*,*,#8338,.F.);
#8338 = EDGE_CURVE('',#7889,#8339,#8341,.T.);
#8339 = VERTEX_POINT('',#8340);
#8340 = CARTESIAN_POINT('',(-97.75,100.,3.45));
#8341 = SEAM_CURVE('',#8342,(#8346,#8352),.PCURVE_S1.);
#8342 = LINE('',#8343,#8344);
#8343 = CARTESIAN_POINT('',(-97.75,100.,3.45));
#8344 = VECTOR('',#8345,1.);
#8345 = DIRECTION('',(-0.707106781187,-0.,-0.707106781187));
#8346 = PCURVE('',#7905,#8347);
#8347 = DEFINITIONAL_REPRESENTATION('',(#8348),#8351);
#8348 = B_SPLINE_CURVE_WITH_KNOTS('',1,(#8349,#8350),.UNSPECIFIED.,.F.,
  .F.,(2,2),(-0.777817459305,0.),.PIECEWISE_BEZIER_KNOTS.);
#8349 = CARTESIAN_POINT('',(0.,0.55));
#8350 = CARTESIAN_POINT('',(0.,0.));
#8351 = ( GEOMETRIC_REPRESENTATION_CONTEXT(2) 
PARAMETRIC_REPRESENTATION_CONTEXT() REPRESENTATION_CONTEXT('2D SPACE',''
  ) );
#8352 = PCURVE('',#7905,#8353);
#8353 = DEFINITIONAL_REPRESENTATION('',(#8354),#8357);
#8354 = B_SPLINE_CURVE_WITH_KNOTS('',1,(#8355,#8356),.UNSPECIFIED.,.F.,
  .F.,(2,2),(-0.777817459305,0.),.PIECEWISE_BEZIER_KNOTS.);
#8355 = CARTESIAN_POINT('',(6.28318530718,0.55));
#8356 = CARTESIAN_POINT('',(6.28318530718,0.));
#8357 = ( GEOMETRIC_REPRESENTATION_CONTEXT(2) 
PARAMETRIC_REPRESENTATION_CONTEXT() REPRESENTATION_CONTEXT('2D SPACE',''
  ) );
#8358 = ORIENTED_EDGE('',*,*,#7888,.T.);
#8359 = ORIENTED_EDGE('',*,*,#8338,.T.);
#8360 = ORIENTED_EDGE('',*,*,#8361,.F.);
#8361 = EDGE_CURVE('',#8339,#8339,#8362,.T.);
#8362 = SURFACE_CURVE('',#8363,(#8368,#8375),.PCURVE_S1.);
#8363 = CIRCLE('',#8364,2.25);
#8364 = AXIS2_PLACEMENT_3D('',#8365,#8366,#8367);
#8365 = CARTESIAN_POINT('',(-100.,100.,3.45));
#8366 = DIRECTION('',(0.,0.,1.));
#8367 = DIRECTION('',(1.,0.,-0.));
#8368 = PCURVE('',#7905,#8369);
#8369 = DEFINITIONAL_REPRESENTATION('',(#8370),#8374);
#8370 = LINE('',#8371,#8372);
#8371 = CARTESIAN_POINT('',(0.,-0.));
#8372 = VECTOR('',#8373,1.);
#8373 = DIRECTION('',(1.,-0.));
#8374 = ( GEOMETRIC_REPRESENTATION_CONTEXT(2) 
PARAMETRIC_REPRESENTATION_CONTEXT() REPRESENTATION_CONTEXT('2D SPACE',''
  ) );
#8375 = PCURVE('',#8149,#8376);
#8376 = DEFINITIONAL_REPRESENTATION('',(#8377),#8381);
#8377 = LINE('',#8378,#8379);
#8378 = CARTESIAN_POINT('',(0.,6.45));
#8379 = VECTOR('',#8380,1.);
#8380 = DIRECTION('',(1.,0.));
#8381 = ( GEOMETRIC_REPRESENTATION_CONTEXT(2) 
PARAMETRIC_REPRESENTATION_CONTEXT() REPRESENTATION_CONTEXT('2D SPACE',''
  ) );
#8382 = ADVANCED_FACE('',(#8383),#7940,.F.);
#8383 = FACE_BOUND('',#8384,.T.);
#8384 = EDGE_LOOP('',(#8385,#8406,#8407,#8408));
#8385 = ORIENTED_EDGE('',*,*,#8386,.F.);
#8386 = EDGE_CURVE('',#7924,#8387,#8389,.T.);
#8387 = VERTEX_POINT('',#8388);
#8388 = CARTESIAN_POINT('',(102.25,100.,3.45));
#8389 = SEAM_CURVE('',#8390,(#8394,#8400),.PCURVE_S1.);
#8390 = LINE('',#8391,#8392);
#8391 = CARTESIAN_POINT('',(102.25,100.,3.45));
#8392 = VECTOR('',#8393,1.);
#8393 = DIRECTION('',(-0.707106781187,-0.,-0.707106781187));
#8394 = PCURVE('',#7940,#8395);
#8395 = DEFINITIONAL_REPRESENTATION('',(#8396),#8399);
#8396 = B_SPLINE_CURVE_WITH_KNOTS('',1,(#8397,#8398),.UNSPECIFIED.,.F.,
  .F.,(2,2),(-0.777817459305,0.),.PIECEWISE_BEZIER_KNOTS.);
#8397 = CARTESIAN_POINT('',(0.,0.55));
#8398 = CARTESIAN_POINT('',(0.,0.));
#8399 = ( GEOMETRIC_REPRESENTATION_CONTEXT(2) 
PARAMETRIC_REPRESENTATION_CONTEXT() REPRESENTATION_CONTEXT('2D SPACE',''
  ) );
#8400 = PCURVE('',#7940,#8401);
#8401 = DEFINITIONAL_REPRESENTATION('',(#8402),#8405);
#8402 = B_SPLINE_CURVE_WITH_KNOTS('',1,(#8403,#8404),.UNSPECIFIED.,.F.,
  .F.,(2,2),(-0.777817459305,0.),.PIECEWISE_BEZIER_KNOTS.);
#8403 = CARTESIAN_POINT('',(6.28318530718,0.55));
#8404 = CARTESIAN_POINT('',(6.28318530718,0.));
#8405 = ( GEOMETRIC_REPRESENTATION_CONTEXT(2) 
PARAMETRIC_REPRESENTATION_CONTEXT() REPRESENTATION_CONTEXT('2D SPACE',''
  ) );
#8406 = ORIENTED_EDGE('',*,*,#7923,.T.);
#8407 = ORIENTED_EDGE('',*,*,#8386,.T.);
#8408 = ORIENTED_EDGE('',*,*,#8409,.F.);
#8409 = EDGE_CURVE('',#8387,#8387,#8410,.T.);
#8410 = SURFACE_CURVE('',#8411,(#8416,#8423),.PCURVE_S1.);
#8411 = CIRCLE('',#8412,2.25);
#8412 = AXIS2_PLACEMENT_3D('',#8413,#8414,#8415);
#8413 = CARTESIAN_POINT('',(100.,100.,3.45));
#8414 = DIRECTION('',(0.,0.,1.));
#8415 = DIRECTION('',(1.,0.,-0.));
#8416 = PCURVE('',#7940,#8417);
#8417 = DEFINITIONAL_REPRESENTATION('',(#8418),#8422);
#8418 = LINE('',#8419,#8420);
#8419 = CARTESIAN_POINT('',(0.,-0.));
#8420 = VECTOR('',#8421,1.);
#8421 = DIRECTION('',(1.,-0.));
#8422 = ( GEOMETRIC_REPRESENTATION_CONTEXT(2) 
PARAMETRIC_REPRESENTATION_CONTEXT() REPRESENTATION_CONTEXT('2D SPACE',''
  ) );
#8423 = PCURVE('',#8202,#8424);
#8424 = DEFINITIONAL_REPRESENTATION('',(#8425),#8429);
#8425 = LINE('',#8426,#8427);
#8426 = CARTESIAN_POINT('',(0.,6.45));
#8427 = VECTOR('',#8428,1.);
#8428 = DIRECTION('',(1.,0.));
#8429 = ( GEOMETRIC_REPRESENTATION_CONTEXT(2) 
PARAMETRIC_REPRESENTATION_CONTEXT() REPRESENTATION_CONTEXT('2D SPACE',''
  ) );
#8430 = ADVANCED_FACE('',(#8431),#8043,.F.);
#8431 = FACE_BOUND('',#8432,.F.);
#8432 = EDGE_LOOP('',(#8433,#8454,#8455,#8456));
#8433 = ORIENTED_EDGE('',*,*,#8434,.T.);
#8434 = EDGE_CURVE('',#8006,#8243,#8435,.T.);
#8435 = SEAM_CURVE('',#8436,(#8440,#8447),.PCURVE_S1.);
#8436 = LINE('',#8437,#8438);
#8437 = CARTESIAN_POINT('',(-97.75,-100.,-3.));
#8438 = VECTOR('',#8439,1.);
#8439 = DIRECTION('',(0.,0.,1.));
#8440 = PCURVE('',#8043,#8441);
#8441 = DEFINITIONAL_REPRESENTATION('',(#8442),#8446);
#8442 = LINE('',#8443,#8444);
#8443 = CARTESIAN_POINT('',(6.28318530718,-0.));
#8444 = VECTOR('',#8445,1.);
#8445 = DIRECTION('',(0.,1.));
#8446 = ( GEOMETRIC_REPRESENTATION_CONTEXT(2) 
PARAMETRIC_REPRESENTATION_CONTEXT() REPRESENTATION_CONTEXT('2D SPACE',''
  ) );
#8447 = PCURVE('',#8043,#8448);
#8448 = DEFINITIONAL_REPRESENTATION('',(#8449),#8453);
#8449 = LINE('',#8450,#8451);
#8450 = CARTESIAN_POINT('',(0.,-0.));
#8451 = VECTOR('',#8452,1.);
#8452 = DIRECTION('',(0.,1.));
#8453 = ( GEOMETRIC_REPRESENTATION_CONTEXT(2) 
PARAMETRIC_REPRESENTATION_CONTEXT() REPRESENTATION_CONTEXT('2D SPACE',''
  ) );
#8454 = ORIENTED_EDGE('',*,*,#8265,.F.);
#8455 = ORIENTED_EDGE('',*,*,#8434,.F.);
#8456 = ORIENTED_EDGE('',*,*,#8028,.T.);
#8457 = ADVANCED_FACE('',(#8458),#8096,.F.);
#8458 = FACE_BOUND('',#8459,.F.);
#8459 = EDGE_LOOP('',(#8460,#8481,#8482,#8483));
#8460 = ORIENTED_EDGE('',*,*,#8461,.T.);
#8461 = EDGE_CURVE('',#8059,#8291,#8462,.T.);
#8462 = SEAM_CURVE('',#8463,(#8467,#8474),.PCURVE_S1.);
#8463 = LINE('',#8464,#8465);
#8464 = CARTESIAN_POINT('',(102.25,-100.,-3.));
#8465 = VECTOR('',#8466,1.);
#8466 = DIRECTION('',(0.,0.,1.));
#8467 = PCURVE('',#8096,#8468);
#8468 = DEFINITIONAL_REPRESENTATION('',(#8469),#8473);
#8469 = LINE('',#8470,#8471);
#8470 = CARTESIAN_POINT('',(6.28318530718,-0.));
#8471 = VECTOR('',#8472,1.);
#8472 = DIRECTION('',(0.,1.));
#8473 = ( GEOMETRIC_REPRESENTATION_CONTEXT(2) 
PARAMETRIC_REPRESENTATION_CONTEXT() REPRESENTATION_CONTEXT('2D SPACE',''
  ) );
#8474 = PCURVE('',#8096,#8475);
#8475 = DEFINITIONAL_REPRESENTATION('',(#8476),#8480);
#8476 = LINE('',#8477,#8478);
#8477 = CARTESIAN_POINT('',(0.,-0.));
#8478 = VECTOR('',#8479,1.);
#8479 = DIRECTION('',(0.,1.));
#8480 = ( GEOMETRIC_REPRESENTATION_CONTEXT(2) 
PARAMETRIC_REPRESENTATION_CONTEXT() REPRESENTATION_CONTEXT('2D SPACE',''
  ) );
#8481 = ORIENTED_EDGE('',*,*,#8313,.F.);
#8482 = ORIENTED_EDGE('',*,*,#8461,.F.);
#8483 = ORIENTED_EDGE('',*,*,#8081,.T.);
#8484 = ADVANCED_FACE('',(#8485),#8149,.F.);
#8485 = FACE_BOUND('',#8486,.F.);
#8486 = EDGE_LOOP('',(#8487,#8508,#8509,#8510));
#8487 = ORIENTED_EDGE('',*,*,#8488,.T.);
#8488 = EDGE_CURVE('',#8112,#8339,#8489,.T.);
#8489 = SEAM_CURVE('',#8490,(#8494,#8501),.PCURVE_S1.);
#8490 = LINE('',#8491,#8492);
#8491 = CARTESIAN_POINT('',(-97.75,100.,-3.));
#8492 = VECTOR('',#8493,1.);
#8493 = DIRECTION('',(0.,0.,1.));
#8494 = PCURVE('',#8149,#8495);
#8495 = DEFINITIONAL_REPRESENTATION('',(#8496),#8500);
#8496 = LINE('',#8497,#8498);
#8497 = CARTESIAN_POINT('',(6.28318530718,-0.));
#8498 = VECTOR('',#8499,1.);
#8499 = DIRECTION('',(0.,1.));
#8500 = ( GEOMETRIC_REPRESENTATION_CONTEXT(2) 
PARAMETRIC_REPRESENTATION_CONTEXT() REPRESENTATION_CONTEXT('2D SPACE',''
  ) );
#8501 = PCURVE('',#8149,#8502);
#8502 = DEFINITIONAL_REPRESENTATION('',(#8503),#8507);
#8503 = LINE('',#8504,#8505);
#8504 = CARTESIAN_POINT('',(0.,-0.));
#8505 = VECTOR('',#8506,1.);
#8506 = DIRECTION('',(0.,1.));
#8507 = ( GEOMETRIC_REPRESENTATION_CONTEXT(2) 
PARAMETRIC_REPRESENTATION_CONTEXT() REPRESENTATION_CONTEXT('2D SPACE',''
  ) );
#8508 = ORIENTED_EDGE('',*,*,#8361,.F.);
#8509 = ORIENTED_EDGE('',*,*,#8488,.F.);
#8510 = ORIENTED_EDGE('',*,*,#8134,.T.);
#8511 = ADVANCED_FACE('',(#8512),#8202,.F.);
#8512 = FACE_BOUND('',#8513,.F.);
#8513 = EDGE_LOOP('',(#8514,#8535,#8536,#8537));
#8514 = ORIENTED_EDGE('',*,*,#8515,.T.);
#8515 = EDGE_CURVE('',#8165,#8387,#8516,.T.);
#8516 = SEAM_CURVE('',#8517,(#8521,#8528),.PCURVE_S1.);
#8517 = LINE('',#8518,#8519);
#8518 = CARTESIAN_POINT('',(102.25,100.,-3.));
#8519 = VECTOR('',#8520,1.);
#8520 = DIRECTION('',(0.,0.,1.));
#8521 = PCURVE('',#8202,#8522);
#8522 = DEFINITIONAL_REPRESENTATION('',(#8523),#8527);
#8523 = LINE('',#8524,#8525);
#8524 = CARTESIAN_POINT('',(6.28318530718,-0.));
#8525 = VECTOR('',#8526,1.);
#8526 = DIRECTION('',(0.,1.));
#8527 = ( GEOMETRIC_REPRESENTATION_CONTEXT(2) 
PARAMETRIC_REPRESENTATION_CONTEXT() REPRESENTATION_CONTEXT('2D SPACE',''
  ) );
#8528 = PCURVE('',#8202,#8529);
#8529 = DEFINITIONAL_REPRESENTATION('',(#8530),#8534);
#8530 = LINE('',#8531,#8532);
#8531 = CARTESIAN_POINT('',(0.,-0.));
#8532 = VECTOR('',#8533,1.);
#8533 = DIRECTION('',(0.,1.));
#8534 = ( GEOMETRIC_REPRESENTATION_CONTEXT(2) 
PARAMETRIC_REPRESENTATION_CONTEXT() REPRESENTATION_CONTEXT('2D SPACE',''
  ) );
#8535 = ORIENTED_EDGE('',*,*,#8409,.F.);
#8536 = ORIENTED_EDGE('',*,*,#8515,.F.);
#8537 = ORIENTED_EDGE('',*,*,#8187,.T.);
#8538 = ( GEOMETRIC_REPRESENTATION_CONTEXT(3) 
GLOBAL_UNCERTAINTY_ASSIGNED_CONTEXT((#8542)) 
GLOBAL_UNIT_ASSIGNED_CONTEXT((#8539,#8540,#8541)) REPRESENTATION_CONTEXT
('Context #1','3D Context with UNIT and UNCERTAINTY') );
#8539 = ( LENGTH_UNIT() NAMED_UNIT(*) SI_UNIT(.MILLI.,.METRE.) );
#8540 = ( NAMED_UNIT(*) PLANE_ANGLE_UNIT() SI_UNIT($,.RADIAN.) );
#8541 = ( NAMED_UNIT(*) SI_UNIT($,.STERADIAN.) SOLID_ANGLE_UNIT() );
#8542 = UNCERTAINTY_MEASURE_WITH_UNIT(LENGTH_MEASURE(2.E-06),#8539,
  'distance_accuracy_value','confusion accuracy');
#8543 = CONTEXT_DEPENDENT_SHAPE_REPRESENTATION(#8544,#8546);
#8544 = ( REPRESENTATION_RELATIONSHIP('','',#3999,#10) 
REPRESENTATION_RELATIONSHIP_WITH_TRANSFORMATION(#8545) 
SHAPE_REPRESENTATION_RELATIONSHIP() );
#8545 = ITEM_DEFINED_TRANSFORMATION('','',#11,#19);
#8546 = PRODUCT_DEFINITION_SHAPE('Placement','Placement of an item',
  #8547);
#8547 = NEXT_ASSEMBLY_USAGE_OCCURRENCE('4','=>[0:1:1:5]','',#5,#3994,$);
#8548 = PRODUCT_RELATED_PRODUCT_CATEGORY('part',$,(#3996));
ENDSEC;
END-ISO-10303-21;
