ISO-10303-21;
HEADER;
FILE_DESCRIPTION(('Open CASCADE Model'),'2;1');
FILE_NAME('Open CASCADE Shape Model','2026-05-11T08:51:14',('Author'),(
    'Open CASCADE'),'Open CASCADE STEP processor 7.8','build123d',
  'Unknown');
FILE_SCHEMA(('AUTOMOTIVE_DESIGN { 1 0 10303 214 1 1 1 1 }'));
ENDSEC;
DATA;
#1 = APPLICATION_PROTOCOL_DEFINITION('international standard',
  'automotive_design',2000,#2);
#2 = APPLICATION_CONTEXT(
  'core data for automotive mechanical design processes');
#3 = SHAPE_DEFINITION_REPRESENTATION(#4,#10);
#4 = PRODUCT_DEFINITION_SHAPE('','',#5);
#5 = PRODUCT_DEFINITION('design','',#6,#9);
#6 = PRODUCT_DEFINITION_FORMATION('','',#7);
#7 = PRODUCT('COMPOUND','COMPOUND','',(#8));
#8 = PRODUCT_CONTEXT('',#2,'mechanical');
#9 = PRODUCT_DEFINITION_CONTEXT('part definition',#2,'design');
#10 = ADVANCED_BREP_SHAPE_REPRESENTATION('',(#11,#15),#3913);
#11 = AXIS2_PLACEMENT_3D('',#12,#13,#14);
#12 = CARTESIAN_POINT('',(0.,0.,0.));
#13 = DIRECTION('',(0.,0.,1.));
#14 = DIRECTION('',(1.,0.,-0.));
#15 = MANIFOLD_SOLID_BREP('',#16);
#16 = CLOSED_SHELL('',(#17,#156,#245,#280,#333,#388,#441,#683,#769,#850,
    #931,#1007,#1060,#1113,#1166,#1219,#1250,#1281,#1357,#1438,#1464,
    #1545,#1571,#1647,#1702,#1757,#1812,#1867,#1899,#1931,#2007,#2039,
    #2108,#2140,#2209,#2276,#2329,#2382,#2435,#2488,#2494,#2500,#2662,
    #2668,#2674,#2709,#2744,#2779,#2814,#2867,#2920,#2973,#3026,#3079,
    #3127,#3175,#3223,#3271,#3298,#3325,#3352,#3379,#3434,#3487,#3522,
    #3575,#3630,#3683,#3795,#3884));
#17 = ADVANCED_FACE('',(#18),#33,.T.);
#18 = FACE_BOUND('',#19,.T.);
#19 = EDGE_LOOP('',(#20,#51,#155));
#20 = ORIENTED_EDGE('',*,*,#21,.F.);
#21 = EDGE_CURVE('',#22,#24,#26,.T.);
#22 = VERTEX_POINT('',#23);
#23 = CARTESIAN_POINT('',(109.70867178049,0.,22.539018083285));
#24 = VERTEX_POINT('',#25);
#25 = CARTESIAN_POINT('',(6.858022075225E-15,-1.679730956581E-30,112.));
#26 = SEAM_CURVE('',#27,(#32,#44),.PCURVE_S1.);
#27 = CIRCLE('',#28,112.);
#28 = AXIS2_PLACEMENT_3D('',#29,#30,#31);
#29 = CARTESIAN_POINT('',(0.,0.,0.));
#30 = DIRECTION('',(-2.449293598295E-16,-1.,0.));
#31 = DIRECTION('',(1.,-2.449293598295E-16,0.));
#32 = PCURVE('',#33,#38);
#33 = SPHERICAL_SURFACE('',#34,112.);
#34 = AXIS2_PLACEMENT_3D('',#35,#36,#37);
#35 = CARTESIAN_POINT('',(0.,0.,0.));
#36 = DIRECTION('',(0.,0.,1.));
#37 = DIRECTION('',(1.,0.,0.));
#38 = DEFINITIONAL_REPRESENTATION('',(#39),#43);
#39 = LINE('',#40,#41);
#40 = CARTESIAN_POINT('',(0.,-6.28318530718));
#41 = VECTOR('',#42,1.);
#42 = DIRECTION('',(0.,1.));
#43 = ( GEOMETRIC_REPRESENTATION_CONTEXT(2) 
PARAMETRIC_REPRESENTATION_CONTEXT() REPRESENTATION_CONTEXT('2D SPACE',''
  ) );
#44 = PCURVE('',#33,#45);
#45 = DEFINITIONAL_REPRESENTATION('',(#46),#50);
#46 = LINE('',#47,#48);
#47 = CARTESIAN_POINT('',(6.28318530718,-6.28318530718));
#48 = VECTOR('',#49,1.);
#49 = DIRECTION('',(0.,1.));
#50 = ( GEOMETRIC_REPRESENTATION_CONTEXT(2) 
PARAMETRIC_REPRESENTATION_CONTEXT() REPRESENTATION_CONTEXT('2D SPACE',''
  ) );
#51 = ORIENTED_EDGE('',*,*,#52,.T.);
#52 = EDGE_CURVE('',#22,#22,#53,.T.);
#53 = SURFACE_CURVE('',#54,(#77,#103),.PCURVE_S1.);
#54 = B_SPLINE_CURVE_WITH_KNOTS('',11,(#55,#56,#57,#58,#59,#60,#61,#62,
    #63,#64,#65,#66,#67,#68,#69,#70,#71,#72,#73,#74,#75,#76),
  .UNSPECIFIED.,.T.,.F.,(12,10,12),(1.758628779617E-14,345.00352038368,
    690.00704076737),.UNSPECIFIED.);
#55 = CARTESIAN_POINT('',(109.70867178049,0.,22.539018083285));
#56 = CARTESIAN_POINT('',(109.7086717805,30.879473502985,22.539018083287
    ));
#57 = CARTESIAN_POINT('',(100.14772143167,62.181009522891,
    22.539018083276));
#58 = CARTESIAN_POINT('',(80.592478104684,90.380977876172,
    22.539018083306));
#59 = CARTESIAN_POINT('',(52.223114631175,111.69371725384,22.53901808325
    ));
#60 = CARTESIAN_POINT('',(18.01579436591,122.96135026805,22.53901808333)
  );
#61 = CARTESIAN_POINT('',(-18.00496185802,122.91180828844,
    22.539018083242));
#62 = CARTESIAN_POINT('',(-52.00362940735,111.58979195054,
    22.539018083315));
#63 = CARTESIAN_POINT('',(-80.17646247192,90.561158052684,22.53901808327
    ));
#64 = CARTESIAN_POINT('',(-99.86547495313,62.665610356521,
    22.539018083289));
#65 = CARTESIAN_POINT('',(-109.7086717805,31.332723390964,
    22.539018083285));
#66 = CARTESIAN_POINT('',(-109.7086717804,-31.33272339096,
    22.539018083283));
#67 = CARTESIAN_POINT('',(-99.86547495316,-62.66561035654,
    22.539018083296));
#68 = CARTESIAN_POINT('',(-80.17646247185,-90.56115805261,
    22.539018083255));
#69 = CARTESIAN_POINT('',(-52.00362940746,-111.5897919506,
    22.539018083337));
#70 = CARTESIAN_POINT('',(-18.00496185789,-122.9118082883,
    22.539018083221));
#71 = CARTESIAN_POINT('',(18.015794365789,-122.9613502681,
    22.539018083345));
#72 = CARTESIAN_POINT('',(52.223114631266,-111.6937172537,
    22.539018083241));
#73 = CARTESIAN_POINT('',(80.59247810463,-90.3809778762,22.53901808331)
  );
#74 = CARTESIAN_POINT('',(100.14772143169,-62.18100952288,
    22.539018083275));
#75 = CARTESIAN_POINT('',(109.70867178049,-30.87947350298,
    22.539018083287));
#76 = CARTESIAN_POINT('',(109.70867178049,-2.687087474694E-14,
    22.539018083285));
#77 = PCURVE('',#33,#78);
#78 = DEFINITIONAL_REPRESENTATION('',(#79),#102);
#79 = B_SPLINE_CURVE_WITH_KNOTS('',11,(#80,#81,#82,#83,#84,#85,#86,#87,
    #88,#89,#90,#91,#92,#93,#94,#95,#96,#97,#98,#99,#100,#101),
  .UNSPECIFIED.,.F.,.F.,(12,10,12),(1.758628779617E-14,345.00352038368,
    690.00704076737),.UNSPECIFIED.);
#80 = CARTESIAN_POINT('',(-2.22044604925E-16,0.202624912976));
#81 = CARTESIAN_POINT('',(0.281467936872,0.202624912976));
#82 = CARTESIAN_POINT('',(0.566780268291,0.202624912976));
#83 = CARTESIAN_POINT('',(0.853826319342,0.202624912976));
#84 = CARTESIAN_POINT('',(1.141010657714,0.202624912976));
#85 = CARTESIAN_POINT('',(1.427556280275,0.202624912977));
#86 = CARTESIAN_POINT('',(1.713524372133,0.202624912976));
#87 = CARTESIAN_POINT('',(1.99919485667,0.202624912977));
#88 = CARTESIAN_POINT('',(2.28479477331,0.202624912976));
#89 = CARTESIAN_POINT('',(2.570393973971,0.202624912976));
#90 = CARTESIAN_POINT('',(2.855993321445,0.202624912976));
#91 = CARTESIAN_POINT('',(3.427191985734,0.202624912976));
#92 = CARTESIAN_POINT('',(3.712791333211,0.202624912976));
#93 = CARTESIAN_POINT('',(3.998390533864,0.202624912976));
#94 = CARTESIAN_POINT('',(4.283990450519,0.202624912977));
#95 = CARTESIAN_POINT('',(4.569660935035,0.202624912976));
#96 = CARTESIAN_POINT('',(4.855629026916,0.202624912977));
#97 = CARTESIAN_POINT('',(5.142174649457,0.202624912976));
#98 = CARTESIAN_POINT('',(5.429358987842,0.202624912976));
#99 = CARTESIAN_POINT('',(5.716405038887,0.202624912976));
#100 = CARTESIAN_POINT('',(6.001717370308,0.202624912976));
#101 = CARTESIAN_POINT('',(6.28318530718,0.202624912976));
#102 = ( GEOMETRIC_REPRESENTATION_CONTEXT(2) 
PARAMETRIC_REPRESENTATION_CONTEXT() REPRESENTATION_CONTEXT('2D SPACE',''
  ) );
#103 = PCURVE('',#104,#149);
#104 = B_SPLINE_SURFACE_WITH_KNOTS('',1,11,(
    (#105,#106,#107,#108,#109,#110,#111,#112,#113,#114,#115,#116,#117
      ,#118,#119,#120,#121,#122,#123,#124,#125,#126)
    ,(#127,#128,#129,#130,#131,#132,#133,#134,#135,#136,#137,#138,#139
      ,#140,#141,#142,#143,#144,#145,#146,#147,#148
  )),.UNSPECIFIED.,.F.,.T.,.F.,(2,2),(12,10,12),(0.,690.00704076737),(
    1.758628779617E-14,345.00352038368,690.00704076737),.UNSPECIFIED.);
#105 = CARTESIAN_POINT('',(109.70867178049,0.,22.539018083285));
#106 = CARTESIAN_POINT('',(109.7086717805,30.879473502985,
    22.539018083287));
#107 = CARTESIAN_POINT('',(100.14772143167,62.181009522891,
    22.539018083276));
#108 = CARTESIAN_POINT('',(80.592478104684,90.380977876172,
    22.539018083306));
#109 = CARTESIAN_POINT('',(52.223114631175,111.69371725384,
    22.53901808325));
#110 = CARTESIAN_POINT('',(18.01579436591,122.96135026805,22.53901808333
    ));
#111 = CARTESIAN_POINT('',(-18.00496185802,122.91180828844,
    22.539018083242));
#112 = CARTESIAN_POINT('',(-52.00362940735,111.58979195054,
    22.539018083315));
#113 = CARTESIAN_POINT('',(-80.17646247192,90.561158052684,
    22.53901808327));
#114 = CARTESIAN_POINT('',(-99.86547495313,62.665610356521,
    22.539018083289));
#115 = CARTESIAN_POINT('',(-109.7086717805,31.332723390964,
    22.539018083285));
#116 = CARTESIAN_POINT('',(-109.7086717804,-31.33272339096,
    22.539018083283));
#117 = CARTESIAN_POINT('',(-99.86547495316,-62.66561035654,
    22.539018083296));
#118 = CARTESIAN_POINT('',(-80.17646247185,-90.56115805261,
    22.539018083255));
#119 = CARTESIAN_POINT('',(-52.00362940746,-111.5897919506,
    22.539018083337));
#120 = CARTESIAN_POINT('',(-18.00496185789,-122.9118082883,
    22.539018083221));
#121 = CARTESIAN_POINT('',(18.015794365789,-122.9613502681,
    22.539018083345));
#122 = CARTESIAN_POINT('',(52.223114631266,-111.6937172537,
    22.539018083241));
#123 = CARTESIAN_POINT('',(80.59247810463,-90.3809778762,22.53901808331)
  );
#124 = CARTESIAN_POINT('',(100.14772143169,-62.18100952288,
    22.539018083275));
#125 = CARTESIAN_POINT('',(109.70867178049,-30.87947350298,
    22.539018083287));
#126 = CARTESIAN_POINT('',(109.70867178049,-2.687087474694E-14,
    22.539018083285));
#127 = CARTESIAN_POINT('',(110.36803130634,0.,22.));
#128 = CARTESIAN_POINT('',(110.36803130634,31.065062068383,
    22.000000000001));
#129 = CARTESIAN_POINT('',(100.74961873884,62.554723289436,
    21.999999999995));
#130 = CARTESIAN_POINT('',(81.076846544164,90.924176127994,
    22.000000000013));
#131 = CARTESIAN_POINT('',(52.536980504715,112.36500709125,
    21.999999999979));
#132 = CARTESIAN_POINT('',(18.124070999248,123.70035964899,
    22.000000000026));
#133 = CARTESIAN_POINT('',(-18.11317338696,123.65051991726,
    21.999999999976));
#134 = CARTESIAN_POINT('',(-52.31617615386,112.26045718711,
    22.000000000016));
#135 = CARTESIAN_POINT('',(-80.65833061798,91.105439204404,
    21.999999999993));
#136 = CARTESIAN_POINT('',(-100.4656759321,63.042236620075,
    22.000000000002));
#137 = CARTESIAN_POINT('',(-110.3680313063,31.521036031185,22.));
#138 = CARTESIAN_POINT('',(-110.3680313063,-31.52103603118,
    21.999999999998));
#139 = CARTESIAN_POINT('',(-100.4656759322,-63.04223662009,
    22.000000000011));
#140 = CARTESIAN_POINT('',(-80.65833061793,-91.10543920436,
    21.999999999971));
#141 = CARTESIAN_POINT('',(-52.31617615394,-112.2604571871,
    22.000000000048));
#142 = CARTESIAN_POINT('',(-18.11317338687,-123.6505199172,
    21.999999999941));
#143 = CARTESIAN_POINT('',(18.124070999164,-123.700359649,
    22.000000000055));
#144 = CARTESIAN_POINT('',(52.536980504773,-112.3650070912,
    21.999999999961));
#145 = CARTESIAN_POINT('',(81.076846544134,-90.92417612799,
    22.000000000021));
#146 = CARTESIAN_POINT('',(100.74961873885,-62.55472328943,
    21.999999999992));
#147 = CARTESIAN_POINT('',(110.36803130633,-31.06506206838,
    22.000000000002));
#148 = CARTESIAN_POINT('',(110.36803130633,0.,22.));
#149 = DEFINITIONAL_REPRESENTATION('',(#150),#154);
#150 = LINE('',#151,#152);
#151 = CARTESIAN_POINT('',(0.,0.));
#152 = VECTOR('',#153,1.);
#153 = DIRECTION('',(0.,1.));
#154 = ( GEOMETRIC_REPRESENTATION_CONTEXT(2) 
PARAMETRIC_REPRESENTATION_CONTEXT() REPRESENTATION_CONTEXT('2D SPACE',''
  ) );
#155 = ORIENTED_EDGE('',*,*,#21,.T.);
#156 = ADVANCED_FACE('',(#157),#104,.T.);
#157 = FACE_BOUND('',#158,.T.);
#158 = EDGE_LOOP('',(#159,#179,#243,#244));
#159 = ORIENTED_EDGE('',*,*,#160,.T.);
#160 = EDGE_CURVE('',#22,#161,#163,.T.);
#161 = VERTEX_POINT('',#162);
#162 = CARTESIAN_POINT('',(110.36803130634,0.,22.));
#163 = SEAM_CURVE('',#164,(#167,#173),.PCURVE_S1.);
#164 = B_SPLINE_CURVE_WITH_KNOTS('',1,(#165,#166),.UNSPECIFIED.,.F.,.F.,
  (2,2),(0.,690.00704076737),.PIECEWISE_BEZIER_KNOTS.);
#165 = CARTESIAN_POINT('',(109.70867178049,0.,22.539018083285));
#166 = CARTESIAN_POINT('',(110.36803130634,0.,22.));
#167 = PCURVE('',#104,#168);
#168 = DEFINITIONAL_REPRESENTATION('',(#169),#172);
#169 = B_SPLINE_CURVE_WITH_KNOTS('',1,(#170,#171),.UNSPECIFIED.,.F.,.F.,
  (2,2),(0.,690.00704076737),.PIECEWISE_BEZIER_KNOTS.);
#170 = CARTESIAN_POINT('',(0.,1.758628779617E-14));
#171 = CARTESIAN_POINT('',(690.00704076737,1.758628779617E-14));
#172 = ( GEOMETRIC_REPRESENTATION_CONTEXT(2) 
PARAMETRIC_REPRESENTATION_CONTEXT() REPRESENTATION_CONTEXT('2D SPACE',''
  ) );
#173 = PCURVE('',#104,#174);
#174 = DEFINITIONAL_REPRESENTATION('',(#175),#178);
#175 = B_SPLINE_CURVE_WITH_KNOTS('',1,(#176,#177),.UNSPECIFIED.,.F.,.F.,
  (2,2),(0.,690.00704076737),.PIECEWISE_BEZIER_KNOTS.);
#176 = CARTESIAN_POINT('',(0.,690.00704076737));
#177 = CARTESIAN_POINT('',(690.00704076737,690.00704076737));
#178 = ( GEOMETRIC_REPRESENTATION_CONTEXT(2) 
PARAMETRIC_REPRESENTATION_CONTEXT() REPRESENTATION_CONTEXT('2D SPACE',''
  ) );
#179 = ORIENTED_EDGE('',*,*,#180,.T.);
#180 = EDGE_CURVE('',#161,#161,#181,.T.);
#181 = SURFACE_CURVE('',#182,(#205,#212),.PCURVE_S1.);
#182 = B_SPLINE_CURVE_WITH_KNOTS('',11,(#183,#184,#185,#186,#187,#188,
    #189,#190,#191,#192,#193,#194,#195,#196,#197,#198,#199,#200,#201,
    #202,#203,#204),.UNSPECIFIED.,.T.,.F.,(12,10,12),(1.758628779617E-14
    ,345.00352038368,690.00704076737),.UNSPECIFIED.);
#183 = CARTESIAN_POINT('',(110.36803130634,0.,22.));
#184 = CARTESIAN_POINT('',(110.36803130634,31.065062068383,
    22.000000000001));
#185 = CARTESIAN_POINT('',(100.74961873884,62.554723289436,
    21.999999999995));
#186 = CARTESIAN_POINT('',(81.076846544164,90.924176127994,
    22.000000000013));
#187 = CARTESIAN_POINT('',(52.536980504715,112.36500709125,
    21.999999999979));
#188 = CARTESIAN_POINT('',(18.124070999248,123.70035964899,
    22.000000000026));
#189 = CARTESIAN_POINT('',(-18.11317338696,123.65051991726,
    21.999999999976));
#190 = CARTESIAN_POINT('',(-52.31617615386,112.26045718711,
    22.000000000016));
#191 = CARTESIAN_POINT('',(-80.65833061798,91.105439204404,
    21.999999999993));
#192 = CARTESIAN_POINT('',(-100.4656759321,63.042236620075,
    22.000000000002));
#193 = CARTESIAN_POINT('',(-110.3680313063,31.521036031185,22.));
#194 = CARTESIAN_POINT('',(-110.3680313063,-31.52103603118,
    21.999999999998));
#195 = CARTESIAN_POINT('',(-100.4656759322,-63.04223662009,
    22.000000000011));
#196 = CARTESIAN_POINT('',(-80.65833061793,-91.10543920436,
    21.999999999971));
#197 = CARTESIAN_POINT('',(-52.31617615394,-112.2604571871,
    22.000000000048));
#198 = CARTESIAN_POINT('',(-18.11317338687,-123.6505199172,
    21.999999999941));
#199 = CARTESIAN_POINT('',(18.124070999164,-123.700359649,
    22.000000000055));
#200 = CARTESIAN_POINT('',(52.536980504773,-112.3650070912,
    21.999999999961));
#201 = CARTESIAN_POINT('',(81.076846544134,-90.92417612799,
    22.000000000021));
#202 = CARTESIAN_POINT('',(100.74961873885,-62.55472328943,
    21.999999999992));
#203 = CARTESIAN_POINT('',(110.36803130633,-31.06506206838,
    22.000000000002));
#204 = CARTESIAN_POINT('',(110.36803130633,0.,22.));
#205 = PCURVE('',#104,#206);
#206 = DEFINITIONAL_REPRESENTATION('',(#207),#211);
#207 = LINE('',#208,#209);
#208 = CARTESIAN_POINT('',(690.00704076737,0.));
#209 = VECTOR('',#210,1.);
#210 = DIRECTION('',(0.,1.));
#211 = ( GEOMETRIC_REPRESENTATION_CONTEXT(2) 
PARAMETRIC_REPRESENTATION_CONTEXT() REPRESENTATION_CONTEXT('2D SPACE',''
  ) );
#212 = PCURVE('',#213,#218);
#213 = PLANE('',#214);
#214 = AXIS2_PLACEMENT_3D('',#215,#216,#217);
#215 = CARTESIAN_POINT('',(0.,0.,22.));
#216 = DIRECTION('',(0.,0.,1.));
#217 = DIRECTION('',(1.,0.,0.));
#218 = DEFINITIONAL_REPRESENTATION('',(#219),#242);
#219 = B_SPLINE_CURVE_WITH_KNOTS('',11,(#220,#221,#222,#223,#224,#225,
    #226,#227,#228,#229,#230,#231,#232,#233,#234,#235,#236,#237,#238,
    #239,#240,#241),.UNSPECIFIED.,.F.,.F.,(12,10,12),(1.758628779617E-14
    ,345.00352038368,690.00704076737),.UNSPECIFIED.);
#220 = CARTESIAN_POINT('',(110.36803130633,-1.42108547152E-14));
#221 = CARTESIAN_POINT('',(110.36803130634,31.065062068383));
#222 = CARTESIAN_POINT('',(100.74961873884,62.554723289436));
#223 = CARTESIAN_POINT('',(81.076846544164,90.924176127994));
#224 = CARTESIAN_POINT('',(52.536980504715,112.36500709125));
#225 = CARTESIAN_POINT('',(18.124070999248,123.70035964899));
#226 = CARTESIAN_POINT('',(-18.11317338696,123.65051991726));
#227 = CARTESIAN_POINT('',(-52.31617615386,112.26045718711));
#228 = CARTESIAN_POINT('',(-80.65833061798,91.105439204404));
#229 = CARTESIAN_POINT('',(-100.4656759321,63.042236620075));
#230 = CARTESIAN_POINT('',(-110.3680313063,31.521036031185));
#231 = CARTESIAN_POINT('',(-110.3680313063,-31.52103603118));
#232 = CARTESIAN_POINT('',(-100.4656759322,-63.04223662009));
#233 = CARTESIAN_POINT('',(-80.65833061793,-91.10543920436));
#234 = CARTESIAN_POINT('',(-52.31617615394,-112.2604571871));
#235 = CARTESIAN_POINT('',(-18.11317338687,-123.6505199172));
#236 = CARTESIAN_POINT('',(18.124070999164,-123.700359649));
#237 = CARTESIAN_POINT('',(52.536980504773,-112.3650070912));
#238 = CARTESIAN_POINT('',(81.076846544134,-90.92417612799));
#239 = CARTESIAN_POINT('',(100.74961873885,-62.55472328943));
#240 = CARTESIAN_POINT('',(110.36803130633,-31.06506206838));
#241 = CARTESIAN_POINT('',(110.36803130633,-4.973799150321E-13));
#242 = ( GEOMETRIC_REPRESENTATION_CONTEXT(2) 
PARAMETRIC_REPRESENTATION_CONTEXT() REPRESENTATION_CONTEXT('2D SPACE',''
  ) );
#243 = ORIENTED_EDGE('',*,*,#160,.F.);
#244 = ORIENTED_EDGE('',*,*,#52,.F.);
#245 = ADVANCED_FACE('',(#246,#249),#213,.T.);
#246 = FACE_BOUND('',#247,.T.);
#247 = EDGE_LOOP('',(#248));
#248 = ORIENTED_EDGE('',*,*,#180,.F.);
#249 = FACE_BOUND('',#250,.T.);
#250 = EDGE_LOOP('',(#251));
#251 = ORIENTED_EDGE('',*,*,#252,.T.);
#252 = EDGE_CURVE('',#253,#253,#255,.T.);
#253 = VERTEX_POINT('',#254);
#254 = CARTESIAN_POINT('',(111.45,0.,22.));
#255 = SURFACE_CURVE('',#256,(#261,#268),.PCURVE_S1.);
#256 = CIRCLE('',#257,111.45);
#257 = AXIS2_PLACEMENT_3D('',#258,#259,#260);
#258 = CARTESIAN_POINT('',(0.,0.,22.));
#259 = DIRECTION('',(0.,0.,1.));
#260 = DIRECTION('',(1.,0.,-0.));
#261 = PCURVE('',#213,#262);
#262 = DEFINITIONAL_REPRESENTATION('',(#263),#267);
#263 = CIRCLE('',#264,111.45);
#264 = AXIS2_PLACEMENT_2D('',#265,#266);
#265 = CARTESIAN_POINT('',(0.,0.));
#266 = DIRECTION('',(1.,0.));
#267 = ( GEOMETRIC_REPRESENTATION_CONTEXT(2) 
PARAMETRIC_REPRESENTATION_CONTEXT() REPRESENTATION_CONTEXT('2D SPACE',''
  ) );
#268 = PCURVE('',#269,#274);
#269 = CONICAL_SURFACE('',#270,112.,0.785398163397);
#270 = AXIS2_PLACEMENT_3D('',#271,#272,#273);
#271 = CARTESIAN_POINT('',(0.,0.,21.45));
#272 = DIRECTION('',(-0.,-0.,-1.));
#273 = DIRECTION('',(1.,0.,0.));
#274 = DEFINITIONAL_REPRESENTATION('',(#275),#279);
#275 = LINE('',#276,#277);
#276 = CARTESIAN_POINT('',(-0.,-0.55));
#277 = VECTOR('',#278,1.);
#278 = DIRECTION('',(-1.,0.));
#279 = ( GEOMETRIC_REPRESENTATION_CONTEXT(2) 
PARAMETRIC_REPRESENTATION_CONTEXT() REPRESENTATION_CONTEXT('2D SPACE',''
  ) );
#280 = ADVANCED_FACE('',(#281),#269,.T.);
#281 = FACE_BOUND('',#282,.F.);
#282 = EDGE_LOOP('',(#283,#304,#305,#306));
#283 = ORIENTED_EDGE('',*,*,#284,.F.);
#284 = EDGE_CURVE('',#253,#285,#287,.T.);
#285 = VERTEX_POINT('',#286);
#286 = CARTESIAN_POINT('',(112.,0.,21.45));
#287 = SEAM_CURVE('',#288,(#292,#298),.PCURVE_S1.);
#288 = LINE('',#289,#290);
#289 = CARTESIAN_POINT('',(112.,0.,21.45));
#290 = VECTOR('',#291,1.);
#291 = DIRECTION('',(0.707106781187,0.,-0.707106781187));
#292 = PCURVE('',#269,#293);
#293 = DEFINITIONAL_REPRESENTATION('',(#294),#297);
#294 = B_SPLINE_CURVE_WITH_KNOTS('',1,(#295,#296),.UNSPECIFIED.,.F.,.F.,
  (2,2),(-0.777817459305,0.),.PIECEWISE_BEZIER_KNOTS.);
#295 = CARTESIAN_POINT('',(0.,-0.55));
#296 = CARTESIAN_POINT('',(0.,0.));
#297 = ( GEOMETRIC_REPRESENTATION_CONTEXT(2) 
PARAMETRIC_REPRESENTATION_CONTEXT() REPRESENTATION_CONTEXT('2D SPACE',''
  ) );
#298 = PCURVE('',#269,#299);
#299 = DEFINITIONAL_REPRESENTATION('',(#300),#303);
#300 = B_SPLINE_CURVE_WITH_KNOTS('',1,(#301,#302),.UNSPECIFIED.,.F.,.F.,
  (2,2),(-0.777817459305,0.),.PIECEWISE_BEZIER_KNOTS.);
#301 = CARTESIAN_POINT('',(-6.28318530718,-0.55));
#302 = CARTESIAN_POINT('',(-6.28318530718,0.));
#303 = ( GEOMETRIC_REPRESENTATION_CONTEXT(2) 
PARAMETRIC_REPRESENTATION_CONTEXT() REPRESENTATION_CONTEXT('2D SPACE',''
  ) );
#304 = ORIENTED_EDGE('',*,*,#252,.T.);
#305 = ORIENTED_EDGE('',*,*,#284,.T.);
#306 = ORIENTED_EDGE('',*,*,#307,.F.);
#307 = EDGE_CURVE('',#285,#285,#308,.T.);
#308 = SURFACE_CURVE('',#309,(#314,#321),.PCURVE_S1.);
#309 = CIRCLE('',#310,112.);
#310 = AXIS2_PLACEMENT_3D('',#311,#312,#313);
#311 = CARTESIAN_POINT('',(0.,0.,21.45));
#312 = DIRECTION('',(0.,0.,1.));
#313 = DIRECTION('',(1.,0.,-0.));
#314 = PCURVE('',#269,#315);
#315 = DEFINITIONAL_REPRESENTATION('',(#316),#320);
#316 = LINE('',#317,#318);
#317 = CARTESIAN_POINT('',(-0.,0.));
#318 = VECTOR('',#319,1.);
#319 = DIRECTION('',(-1.,0.));
#320 = ( GEOMETRIC_REPRESENTATION_CONTEXT(2) 
PARAMETRIC_REPRESENTATION_CONTEXT() REPRESENTATION_CONTEXT('2D SPACE',''
  ) );
#321 = PCURVE('',#322,#327);
#322 = CYLINDRICAL_SURFACE('',#323,112.);
#323 = AXIS2_PLACEMENT_3D('',#324,#325,#326);
#324 = CARTESIAN_POINT('',(0.,0.,0.));
#325 = DIRECTION('',(0.,0.,1.));
#326 = DIRECTION('',(1.,0.,0.));
#327 = DEFINITIONAL_REPRESENTATION('',(#328),#332);
#328 = LINE('',#329,#330);
#329 = CARTESIAN_POINT('',(0.,21.45));
#330 = VECTOR('',#331,1.);
#331 = DIRECTION('',(1.,0.));
#332 = ( GEOMETRIC_REPRESENTATION_CONTEXT(2) 
PARAMETRIC_REPRESENTATION_CONTEXT() REPRESENTATION_CONTEXT('2D SPACE',''
  ) );
#333 = ADVANCED_FACE('',(#334),#322,.T.);
#334 = FACE_BOUND('',#335,.T.);
#335 = EDGE_LOOP('',(#336,#359,#360,#361));
#336 = ORIENTED_EDGE('',*,*,#337,.T.);
#337 = EDGE_CURVE('',#338,#285,#340,.T.);
#338 = VERTEX_POINT('',#339);
#339 = CARTESIAN_POINT('',(112.,0.,6.55));
#340 = SEAM_CURVE('',#341,(#345,#352),.PCURVE_S1.);
#341 = LINE('',#342,#343);
#342 = CARTESIAN_POINT('',(112.,-2.74320883009E-14,0.));
#343 = VECTOR('',#344,1.);
#344 = DIRECTION('',(0.,0.,1.));
#345 = PCURVE('',#322,#346);
#346 = DEFINITIONAL_REPRESENTATION('',(#347),#351);
#347 = LINE('',#348,#349);
#348 = CARTESIAN_POINT('',(6.28318530718,-0.));
#349 = VECTOR('',#350,1.);
#350 = DIRECTION('',(0.,1.));
#351 = ( GEOMETRIC_REPRESENTATION_CONTEXT(2) 
PARAMETRIC_REPRESENTATION_CONTEXT() REPRESENTATION_CONTEXT('2D SPACE',''
  ) );
#352 = PCURVE('',#322,#353);
#353 = DEFINITIONAL_REPRESENTATION('',(#354),#358);
#354 = LINE('',#355,#356);
#355 = CARTESIAN_POINT('',(0.,-0.));
#356 = VECTOR('',#357,1.);
#357 = DIRECTION('',(0.,1.));
#358 = ( GEOMETRIC_REPRESENTATION_CONTEXT(2) 
PARAMETRIC_REPRESENTATION_CONTEXT() REPRESENTATION_CONTEXT('2D SPACE',''
  ) );
#359 = ORIENTED_EDGE('',*,*,#307,.F.);
#360 = ORIENTED_EDGE('',*,*,#337,.F.);
#361 = ORIENTED_EDGE('',*,*,#362,.T.);
#362 = EDGE_CURVE('',#338,#338,#363,.T.);
#363 = SURFACE_CURVE('',#364,(#369,#376),.PCURVE_S1.);
#364 = CIRCLE('',#365,112.);
#365 = AXIS2_PLACEMENT_3D('',#366,#367,#368);
#366 = CARTESIAN_POINT('',(0.,0.,6.55));
#367 = DIRECTION('',(0.,0.,1.));
#368 = DIRECTION('',(1.,0.,-0.));
#369 = PCURVE('',#322,#370);
#370 = DEFINITIONAL_REPRESENTATION('',(#371),#375);
#371 = LINE('',#372,#373);
#372 = CARTESIAN_POINT('',(0.,6.55));
#373 = VECTOR('',#374,1.);
#374 = DIRECTION('',(1.,0.));
#375 = ( GEOMETRIC_REPRESENTATION_CONTEXT(2) 
PARAMETRIC_REPRESENTATION_CONTEXT() REPRESENTATION_CONTEXT('2D SPACE',''
  ) );
#376 = PCURVE('',#377,#382);
#377 = CONICAL_SURFACE('',#378,112.,0.785398163397);
#378 = AXIS2_PLACEMENT_3D('',#379,#380,#381);
#379 = CARTESIAN_POINT('',(0.,0.,6.55));
#380 = DIRECTION('',(-0.,-0.,-1.));
#381 = DIRECTION('',(1.,0.,0.));
#382 = DEFINITIONAL_REPRESENTATION('',(#383),#387);
#383 = LINE('',#384,#385);
#384 = CARTESIAN_POINT('',(-0.,0.));
#385 = VECTOR('',#386,1.);
#386 = DIRECTION('',(-1.,0.));
#387 = ( GEOMETRIC_REPRESENTATION_CONTEXT(2) 
PARAMETRIC_REPRESENTATION_CONTEXT() REPRESENTATION_CONTEXT('2D SPACE',''
  ) );
#388 = ADVANCED_FACE('',(#389),#377,.T.);
#389 = FACE_BOUND('',#390,.F.);
#390 = EDGE_LOOP('',(#391,#412,#413,#414));
#391 = ORIENTED_EDGE('',*,*,#392,.F.);
#392 = EDGE_CURVE('',#338,#393,#395,.T.);
#393 = VERTEX_POINT('',#394);
#394 = CARTESIAN_POINT('',(112.55,0.,6.));
#395 = SEAM_CURVE('',#396,(#400,#406),.PCURVE_S1.);
#396 = LINE('',#397,#398);
#397 = CARTESIAN_POINT('',(112.,0.,6.55));
#398 = VECTOR('',#399,1.);
#399 = DIRECTION('',(0.707106781187,0.,-0.707106781187));
#400 = PCURVE('',#377,#401);
#401 = DEFINITIONAL_REPRESENTATION('',(#402),#405);
#402 = B_SPLINE_CURVE_WITH_KNOTS('',1,(#403,#404),.UNSPECIFIED.,.F.,.F.,
  (2,2),(0.,0.777817459305),.PIECEWISE_BEZIER_KNOTS.);
#403 = CARTESIAN_POINT('',(0.,0.));
#404 = CARTESIAN_POINT('',(0.,0.55));
#405 = ( GEOMETRIC_REPRESENTATION_CONTEXT(2) 
PARAMETRIC_REPRESENTATION_CONTEXT() REPRESENTATION_CONTEXT('2D SPACE',''
  ) );
#406 = PCURVE('',#377,#407);
#407 = DEFINITIONAL_REPRESENTATION('',(#408),#411);
#408 = B_SPLINE_CURVE_WITH_KNOTS('',1,(#409,#410),.UNSPECIFIED.,.F.,.F.,
  (2,2),(0.,0.777817459305),.PIECEWISE_BEZIER_KNOTS.);
#409 = CARTESIAN_POINT('',(-6.28318530718,0.));
#410 = CARTESIAN_POINT('',(-6.28318530718,0.55));
#411 = ( GEOMETRIC_REPRESENTATION_CONTEXT(2) 
PARAMETRIC_REPRESENTATION_CONTEXT() REPRESENTATION_CONTEXT('2D SPACE',''
  ) );
#412 = ORIENTED_EDGE('',*,*,#362,.T.);
#413 = ORIENTED_EDGE('',*,*,#392,.T.);
#414 = ORIENTED_EDGE('',*,*,#415,.F.);
#415 = EDGE_CURVE('',#393,#393,#416,.T.);
#416 = SURFACE_CURVE('',#417,(#422,#429),.PCURVE_S1.);
#417 = CIRCLE('',#418,112.55);
#418 = AXIS2_PLACEMENT_3D('',#419,#420,#421);
#419 = CARTESIAN_POINT('',(0.,0.,6.));
#420 = DIRECTION('',(0.,0.,1.));
#421 = DIRECTION('',(1.,0.,-0.));
#422 = PCURVE('',#377,#423);
#423 = DEFINITIONAL_REPRESENTATION('',(#424),#428);
#424 = LINE('',#425,#426);
#425 = CARTESIAN_POINT('',(-0.,0.55));
#426 = VECTOR('',#427,1.);
#427 = DIRECTION('',(-1.,0.));
#428 = ( GEOMETRIC_REPRESENTATION_CONTEXT(2) 
PARAMETRIC_REPRESENTATION_CONTEXT() REPRESENTATION_CONTEXT('2D SPACE',''
  ) );
#429 = PCURVE('',#430,#435);
#430 = PLANE('',#431);
#431 = AXIS2_PLACEMENT_3D('',#432,#433,#434);
#432 = CARTESIAN_POINT('',(-120.,-120.,6.));
#433 = DIRECTION('',(0.,0.,1.));
#434 = DIRECTION('',(1.,0.,0.));
#435 = DEFINITIONAL_REPRESENTATION('',(#436),#440);
#436 = CIRCLE('',#437,112.55);
#437 = AXIS2_PLACEMENT_2D('',#438,#439);
#438 = CARTESIAN_POINT('',(120.,120.));
#439 = DIRECTION('',(1.,0.));
#440 = ( GEOMETRIC_REPRESENTATION_CONTEXT(2) 
PARAMETRIC_REPRESENTATION_CONTEXT() REPRESENTATION_CONTEXT('2D SPACE',''
  ) );
#441 = ADVANCED_FACE('',(#442,#445,#559,#590,#621,#652),#430,.T.);
#442 = FACE_BOUND('',#443,.T.);
#443 = EDGE_LOOP('',(#444));
#444 = ORIENTED_EDGE('',*,*,#415,.F.);
#445 = FACE_BOUND('',#446,.T.);
#446 = EDGE_LOOP('',(#447,#477,#505,#533));
#447 = ORIENTED_EDGE('',*,*,#448,.F.);
#448 = EDGE_CURVE('',#449,#451,#453,.T.);
#449 = VERTEX_POINT('',#450);
#450 = CARTESIAN_POINT('',(-119.45,-119.45,6.));
#451 = VERTEX_POINT('',#452);
#452 = CARTESIAN_POINT('',(-119.45,119.45,6.));
#453 = SURFACE_CURVE('',#454,(#458,#465),.PCURVE_S1.);
#454 = LINE('',#455,#456);
#455 = CARTESIAN_POINT('',(-119.45,-120.,6.));
#456 = VECTOR('',#457,1.);
#457 = DIRECTION('',(0.,1.,0.));
#458 = PCURVE('',#430,#459);
#459 = DEFINITIONAL_REPRESENTATION('',(#460),#464);
#460 = LINE('',#461,#462);
#461 = CARTESIAN_POINT('',(0.55,0.));
#462 = VECTOR('',#463,1.);
#463 = DIRECTION('',(0.,1.));
#464 = ( GEOMETRIC_REPRESENTATION_CONTEXT(2) 
PARAMETRIC_REPRESENTATION_CONTEXT() REPRESENTATION_CONTEXT('2D SPACE',''
  ) );
#465 = PCURVE('',#466,#471);
#466 = PLANE('',#467);
#467 = AXIS2_PLACEMENT_3D('',#468,#469,#470);
#468 = CARTESIAN_POINT('',(-119.725,-120.,5.725));
#469 = DIRECTION('',(0.707106781187,2.796097154378E-18,-0.707106781187)
  );
#470 = DIRECTION('',(1.977139258717E-18,-1.,-1.977139258717E-18));
#471 = DEFINITIONAL_REPRESENTATION('',(#472),#476);
#472 = LINE('',#473,#474);
#473 = CARTESIAN_POINT('',(-0.,-0.388908729653));
#474 = VECTOR('',#475,1.);
#475 = DIRECTION('',(-1.,0.));
#476 = ( GEOMETRIC_REPRESENTATION_CONTEXT(2) 
PARAMETRIC_REPRESENTATION_CONTEXT() REPRESENTATION_CONTEXT('2D SPACE',''
  ) );
#477 = ORIENTED_EDGE('',*,*,#478,.T.);
#478 = EDGE_CURVE('',#449,#479,#481,.T.);
#479 = VERTEX_POINT('',#480);
#480 = CARTESIAN_POINT('',(119.45,-119.45,6.));
#481 = SURFACE_CURVE('',#482,(#486,#493),.PCURVE_S1.);
#482 = LINE('',#483,#484);
#483 = CARTESIAN_POINT('',(-120.,-119.45,6.));
#484 = VECTOR('',#485,1.);
#485 = DIRECTION('',(1.,0.,0.));
#486 = PCURVE('',#430,#487);
#487 = DEFINITIONAL_REPRESENTATION('',(#488),#492);
#488 = LINE('',#489,#490);
#489 = CARTESIAN_POINT('',(0.,0.55));
#490 = VECTOR('',#491,1.);
#491 = DIRECTION('',(1.,0.));
#492 = ( GEOMETRIC_REPRESENTATION_CONTEXT(2) 
PARAMETRIC_REPRESENTATION_CONTEXT() REPRESENTATION_CONTEXT('2D SPACE',''
  ) );
#493 = PCURVE('',#494,#499);
#494 = PLANE('',#495);
#495 = AXIS2_PLACEMENT_3D('',#496,#497,#498);
#496 = CARTESIAN_POINT('',(-120.,-119.725,5.725));
#497 = DIRECTION('',(5.147070856124E-19,0.707106781187,-0.707106781187)
  );
#498 = DIRECTION('',(1.,-3.639528705613E-19,3.639528705613E-19));
#499 = DEFINITIONAL_REPRESENTATION('',(#500),#504);
#500 = LINE('',#501,#502);
#501 = CARTESIAN_POINT('',(0.,-0.388908729653));
#502 = VECTOR('',#503,1.);
#503 = DIRECTION('',(1.,0.));
#504 = ( GEOMETRIC_REPRESENTATION_CONTEXT(2) 
PARAMETRIC_REPRESENTATION_CONTEXT() REPRESENTATION_CONTEXT('2D SPACE',''
  ) );
#505 = ORIENTED_EDGE('',*,*,#506,.T.);
#506 = EDGE_CURVE('',#479,#507,#509,.T.);
#507 = VERTEX_POINT('',#508);
#508 = CARTESIAN_POINT('',(119.45,119.45,6.));
#509 = SURFACE_CURVE('',#510,(#514,#521),.PCURVE_S1.);
#510 = LINE('',#511,#512);
#511 = CARTESIAN_POINT('',(119.45,-120.,6.));
#512 = VECTOR('',#513,1.);
#513 = DIRECTION('',(0.,1.,0.));
#514 = PCURVE('',#430,#515);
#515 = DEFINITIONAL_REPRESENTATION('',(#516),#520);
#516 = LINE('',#517,#518);
#517 = CARTESIAN_POINT('',(239.45,0.));
#518 = VECTOR('',#519,1.);
#519 = DIRECTION('',(0.,1.));
#520 = ( GEOMETRIC_REPRESENTATION_CONTEXT(2) 
PARAMETRIC_REPRESENTATION_CONTEXT() REPRESENTATION_CONTEXT('2D SPACE',''
  ) );
#521 = PCURVE('',#522,#527);
#522 = PLANE('',#523);
#523 = AXIS2_PLACEMENT_3D('',#524,#525,#526);
#524 = CARTESIAN_POINT('',(119.725,-120.,5.725));
#525 = DIRECTION('',(0.707106781187,-2.796097154378E-18,0.707106781187)
  );
#526 = DIRECTION('',(-1.977139258717E-18,-1.,-1.977139258717E-18));
#527 = DEFINITIONAL_REPRESENTATION('',(#528),#532);
#528 = LINE('',#529,#530);
#529 = CARTESIAN_POINT('',(-0.,-0.388908729653));
#530 = VECTOR('',#531,1.);
#531 = DIRECTION('',(-1.,0.));
#532 = ( GEOMETRIC_REPRESENTATION_CONTEXT(2) 
PARAMETRIC_REPRESENTATION_CONTEXT() REPRESENTATION_CONTEXT('2D SPACE',''
  ) );
#533 = ORIENTED_EDGE('',*,*,#534,.F.);
#534 = EDGE_CURVE('',#451,#507,#535,.T.);
#535 = SURFACE_CURVE('',#536,(#540,#547),.PCURVE_S1.);
#536 = LINE('',#537,#538);
#537 = CARTESIAN_POINT('',(-120.,119.45,6.));
#538 = VECTOR('',#539,1.);
#539 = DIRECTION('',(1.,0.,0.));
#540 = PCURVE('',#430,#541);
#541 = DEFINITIONAL_REPRESENTATION('',(#542),#546);
#542 = LINE('',#543,#544);
#543 = CARTESIAN_POINT('',(0.,239.45));
#544 = VECTOR('',#545,1.);
#545 = DIRECTION('',(1.,0.));
#546 = ( GEOMETRIC_REPRESENTATION_CONTEXT(2) 
PARAMETRIC_REPRESENTATION_CONTEXT() REPRESENTATION_CONTEXT('2D SPACE',''
  ) );
#547 = PCURVE('',#548,#553);
#548 = PLANE('',#549);
#549 = AXIS2_PLACEMENT_3D('',#550,#551,#552);
#550 = CARTESIAN_POINT('',(-120.,119.725,5.725));
#551 = DIRECTION('',(-5.147070856124E-19,0.707106781187,0.707106781187)
  );
#552 = DIRECTION('',(1.,3.639528705613E-19,3.639528705613E-19));
#553 = DEFINITIONAL_REPRESENTATION('',(#554),#558);
#554 = LINE('',#555,#556);
#555 = CARTESIAN_POINT('',(0.,-0.388908729653));
#556 = VECTOR('',#557,1.);
#557 = DIRECTION('',(1.,0.));
#558 = ( GEOMETRIC_REPRESENTATION_CONTEXT(2) 
PARAMETRIC_REPRESENTATION_CONTEXT() REPRESENTATION_CONTEXT('2D SPACE',''
  ) );
#559 = FACE_BOUND('',#560,.T.);
#560 = EDGE_LOOP('',(#561));
#561 = ORIENTED_EDGE('',*,*,#562,.F.);
#562 = EDGE_CURVE('',#563,#563,#565,.T.);
#563 = VERTEX_POINT('',#564);
#564 = CARTESIAN_POINT('',(-94.95,-100.,6.));
#565 = SURFACE_CURVE('',#566,(#571,#578),.PCURVE_S1.);
#566 = CIRCLE('',#567,5.05);
#567 = AXIS2_PLACEMENT_3D('',#568,#569,#570);
#568 = CARTESIAN_POINT('',(-100.,-100.,6.));
#569 = DIRECTION('',(0.,0.,1.));
#570 = DIRECTION('',(1.,0.,-0.));
#571 = PCURVE('',#430,#572);
#572 = DEFINITIONAL_REPRESENTATION('',(#573),#577);
#573 = CIRCLE('',#574,5.05);
#574 = AXIS2_PLACEMENT_2D('',#575,#576);
#575 = CARTESIAN_POINT('',(20.,20.));
#576 = DIRECTION('',(1.,0.));
#577 = ( GEOMETRIC_REPRESENTATION_CONTEXT(2) 
PARAMETRIC_REPRESENTATION_CONTEXT() REPRESENTATION_CONTEXT('2D SPACE',''
  ) );
#578 = PCURVE('',#579,#584);
#579 = CONICAL_SURFACE('',#580,4.5,0.785398163397);
#580 = AXIS2_PLACEMENT_3D('',#581,#582,#583);
#581 = CARTESIAN_POINT('',(-100.,-100.,5.45));
#582 = DIRECTION('',(0.,0.,1.));
#583 = DIRECTION('',(1.,0.,-0.));
#584 = DEFINITIONAL_REPRESENTATION('',(#585),#589);
#585 = LINE('',#586,#587);
#586 = CARTESIAN_POINT('',(-0.,0.55));
#587 = VECTOR('',#588,1.);
#588 = DIRECTION('',(1.,-0.));
#589 = ( GEOMETRIC_REPRESENTATION_CONTEXT(2) 
PARAMETRIC_REPRESENTATION_CONTEXT() REPRESENTATION_CONTEXT('2D SPACE',''
  ) );
#590 = FACE_BOUND('',#591,.T.);
#591 = EDGE_LOOP('',(#592));
#592 = ORIENTED_EDGE('',*,*,#593,.F.);
#593 = EDGE_CURVE('',#594,#594,#596,.T.);
#594 = VERTEX_POINT('',#595);
#595 = CARTESIAN_POINT('',(105.05,-100.,6.));
#596 = SURFACE_CURVE('',#597,(#602,#609),.PCURVE_S1.);
#597 = CIRCLE('',#598,5.05);
#598 = AXIS2_PLACEMENT_3D('',#599,#600,#601);
#599 = CARTESIAN_POINT('',(100.,-100.,6.));
#600 = DIRECTION('',(0.,0.,1.));
#601 = DIRECTION('',(1.,0.,-0.));
#602 = PCURVE('',#430,#603);
#603 = DEFINITIONAL_REPRESENTATION('',(#604),#608);
#604 = CIRCLE('',#605,5.05);
#605 = AXIS2_PLACEMENT_2D('',#606,#607);
#606 = CARTESIAN_POINT('',(220.,20.));
#607 = DIRECTION('',(1.,0.));
#608 = ( GEOMETRIC_REPRESENTATION_CONTEXT(2) 
PARAMETRIC_REPRESENTATION_CONTEXT() REPRESENTATION_CONTEXT('2D SPACE',''
  ) );
#609 = PCURVE('',#610,#615);
#610 = CONICAL_SURFACE('',#611,4.5,0.785398163397);
#611 = AXIS2_PLACEMENT_3D('',#612,#613,#614);
#612 = CARTESIAN_POINT('',(100.,-100.,5.45));
#613 = DIRECTION('',(0.,0.,1.));
#614 = DIRECTION('',(1.,0.,-0.));
#615 = DEFINITIONAL_REPRESENTATION('',(#616),#620);
#616 = LINE('',#617,#618);
#617 = CARTESIAN_POINT('',(-0.,0.55));
#618 = VECTOR('',#619,1.);
#619 = DIRECTION('',(1.,-0.));
#620 = ( GEOMETRIC_REPRESENTATION_CONTEXT(2) 
PARAMETRIC_REPRESENTATION_CONTEXT() REPRESENTATION_CONTEXT('2D SPACE',''
  ) );
#621 = FACE_BOUND('',#622,.T.);
#622 = EDGE_LOOP('',(#623));
#623 = ORIENTED_EDGE('',*,*,#624,.F.);
#624 = EDGE_CURVE('',#625,#625,#627,.T.);
#625 = VERTEX_POINT('',#626);
#626 = CARTESIAN_POINT('',(-94.95,100.,6.));
#627 = SURFACE_CURVE('',#628,(#633,#640),.PCURVE_S1.);
#628 = CIRCLE('',#629,5.05);
#629 = AXIS2_PLACEMENT_3D('',#630,#631,#632);
#630 = CARTESIAN_POINT('',(-100.,100.,6.));
#631 = DIRECTION('',(0.,0.,1.));
#632 = DIRECTION('',(1.,0.,-0.));
#633 = PCURVE('',#430,#634);
#634 = DEFINITIONAL_REPRESENTATION('',(#635),#639);
#635 = CIRCLE('',#636,5.05);
#636 = AXIS2_PLACEMENT_2D('',#637,#638);
#637 = CARTESIAN_POINT('',(20.,220.));
#638 = DIRECTION('',(1.,0.));
#639 = ( GEOMETRIC_REPRESENTATION_CONTEXT(2) 
PARAMETRIC_REPRESENTATION_CONTEXT() REPRESENTATION_CONTEXT('2D SPACE',''
  ) );
#640 = PCURVE('',#641,#646);
#641 = CONICAL_SURFACE('',#642,4.5,0.785398163397);
#642 = AXIS2_PLACEMENT_3D('',#643,#644,#645);
#643 = CARTESIAN_POINT('',(-100.,100.,5.45));
#644 = DIRECTION('',(0.,0.,1.));
#645 = DIRECTION('',(1.,0.,-0.));
#646 = DEFINITIONAL_REPRESENTATION('',(#647),#651);
#647 = LINE('',#648,#649);
#648 = CARTESIAN_POINT('',(-0.,0.55));
#649 = VECTOR('',#650,1.);
#650 = DIRECTION('',(1.,-0.));
#651 = ( GEOMETRIC_REPRESENTATION_CONTEXT(2) 
PARAMETRIC_REPRESENTATION_CONTEXT() REPRESENTATION_CONTEXT('2D SPACE',''
  ) );
#652 = FACE_BOUND('',#653,.T.);
#653 = EDGE_LOOP('',(#654));
#654 = ORIENTED_EDGE('',*,*,#655,.F.);
#655 = EDGE_CURVE('',#656,#656,#658,.T.);
#656 = VERTEX_POINT('',#657);
#657 = CARTESIAN_POINT('',(105.05,100.,6.));
#658 = SURFACE_CURVE('',#659,(#664,#671),.PCURVE_S1.);
#659 = CIRCLE('',#660,5.05);
#660 = AXIS2_PLACEMENT_3D('',#661,#662,#663);
#661 = CARTESIAN_POINT('',(100.,100.,6.));
#662 = DIRECTION('',(0.,0.,1.));
#663 = DIRECTION('',(1.,0.,-0.));
#664 = PCURVE('',#430,#665);
#665 = DEFINITIONAL_REPRESENTATION('',(#666),#670);
#666 = CIRCLE('',#667,5.05);
#667 = AXIS2_PLACEMENT_2D('',#668,#669);
#668 = CARTESIAN_POINT('',(220.,220.));
#669 = DIRECTION('',(1.,0.));
#670 = ( GEOMETRIC_REPRESENTATION_CONTEXT(2) 
PARAMETRIC_REPRESENTATION_CONTEXT() REPRESENTATION_CONTEXT('2D SPACE',''
  ) );
#671 = PCURVE('',#672,#677);
#672 = CONICAL_SURFACE('',#673,4.5,0.785398163397);
#673 = AXIS2_PLACEMENT_3D('',#674,#675,#676);
#674 = CARTESIAN_POINT('',(100.,100.,5.45));
#675 = DIRECTION('',(0.,0.,1.));
#676 = DIRECTION('',(1.,0.,-0.));
#677 = DEFINITIONAL_REPRESENTATION('',(#678),#682);
#678 = LINE('',#679,#680);
#679 = CARTESIAN_POINT('',(-0.,0.55));
#680 = VECTOR('',#681,1.);
#681 = DIRECTION('',(1.,-0.));
#682 = ( GEOMETRIC_REPRESENTATION_CONTEXT(2) 
PARAMETRIC_REPRESENTATION_CONTEXT() REPRESENTATION_CONTEXT('2D SPACE',''
  ) );
#683 = ADVANCED_FACE('',(#684),#466,.F.);
#684 = FACE_BOUND('',#685,.T.);
#685 = EDGE_LOOP('',(#686,#687,#715,#743));
#686 = ORIENTED_EDGE('',*,*,#448,.T.);
#687 = ORIENTED_EDGE('',*,*,#688,.T.);
#688 = EDGE_CURVE('',#451,#689,#691,.T.);
#689 = VERTEX_POINT('',#690);
#690 = CARTESIAN_POINT('',(-120.,119.45,5.45));
#691 = SURFACE_CURVE('',#692,(#696,#703),.PCURVE_S1.);
#692 = LINE('',#693,#694);
#693 = CARTESIAN_POINT('',(-119.725,119.45,5.725));
#694 = VECTOR('',#695,1.);
#695 = DIRECTION('',(-0.707106781187,4.550739386937E-15,-0.707106781187)
  );
#696 = PCURVE('',#466,#697);
#697 = DEFINITIONAL_REPRESENTATION('',(#698),#702);
#698 = LINE('',#699,#700);
#699 = CARTESIAN_POINT('',(-239.45,-5.325753619855E-13));
#700 = VECTOR('',#701,1.);
#701 = DIRECTION('',(-4.550739386937E-15,1.));
#702 = ( GEOMETRIC_REPRESENTATION_CONTEXT(2) 
PARAMETRIC_REPRESENTATION_CONTEXT() REPRESENTATION_CONTEXT('2D SPACE',''
  ) );
#703 = PCURVE('',#704,#709);
#704 = PLANE('',#705);
#705 = AXIS2_PLACEMENT_3D('',#706,#707,#708);
#706 = CARTESIAN_POINT('',(-119.45,120.,5.45));
#707 = DIRECTION('',(-0.57735026919,0.57735026919,0.57735026919));
#708 = DIRECTION('',(-0.707106781187,-5.420659409173E-17,-0.707106781187
    ));
#709 = DEFINITIONAL_REPRESENTATION('',(#710),#714);
#710 = LINE('',#711,#712);
#711 = CARTESIAN_POINT('',(-5.372241617098E-13,0.673609679265));
#712 = VECTOR('',#713,1.);
#713 = DIRECTION('',(1.,-5.64511789072E-15));
#714 = ( GEOMETRIC_REPRESENTATION_CONTEXT(2) 
PARAMETRIC_REPRESENTATION_CONTEXT() REPRESENTATION_CONTEXT('2D SPACE',''
  ) );
#715 = ORIENTED_EDGE('',*,*,#716,.F.);
#716 = EDGE_CURVE('',#717,#689,#719,.T.);
#717 = VERTEX_POINT('',#718);
#718 = CARTESIAN_POINT('',(-120.,-119.45,5.45));
#719 = SURFACE_CURVE('',#720,(#724,#731),.PCURVE_S1.);
#720 = LINE('',#721,#722);
#721 = CARTESIAN_POINT('',(-120.,-120.,5.45));
#722 = VECTOR('',#723,1.);
#723 = DIRECTION('',(0.,1.,0.));
#724 = PCURVE('',#466,#725);
#725 = DEFINITIONAL_REPRESENTATION('',(#726),#730);
#726 = LINE('',#727,#728);
#727 = CARTESIAN_POINT('',(-0.,0.388908729653));
#728 = VECTOR('',#729,1.);
#729 = DIRECTION('',(-1.,0.));
#730 = ( GEOMETRIC_REPRESENTATION_CONTEXT(2) 
PARAMETRIC_REPRESENTATION_CONTEXT() REPRESENTATION_CONTEXT('2D SPACE',''
  ) );
#731 = PCURVE('',#732,#737);
#732 = PLANE('',#733);
#733 = AXIS2_PLACEMENT_3D('',#734,#735,#736);
#734 = CARTESIAN_POINT('',(-120.,-120.,0.));
#735 = DIRECTION('',(1.,0.,0.));
#736 = DIRECTION('',(0.,0.,1.));
#737 = DEFINITIONAL_REPRESENTATION('',(#738),#742);
#738 = LINE('',#739,#740);
#739 = CARTESIAN_POINT('',(5.45,0.));
#740 = VECTOR('',#741,1.);
#741 = DIRECTION('',(0.,-1.));
#742 = ( GEOMETRIC_REPRESENTATION_CONTEXT(2) 
PARAMETRIC_REPRESENTATION_CONTEXT() REPRESENTATION_CONTEXT('2D SPACE',''
  ) );
#743 = ORIENTED_EDGE('',*,*,#744,.F.);
#744 = EDGE_CURVE('',#449,#717,#745,.T.);
#745 = SURFACE_CURVE('',#746,(#750,#757),.PCURVE_S1.);
#746 = LINE('',#747,#748);
#747 = CARTESIAN_POINT('',(-119.725,-119.45,5.725));
#748 = VECTOR('',#749,1.);
#749 = DIRECTION('',(-0.707106781187,1.474721785211E-14,-0.707106781187)
  );
#750 = PCURVE('',#466,#751);
#751 = DEFINITIONAL_REPRESENTATION('',(#752),#756);
#752 = LINE('',#753,#754);
#753 = CARTESIAN_POINT('',(-0.55,-3.768221900841E-15));
#754 = VECTOR('',#755,1.);
#755 = DIRECTION('',(-1.474721785211E-14,1.));
#756 = ( GEOMETRIC_REPRESENTATION_CONTEXT(2) 
PARAMETRIC_REPRESENTATION_CONTEXT() REPRESENTATION_CONTEXT('2D SPACE',''
  ) );
#757 = PCURVE('',#758,#763);
#758 = PLANE('',#759);
#759 = AXIS2_PLACEMENT_3D('',#760,#761,#762);
#760 = CARTESIAN_POINT('',(-119.45,-120.,5.45));
#761 = DIRECTION('',(0.57735026919,0.57735026919,-0.57735026919));
#762 = DIRECTION('',(-0.707106781187,1.824571704904E-14,-0.707106781187)
  );
#763 = DEFINITIONAL_REPRESENTATION('',(#764),#768);
#764 = LINE('',#765,#766);
#765 = CARTESIAN_POINT('',(1.252869064298E-15,0.673609679265));
#766 = VECTOR('',#767,1.);
#767 = DIRECTION('',(1.,-4.303243935898E-15));
#768 = ( GEOMETRIC_REPRESENTATION_CONTEXT(2) 
PARAMETRIC_REPRESENTATION_CONTEXT() REPRESENTATION_CONTEXT('2D SPACE',''
  ) );
#769 = ADVANCED_FACE('',(#770),#494,.F.);
#770 = FACE_BOUND('',#771,.F.);
#771 = EDGE_LOOP('',(#772,#795,#796,#824));
#772 = ORIENTED_EDGE('',*,*,#773,.T.);
#773 = EDGE_CURVE('',#774,#449,#776,.T.);
#774 = VERTEX_POINT('',#775);
#775 = CARTESIAN_POINT('',(-119.45,-120.,5.45));
#776 = SURFACE_CURVE('',#777,(#781,#788),.PCURVE_S1.);
#777 = LINE('',#778,#779);
#778 = CARTESIAN_POINT('',(-119.45,-119.8625,5.5875));
#779 = VECTOR('',#780,1.);
#780 = DIRECTION('',(-1.474227072623E-14,0.707106781187,0.707106781187)
  );
#781 = PCURVE('',#494,#782);
#782 = DEFINITIONAL_REPRESENTATION('',(#783),#787);
#783 = LINE('',#784,#785);
#784 = CARTESIAN_POINT('',(0.55,0.194454364826));
#785 = VECTOR('',#786,1.);
#786 = DIRECTION('',(-1.474227072623E-14,-1.));
#787 = ( GEOMETRIC_REPRESENTATION_CONTEXT(2) 
PARAMETRIC_REPRESENTATION_CONTEXT() REPRESENTATION_CONTEXT('2D SPACE',''
  ) );
#788 = PCURVE('',#758,#789);
#789 = DEFINITIONAL_REPRESENTATION('',(#790),#794);
#790 = LINE('',#791,#792);
#791 = CARTESIAN_POINT('',(-9.722718241316E-02,0.168402419816));
#792 = VECTOR('',#793,1.);
#793 = DIRECTION('',(-0.5,0.866025403784));
#794 = ( GEOMETRIC_REPRESENTATION_CONTEXT(2) 
PARAMETRIC_REPRESENTATION_CONTEXT() REPRESENTATION_CONTEXT('2D SPACE',''
  ) );
#795 = ORIENTED_EDGE('',*,*,#478,.T.);
#796 = ORIENTED_EDGE('',*,*,#797,.T.);
#797 = EDGE_CURVE('',#479,#798,#800,.T.);
#798 = VERTEX_POINT('',#799);
#799 = CARTESIAN_POINT('',(119.45,-120.,5.45));
#800 = SURFACE_CURVE('',#801,(#805,#812),.PCURVE_S1.);
#801 = LINE('',#802,#803);
#802 = CARTESIAN_POINT('',(119.45,-119.725,5.724999999999));
#803 = VECTOR('',#804,1.);
#804 = DIRECTION('',(-1.477692152286E-14,-0.707106781187,-0.707106781187
    ));
#805 = PCURVE('',#494,#806);
#806 = DEFINITIONAL_REPRESENTATION('',(#807),#811);
#807 = LINE('',#808,#809);
#808 = CARTESIAN_POINT('',(239.45,1.763527849594E-12));
#809 = VECTOR('',#810,1.);
#810 = DIRECTION('',(-1.477692152286E-14,1.));
#811 = ( GEOMETRIC_REPRESENTATION_CONTEXT(2) 
PARAMETRIC_REPRESENTATION_CONTEXT() REPRESENTATION_CONTEXT('2D SPACE',''
  ) );
#812 = PCURVE('',#813,#818);
#813 = PLANE('',#814);
#814 = AXIS2_PLACEMENT_3D('',#815,#816,#817);
#815 = CARTESIAN_POINT('',(120.,-119.45,5.45));
#816 = DIRECTION('',(-0.57735026919,0.57735026919,-0.57735026919));
#817 = DIRECTION('',(5.165803182392E-17,-0.707106781187,-0.707106781187)
  );
#818 = DEFINITIONAL_REPRESENTATION('',(#819),#823);
#819 = LINE('',#820,#821);
#820 = CARTESIAN_POINT('',(1.763477909932E-12,0.673609679265));
#821 = VECTOR('',#822,1.);
#822 = DIRECTION('',(1.,1.818072078914E-14));
#823 = ( GEOMETRIC_REPRESENTATION_CONTEXT(2) 
PARAMETRIC_REPRESENTATION_CONTEXT() REPRESENTATION_CONTEXT('2D SPACE',''
  ) );
#824 = ORIENTED_EDGE('',*,*,#825,.F.);
#825 = EDGE_CURVE('',#774,#798,#826,.T.);
#826 = SURFACE_CURVE('',#827,(#831,#838),.PCURVE_S1.);
#827 = LINE('',#828,#829);
#828 = CARTESIAN_POINT('',(-120.,-120.,5.45));
#829 = VECTOR('',#830,1.);
#830 = DIRECTION('',(1.,0.,0.));
#831 = PCURVE('',#494,#832);
#832 = DEFINITIONAL_REPRESENTATION('',(#833),#837);
#833 = LINE('',#834,#835);
#834 = CARTESIAN_POINT('',(0.,0.388908729653));
#835 = VECTOR('',#836,1.);
#836 = DIRECTION('',(1.,0.));
#837 = ( GEOMETRIC_REPRESENTATION_CONTEXT(2) 
PARAMETRIC_REPRESENTATION_CONTEXT() REPRESENTATION_CONTEXT('2D SPACE',''
  ) );
#838 = PCURVE('',#839,#844);
#839 = PLANE('',#840);
#840 = AXIS2_PLACEMENT_3D('',#841,#842,#843);
#841 = CARTESIAN_POINT('',(-120.,-120.,0.));
#842 = DIRECTION('',(0.,1.,0.));
#843 = DIRECTION('',(0.,0.,1.));
#844 = DEFINITIONAL_REPRESENTATION('',(#845),#849);
#845 = LINE('',#846,#847);
#846 = CARTESIAN_POINT('',(5.45,0.));
#847 = VECTOR('',#848,1.);
#848 = DIRECTION('',(0.,1.));
#849 = ( GEOMETRIC_REPRESENTATION_CONTEXT(2) 
PARAMETRIC_REPRESENTATION_CONTEXT() REPRESENTATION_CONTEXT('2D SPACE',''
  ) );
#850 = ADVANCED_FACE('',(#851),#548,.T.);
#851 = FACE_BOUND('',#852,.T.);
#852 = EDGE_LOOP('',(#853,#876,#877,#905));
#853 = ORIENTED_EDGE('',*,*,#854,.T.);
#854 = EDGE_CURVE('',#855,#451,#857,.T.);
#855 = VERTEX_POINT('',#856);
#856 = CARTESIAN_POINT('',(-119.45,120.,5.45));
#857 = SURFACE_CURVE('',#858,(#862,#869),.PCURVE_S1.);
#858 = LINE('',#859,#860);
#859 = CARTESIAN_POINT('',(-119.45,119.8625,5.5875));
#860 = VECTOR('',#861,1.);
#861 = DIRECTION('',(3.4400767893E-15,-0.707106781187,0.707106781187));
#862 = PCURVE('',#548,#863);
#863 = DEFINITIONAL_REPRESENTATION('',(#864),#868);
#864 = LINE('',#865,#866);
#865 = CARTESIAN_POINT('',(0.55,0.194454364826));
#866 = VECTOR('',#867,1.);
#867 = DIRECTION('',(3.4400767893E-15,-1.));
#868 = ( GEOMETRIC_REPRESENTATION_CONTEXT(2) 
PARAMETRIC_REPRESENTATION_CONTEXT() REPRESENTATION_CONTEXT('2D SPACE',''
  ) );
#869 = PCURVE('',#704,#870);
#870 = DEFINITIONAL_REPRESENTATION('',(#871),#875);
#871 = LINE('',#872,#873);
#872 = CARTESIAN_POINT('',(-9.722718241318E-02,0.168402419816));
#873 = VECTOR('',#874,1.);
#874 = DIRECTION('',(-0.5,0.866025403784));
#875 = ( GEOMETRIC_REPRESENTATION_CONTEXT(2) 
PARAMETRIC_REPRESENTATION_CONTEXT() REPRESENTATION_CONTEXT('2D SPACE',''
  ) );
#876 = ORIENTED_EDGE('',*,*,#534,.T.);
#877 = ORIENTED_EDGE('',*,*,#878,.T.);
#878 = EDGE_CURVE('',#507,#879,#881,.T.);
#879 = VERTEX_POINT('',#880);
#880 = CARTESIAN_POINT('',(119.45,120.,5.45));
#881 = SURFACE_CURVE('',#882,(#886,#893),.PCURVE_S1.);
#882 = LINE('',#883,#884);
#883 = CARTESIAN_POINT('',(119.45,119.725,5.725));
#884 = VECTOR('',#885,1.);
#885 = DIRECTION('',(3.461748265757E-15,0.707106781187,-0.707106781187)
  );
#886 = PCURVE('',#548,#887);
#887 = DEFINITIONAL_REPRESENTATION('',(#888),#892);
#888 = LINE('',#889,#890);
#889 = CARTESIAN_POINT('',(239.45,-4.113642241751E-13));
#890 = VECTOR('',#891,1.);
#891 = DIRECTION('',(3.461748265757E-15,1.));
#892 = ( GEOMETRIC_REPRESENTATION_CONTEXT(2) 
PARAMETRIC_REPRESENTATION_CONTEXT() REPRESENTATION_CONTEXT('2D SPACE',''
  ) );
#893 = PCURVE('',#894,#899);
#894 = PLANE('',#895);
#895 = AXIS2_PLACEMENT_3D('',#896,#897,#898);
#896 = CARTESIAN_POINT('',(120.,119.45,5.45));
#897 = DIRECTION('',(0.57735026919,0.57735026919,0.57735026919));
#898 = DIRECTION('',(-4.685935062154E-18,0.707106781187,-0.707106781187)
  );
#899 = DEFINITIONAL_REPRESENTATION('',(#900),#904);
#900 = LINE('',#901,#902);
#901 = CARTESIAN_POINT('',(-4.057213845478E-13,0.673609679265));
#902 = VECTOR('',#903,1.);
#903 = DIRECTION('',(1.,-4.244150212563E-15));
#904 = ( GEOMETRIC_REPRESENTATION_CONTEXT(2) 
PARAMETRIC_REPRESENTATION_CONTEXT() REPRESENTATION_CONTEXT('2D SPACE',''
  ) );
#905 = ORIENTED_EDGE('',*,*,#906,.F.);
#906 = EDGE_CURVE('',#855,#879,#907,.T.);
#907 = SURFACE_CURVE('',#908,(#912,#919),.PCURVE_S1.);
#908 = LINE('',#909,#910);
#909 = CARTESIAN_POINT('',(-120.,120.,5.45));
#910 = VECTOR('',#911,1.);
#911 = DIRECTION('',(1.,0.,0.));
#912 = PCURVE('',#548,#913);
#913 = DEFINITIONAL_REPRESENTATION('',(#914),#918);
#914 = LINE('',#915,#916);
#915 = CARTESIAN_POINT('',(0.,0.388908729653));
#916 = VECTOR('',#917,1.);
#917 = DIRECTION('',(1.,0.));
#918 = ( GEOMETRIC_REPRESENTATION_CONTEXT(2) 
PARAMETRIC_REPRESENTATION_CONTEXT() REPRESENTATION_CONTEXT('2D SPACE',''
  ) );
#919 = PCURVE('',#920,#925);
#920 = PLANE('',#921);
#921 = AXIS2_PLACEMENT_3D('',#922,#923,#924);
#922 = CARTESIAN_POINT('',(-120.,120.,0.));
#923 = DIRECTION('',(0.,1.,0.));
#924 = DIRECTION('',(0.,0.,1.));
#925 = DEFINITIONAL_REPRESENTATION('',(#926),#930);
#926 = LINE('',#927,#928);
#927 = CARTESIAN_POINT('',(5.45,0.));
#928 = VECTOR('',#929,1.);
#929 = DIRECTION('',(0.,1.));
#930 = ( GEOMETRIC_REPRESENTATION_CONTEXT(2) 
PARAMETRIC_REPRESENTATION_CONTEXT() REPRESENTATION_CONTEXT('2D SPACE',''
  ) );
#931 = ADVANCED_FACE('',(#932),#522,.T.);
#932 = FACE_BOUND('',#933,.F.);
#933 = EDGE_LOOP('',(#934,#957,#958,#981));
#934 = ORIENTED_EDGE('',*,*,#935,.T.);
#935 = EDGE_CURVE('',#936,#479,#938,.T.);
#936 = VERTEX_POINT('',#937);
#937 = CARTESIAN_POINT('',(120.,-119.45,5.45));
#938 = SURFACE_CURVE('',#939,(#943,#950),.PCURVE_S1.);
#939 = LINE('',#940,#941);
#940 = CARTESIAN_POINT('',(119.8625,-119.45,5.5875));
#941 = VECTOR('',#942,1.);
#942 = DIRECTION('',(-0.707106781187,3.411800214043E-15,0.707106781187)
  );
#943 = PCURVE('',#522,#944);
#944 = DEFINITIONAL_REPRESENTATION('',(#945),#949);
#945 = LINE('',#946,#947);
#946 = CARTESIAN_POINT('',(-0.55,0.194454364826));
#947 = VECTOR('',#948,1.);
#948 = DIRECTION('',(-3.411800214043E-15,-1.));
#949 = ( GEOMETRIC_REPRESENTATION_CONTEXT(2) 
PARAMETRIC_REPRESENTATION_CONTEXT() REPRESENTATION_CONTEXT('2D SPACE',''
  ) );
#950 = PCURVE('',#813,#951);
#951 = DEFINITIONAL_REPRESENTATION('',(#952),#956);
#952 = LINE('',#953,#954);
#953 = CARTESIAN_POINT('',(-9.722718241315E-02,0.168402419816));
#954 = VECTOR('',#955,1.);
#955 = DIRECTION('',(-0.5,0.866025403784));
#956 = ( GEOMETRIC_REPRESENTATION_CONTEXT(2) 
PARAMETRIC_REPRESENTATION_CONTEXT() REPRESENTATION_CONTEXT('2D SPACE',''
  ) );
#957 = ORIENTED_EDGE('',*,*,#506,.T.);
#958 = ORIENTED_EDGE('',*,*,#959,.F.);
#959 = EDGE_CURVE('',#960,#507,#962,.T.);
#960 = VERTEX_POINT('',#961);
#961 = CARTESIAN_POINT('',(120.,119.45,5.45));
#962 = SURFACE_CURVE('',#963,(#967,#974),.PCURVE_S1.);
#963 = LINE('',#964,#965);
#964 = CARTESIAN_POINT('',(119.86249999999,119.45,5.587500000002));
#965 = VECTOR('',#966,1.);
#966 = DIRECTION('',(-0.707106781187,-2.288555730987E-14,0.707106781187)
  );
#967 = PCURVE('',#522,#968);
#968 = DEFINITIONAL_REPRESENTATION('',(#969),#973);
#969 = LINE('',#970,#971);
#970 = CARTESIAN_POINT('',(-239.45,0.194454364824));
#971 = VECTOR('',#972,1.);
#972 = DIRECTION('',(2.288555730987E-14,-1.));
#973 = ( GEOMETRIC_REPRESENTATION_CONTEXT(2) 
PARAMETRIC_REPRESENTATION_CONTEXT() REPRESENTATION_CONTEXT('2D SPACE',''
  ) );
#974 = PCURVE('',#894,#975);
#975 = DEFINITIONAL_REPRESENTATION('',(#976),#980);
#976 = LINE('',#977,#978);
#977 = CARTESIAN_POINT('',(-9.722718241454E-02,0.168402419819));
#978 = VECTOR('',#979,1.);
#979 = DIRECTION('',(-0.5,0.866025403784));
#980 = ( GEOMETRIC_REPRESENTATION_CONTEXT(2) 
PARAMETRIC_REPRESENTATION_CONTEXT() REPRESENTATION_CONTEXT('2D SPACE',''
  ) );
#981 = ORIENTED_EDGE('',*,*,#982,.F.);
#982 = EDGE_CURVE('',#936,#960,#983,.T.);
#983 = SURFACE_CURVE('',#984,(#988,#995),.PCURVE_S1.);
#984 = LINE('',#985,#986);
#985 = CARTESIAN_POINT('',(120.,-120.,5.45));
#986 = VECTOR('',#987,1.);
#987 = DIRECTION('',(0.,1.,0.));
#988 = PCURVE('',#522,#989);
#989 = DEFINITIONAL_REPRESENTATION('',(#990),#994);
#990 = LINE('',#991,#992);
#991 = CARTESIAN_POINT('',(-0.,0.388908729653));
#992 = VECTOR('',#993,1.);
#993 = DIRECTION('',(-1.,0.));
#994 = ( GEOMETRIC_REPRESENTATION_CONTEXT(2) 
PARAMETRIC_REPRESENTATION_CONTEXT() REPRESENTATION_CONTEXT('2D SPACE',''
  ) );
#995 = PCURVE('',#996,#1001);
#996 = PLANE('',#997);
#997 = AXIS2_PLACEMENT_3D('',#998,#999,#1000);
#998 = CARTESIAN_POINT('',(120.,-120.,0.));
#999 = DIRECTION('',(1.,0.,0.));
#1000 = DIRECTION('',(0.,0.,1.));
#1001 = DEFINITIONAL_REPRESENTATION('',(#1002),#1006);
#1002 = LINE('',#1003,#1004);
#1003 = CARTESIAN_POINT('',(5.45,0.));
#1004 = VECTOR('',#1005,1.);
#1005 = DIRECTION('',(0.,-1.));
#1006 = ( GEOMETRIC_REPRESENTATION_CONTEXT(2) 
PARAMETRIC_REPRESENTATION_CONTEXT() REPRESENTATION_CONTEXT('2D SPACE',''
  ) );
#1007 = ADVANCED_FACE('',(#1008),#579,.F.);
#1008 = FACE_BOUND('',#1009,.T.);
#1009 = EDGE_LOOP('',(#1010,#1031,#1032,#1033));
#1010 = ORIENTED_EDGE('',*,*,#1011,.F.);
#1011 = EDGE_CURVE('',#563,#1012,#1014,.T.);
#1012 = VERTEX_POINT('',#1013);
#1013 = CARTESIAN_POINT('',(-95.5,-100.,5.45));
#1014 = SEAM_CURVE('',#1015,(#1019,#1025),.PCURVE_S1.);
#1015 = LINE('',#1016,#1017);
#1016 = CARTESIAN_POINT('',(-95.5,-100.,5.45));
#1017 = VECTOR('',#1018,1.);
#1018 = DIRECTION('',(-0.707106781187,-0.,-0.707106781187));
#1019 = PCURVE('',#579,#1020);
#1020 = DEFINITIONAL_REPRESENTATION('',(#1021),#1024);
#1021 = B_SPLINE_CURVE_WITH_KNOTS('',1,(#1022,#1023),.UNSPECIFIED.,.F.,
  .F.,(2,2),(-0.777817459305,0.),.PIECEWISE_BEZIER_KNOTS.);
#1022 = CARTESIAN_POINT('',(0.,0.55));
#1023 = CARTESIAN_POINT('',(0.,0.));
#1024 = ( GEOMETRIC_REPRESENTATION_CONTEXT(2) 
PARAMETRIC_REPRESENTATION_CONTEXT() REPRESENTATION_CONTEXT('2D SPACE',''
  ) );
#1025 = PCURVE('',#579,#1026);
#1026 = DEFINITIONAL_REPRESENTATION('',(#1027),#1030);
#1027 = B_SPLINE_CURVE_WITH_KNOTS('',1,(#1028,#1029),.UNSPECIFIED.,.F.,
  .F.,(2,2),(-0.777817459305,0.),.PIECEWISE_BEZIER_KNOTS.);
#1028 = CARTESIAN_POINT('',(6.28318530718,0.55));
#1029 = CARTESIAN_POINT('',(6.28318530718,0.));
#1030 = ( GEOMETRIC_REPRESENTATION_CONTEXT(2) 
PARAMETRIC_REPRESENTATION_CONTEXT() REPRESENTATION_CONTEXT('2D SPACE',''
  ) );
#1031 = ORIENTED_EDGE('',*,*,#562,.T.);
#1032 = ORIENTED_EDGE('',*,*,#1011,.T.);
#1033 = ORIENTED_EDGE('',*,*,#1034,.F.);
#1034 = EDGE_CURVE('',#1012,#1012,#1035,.T.);
#1035 = SURFACE_CURVE('',#1036,(#1041,#1048),.PCURVE_S1.);
#1036 = CIRCLE('',#1037,4.5);
#1037 = AXIS2_PLACEMENT_3D('',#1038,#1039,#1040);
#1038 = CARTESIAN_POINT('',(-100.,-100.,5.45));
#1039 = DIRECTION('',(0.,0.,1.));
#1040 = DIRECTION('',(1.,0.,-0.));
#1041 = PCURVE('',#579,#1042);
#1042 = DEFINITIONAL_REPRESENTATION('',(#1043),#1047);
#1043 = LINE('',#1044,#1045);
#1044 = CARTESIAN_POINT('',(0.,-0.));
#1045 = VECTOR('',#1046,1.);
#1046 = DIRECTION('',(1.,-0.));
#1047 = ( GEOMETRIC_REPRESENTATION_CONTEXT(2) 
PARAMETRIC_REPRESENTATION_CONTEXT() REPRESENTATION_CONTEXT('2D SPACE',''
  ) );
#1048 = PCURVE('',#1049,#1054);
#1049 = CYLINDRICAL_SURFACE('',#1050,4.5);
#1050 = AXIS2_PLACEMENT_3D('',#1051,#1052,#1053);
#1051 = CARTESIAN_POINT('',(-100.,-100.,4.));
#1052 = DIRECTION('',(0.,0.,1.));
#1053 = DIRECTION('',(1.,0.,0.));
#1054 = DEFINITIONAL_REPRESENTATION('',(#1055),#1059);
#1055 = LINE('',#1056,#1057);
#1056 = CARTESIAN_POINT('',(0.,1.45));
#1057 = VECTOR('',#1058,1.);
#1058 = DIRECTION('',(1.,0.));
#1059 = ( GEOMETRIC_REPRESENTATION_CONTEXT(2) 
PARAMETRIC_REPRESENTATION_CONTEXT() REPRESENTATION_CONTEXT('2D SPACE',''
  ) );
#1060 = ADVANCED_FACE('',(#1061),#610,.F.);
#1061 = FACE_BOUND('',#1062,.T.);
#1062 = EDGE_LOOP('',(#1063,#1084,#1085,#1086));
#1063 = ORIENTED_EDGE('',*,*,#1064,.F.);
#1064 = EDGE_CURVE('',#594,#1065,#1067,.T.);
#1065 = VERTEX_POINT('',#1066);
#1066 = CARTESIAN_POINT('',(104.5,-100.,5.45));
#1067 = SEAM_CURVE('',#1068,(#1072,#1078),.PCURVE_S1.);
#1068 = LINE('',#1069,#1070);
#1069 = CARTESIAN_POINT('',(104.5,-100.,5.45));
#1070 = VECTOR('',#1071,1.);
#1071 = DIRECTION('',(-0.707106781187,-0.,-0.707106781187));
#1072 = PCURVE('',#610,#1073);
#1073 = DEFINITIONAL_REPRESENTATION('',(#1074),#1077);
#1074 = B_SPLINE_CURVE_WITH_KNOTS('',1,(#1075,#1076),.UNSPECIFIED.,.F.,
  .F.,(2,2),(-0.777817459305,0.),.PIECEWISE_BEZIER_KNOTS.);
#1075 = CARTESIAN_POINT('',(0.,0.55));
#1076 = CARTESIAN_POINT('',(0.,0.));
#1077 = ( GEOMETRIC_REPRESENTATION_CONTEXT(2) 
PARAMETRIC_REPRESENTATION_CONTEXT() REPRESENTATION_CONTEXT('2D SPACE',''
  ) );
#1078 = PCURVE('',#610,#1079);
#1079 = DEFINITIONAL_REPRESENTATION('',(#1080),#1083);
#1080 = B_SPLINE_CURVE_WITH_KNOTS('',1,(#1081,#1082),.UNSPECIFIED.,.F.,
  .F.,(2,2),(-0.777817459305,0.),.PIECEWISE_BEZIER_KNOTS.);
#1081 = CARTESIAN_POINT('',(6.28318530718,0.55));
#1082 = CARTESIAN_POINT('',(6.28318530718,0.));
#1083 = ( GEOMETRIC_REPRESENTATION_CONTEXT(2) 
PARAMETRIC_REPRESENTATION_CONTEXT() REPRESENTATION_CONTEXT('2D SPACE',''
  ) );
#1084 = ORIENTED_EDGE('',*,*,#593,.T.);
#1085 = ORIENTED_EDGE('',*,*,#1064,.T.);
#1086 = ORIENTED_EDGE('',*,*,#1087,.F.);
#1087 = EDGE_CURVE('',#1065,#1065,#1088,.T.);
#1088 = SURFACE_CURVE('',#1089,(#1094,#1101),.PCURVE_S1.);
#1089 = CIRCLE('',#1090,4.5);
#1090 = AXIS2_PLACEMENT_3D('',#1091,#1092,#1093);
#1091 = CARTESIAN_POINT('',(100.,-100.,5.45));
#1092 = DIRECTION('',(0.,0.,1.));
#1093 = DIRECTION('',(1.,0.,-0.));
#1094 = PCURVE('',#610,#1095);
#1095 = DEFINITIONAL_REPRESENTATION('',(#1096),#1100);
#1096 = LINE('',#1097,#1098);
#1097 = CARTESIAN_POINT('',(0.,-0.));
#1098 = VECTOR('',#1099,1.);
#1099 = DIRECTION('',(1.,-0.));
#1100 = ( GEOMETRIC_REPRESENTATION_CONTEXT(2) 
PARAMETRIC_REPRESENTATION_CONTEXT() REPRESENTATION_CONTEXT('2D SPACE',''
  ) );
#1101 = PCURVE('',#1102,#1107);
#1102 = CYLINDRICAL_SURFACE('',#1103,4.5);
#1103 = AXIS2_PLACEMENT_3D('',#1104,#1105,#1106);
#1104 = CARTESIAN_POINT('',(100.,-100.,4.));
#1105 = DIRECTION('',(0.,0.,1.));
#1106 = DIRECTION('',(1.,0.,0.));
#1107 = DEFINITIONAL_REPRESENTATION('',(#1108),#1112);
#1108 = LINE('',#1109,#1110);
#1109 = CARTESIAN_POINT('',(0.,1.45));
#1110 = VECTOR('',#1111,1.);
#1111 = DIRECTION('',(1.,0.));
#1112 = ( GEOMETRIC_REPRESENTATION_CONTEXT(2) 
PARAMETRIC_REPRESENTATION_CONTEXT() REPRESENTATION_CONTEXT('2D SPACE',''
  ) );
#1113 = ADVANCED_FACE('',(#1114),#641,.F.);
#1114 = FACE_BOUND('',#1115,.T.);
#1115 = EDGE_LOOP('',(#1116,#1137,#1138,#1139));
#1116 = ORIENTED_EDGE('',*,*,#1117,.F.);
#1117 = EDGE_CURVE('',#625,#1118,#1120,.T.);
#1118 = VERTEX_POINT('',#1119);
#1119 = CARTESIAN_POINT('',(-95.5,100.,5.45));
#1120 = SEAM_CURVE('',#1121,(#1125,#1131),.PCURVE_S1.);
#1121 = LINE('',#1122,#1123);
#1122 = CARTESIAN_POINT('',(-95.5,100.,5.45));
#1123 = VECTOR('',#1124,1.);
#1124 = DIRECTION('',(-0.707106781187,-0.,-0.707106781187));
#1125 = PCURVE('',#641,#1126);
#1126 = DEFINITIONAL_REPRESENTATION('',(#1127),#1130);
#1127 = B_SPLINE_CURVE_WITH_KNOTS('',1,(#1128,#1129),.UNSPECIFIED.,.F.,
  .F.,(2,2),(-0.777817459305,0.),.PIECEWISE_BEZIER_KNOTS.);
#1128 = CARTESIAN_POINT('',(0.,0.55));
#1129 = CARTESIAN_POINT('',(0.,0.));
#1130 = ( GEOMETRIC_REPRESENTATION_CONTEXT(2) 
PARAMETRIC_REPRESENTATION_CONTEXT() REPRESENTATION_CONTEXT('2D SPACE',''
  ) );
#1131 = PCURVE('',#641,#1132);
#1132 = DEFINITIONAL_REPRESENTATION('',(#1133),#1136);
#1133 = B_SPLINE_CURVE_WITH_KNOTS('',1,(#1134,#1135),.UNSPECIFIED.,.F.,
  .F.,(2,2),(-0.777817459305,0.),.PIECEWISE_BEZIER_KNOTS.);
#1134 = CARTESIAN_POINT('',(6.28318530718,0.55));
#1135 = CARTESIAN_POINT('',(6.28318530718,0.));
#1136 = ( GEOMETRIC_REPRESENTATION_CONTEXT(2) 
PARAMETRIC_REPRESENTATION_CONTEXT() REPRESENTATION_CONTEXT('2D SPACE',''
  ) );
#1137 = ORIENTED_EDGE('',*,*,#624,.T.);
#1138 = ORIENTED_EDGE('',*,*,#1117,.T.);
#1139 = ORIENTED_EDGE('',*,*,#1140,.F.);
#1140 = EDGE_CURVE('',#1118,#1118,#1141,.T.);
#1141 = SURFACE_CURVE('',#1142,(#1147,#1154),.PCURVE_S1.);
#1142 = CIRCLE('',#1143,4.5);
#1143 = AXIS2_PLACEMENT_3D('',#1144,#1145,#1146);
#1144 = CARTESIAN_POINT('',(-100.,100.,5.45));
#1145 = DIRECTION('',(0.,0.,1.));
#1146 = DIRECTION('',(1.,0.,-0.));
#1147 = PCURVE('',#641,#1148);
#1148 = DEFINITIONAL_REPRESENTATION('',(#1149),#1153);
#1149 = LINE('',#1150,#1151);
#1150 = CARTESIAN_POINT('',(0.,-0.));
#1151 = VECTOR('',#1152,1.);
#1152 = DIRECTION('',(1.,-0.));
#1153 = ( GEOMETRIC_REPRESENTATION_CONTEXT(2) 
PARAMETRIC_REPRESENTATION_CONTEXT() REPRESENTATION_CONTEXT('2D SPACE',''
  ) );
#1154 = PCURVE('',#1155,#1160);
#1155 = CYLINDRICAL_SURFACE('',#1156,4.5);
#1156 = AXIS2_PLACEMENT_3D('',#1157,#1158,#1159);
#1157 = CARTESIAN_POINT('',(-100.,100.,4.));
#1158 = DIRECTION('',(0.,0.,1.));
#1159 = DIRECTION('',(1.,0.,0.));
#1160 = DEFINITIONAL_REPRESENTATION('',(#1161),#1165);
#1161 = LINE('',#1162,#1163);
#1162 = CARTESIAN_POINT('',(0.,1.45));
#1163 = VECTOR('',#1164,1.);
#1164 = DIRECTION('',(1.,0.));
#1165 = ( GEOMETRIC_REPRESENTATION_CONTEXT(2) 
PARAMETRIC_REPRESENTATION_CONTEXT() REPRESENTATION_CONTEXT('2D SPACE',''
  ) );
#1166 = ADVANCED_FACE('',(#1167),#672,.F.);
#1167 = FACE_BOUND('',#1168,.T.);
#1168 = EDGE_LOOP('',(#1169,#1190,#1191,#1192));
#1169 = ORIENTED_EDGE('',*,*,#1170,.F.);
#1170 = EDGE_CURVE('',#656,#1171,#1173,.T.);
#1171 = VERTEX_POINT('',#1172);
#1172 = CARTESIAN_POINT('',(104.5,100.,5.45));
#1173 = SEAM_CURVE('',#1174,(#1178,#1184),.PCURVE_S1.);
#1174 = LINE('',#1175,#1176);
#1175 = CARTESIAN_POINT('',(104.5,100.,5.45));
#1176 = VECTOR('',#1177,1.);
#1177 = DIRECTION('',(-0.707106781187,-0.,-0.707106781187));
#1178 = PCURVE('',#672,#1179);
#1179 = DEFINITIONAL_REPRESENTATION('',(#1180),#1183);
#1180 = B_SPLINE_CURVE_WITH_KNOTS('',1,(#1181,#1182),.UNSPECIFIED.,.F.,
  .F.,(2,2),(-0.777817459305,0.),.PIECEWISE_BEZIER_KNOTS.);
#1181 = CARTESIAN_POINT('',(0.,0.55));
#1182 = CARTESIAN_POINT('',(0.,0.));
#1183 = ( GEOMETRIC_REPRESENTATION_CONTEXT(2) 
PARAMETRIC_REPRESENTATION_CONTEXT() REPRESENTATION_CONTEXT('2D SPACE',''
  ) );
#1184 = PCURVE('',#672,#1185);
#1185 = DEFINITIONAL_REPRESENTATION('',(#1186),#1189);
#1186 = B_SPLINE_CURVE_WITH_KNOTS('',1,(#1187,#1188),.UNSPECIFIED.,.F.,
  .F.,(2,2),(-0.777817459305,0.),.PIECEWISE_BEZIER_KNOTS.);
#1187 = CARTESIAN_POINT('',(6.28318530718,0.55));
#1188 = CARTESIAN_POINT('',(6.28318530718,0.));
#1189 = ( GEOMETRIC_REPRESENTATION_CONTEXT(2) 
PARAMETRIC_REPRESENTATION_CONTEXT() REPRESENTATION_CONTEXT('2D SPACE',''
  ) );
#1190 = ORIENTED_EDGE('',*,*,#655,.T.);
#1191 = ORIENTED_EDGE('',*,*,#1170,.T.);
#1192 = ORIENTED_EDGE('',*,*,#1193,.F.);
#1193 = EDGE_CURVE('',#1171,#1171,#1194,.T.);
#1194 = SURFACE_CURVE('',#1195,(#1200,#1207),.PCURVE_S1.);
#1195 = CIRCLE('',#1196,4.5);
#1196 = AXIS2_PLACEMENT_3D('',#1197,#1198,#1199);
#1197 = CARTESIAN_POINT('',(100.,100.,5.45));
#1198 = DIRECTION('',(0.,0.,1.));
#1199 = DIRECTION('',(1.,0.,-0.));
#1200 = PCURVE('',#672,#1201);
#1201 = DEFINITIONAL_REPRESENTATION('',(#1202),#1206);
#1202 = LINE('',#1203,#1204);
#1203 = CARTESIAN_POINT('',(0.,-0.));
#1204 = VECTOR('',#1205,1.);
#1205 = DIRECTION('',(1.,-0.));
#1206 = ( GEOMETRIC_REPRESENTATION_CONTEXT(2) 
PARAMETRIC_REPRESENTATION_CONTEXT() REPRESENTATION_CONTEXT('2D SPACE',''
  ) );
#1207 = PCURVE('',#1208,#1213);
#1208 = CYLINDRICAL_SURFACE('',#1209,4.5);
#1209 = AXIS2_PLACEMENT_3D('',#1210,#1211,#1212);
#1210 = CARTESIAN_POINT('',(100.,100.,4.));
#1211 = DIRECTION('',(0.,0.,1.));
#1212 = DIRECTION('',(1.,0.,0.));
#1213 = DEFINITIONAL_REPRESENTATION('',(#1214),#1218);
#1214 = LINE('',#1215,#1216);
#1215 = CARTESIAN_POINT('',(0.,1.45));
#1216 = VECTOR('',#1217,1.);
#1217 = DIRECTION('',(1.,0.));
#1218 = ( GEOMETRIC_REPRESENTATION_CONTEXT(2) 
PARAMETRIC_REPRESENTATION_CONTEXT() REPRESENTATION_CONTEXT('2D SPACE',''
  ) );
#1219 = ADVANCED_FACE('',(#1220),#758,.F.);
#1220 = FACE_BOUND('',#1221,.F.);
#1221 = EDGE_LOOP('',(#1222,#1223,#1249));
#1222 = ORIENTED_EDGE('',*,*,#773,.F.);
#1223 = ORIENTED_EDGE('',*,*,#1224,.T.);
#1224 = EDGE_CURVE('',#774,#717,#1225,.T.);
#1225 = SURFACE_CURVE('',#1226,(#1230,#1237),.PCURVE_S1.);
#1226 = LINE('',#1227,#1228);
#1227 = CARTESIAN_POINT('',(-119.5875,-119.8625,5.45));
#1228 = VECTOR('',#1229,1.);
#1229 = DIRECTION('',(-0.707106781187,0.707106781187,-2.877857953293E-17
    ));
#1230 = PCURVE('',#758,#1231);
#1231 = DEFINITIONAL_REPRESENTATION('',(#1232),#1236);
#1232 = LINE('',#1233,#1234);
#1233 = CARTESIAN_POINT('',(9.722718241316E-02,0.168402419816));
#1234 = VECTOR('',#1235,1.);
#1235 = DIRECTION('',(0.5,0.866025403784));
#1236 = ( GEOMETRIC_REPRESENTATION_CONTEXT(2) 
PARAMETRIC_REPRESENTATION_CONTEXT() REPRESENTATION_CONTEXT('2D SPACE',''
  ) );
#1237 = PCURVE('',#1238,#1243);
#1238 = PLANE('',#1239);
#1239 = AXIS2_PLACEMENT_3D('',#1240,#1241,#1242);
#1240 = CARTESIAN_POINT('',(-119.725,-119.725,0.));
#1241 = DIRECTION('',(-0.707106781187,-0.707106781187,
    -3.388030442428E-18));
#1242 = DIRECTION('',(2.395699300708E-18,2.395699300708E-18,-1.));
#1243 = DEFINITIONAL_REPRESENTATION('',(#1244),#1248);
#1244 = LINE('',#1245,#1246);
#1245 = CARTESIAN_POINT('',(-5.45,0.194454364826));
#1246 = VECTOR('',#1247,1.);
#1247 = DIRECTION('',(2.877857953293E-17,-1.));
#1248 = ( GEOMETRIC_REPRESENTATION_CONTEXT(2) 
PARAMETRIC_REPRESENTATION_CONTEXT() REPRESENTATION_CONTEXT('2D SPACE',''
  ) );
#1249 = ORIENTED_EDGE('',*,*,#744,.F.);
#1250 = ADVANCED_FACE('',(#1251),#704,.T.);
#1251 = FACE_BOUND('',#1252,.T.);
#1252 = EDGE_LOOP('',(#1253,#1254,#1280));
#1253 = ORIENTED_EDGE('',*,*,#854,.F.);
#1254 = ORIENTED_EDGE('',*,*,#1255,.T.);
#1255 = EDGE_CURVE('',#855,#689,#1256,.T.);
#1256 = SURFACE_CURVE('',#1257,(#1261,#1268),.PCURVE_S1.);
#1257 = LINE('',#1258,#1259);
#1258 = CARTESIAN_POINT('',(-119.5875,119.8625,5.45));
#1259 = VECTOR('',#1260,1.);
#1260 = DIRECTION('',(-0.707106781187,-0.707106781187,1.086831143985E-15
    ));
#1261 = PCURVE('',#704,#1262);
#1262 = DEFINITIONAL_REPRESENTATION('',(#1263),#1267);
#1263 = LINE('',#1264,#1265);
#1264 = CARTESIAN_POINT('',(9.722718241316E-02,0.168402419816));
#1265 = VECTOR('',#1266,1.);
#1266 = DIRECTION('',(0.5,0.866025403784));
#1267 = ( GEOMETRIC_REPRESENTATION_CONTEXT(2) 
PARAMETRIC_REPRESENTATION_CONTEXT() REPRESENTATION_CONTEXT('2D SPACE',''
  ) );
#1268 = PCURVE('',#1269,#1274);
#1269 = PLANE('',#1270);
#1270 = AXIS2_PLACEMENT_3D('',#1271,#1272,#1273);
#1271 = CARTESIAN_POINT('',(-119.725,119.725,0.));
#1272 = DIRECTION('',(0.707106781187,-0.707106781187,3.388030442428E-18)
  );
#1273 = DIRECTION('',(2.395699300708E-18,-2.395699300708E-18,-1.));
#1274 = DEFINITIONAL_REPRESENTATION('',(#1275),#1279);
#1275 = LINE('',#1276,#1277);
#1276 = CARTESIAN_POINT('',(-5.45,0.194454364826));
#1277 = VECTOR('',#1278,1.);
#1278 = DIRECTION('',(-1.086831143985E-15,-1.));
#1279 = ( GEOMETRIC_REPRESENTATION_CONTEXT(2) 
PARAMETRIC_REPRESENTATION_CONTEXT() REPRESENTATION_CONTEXT('2D SPACE',''
  ) );
#1280 = ORIENTED_EDGE('',*,*,#688,.F.);
#1281 = ADVANCED_FACE('',(#1282),#732,.F.);
#1282 = FACE_BOUND('',#1283,.F.);
#1283 = EDGE_LOOP('',(#1284,#1285,#1308,#1336));
#1284 = ORIENTED_EDGE('',*,*,#716,.F.);
#1285 = ORIENTED_EDGE('',*,*,#1286,.F.);
#1286 = EDGE_CURVE('',#1287,#717,#1289,.T.);
#1287 = VERTEX_POINT('',#1288);
#1288 = CARTESIAN_POINT('',(-120.,-119.45,0.55));
#1289 = SURFACE_CURVE('',#1290,(#1294,#1301),.PCURVE_S1.);
#1290 = LINE('',#1291,#1292);
#1291 = CARTESIAN_POINT('',(-120.,-119.45,0.));
#1292 = VECTOR('',#1293,1.);
#1293 = DIRECTION('',(0.,0.,1.));
#1294 = PCURVE('',#732,#1295);
#1295 = DEFINITIONAL_REPRESENTATION('',(#1296),#1300);
#1296 = LINE('',#1297,#1298);
#1297 = CARTESIAN_POINT('',(0.,-0.55));
#1298 = VECTOR('',#1299,1.);
#1299 = DIRECTION('',(1.,0.));
#1300 = ( GEOMETRIC_REPRESENTATION_CONTEXT(2) 
PARAMETRIC_REPRESENTATION_CONTEXT() REPRESENTATION_CONTEXT('2D SPACE',''
  ) );
#1301 = PCURVE('',#1238,#1302);
#1302 = DEFINITIONAL_REPRESENTATION('',(#1303),#1307);
#1303 = LINE('',#1304,#1305);
#1304 = CARTESIAN_POINT('',(-9.860761315263E-32,-0.388908729653));
#1305 = VECTOR('',#1306,1.);
#1306 = DIRECTION('',(-1.,0.));
#1307 = ( GEOMETRIC_REPRESENTATION_CONTEXT(2) 
PARAMETRIC_REPRESENTATION_CONTEXT() REPRESENTATION_CONTEXT('2D SPACE',''
  ) );
#1308 = ORIENTED_EDGE('',*,*,#1309,.T.);
#1309 = EDGE_CURVE('',#1287,#1310,#1312,.T.);
#1310 = VERTEX_POINT('',#1311);
#1311 = CARTESIAN_POINT('',(-120.,119.45,0.55));
#1312 = SURFACE_CURVE('',#1313,(#1317,#1324),.PCURVE_S1.);
#1313 = LINE('',#1314,#1315);
#1314 = CARTESIAN_POINT('',(-120.,-120.,0.55));
#1315 = VECTOR('',#1316,1.);
#1316 = DIRECTION('',(0.,1.,0.));
#1317 = PCURVE('',#732,#1318);
#1318 = DEFINITIONAL_REPRESENTATION('',(#1319),#1323);
#1319 = LINE('',#1320,#1321);
#1320 = CARTESIAN_POINT('',(0.55,0.));
#1321 = VECTOR('',#1322,1.);
#1322 = DIRECTION('',(0.,-1.));
#1323 = ( GEOMETRIC_REPRESENTATION_CONTEXT(2) 
PARAMETRIC_REPRESENTATION_CONTEXT() REPRESENTATION_CONTEXT('2D SPACE',''
  ) );
#1324 = PCURVE('',#1325,#1330);
#1325 = PLANE('',#1326);
#1326 = AXIS2_PLACEMENT_3D('',#1327,#1328,#1329);
#1327 = CARTESIAN_POINT('',(-119.725,-120.,0.275));
#1328 = DIRECTION('',(-0.707106781187,4.163755251655E-18,-0.707106781187
    ));
#1329 = DIRECTION('',(2.944219573646E-18,1.,2.944219573646E-18));
#1330 = DEFINITIONAL_REPRESENTATION('',(#1331),#1335);
#1331 = LINE('',#1332,#1333);
#1332 = CARTESIAN_POINT('',(0.,-0.388908729653));
#1333 = VECTOR('',#1334,1.);
#1334 = DIRECTION('',(1.,0.));
#1335 = ( GEOMETRIC_REPRESENTATION_CONTEXT(2) 
PARAMETRIC_REPRESENTATION_CONTEXT() REPRESENTATION_CONTEXT('2D SPACE',''
  ) );
#1336 = ORIENTED_EDGE('',*,*,#1337,.T.);
#1337 = EDGE_CURVE('',#1310,#689,#1338,.T.);
#1338 = SURFACE_CURVE('',#1339,(#1343,#1350),.PCURVE_S1.);
#1339 = LINE('',#1340,#1341);
#1340 = CARTESIAN_POINT('',(-120.,119.45,0.));
#1341 = VECTOR('',#1342,1.);
#1342 = DIRECTION('',(0.,0.,1.));
#1343 = PCURVE('',#732,#1344);
#1344 = DEFINITIONAL_REPRESENTATION('',(#1345),#1349);
#1345 = LINE('',#1346,#1347);
#1346 = CARTESIAN_POINT('',(0.,-239.45));
#1347 = VECTOR('',#1348,1.);
#1348 = DIRECTION('',(1.,0.));
#1349 = ( GEOMETRIC_REPRESENTATION_CONTEXT(2) 
PARAMETRIC_REPRESENTATION_CONTEXT() REPRESENTATION_CONTEXT('2D SPACE',''
  ) );
#1350 = PCURVE('',#1269,#1351);
#1351 = DEFINITIONAL_REPRESENTATION('',(#1352),#1356);
#1352 = LINE('',#1353,#1354);
#1353 = CARTESIAN_POINT('',(-9.860761315263E-32,-0.388908729653));
#1354 = VECTOR('',#1355,1.);
#1355 = DIRECTION('',(-1.,0.));
#1356 = ( GEOMETRIC_REPRESENTATION_CONTEXT(2) 
PARAMETRIC_REPRESENTATION_CONTEXT() REPRESENTATION_CONTEXT('2D SPACE',''
  ) );
#1357 = ADVANCED_FACE('',(#1358),#839,.F.);
#1358 = FACE_BOUND('',#1359,.F.);
#1359 = EDGE_LOOP('',(#1360,#1361,#1389,#1417));
#1360 = ORIENTED_EDGE('',*,*,#825,.T.);
#1361 = ORIENTED_EDGE('',*,*,#1362,.F.);
#1362 = EDGE_CURVE('',#1363,#798,#1365,.T.);
#1363 = VERTEX_POINT('',#1364);
#1364 = CARTESIAN_POINT('',(119.45,-120.,0.55));
#1365 = SURFACE_CURVE('',#1366,(#1370,#1377),.PCURVE_S1.);
#1366 = LINE('',#1367,#1368);
#1367 = CARTESIAN_POINT('',(119.45,-120.,0.));
#1368 = VECTOR('',#1369,1.);
#1369 = DIRECTION('',(0.,0.,1.));
#1370 = PCURVE('',#839,#1371);
#1371 = DEFINITIONAL_REPRESENTATION('',(#1372),#1376);
#1372 = LINE('',#1373,#1374);
#1373 = CARTESIAN_POINT('',(0.,239.45));
#1374 = VECTOR('',#1375,1.);
#1375 = DIRECTION('',(1.,0.));
#1376 = ( GEOMETRIC_REPRESENTATION_CONTEXT(2) 
PARAMETRIC_REPRESENTATION_CONTEXT() REPRESENTATION_CONTEXT('2D SPACE',''
  ) );
#1377 = PCURVE('',#1378,#1383);
#1378 = PLANE('',#1379);
#1379 = AXIS2_PLACEMENT_3D('',#1380,#1381,#1382);
#1380 = CARTESIAN_POINT('',(119.725,-119.725,0.));
#1381 = DIRECTION('',(-0.707106781187,0.707106781187,3.388030442428E-18)
  );
#1382 = DIRECTION('',(2.395699300708E-18,-2.395699300708E-18,1.));
#1383 = DEFINITIONAL_REPRESENTATION('',(#1384),#1388);
#1384 = LINE('',#1385,#1386);
#1385 = CARTESIAN_POINT('',(9.860761315263E-32,-0.388908729653));
#1386 = VECTOR('',#1387,1.);
#1387 = DIRECTION('',(1.,0.));
#1388 = ( GEOMETRIC_REPRESENTATION_CONTEXT(2) 
PARAMETRIC_REPRESENTATION_CONTEXT() REPRESENTATION_CONTEXT('2D SPACE',''
  ) );
#1389 = ORIENTED_EDGE('',*,*,#1390,.F.);
#1390 = EDGE_CURVE('',#1391,#1363,#1393,.T.);
#1391 = VERTEX_POINT('',#1392);
#1392 = CARTESIAN_POINT('',(-119.45,-120.,0.55));
#1393 = SURFACE_CURVE('',#1394,(#1398,#1405),.PCURVE_S1.);
#1394 = LINE('',#1395,#1396);
#1395 = CARTESIAN_POINT('',(-120.,-120.,0.55));
#1396 = VECTOR('',#1397,1.);
#1397 = DIRECTION('',(1.,0.,0.));
#1398 = PCURVE('',#839,#1399);
#1399 = DEFINITIONAL_REPRESENTATION('',(#1400),#1404);
#1400 = LINE('',#1401,#1402);
#1401 = CARTESIAN_POINT('',(0.55,0.));
#1402 = VECTOR('',#1403,1.);
#1403 = DIRECTION('',(0.,1.));
#1404 = ( GEOMETRIC_REPRESENTATION_CONTEXT(2) 
PARAMETRIC_REPRESENTATION_CONTEXT() REPRESENTATION_CONTEXT('2D SPACE',''
  ) );
#1405 = PCURVE('',#1406,#1411);
#1406 = PLANE('',#1407);
#1407 = AXIS2_PLACEMENT_3D('',#1408,#1409,#1410);
#1408 = CARTESIAN_POINT('',(-120.,-119.725,0.275));
#1409 = DIRECTION('',(-7.987689144191E-18,-0.707106781187,
    -0.707106781187));
#1410 = DIRECTION('',(-1.,5.648149159867E-18,5.648149159867E-18));
#1411 = DEFINITIONAL_REPRESENTATION('',(#1412),#1416);
#1412 = LINE('',#1413,#1414);
#1413 = CARTESIAN_POINT('',(-0.,-0.388908729653));
#1414 = VECTOR('',#1415,1.);
#1415 = DIRECTION('',(-1.,0.));
#1416 = ( GEOMETRIC_REPRESENTATION_CONTEXT(2) 
PARAMETRIC_REPRESENTATION_CONTEXT() REPRESENTATION_CONTEXT('2D SPACE',''
  ) );
#1417 = ORIENTED_EDGE('',*,*,#1418,.T.);
#1418 = EDGE_CURVE('',#1391,#774,#1419,.T.);
#1419 = SURFACE_CURVE('',#1420,(#1424,#1431),.PCURVE_S1.);
#1420 = LINE('',#1421,#1422);
#1421 = CARTESIAN_POINT('',(-119.45,-120.,0.));
#1422 = VECTOR('',#1423,1.);
#1423 = DIRECTION('',(0.,0.,1.));
#1424 = PCURVE('',#839,#1425);
#1425 = DEFINITIONAL_REPRESENTATION('',(#1426),#1430);
#1426 = LINE('',#1427,#1428);
#1427 = CARTESIAN_POINT('',(0.,0.55));
#1428 = VECTOR('',#1429,1.);
#1429 = DIRECTION('',(1.,0.));
#1430 = ( GEOMETRIC_REPRESENTATION_CONTEXT(2) 
PARAMETRIC_REPRESENTATION_CONTEXT() REPRESENTATION_CONTEXT('2D SPACE',''
  ) );
#1431 = PCURVE('',#1238,#1432);
#1432 = DEFINITIONAL_REPRESENTATION('',(#1433),#1437);
#1433 = LINE('',#1434,#1435);
#1434 = CARTESIAN_POINT('',(-9.860761315263E-32,0.388908729653));
#1435 = VECTOR('',#1436,1.);
#1436 = DIRECTION('',(-1.,0.));
#1437 = ( GEOMETRIC_REPRESENTATION_CONTEXT(2) 
PARAMETRIC_REPRESENTATION_CONTEXT() REPRESENTATION_CONTEXT('2D SPACE',''
  ) );
#1438 = ADVANCED_FACE('',(#1439),#813,.F.);
#1439 = FACE_BOUND('',#1440,.F.);
#1440 = EDGE_LOOP('',(#1441,#1442,#1463));
#1441 = ORIENTED_EDGE('',*,*,#935,.F.);
#1442 = ORIENTED_EDGE('',*,*,#1443,.T.);
#1443 = EDGE_CURVE('',#936,#798,#1444,.T.);
#1444 = SURFACE_CURVE('',#1445,(#1449,#1456),.PCURVE_S1.);
#1445 = LINE('',#1446,#1447);
#1446 = CARTESIAN_POINT('',(119.8625,-119.5875,5.45));
#1447 = VECTOR('',#1448,1.);
#1448 = DIRECTION('',(-0.707106781187,-0.707106781187,
    -1.820471614448E-14));
#1449 = PCURVE('',#813,#1450);
#1450 = DEFINITIONAL_REPRESENTATION('',(#1451),#1455);
#1451 = LINE('',#1452,#1453);
#1452 = CARTESIAN_POINT('',(9.722718241319E-02,0.168402419816));
#1453 = VECTOR('',#1454,1.);
#1454 = DIRECTION('',(0.5,0.866025403784));
#1455 = ( GEOMETRIC_REPRESENTATION_CONTEXT(2) 
PARAMETRIC_REPRESENTATION_CONTEXT() REPRESENTATION_CONTEXT('2D SPACE',''
  ) );
#1456 = PCURVE('',#1378,#1457);
#1457 = DEFINITIONAL_REPRESENTATION('',(#1458),#1462);
#1458 = LINE('',#1459,#1460);
#1459 = CARTESIAN_POINT('',(5.45,0.194454364826));
#1460 = VECTOR('',#1461,1.);
#1461 = DIRECTION('',(-1.820471614448E-14,-1.));
#1462 = ( GEOMETRIC_REPRESENTATION_CONTEXT(2) 
PARAMETRIC_REPRESENTATION_CONTEXT() REPRESENTATION_CONTEXT('2D SPACE',''
  ) );
#1463 = ORIENTED_EDGE('',*,*,#797,.F.);
#1464 = ADVANCED_FACE('',(#1465),#920,.T.);
#1465 = FACE_BOUND('',#1466,.T.);
#1466 = EDGE_LOOP('',(#1467,#1468,#1496,#1524));
#1467 = ORIENTED_EDGE('',*,*,#906,.T.);
#1468 = ORIENTED_EDGE('',*,*,#1469,.F.);
#1469 = EDGE_CURVE('',#1470,#879,#1472,.T.);
#1470 = VERTEX_POINT('',#1471);
#1471 = CARTESIAN_POINT('',(119.45,120.,0.55));
#1472 = SURFACE_CURVE('',#1473,(#1477,#1484),.PCURVE_S1.);
#1473 = LINE('',#1474,#1475);
#1474 = CARTESIAN_POINT('',(119.45,120.,0.));
#1475 = VECTOR('',#1476,1.);
#1476 = DIRECTION('',(0.,0.,1.));
#1477 = PCURVE('',#920,#1478);
#1478 = DEFINITIONAL_REPRESENTATION('',(#1479),#1483);
#1479 = LINE('',#1480,#1481);
#1480 = CARTESIAN_POINT('',(0.,239.45));
#1481 = VECTOR('',#1482,1.);
#1482 = DIRECTION('',(1.,0.));
#1483 = ( GEOMETRIC_REPRESENTATION_CONTEXT(2) 
PARAMETRIC_REPRESENTATION_CONTEXT() REPRESENTATION_CONTEXT('2D SPACE',''
  ) );
#1484 = PCURVE('',#1485,#1490);
#1485 = PLANE('',#1486);
#1486 = AXIS2_PLACEMENT_3D('',#1487,#1488,#1489);
#1487 = CARTESIAN_POINT('',(119.725,119.725,0.));
#1488 = DIRECTION('',(0.707106781187,0.707106781187,-3.388030442428E-18)
  );
#1489 = DIRECTION('',(2.395699300708E-18,2.395699300708E-18,1.));
#1490 = DEFINITIONAL_REPRESENTATION('',(#1491),#1495);
#1491 = LINE('',#1492,#1493);
#1492 = CARTESIAN_POINT('',(9.860761315263E-32,-0.388908729653));
#1493 = VECTOR('',#1494,1.);
#1494 = DIRECTION('',(1.,0.));
#1495 = ( GEOMETRIC_REPRESENTATION_CONTEXT(2) 
PARAMETRIC_REPRESENTATION_CONTEXT() REPRESENTATION_CONTEXT('2D SPACE',''
  ) );
#1496 = ORIENTED_EDGE('',*,*,#1497,.F.);
#1497 = EDGE_CURVE('',#1498,#1470,#1500,.T.);
#1498 = VERTEX_POINT('',#1499);
#1499 = CARTESIAN_POINT('',(-119.45,120.,0.55));
#1500 = SURFACE_CURVE('',#1501,(#1505,#1512),.PCURVE_S1.);
#1501 = LINE('',#1502,#1503);
#1502 = CARTESIAN_POINT('',(-120.,120.,0.55));
#1503 = VECTOR('',#1504,1.);
#1504 = DIRECTION('',(1.,0.,0.));
#1505 = PCURVE('',#920,#1506);
#1506 = DEFINITIONAL_REPRESENTATION('',(#1507),#1511);
#1507 = LINE('',#1508,#1509);
#1508 = CARTESIAN_POINT('',(0.55,0.));
#1509 = VECTOR('',#1510,1.);
#1510 = DIRECTION('',(0.,1.));
#1511 = ( GEOMETRIC_REPRESENTATION_CONTEXT(2) 
PARAMETRIC_REPRESENTATION_CONTEXT() REPRESENTATION_CONTEXT('2D SPACE',''
  ) );
#1512 = PCURVE('',#1513,#1518);
#1513 = PLANE('',#1514);
#1514 = AXIS2_PLACEMENT_3D('',#1515,#1516,#1517);
#1515 = CARTESIAN_POINT('',(-120.,119.725,0.275));
#1516 = DIRECTION('',(7.987689144191E-18,-0.707106781187,0.707106781187)
  );
#1517 = DIRECTION('',(-1.,-5.648149159867E-18,5.648149159867E-18));
#1518 = DEFINITIONAL_REPRESENTATION('',(#1519),#1523);
#1519 = LINE('',#1520,#1521);
#1520 = CARTESIAN_POINT('',(-0.,-0.388908729653));
#1521 = VECTOR('',#1522,1.);
#1522 = DIRECTION('',(-1.,0.));
#1523 = ( GEOMETRIC_REPRESENTATION_CONTEXT(2) 
PARAMETRIC_REPRESENTATION_CONTEXT() REPRESENTATION_CONTEXT('2D SPACE',''
  ) );
#1524 = ORIENTED_EDGE('',*,*,#1525,.T.);
#1525 = EDGE_CURVE('',#1498,#855,#1526,.T.);
#1526 = SURFACE_CURVE('',#1527,(#1531,#1538),.PCURVE_S1.);
#1527 = LINE('',#1528,#1529);
#1528 = CARTESIAN_POINT('',(-119.45,120.,0.));
#1529 = VECTOR('',#1530,1.);
#1530 = DIRECTION('',(0.,0.,1.));
#1531 = PCURVE('',#920,#1532);
#1532 = DEFINITIONAL_REPRESENTATION('',(#1533),#1537);
#1533 = LINE('',#1534,#1535);
#1534 = CARTESIAN_POINT('',(0.,0.55));
#1535 = VECTOR('',#1536,1.);
#1536 = DIRECTION('',(1.,0.));
#1537 = ( GEOMETRIC_REPRESENTATION_CONTEXT(2) 
PARAMETRIC_REPRESENTATION_CONTEXT() REPRESENTATION_CONTEXT('2D SPACE',''
  ) );
#1538 = PCURVE('',#1269,#1539);
#1539 = DEFINITIONAL_REPRESENTATION('',(#1540),#1544);
#1540 = LINE('',#1541,#1542);
#1541 = CARTESIAN_POINT('',(-9.860761315263E-32,0.388908729653));
#1542 = VECTOR('',#1543,1.);
#1543 = DIRECTION('',(-1.,0.));
#1544 = ( GEOMETRIC_REPRESENTATION_CONTEXT(2) 
PARAMETRIC_REPRESENTATION_CONTEXT() REPRESENTATION_CONTEXT('2D SPACE',''
  ) );
#1545 = ADVANCED_FACE('',(#1546),#894,.T.);
#1546 = FACE_BOUND('',#1547,.T.);
#1547 = EDGE_LOOP('',(#1548,#1549,#1570));
#1548 = ORIENTED_EDGE('',*,*,#959,.F.);
#1549 = ORIENTED_EDGE('',*,*,#1550,.T.);
#1550 = EDGE_CURVE('',#960,#879,#1551,.T.);
#1551 = SURFACE_CURVE('',#1552,(#1556,#1563),.PCURVE_S1.);
#1552 = LINE('',#1553,#1554);
#1553 = CARTESIAN_POINT('',(119.8625,119.5875,5.45));
#1554 = VECTOR('',#1555,1.);
#1555 = DIRECTION('',(-0.707106781187,0.707106781187,-1.94727962754E-14)
  );
#1556 = PCURVE('',#894,#1557);
#1557 = DEFINITIONAL_REPRESENTATION('',(#1558),#1562);
#1558 = LINE('',#1559,#1560);
#1559 = CARTESIAN_POINT('',(9.722718241319E-02,0.168402419816));
#1560 = VECTOR('',#1561,1.);
#1561 = DIRECTION('',(0.5,0.866025403784));
#1562 = ( GEOMETRIC_REPRESENTATION_CONTEXT(2) 
PARAMETRIC_REPRESENTATION_CONTEXT() REPRESENTATION_CONTEXT('2D SPACE',''
  ) );
#1563 = PCURVE('',#1485,#1564);
#1564 = DEFINITIONAL_REPRESENTATION('',(#1565),#1569);
#1565 = LINE('',#1566,#1567);
#1566 = CARTESIAN_POINT('',(5.45,0.194454364826));
#1567 = VECTOR('',#1568,1.);
#1568 = DIRECTION('',(-1.94727962754E-14,-1.));
#1569 = ( GEOMETRIC_REPRESENTATION_CONTEXT(2) 
PARAMETRIC_REPRESENTATION_CONTEXT() REPRESENTATION_CONTEXT('2D SPACE',''
  ) );
#1570 = ORIENTED_EDGE('',*,*,#878,.F.);
#1571 = ADVANCED_FACE('',(#1572),#996,.T.);
#1572 = FACE_BOUND('',#1573,.T.);
#1573 = EDGE_LOOP('',(#1574,#1575,#1598,#1626));
#1574 = ORIENTED_EDGE('',*,*,#982,.F.);
#1575 = ORIENTED_EDGE('',*,*,#1576,.F.);
#1576 = EDGE_CURVE('',#1577,#936,#1579,.T.);
#1577 = VERTEX_POINT('',#1578);
#1578 = CARTESIAN_POINT('',(120.,-119.45,0.55));
#1579 = SURFACE_CURVE('',#1580,(#1584,#1591),.PCURVE_S1.);
#1580 = LINE('',#1581,#1582);
#1581 = CARTESIAN_POINT('',(120.,-119.45,0.));
#1582 = VECTOR('',#1583,1.);
#1583 = DIRECTION('',(0.,0.,1.));
#1584 = PCURVE('',#996,#1585);
#1585 = DEFINITIONAL_REPRESENTATION('',(#1586),#1590);
#1586 = LINE('',#1587,#1588);
#1587 = CARTESIAN_POINT('',(0.,-0.55));
#1588 = VECTOR('',#1589,1.);
#1589 = DIRECTION('',(1.,0.));
#1590 = ( GEOMETRIC_REPRESENTATION_CONTEXT(2) 
PARAMETRIC_REPRESENTATION_CONTEXT() REPRESENTATION_CONTEXT('2D SPACE',''
  ) );
#1591 = PCURVE('',#1378,#1592);
#1592 = DEFINITIONAL_REPRESENTATION('',(#1593),#1597);
#1593 = LINE('',#1594,#1595);
#1594 = CARTESIAN_POINT('',(9.860761315263E-32,0.388908729653));
#1595 = VECTOR('',#1596,1.);
#1596 = DIRECTION('',(1.,0.));
#1597 = ( GEOMETRIC_REPRESENTATION_CONTEXT(2) 
PARAMETRIC_REPRESENTATION_CONTEXT() REPRESENTATION_CONTEXT('2D SPACE',''
  ) );
#1598 = ORIENTED_EDGE('',*,*,#1599,.T.);
#1599 = EDGE_CURVE('',#1577,#1600,#1602,.T.);
#1600 = VERTEX_POINT('',#1601);
#1601 = CARTESIAN_POINT('',(120.,119.45,0.55));
#1602 = SURFACE_CURVE('',#1603,(#1607,#1614),.PCURVE_S1.);
#1603 = LINE('',#1604,#1605);
#1604 = CARTESIAN_POINT('',(120.,-120.,0.55));
#1605 = VECTOR('',#1606,1.);
#1606 = DIRECTION('',(0.,1.,0.));
#1607 = PCURVE('',#996,#1608);
#1608 = DEFINITIONAL_REPRESENTATION('',(#1609),#1613);
#1609 = LINE('',#1610,#1611);
#1610 = CARTESIAN_POINT('',(0.55,0.));
#1611 = VECTOR('',#1612,1.);
#1612 = DIRECTION('',(0.,-1.));
#1613 = ( GEOMETRIC_REPRESENTATION_CONTEXT(2) 
PARAMETRIC_REPRESENTATION_CONTEXT() REPRESENTATION_CONTEXT('2D SPACE',''
  ) );
#1614 = PCURVE('',#1615,#1620);
#1615 = PLANE('',#1616);
#1616 = AXIS2_PLACEMENT_3D('',#1617,#1618,#1619);
#1617 = CARTESIAN_POINT('',(119.725,-120.,0.275));
#1618 = DIRECTION('',(-0.707106781187,-4.163755251655E-18,0.707106781187
    ));
#1619 = DIRECTION('',(-2.944219573646E-18,1.,2.944219573646E-18));
#1620 = DEFINITIONAL_REPRESENTATION('',(#1621),#1625);
#1621 = LINE('',#1622,#1623);
#1622 = CARTESIAN_POINT('',(0.,-0.388908729653));
#1623 = VECTOR('',#1624,1.);
#1624 = DIRECTION('',(1.,0.));
#1625 = ( GEOMETRIC_REPRESENTATION_CONTEXT(2) 
PARAMETRIC_REPRESENTATION_CONTEXT() REPRESENTATION_CONTEXT('2D SPACE',''
  ) );
#1626 = ORIENTED_EDGE('',*,*,#1627,.T.);
#1627 = EDGE_CURVE('',#1600,#960,#1628,.T.);
#1628 = SURFACE_CURVE('',#1629,(#1633,#1640),.PCURVE_S1.);
#1629 = LINE('',#1630,#1631);
#1630 = CARTESIAN_POINT('',(120.,119.45,0.));
#1631 = VECTOR('',#1632,1.);
#1632 = DIRECTION('',(0.,0.,1.));
#1633 = PCURVE('',#996,#1634);
#1634 = DEFINITIONAL_REPRESENTATION('',(#1635),#1639);
#1635 = LINE('',#1636,#1637);
#1636 = CARTESIAN_POINT('',(0.,-239.45));
#1637 = VECTOR('',#1638,1.);
#1638 = DIRECTION('',(1.,0.));
#1639 = ( GEOMETRIC_REPRESENTATION_CONTEXT(2) 
PARAMETRIC_REPRESENTATION_CONTEXT() REPRESENTATION_CONTEXT('2D SPACE',''
  ) );
#1640 = PCURVE('',#1485,#1641);
#1641 = DEFINITIONAL_REPRESENTATION('',(#1642),#1646);
#1642 = LINE('',#1643,#1644);
#1643 = CARTESIAN_POINT('',(9.860761315263E-32,0.388908729653));
#1644 = VECTOR('',#1645,1.);
#1645 = DIRECTION('',(1.,0.));
#1646 = ( GEOMETRIC_REPRESENTATION_CONTEXT(2) 
PARAMETRIC_REPRESENTATION_CONTEXT() REPRESENTATION_CONTEXT('2D SPACE',''
  ) );
#1647 = ADVANCED_FACE('',(#1648),#1049,.F.);
#1648 = FACE_BOUND('',#1649,.F.);
#1649 = EDGE_LOOP('',(#1650,#1673,#1674,#1675));
#1650 = ORIENTED_EDGE('',*,*,#1651,.T.);
#1651 = EDGE_CURVE('',#1652,#1012,#1654,.T.);
#1652 = VERTEX_POINT('',#1653);
#1653 = CARTESIAN_POINT('',(-95.5,-100.,4.55));
#1654 = SEAM_CURVE('',#1655,(#1659,#1666),.PCURVE_S1.);
#1655 = LINE('',#1656,#1657);
#1656 = CARTESIAN_POINT('',(-95.5,-100.,4.));
#1657 = VECTOR('',#1658,1.);
#1658 = DIRECTION('',(0.,0.,1.));
#1659 = PCURVE('',#1049,#1660);
#1660 = DEFINITIONAL_REPRESENTATION('',(#1661),#1665);
#1661 = LINE('',#1662,#1663);
#1662 = CARTESIAN_POINT('',(6.28318530718,-0.));
#1663 = VECTOR('',#1664,1.);
#1664 = DIRECTION('',(0.,1.));
#1665 = ( GEOMETRIC_REPRESENTATION_CONTEXT(2) 
PARAMETRIC_REPRESENTATION_CONTEXT() REPRESENTATION_CONTEXT('2D SPACE',''
  ) );
#1666 = PCURVE('',#1049,#1667);
#1667 = DEFINITIONAL_REPRESENTATION('',(#1668),#1672);
#1668 = LINE('',#1669,#1670);
#1669 = CARTESIAN_POINT('',(0.,-0.));
#1670 = VECTOR('',#1671,1.);
#1671 = DIRECTION('',(0.,1.));
#1672 = ( GEOMETRIC_REPRESENTATION_CONTEXT(2) 
PARAMETRIC_REPRESENTATION_CONTEXT() REPRESENTATION_CONTEXT('2D SPACE',''
  ) );
#1673 = ORIENTED_EDGE('',*,*,#1034,.F.);
#1674 = ORIENTED_EDGE('',*,*,#1651,.F.);
#1675 = ORIENTED_EDGE('',*,*,#1676,.T.);
#1676 = EDGE_CURVE('',#1652,#1652,#1677,.T.);
#1677 = SURFACE_CURVE('',#1678,(#1683,#1690),.PCURVE_S1.);
#1678 = CIRCLE('',#1679,4.5);
#1679 = AXIS2_PLACEMENT_3D('',#1680,#1681,#1682);
#1680 = CARTESIAN_POINT('',(-100.,-100.,4.55));
#1681 = DIRECTION('',(0.,0.,1.));
#1682 = DIRECTION('',(1.,0.,-0.));
#1683 = PCURVE('',#1049,#1684);
#1684 = DEFINITIONAL_REPRESENTATION('',(#1685),#1689);
#1685 = LINE('',#1686,#1687);
#1686 = CARTESIAN_POINT('',(0.,0.55));
#1687 = VECTOR('',#1688,1.);
#1688 = DIRECTION('',(1.,0.));
#1689 = ( GEOMETRIC_REPRESENTATION_CONTEXT(2) 
PARAMETRIC_REPRESENTATION_CONTEXT() REPRESENTATION_CONTEXT('2D SPACE',''
  ) );
#1690 = PCURVE('',#1691,#1696);
#1691 = CONICAL_SURFACE('',#1692,4.5,0.785398163397);
#1692 = AXIS2_PLACEMENT_3D('',#1693,#1694,#1695);
#1693 = CARTESIAN_POINT('',(-100.,-100.,4.55));
#1694 = DIRECTION('',(0.,0.,1.));
#1695 = DIRECTION('',(1.,0.,-0.));
#1696 = DEFINITIONAL_REPRESENTATION('',(#1697),#1701);
#1697 = LINE('',#1698,#1699);
#1698 = CARTESIAN_POINT('',(0.,-0.));
#1699 = VECTOR('',#1700,1.);
#1700 = DIRECTION('',(1.,-0.));
#1701 = ( GEOMETRIC_REPRESENTATION_CONTEXT(2) 
PARAMETRIC_REPRESENTATION_CONTEXT() REPRESENTATION_CONTEXT('2D SPACE',''
  ) );
#1702 = ADVANCED_FACE('',(#1703),#1102,.F.);
#1703 = FACE_BOUND('',#1704,.F.);
#1704 = EDGE_LOOP('',(#1705,#1728,#1729,#1730));
#1705 = ORIENTED_EDGE('',*,*,#1706,.T.);
#1706 = EDGE_CURVE('',#1707,#1065,#1709,.T.);
#1707 = VERTEX_POINT('',#1708);
#1708 = CARTESIAN_POINT('',(104.5,-100.,4.55));
#1709 = SEAM_CURVE('',#1710,(#1714,#1721),.PCURVE_S1.);
#1710 = LINE('',#1711,#1712);
#1711 = CARTESIAN_POINT('',(104.5,-100.,4.));
#1712 = VECTOR('',#1713,1.);
#1713 = DIRECTION('',(0.,0.,1.));
#1714 = PCURVE('',#1102,#1715);
#1715 = DEFINITIONAL_REPRESENTATION('',(#1716),#1720);
#1716 = LINE('',#1717,#1718);
#1717 = CARTESIAN_POINT('',(6.28318530718,-0.));
#1718 = VECTOR('',#1719,1.);
#1719 = DIRECTION('',(0.,1.));
#1720 = ( GEOMETRIC_REPRESENTATION_CONTEXT(2) 
PARAMETRIC_REPRESENTATION_CONTEXT() REPRESENTATION_CONTEXT('2D SPACE',''
  ) );
#1721 = PCURVE('',#1102,#1722);
#1722 = DEFINITIONAL_REPRESENTATION('',(#1723),#1727);
#1723 = LINE('',#1724,#1725);
#1724 = CARTESIAN_POINT('',(0.,-0.));
#1725 = VECTOR('',#1726,1.);
#1726 = DIRECTION('',(0.,1.));
#1727 = ( GEOMETRIC_REPRESENTATION_CONTEXT(2) 
PARAMETRIC_REPRESENTATION_CONTEXT() REPRESENTATION_CONTEXT('2D SPACE',''
  ) );
#1728 = ORIENTED_EDGE('',*,*,#1087,.F.);
#1729 = ORIENTED_EDGE('',*,*,#1706,.F.);
#1730 = ORIENTED_EDGE('',*,*,#1731,.T.);
#1731 = EDGE_CURVE('',#1707,#1707,#1732,.T.);
#1732 = SURFACE_CURVE('',#1733,(#1738,#1745),.PCURVE_S1.);
#1733 = CIRCLE('',#1734,4.5);
#1734 = AXIS2_PLACEMENT_3D('',#1735,#1736,#1737);
#1735 = CARTESIAN_POINT('',(100.,-100.,4.55));
#1736 = DIRECTION('',(0.,0.,1.));
#1737 = DIRECTION('',(1.,0.,-0.));
#1738 = PCURVE('',#1102,#1739);
#1739 = DEFINITIONAL_REPRESENTATION('',(#1740),#1744);
#1740 = LINE('',#1741,#1742);
#1741 = CARTESIAN_POINT('',(0.,0.55));
#1742 = VECTOR('',#1743,1.);
#1743 = DIRECTION('',(1.,0.));
#1744 = ( GEOMETRIC_REPRESENTATION_CONTEXT(2) 
PARAMETRIC_REPRESENTATION_CONTEXT() REPRESENTATION_CONTEXT('2D SPACE',''
  ) );
#1745 = PCURVE('',#1746,#1751);
#1746 = CONICAL_SURFACE('',#1747,4.5,0.785398163397);
#1747 = AXIS2_PLACEMENT_3D('',#1748,#1749,#1750);
#1748 = CARTESIAN_POINT('',(100.,-100.,4.55));
#1749 = DIRECTION('',(0.,0.,1.));
#1750 = DIRECTION('',(1.,0.,-0.));
#1751 = DEFINITIONAL_REPRESENTATION('',(#1752),#1756);
#1752 = LINE('',#1753,#1754);
#1753 = CARTESIAN_POINT('',(0.,-0.));
#1754 = VECTOR('',#1755,1.);
#1755 = DIRECTION('',(1.,-0.));
#1756 = ( GEOMETRIC_REPRESENTATION_CONTEXT(2) 
PARAMETRIC_REPRESENTATION_CONTEXT() REPRESENTATION_CONTEXT('2D SPACE',''
  ) );
#1757 = ADVANCED_FACE('',(#1758),#1155,.F.);
#1758 = FACE_BOUND('',#1759,.F.);
#1759 = EDGE_LOOP('',(#1760,#1783,#1784,#1785));
#1760 = ORIENTED_EDGE('',*,*,#1761,.T.);
#1761 = EDGE_CURVE('',#1762,#1118,#1764,.T.);
#1762 = VERTEX_POINT('',#1763);
#1763 = CARTESIAN_POINT('',(-95.5,100.,4.55));
#1764 = SEAM_CURVE('',#1765,(#1769,#1776),.PCURVE_S1.);
#1765 = LINE('',#1766,#1767);
#1766 = CARTESIAN_POINT('',(-95.5,100.,4.));
#1767 = VECTOR('',#1768,1.);
#1768 = DIRECTION('',(0.,0.,1.));
#1769 = PCURVE('',#1155,#1770);
#1770 = DEFINITIONAL_REPRESENTATION('',(#1771),#1775);
#1771 = LINE('',#1772,#1773);
#1772 = CARTESIAN_POINT('',(6.28318530718,-0.));
#1773 = VECTOR('',#1774,1.);
#1774 = DIRECTION('',(0.,1.));
#1775 = ( GEOMETRIC_REPRESENTATION_CONTEXT(2) 
PARAMETRIC_REPRESENTATION_CONTEXT() REPRESENTATION_CONTEXT('2D SPACE',''
  ) );
#1776 = PCURVE('',#1155,#1777);
#1777 = DEFINITIONAL_REPRESENTATION('',(#1778),#1782);
#1778 = LINE('',#1779,#1780);
#1779 = CARTESIAN_POINT('',(0.,-0.));
#1780 = VECTOR('',#1781,1.);
#1781 = DIRECTION('',(0.,1.));
#1782 = ( GEOMETRIC_REPRESENTATION_CONTEXT(2) 
PARAMETRIC_REPRESENTATION_CONTEXT() REPRESENTATION_CONTEXT('2D SPACE',''
  ) );
#1783 = ORIENTED_EDGE('',*,*,#1140,.F.);
#1784 = ORIENTED_EDGE('',*,*,#1761,.F.);
#1785 = ORIENTED_EDGE('',*,*,#1786,.T.);
#1786 = EDGE_CURVE('',#1762,#1762,#1787,.T.);
#1787 = SURFACE_CURVE('',#1788,(#1793,#1800),.PCURVE_S1.);
#1788 = CIRCLE('',#1789,4.5);
#1789 = AXIS2_PLACEMENT_3D('',#1790,#1791,#1792);
#1790 = CARTESIAN_POINT('',(-100.,100.,4.55));
#1791 = DIRECTION('',(0.,0.,1.));
#1792 = DIRECTION('',(1.,0.,-0.));
#1793 = PCURVE('',#1155,#1794);
#1794 = DEFINITIONAL_REPRESENTATION('',(#1795),#1799);
#1795 = LINE('',#1796,#1797);
#1796 = CARTESIAN_POINT('',(0.,0.55));
#1797 = VECTOR('',#1798,1.);
#1798 = DIRECTION('',(1.,0.));
#1799 = ( GEOMETRIC_REPRESENTATION_CONTEXT(2) 
PARAMETRIC_REPRESENTATION_CONTEXT() REPRESENTATION_CONTEXT('2D SPACE',''
  ) );
#1800 = PCURVE('',#1801,#1806);
#1801 = CONICAL_SURFACE('',#1802,4.5,0.785398163397);
#1802 = AXIS2_PLACEMENT_3D('',#1803,#1804,#1805);
#1803 = CARTESIAN_POINT('',(-100.,100.,4.55));
#1804 = DIRECTION('',(0.,0.,1.));
#1805 = DIRECTION('',(1.,0.,-0.));
#1806 = DEFINITIONAL_REPRESENTATION('',(#1807),#1811);
#1807 = LINE('',#1808,#1809);
#1808 = CARTESIAN_POINT('',(0.,-0.));
#1809 = VECTOR('',#1810,1.);
#1810 = DIRECTION('',(1.,-0.));
#1811 = ( GEOMETRIC_REPRESENTATION_CONTEXT(2) 
PARAMETRIC_REPRESENTATION_CONTEXT() REPRESENTATION_CONTEXT('2D SPACE',''
  ) );
#1812 = ADVANCED_FACE('',(#1813),#1208,.F.);
#1813 = FACE_BOUND('',#1814,.F.);
#1814 = EDGE_LOOP('',(#1815,#1838,#1839,#1840));
#1815 = ORIENTED_EDGE('',*,*,#1816,.T.);
#1816 = EDGE_CURVE('',#1817,#1171,#1819,.T.);
#1817 = VERTEX_POINT('',#1818);
#1818 = CARTESIAN_POINT('',(104.5,100.,4.55));
#1819 = SEAM_CURVE('',#1820,(#1824,#1831),.PCURVE_S1.);
#1820 = LINE('',#1821,#1822);
#1821 = CARTESIAN_POINT('',(104.5,100.,4.));
#1822 = VECTOR('',#1823,1.);
#1823 = DIRECTION('',(0.,0.,1.));
#1824 = PCURVE('',#1208,#1825);
#1825 = DEFINITIONAL_REPRESENTATION('',(#1826),#1830);
#1826 = LINE('',#1827,#1828);
#1827 = CARTESIAN_POINT('',(6.28318530718,-0.));
#1828 = VECTOR('',#1829,1.);
#1829 = DIRECTION('',(0.,1.));
#1830 = ( GEOMETRIC_REPRESENTATION_CONTEXT(2) 
PARAMETRIC_REPRESENTATION_CONTEXT() REPRESENTATION_CONTEXT('2D SPACE',''
  ) );
#1831 = PCURVE('',#1208,#1832);
#1832 = DEFINITIONAL_REPRESENTATION('',(#1833),#1837);
#1833 = LINE('',#1834,#1835);
#1834 = CARTESIAN_POINT('',(0.,-0.));
#1835 = VECTOR('',#1836,1.);
#1836 = DIRECTION('',(0.,1.));
#1837 = ( GEOMETRIC_REPRESENTATION_CONTEXT(2) 
PARAMETRIC_REPRESENTATION_CONTEXT() REPRESENTATION_CONTEXT('2D SPACE',''
  ) );
#1838 = ORIENTED_EDGE('',*,*,#1193,.F.);
#1839 = ORIENTED_EDGE('',*,*,#1816,.F.);
#1840 = ORIENTED_EDGE('',*,*,#1841,.T.);
#1841 = EDGE_CURVE('',#1817,#1817,#1842,.T.);
#1842 = SURFACE_CURVE('',#1843,(#1848,#1855),.PCURVE_S1.);
#1843 = CIRCLE('',#1844,4.5);
#1844 = AXIS2_PLACEMENT_3D('',#1845,#1846,#1847);
#1845 = CARTESIAN_POINT('',(100.,100.,4.55));
#1846 = DIRECTION('',(0.,0.,1.));
#1847 = DIRECTION('',(1.,0.,-0.));
#1848 = PCURVE('',#1208,#1849);
#1849 = DEFINITIONAL_REPRESENTATION('',(#1850),#1854);
#1850 = LINE('',#1851,#1852);
#1851 = CARTESIAN_POINT('',(0.,0.55));
#1852 = VECTOR('',#1853,1.);
#1853 = DIRECTION('',(1.,0.));
#1854 = ( GEOMETRIC_REPRESENTATION_CONTEXT(2) 
PARAMETRIC_REPRESENTATION_CONTEXT() REPRESENTATION_CONTEXT('2D SPACE',''
  ) );
#1855 = PCURVE('',#1856,#1861);
#1856 = CONICAL_SURFACE('',#1857,4.5,0.785398163397);
#1857 = AXIS2_PLACEMENT_3D('',#1858,#1859,#1860);
#1858 = CARTESIAN_POINT('',(100.,100.,4.55));
#1859 = DIRECTION('',(0.,0.,1.));
#1860 = DIRECTION('',(1.,0.,-0.));
#1861 = DEFINITIONAL_REPRESENTATION('',(#1862),#1866);
#1862 = LINE('',#1863,#1864);
#1863 = CARTESIAN_POINT('',(0.,-0.));
#1864 = VECTOR('',#1865,1.);
#1865 = DIRECTION('',(1.,-0.));
#1866 = ( GEOMETRIC_REPRESENTATION_CONTEXT(2) 
PARAMETRIC_REPRESENTATION_CONTEXT() REPRESENTATION_CONTEXT('2D SPACE',''
  ) );
#1867 = ADVANCED_FACE('',(#1868),#1238,.T.);
#1868 = FACE_BOUND('',#1869,.F.);
#1869 = EDGE_LOOP('',(#1870,#1871,#1872,#1873));
#1870 = ORIENTED_EDGE('',*,*,#1286,.T.);
#1871 = ORIENTED_EDGE('',*,*,#1224,.F.);
#1872 = ORIENTED_EDGE('',*,*,#1418,.F.);
#1873 = ORIENTED_EDGE('',*,*,#1874,.F.);
#1874 = EDGE_CURVE('',#1287,#1391,#1875,.T.);
#1875 = SURFACE_CURVE('',#1876,(#1880,#1887),.PCURVE_S1.);
#1876 = LINE('',#1877,#1878);
#1877 = CARTESIAN_POINT('',(-119.725,-119.725,0.55));
#1878 = VECTOR('',#1879,1.);
#1879 = DIRECTION('',(0.707106781187,-0.707106781187,1.104728169894E-17)
  );
#1880 = PCURVE('',#1238,#1881);
#1881 = DEFINITIONAL_REPRESENTATION('',(#1882),#1886);
#1882 = LINE('',#1883,#1884);
#1883 = CARTESIAN_POINT('',(-0.55,-4.077770477165E-35));
#1884 = VECTOR('',#1885,1.);
#1885 = DIRECTION('',(-1.104728169894E-17,1.));
#1886 = ( GEOMETRIC_REPRESENTATION_CONTEXT(2) 
PARAMETRIC_REPRESENTATION_CONTEXT() REPRESENTATION_CONTEXT('2D SPACE',''
  ) );
#1887 = PCURVE('',#1888,#1893);
#1888 = PLANE('',#1889);
#1889 = AXIS2_PLACEMENT_3D('',#1890,#1891,#1892);
#1890 = CARTESIAN_POINT('',(-119.45,-119.45,1.110223024625E-15));
#1891 = DIRECTION('',(-0.57735026919,-0.57735026919,-0.57735026919));
#1892 = DIRECTION('',(0.707106781187,-0.707106781187,1.747033607862E-21)
  );
#1893 = DEFINITIONAL_REPRESENTATION('',(#1894),#1898);
#1894 = LINE('',#1895,#1896);
#1895 = CARTESIAN_POINT('',(-2.130579061982E-18,0.673609679265));
#1896 = VECTOR('',#1897,1.);
#1897 = DIRECTION('',(1.,-9.281120209944E-18));
#1898 = ( GEOMETRIC_REPRESENTATION_CONTEXT(2) 
PARAMETRIC_REPRESENTATION_CONTEXT() REPRESENTATION_CONTEXT('2D SPACE',''
  ) );
#1899 = ADVANCED_FACE('',(#1900),#1269,.F.);
#1900 = FACE_BOUND('',#1901,.T.);
#1901 = EDGE_LOOP('',(#1902,#1903,#1904,#1905));
#1902 = ORIENTED_EDGE('',*,*,#1337,.T.);
#1903 = ORIENTED_EDGE('',*,*,#1255,.F.);
#1904 = ORIENTED_EDGE('',*,*,#1525,.F.);
#1905 = ORIENTED_EDGE('',*,*,#1906,.F.);
#1906 = EDGE_CURVE('',#1310,#1498,#1907,.T.);
#1907 = SURFACE_CURVE('',#1908,(#1912,#1919),.PCURVE_S1.);
#1908 = LINE('',#1909,#1910);
#1909 = CARTESIAN_POINT('',(-119.725,119.725,0.55));
#1910 = VECTOR('',#1911,1.);
#1911 = DIRECTION('',(0.707106781187,0.707106781187,-9.954349873265E-16)
  );
#1912 = PCURVE('',#1269,#1913);
#1913 = DEFINITIONAL_REPRESENTATION('',(#1914),#1918);
#1914 = LINE('',#1915,#1916);
#1915 = CARTESIAN_POINT('',(-0.55,-4.077770477165E-35));
#1916 = VECTOR('',#1917,1.);
#1917 = DIRECTION('',(9.954349873265E-16,1.));
#1918 = ( GEOMETRIC_REPRESENTATION_CONTEXT(2) 
PARAMETRIC_REPRESENTATION_CONTEXT() REPRESENTATION_CONTEXT('2D SPACE',''
  ) );
#1919 = PCURVE('',#1920,#1925);
#1920 = PLANE('',#1921);
#1921 = AXIS2_PLACEMENT_3D('',#1922,#1923,#1924);
#1922 = CARTESIAN_POINT('',(-119.45,119.45,1.461166472061E-15));
#1923 = DIRECTION('',(0.57735026919,-0.57735026919,0.57735026919));
#1924 = DIRECTION('',(0.707106781187,0.707106781187,-8.889801361323E-16)
  );
#1925 = DEFINITIONAL_REPRESENTATION('',(#1926),#1930);
#1926 = LINE('',#1927,#1928);
#1927 = CARTESIAN_POINT('',(9.586978891232E-15,0.673609679265));
#1928 = VECTOR('',#1929,1.);
#1929 = DIRECTION('',(1.,-1.277003328334E-16));
#1930 = ( GEOMETRIC_REPRESENTATION_CONTEXT(2) 
PARAMETRIC_REPRESENTATION_CONTEXT() REPRESENTATION_CONTEXT('2D SPACE',''
  ) );
#1931 = ADVANCED_FACE('',(#1932),#1325,.T.);
#1932 = FACE_BOUND('',#1933,.T.);
#1933 = EDGE_LOOP('',(#1934,#1957,#1958,#1981));
#1934 = ORIENTED_EDGE('',*,*,#1935,.T.);
#1935 = EDGE_CURVE('',#1936,#1287,#1938,.T.);
#1936 = VERTEX_POINT('',#1937);
#1937 = CARTESIAN_POINT('',(-119.45,-119.45,1.110223024625E-15));
#1938 = SURFACE_CURVE('',#1939,(#1943,#1950),.PCURVE_S1.);
#1939 = LINE('',#1940,#1941);
#1940 = CARTESIAN_POINT('',(-119.5875,-119.45,0.1375));
#1941 = VECTOR('',#1942,1.);
#1942 = DIRECTION('',(-0.707106781187,1.533418418297E-14,0.707106781187)
  );
#1943 = PCURVE('',#1325,#1944);
#1944 = DEFINITIONAL_REPRESENTATION('',(#1945),#1949);
#1945 = LINE('',#1946,#1947);
#1946 = CARTESIAN_POINT('',(0.55,0.194454364826));
#1947 = VECTOR('',#1948,1.);
#1948 = DIRECTION('',(1.533418418297E-14,-1.));
#1949 = ( GEOMETRIC_REPRESENTATION_CONTEXT(2) 
PARAMETRIC_REPRESENTATION_CONTEXT() REPRESENTATION_CONTEXT('2D SPACE',''
  ) );
#1950 = PCURVE('',#1888,#1951);
#1951 = DEFINITIONAL_REPRESENTATION('',(#1952),#1956);
#1952 = LINE('',#1953,#1954);
#1953 = CARTESIAN_POINT('',(-9.722718241312E-02,0.168402419816));
#1954 = VECTOR('',#1955,1.);
#1955 = DIRECTION('',(-0.5,0.866025403784));
#1956 = ( GEOMETRIC_REPRESENTATION_CONTEXT(2) 
PARAMETRIC_REPRESENTATION_CONTEXT() REPRESENTATION_CONTEXT('2D SPACE',''
  ) );
#1957 = ORIENTED_EDGE('',*,*,#1309,.T.);
#1958 = ORIENTED_EDGE('',*,*,#1959,.F.);
#1959 = EDGE_CURVE('',#1960,#1310,#1962,.T.);
#1960 = VERTEX_POINT('',#1961);
#1961 = CARTESIAN_POINT('',(-119.45,119.45,1.461166472061E-15));
#1962 = SURFACE_CURVE('',#1963,(#1967,#1974),.PCURVE_S1.);
#1963 = LINE('',#1964,#1965);
#1964 = CARTESIAN_POINT('',(-119.5875,119.45,0.1375));
#1965 = VECTOR('',#1966,1.);
#1966 = DIRECTION('',(-0.707106781187,2.411736831928E-15,0.707106781187)
  );
#1967 = PCURVE('',#1325,#1968);
#1968 = DEFINITIONAL_REPRESENTATION('',(#1969),#1973);
#1969 = LINE('',#1970,#1971);
#1970 = CARTESIAN_POINT('',(239.45,0.194454364827));
#1971 = VECTOR('',#1972,1.);
#1972 = DIRECTION('',(2.411736831928E-15,-1.));
#1973 = ( GEOMETRIC_REPRESENTATION_CONTEXT(2) 
PARAMETRIC_REPRESENTATION_CONTEXT() REPRESENTATION_CONTEXT('2D SPACE',''
  ) );
#1974 = PCURVE('',#1920,#1975);
#1975 = DEFINITIONAL_REPRESENTATION('',(#1976),#1980);
#1976 = LINE('',#1977,#1978);
#1977 = CARTESIAN_POINT('',(-9.722718241294E-02,0.168402419816));
#1978 = VECTOR('',#1979,1.);
#1979 = DIRECTION('',(-0.5,0.866025403784));
#1980 = ( GEOMETRIC_REPRESENTATION_CONTEXT(2) 
PARAMETRIC_REPRESENTATION_CONTEXT() REPRESENTATION_CONTEXT('2D SPACE',''
  ) );
#1981 = ORIENTED_EDGE('',*,*,#1982,.F.);
#1982 = EDGE_CURVE('',#1936,#1960,#1983,.T.);
#1983 = SURFACE_CURVE('',#1984,(#1988,#1995),.PCURVE_S1.);
#1984 = LINE('',#1985,#1986);
#1985 = CARTESIAN_POINT('',(-119.45,-120.,0.));
#1986 = VECTOR('',#1987,1.);
#1987 = DIRECTION('',(0.,1.,0.));
#1988 = PCURVE('',#1325,#1989);
#1989 = DEFINITIONAL_REPRESENTATION('',(#1990),#1994);
#1990 = LINE('',#1991,#1992);
#1991 = CARTESIAN_POINT('',(0.,0.388908729653));
#1992 = VECTOR('',#1993,1.);
#1993 = DIRECTION('',(1.,0.));
#1994 = ( GEOMETRIC_REPRESENTATION_CONTEXT(2) 
PARAMETRIC_REPRESENTATION_CONTEXT() REPRESENTATION_CONTEXT('2D SPACE',''
  ) );
#1995 = PCURVE('',#1996,#2001);
#1996 = PLANE('',#1997);
#1997 = AXIS2_PLACEMENT_3D('',#1998,#1999,#2000);
#1998 = CARTESIAN_POINT('',(-120.,-120.,0.));
#1999 = DIRECTION('',(0.,0.,1.));
#2000 = DIRECTION('',(1.,0.,0.));
#2001 = DEFINITIONAL_REPRESENTATION('',(#2002),#2006);
#2002 = LINE('',#2003,#2004);
#2003 = CARTESIAN_POINT('',(0.55,0.));
#2004 = VECTOR('',#2005,1.);
#2005 = DIRECTION('',(0.,1.));
#2006 = ( GEOMETRIC_REPRESENTATION_CONTEXT(2) 
PARAMETRIC_REPRESENTATION_CONTEXT() REPRESENTATION_CONTEXT('2D SPACE',''
  ) );
#2007 = ADVANCED_FACE('',(#2008),#1378,.F.);
#2008 = FACE_BOUND('',#2009,.F.);
#2009 = EDGE_LOOP('',(#2010,#2036,#2037,#2038));
#2010 = ORIENTED_EDGE('',*,*,#2011,.T.);
#2011 = EDGE_CURVE('',#1577,#1363,#2012,.T.);
#2012 = SURFACE_CURVE('',#2013,(#2017,#2024),.PCURVE_S1.);
#2013 = LINE('',#2014,#2015);
#2014 = CARTESIAN_POINT('',(119.8625,-119.5875,0.55));
#2015 = VECTOR('',#2016,1.);
#2016 = DIRECTION('',(-0.707106781187,-0.707106781187,1.660319068477E-14
    ));
#2017 = PCURVE('',#1378,#2018);
#2018 = DEFINITIONAL_REPRESENTATION('',(#2019),#2023);
#2019 = LINE('',#2020,#2021);
#2020 = CARTESIAN_POINT('',(0.55,0.194454364826));
#2021 = VECTOR('',#2022,1.);
#2022 = DIRECTION('',(1.660319068477E-14,-1.));
#2023 = ( GEOMETRIC_REPRESENTATION_CONTEXT(2) 
PARAMETRIC_REPRESENTATION_CONTEXT() REPRESENTATION_CONTEXT('2D SPACE',''
  ) );
#2024 = PCURVE('',#2025,#2030);
#2025 = PLANE('',#2026);
#2026 = AXIS2_PLACEMENT_3D('',#2027,#2028,#2029);
#2027 = CARTESIAN_POINT('',(120.,-119.45,0.55));
#2028 = DIRECTION('',(-0.57735026919,0.57735026919,0.57735026919));
#2029 = DIRECTION('',(8.564164149159E-18,0.707106781187,-0.707106781187)
  );
#2030 = DEFINITIONAL_REPRESENTATION('',(#2031),#2035);
#2031 = LINE('',#2032,#2033);
#2032 = CARTESIAN_POINT('',(-9.722718241315E-02,0.168402419816));
#2033 = VECTOR('',#2034,1.);
#2034 = DIRECTION('',(-0.5,0.866025403784));
#2035 = ( GEOMETRIC_REPRESENTATION_CONTEXT(2) 
PARAMETRIC_REPRESENTATION_CONTEXT() REPRESENTATION_CONTEXT('2D SPACE',''
  ) );
#2036 = ORIENTED_EDGE('',*,*,#1362,.T.);
#2037 = ORIENTED_EDGE('',*,*,#1443,.F.);
#2038 = ORIENTED_EDGE('',*,*,#1576,.F.);
#2039 = ADVANCED_FACE('',(#2040),#1406,.T.);
#2040 = FACE_BOUND('',#2041,.F.);
#2041 = EDGE_LOOP('',(#2042,#2063,#2064,#2087));
#2042 = ORIENTED_EDGE('',*,*,#2043,.T.);
#2043 = EDGE_CURVE('',#1936,#1391,#2044,.T.);
#2044 = SURFACE_CURVE('',#2045,(#2049,#2056),.PCURVE_S1.);
#2045 = LINE('',#2046,#2047);
#2046 = CARTESIAN_POINT('',(-119.45,-119.5875,0.1375));
#2047 = VECTOR('',#2048,1.);
#2048 = DIRECTION('',(1.532599256966E-14,-0.707106781187,0.707106781187)
  );
#2049 = PCURVE('',#1406,#2050);
#2050 = DEFINITIONAL_REPRESENTATION('',(#2051),#2055);
#2051 = LINE('',#2052,#2053);
#2052 = CARTESIAN_POINT('',(-0.55,0.194454364826));
#2053 = VECTOR('',#2054,1.);
#2054 = DIRECTION('',(-1.532599256966E-14,-1.));
#2055 = ( GEOMETRIC_REPRESENTATION_CONTEXT(2) 
PARAMETRIC_REPRESENTATION_CONTEXT() REPRESENTATION_CONTEXT('2D SPACE',''
  ) );
#2056 = PCURVE('',#1888,#2057);
#2057 = DEFINITIONAL_REPRESENTATION('',(#2058),#2062);
#2058 = LINE('',#2059,#2060);
#2059 = CARTESIAN_POINT('',(9.722718241314E-02,0.168402419816));
#2060 = VECTOR('',#2061,1.);
#2061 = DIRECTION('',(0.5,0.866025403784));
#2062 = ( GEOMETRIC_REPRESENTATION_CONTEXT(2) 
PARAMETRIC_REPRESENTATION_CONTEXT() REPRESENTATION_CONTEXT('2D SPACE',''
  ) );
#2063 = ORIENTED_EDGE('',*,*,#1390,.T.);
#2064 = ORIENTED_EDGE('',*,*,#2065,.T.);
#2065 = EDGE_CURVE('',#1363,#2066,#2068,.T.);
#2066 = VERTEX_POINT('',#2067);
#2067 = CARTESIAN_POINT('',(119.45,-119.45,4.440892098501E-16));
#2068 = SURFACE_CURVE('',#2069,(#2073,#2080),.PCURVE_S1.);
#2069 = LINE('',#2070,#2071);
#2070 = CARTESIAN_POINT('',(119.45,-119.725,0.275000000001));
#2071 = VECTOR('',#2072,1.);
#2072 = DIRECTION('',(1.468760642606E-14,0.707106781187,-0.707106781187)
  );
#2073 = PCURVE('',#1406,#2074);
#2074 = DEFINITIONAL_REPRESENTATION('',(#2075),#2079);
#2075 = LINE('',#2076,#2077);
#2076 = CARTESIAN_POINT('',(-239.45,-1.757954021365E-12));
#2077 = VECTOR('',#2078,1.);
#2078 = DIRECTION('',(-1.468760642606E-14,1.));
#2079 = ( GEOMETRIC_REPRESENTATION_CONTEXT(2) 
PARAMETRIC_REPRESENTATION_CONTEXT() REPRESENTATION_CONTEXT('2D SPACE',''
  ) );
#2080 = PCURVE('',#2025,#2081);
#2081 = DEFINITIONAL_REPRESENTATION('',(#2082),#2086);
#2082 = LINE('',#2083,#2084);
#2083 = CARTESIAN_POINT('',(-1.757668567835E-12,0.673609679265));
#2084 = VECTOR('',#2085,1.);
#2085 = DIRECTION('',(1.,-1.805294644497E-14));
#2086 = ( GEOMETRIC_REPRESENTATION_CONTEXT(2) 
PARAMETRIC_REPRESENTATION_CONTEXT() REPRESENTATION_CONTEXT('2D SPACE',''
  ) );
#2087 = ORIENTED_EDGE('',*,*,#2088,.F.);
#2088 = EDGE_CURVE('',#1936,#2066,#2089,.T.);
#2089 = SURFACE_CURVE('',#2090,(#2094,#2101),.PCURVE_S1.);
#2090 = LINE('',#2091,#2092);
#2091 = CARTESIAN_POINT('',(-120.,-119.45,0.));
#2092 = VECTOR('',#2093,1.);
#2093 = DIRECTION('',(1.,0.,0.));
#2094 = PCURVE('',#1406,#2095);
#2095 = DEFINITIONAL_REPRESENTATION('',(#2096),#2100);
#2096 = LINE('',#2097,#2098);
#2097 = CARTESIAN_POINT('',(-0.,0.388908729653));
#2098 = VECTOR('',#2099,1.);
#2099 = DIRECTION('',(-1.,0.));
#2100 = ( GEOMETRIC_REPRESENTATION_CONTEXT(2) 
PARAMETRIC_REPRESENTATION_CONTEXT() REPRESENTATION_CONTEXT('2D SPACE',''
  ) );
#2101 = PCURVE('',#1996,#2102);
#2102 = DEFINITIONAL_REPRESENTATION('',(#2103),#2107);
#2103 = LINE('',#2104,#2105);
#2104 = CARTESIAN_POINT('',(0.,0.55));
#2105 = VECTOR('',#2106,1.);
#2106 = DIRECTION('',(1.,0.));
#2107 = ( GEOMETRIC_REPRESENTATION_CONTEXT(2) 
PARAMETRIC_REPRESENTATION_CONTEXT() REPRESENTATION_CONTEXT('2D SPACE',''
  ) );
#2108 = ADVANCED_FACE('',(#2109),#1485,.T.);
#2109 = FACE_BOUND('',#2110,.T.);
#2110 = EDGE_LOOP('',(#2111,#2137,#2138,#2139));
#2111 = ORIENTED_EDGE('',*,*,#2112,.T.);
#2112 = EDGE_CURVE('',#1600,#1470,#2113,.T.);
#2113 = SURFACE_CURVE('',#2114,(#2118,#2125),.PCURVE_S1.);
#2114 = LINE('',#2115,#2116);
#2115 = CARTESIAN_POINT('',(119.8625,119.5875,0.55));
#2116 = VECTOR('',#2117,1.);
#2117 = DIRECTION('',(-0.707106781187,0.707106781187,1.56132048276E-14)
  );
#2118 = PCURVE('',#1485,#2119);
#2119 = DEFINITIONAL_REPRESENTATION('',(#2120),#2124);
#2120 = LINE('',#2121,#2122);
#2121 = CARTESIAN_POINT('',(0.55,0.194454364826));
#2122 = VECTOR('',#2123,1.);
#2123 = DIRECTION('',(1.56132048276E-14,-1.));
#2124 = ( GEOMETRIC_REPRESENTATION_CONTEXT(2) 
PARAMETRIC_REPRESENTATION_CONTEXT() REPRESENTATION_CONTEXT('2D SPACE',''
  ) );
#2125 = PCURVE('',#2126,#2131);
#2126 = PLANE('',#2127);
#2127 = AXIS2_PLACEMENT_3D('',#2128,#2129,#2130);
#2128 = CARTESIAN_POINT('',(120.,119.45,0.55));
#2129 = DIRECTION('',(0.57735026919,0.57735026919,-0.57735026919));
#2130 = DIRECTION('',(-2.302291526137E-17,-0.707106781187,
    -0.707106781187));
#2131 = DEFINITIONAL_REPRESENTATION('',(#2132),#2136);
#2132 = LINE('',#2133,#2134);
#2133 = CARTESIAN_POINT('',(-9.722718241313E-02,0.168402419816));
#2134 = VECTOR('',#2135,1.);
#2135 = DIRECTION('',(-0.5,0.866025403784));
#2136 = ( GEOMETRIC_REPRESENTATION_CONTEXT(2) 
PARAMETRIC_REPRESENTATION_CONTEXT() REPRESENTATION_CONTEXT('2D SPACE',''
  ) );
#2137 = ORIENTED_EDGE('',*,*,#1469,.T.);
#2138 = ORIENTED_EDGE('',*,*,#1550,.F.);
#2139 = ORIENTED_EDGE('',*,*,#1627,.F.);
#2140 = ADVANCED_FACE('',(#2141),#1513,.F.);
#2141 = FACE_BOUND('',#2142,.T.);
#2142 = EDGE_LOOP('',(#2143,#2164,#2165,#2188));
#2143 = ORIENTED_EDGE('',*,*,#2144,.T.);
#2144 = EDGE_CURVE('',#1960,#1498,#2145,.T.);
#2145 = SURFACE_CURVE('',#2146,(#2150,#2157),.PCURVE_S1.);
#2146 = LINE('',#2147,#2148);
#2147 = CARTESIAN_POINT('',(-119.45,119.5875,0.1375));
#2148 = VECTOR('',#2149,1.);
#2149 = DIRECTION('',(-3.393417890547E-15,0.707106781187,0.707106781187)
  );
#2150 = PCURVE('',#1513,#2151);
#2151 = DEFINITIONAL_REPRESENTATION('',(#2152),#2156);
#2152 = LINE('',#2153,#2154);
#2153 = CARTESIAN_POINT('',(-0.55,0.194454364826));
#2154 = VECTOR('',#2155,1.);
#2155 = DIRECTION('',(3.393417890547E-15,-1.));
#2156 = ( GEOMETRIC_REPRESENTATION_CONTEXT(2) 
PARAMETRIC_REPRESENTATION_CONTEXT() REPRESENTATION_CONTEXT('2D SPACE',''
  ) );
#2157 = PCURVE('',#1920,#2158);
#2158 = DEFINITIONAL_REPRESENTATION('',(#2159),#2163);
#2159 = LINE('',#2160,#2161);
#2160 = CARTESIAN_POINT('',(9.722718241316E-02,0.168402419816));
#2161 = VECTOR('',#2162,1.);
#2162 = DIRECTION('',(0.5,0.866025403784));
#2163 = ( GEOMETRIC_REPRESENTATION_CONTEXT(2) 
PARAMETRIC_REPRESENTATION_CONTEXT() REPRESENTATION_CONTEXT('2D SPACE',''
  ) );
#2164 = ORIENTED_EDGE('',*,*,#1497,.T.);
#2165 = ORIENTED_EDGE('',*,*,#2166,.T.);
#2166 = EDGE_CURVE('',#1470,#2167,#2169,.T.);
#2167 = VERTEX_POINT('',#2168);
#2168 = CARTESIAN_POINT('',(119.45,119.45,8.049116928532E-16));
#2169 = SURFACE_CURVE('',#2170,(#2174,#2181),.PCURVE_S1.);
#2170 = LINE('',#2171,#2172);
#2171 = CARTESIAN_POINT('',(119.45,119.725,0.275));
#2172 = VECTOR('',#2173,1.);
#2173 = DIRECTION('',(-4.184274441558E-15,-0.707106781187,
    -0.707106781187));
#2174 = PCURVE('',#1513,#2175);
#2175 = DEFINITIONAL_REPRESENTATION('',(#2176),#2180);
#2176 = LINE('',#2177,#2178);
#2177 = CARTESIAN_POINT('',(-239.45,5.043922023522E-13));
#2178 = VECTOR('',#2179,1.);
#2179 = DIRECTION('',(4.184274441558E-15,1.));
#2180 = ( GEOMETRIC_REPRESENTATION_CONTEXT(2) 
PARAMETRIC_REPRESENTATION_CONTEXT() REPRESENTATION_CONTEXT('2D SPACE',''
  ) );
#2181 = PCURVE('',#2126,#2182);
#2182 = DEFINITIONAL_REPRESENTATION('',(#2183),#2187);
#2183 = LINE('',#2184,#2185);
#2184 = CARTESIAN_POINT('',(4.999592255259E-13,0.673609679265));
#2185 = VECTOR('',#2186,1.);
#2186 = DIRECTION('',(1.,5.110983842669E-15));
#2187 = ( GEOMETRIC_REPRESENTATION_CONTEXT(2) 
PARAMETRIC_REPRESENTATION_CONTEXT() REPRESENTATION_CONTEXT('2D SPACE',''
  ) );
#2188 = ORIENTED_EDGE('',*,*,#2189,.F.);
#2189 = EDGE_CURVE('',#1960,#2167,#2190,.T.);
#2190 = SURFACE_CURVE('',#2191,(#2195,#2202),.PCURVE_S1.);
#2191 = LINE('',#2192,#2193);
#2192 = CARTESIAN_POINT('',(-120.,119.45,0.));
#2193 = VECTOR('',#2194,1.);
#2194 = DIRECTION('',(1.,0.,0.));
#2195 = PCURVE('',#1513,#2196);
#2196 = DEFINITIONAL_REPRESENTATION('',(#2197),#2201);
#2197 = LINE('',#2198,#2199);
#2198 = CARTESIAN_POINT('',(-0.,0.388908729653));
#2199 = VECTOR('',#2200,1.);
#2200 = DIRECTION('',(-1.,0.));
#2201 = ( GEOMETRIC_REPRESENTATION_CONTEXT(2) 
PARAMETRIC_REPRESENTATION_CONTEXT() REPRESENTATION_CONTEXT('2D SPACE',''
  ) );
#2202 = PCURVE('',#1996,#2203);
#2203 = DEFINITIONAL_REPRESENTATION('',(#2204),#2208);
#2204 = LINE('',#2205,#2206);
#2205 = CARTESIAN_POINT('',(0.,239.45));
#2206 = VECTOR('',#2207,1.);
#2207 = DIRECTION('',(1.,0.));
#2208 = ( GEOMETRIC_REPRESENTATION_CONTEXT(2) 
PARAMETRIC_REPRESENTATION_CONTEXT() REPRESENTATION_CONTEXT('2D SPACE',''
  ) );
#2209 = ADVANCED_FACE('',(#2210),#1615,.F.);
#2210 = FACE_BOUND('',#2211,.F.);
#2211 = EDGE_LOOP('',(#2212,#2233,#2234,#2255));
#2212 = ORIENTED_EDGE('',*,*,#2213,.F.);
#2213 = EDGE_CURVE('',#1577,#2066,#2214,.T.);
#2214 = SURFACE_CURVE('',#2215,(#2219,#2226),.PCURVE_S1.);
#2215 = LINE('',#2216,#2217);
#2216 = CARTESIAN_POINT('',(119.8625,-119.45,0.4125));
#2217 = VECTOR('',#2218,1.);
#2218 = DIRECTION('',(-0.707106781187,1.873015914325E-15,-0.707106781187
    ));
#2219 = PCURVE('',#1615,#2220);
#2220 = DEFINITIONAL_REPRESENTATION('',(#2221),#2225);
#2221 = LINE('',#2222,#2223);
#2222 = CARTESIAN_POINT('',(0.55,-0.194454364826));
#2223 = VECTOR('',#2224,1.);
#2224 = DIRECTION('',(1.873015914325E-15,1.));
#2225 = ( GEOMETRIC_REPRESENTATION_CONTEXT(2) 
PARAMETRIC_REPRESENTATION_CONTEXT() REPRESENTATION_CONTEXT('2D SPACE',''
  ) );
#2226 = PCURVE('',#2025,#2227);
#2227 = DEFINITIONAL_REPRESENTATION('',(#2228),#2232);
#2228 = LINE('',#2229,#2230);
#2229 = CARTESIAN_POINT('',(9.722718241314E-02,0.168402419816));
#2230 = VECTOR('',#2231,1.);
#2231 = DIRECTION('',(0.5,0.866025403784));
#2232 = ( GEOMETRIC_REPRESENTATION_CONTEXT(2) 
PARAMETRIC_REPRESENTATION_CONTEXT() REPRESENTATION_CONTEXT('2D SPACE',''
  ) );
#2233 = ORIENTED_EDGE('',*,*,#1599,.T.);
#2234 = ORIENTED_EDGE('',*,*,#2235,.T.);
#2235 = EDGE_CURVE('',#1600,#2167,#2236,.T.);
#2236 = SURFACE_CURVE('',#2237,(#2241,#2248),.PCURVE_S1.);
#2237 = LINE('',#2238,#2239);
#2238 = CARTESIAN_POINT('',(119.86249999999,119.45,0.412499999998));
#2239 = VECTOR('',#2240,1.);
#2240 = DIRECTION('',(-0.707106781187,-1.989088492032E-14,
    -0.707106781187));
#2241 = PCURVE('',#1615,#2242);
#2242 = DEFINITIONAL_REPRESENTATION('',(#2243),#2247);
#2243 = LINE('',#2244,#2245);
#2244 = CARTESIAN_POINT('',(239.45,-0.194454364824));
#2245 = VECTOR('',#2246,1.);
#2246 = DIRECTION('',(-1.989088492032E-14,1.));
#2247 = ( GEOMETRIC_REPRESENTATION_CONTEXT(2) 
PARAMETRIC_REPRESENTATION_CONTEXT() REPRESENTATION_CONTEXT('2D SPACE',''
  ) );
#2248 = PCURVE('',#2126,#2249);
#2249 = DEFINITIONAL_REPRESENTATION('',(#2250),#2254);
#2250 = LINE('',#2251,#2252);
#2251 = CARTESIAN_POINT('',(9.722718241438E-02,0.168402419818));
#2252 = VECTOR('',#2253,1.);
#2253 = DIRECTION('',(0.5,0.866025403784));
#2254 = ( GEOMETRIC_REPRESENTATION_CONTEXT(2) 
PARAMETRIC_REPRESENTATION_CONTEXT() REPRESENTATION_CONTEXT('2D SPACE',''
  ) );
#2255 = ORIENTED_EDGE('',*,*,#2256,.F.);
#2256 = EDGE_CURVE('',#2066,#2167,#2257,.T.);
#2257 = SURFACE_CURVE('',#2258,(#2262,#2269),.PCURVE_S1.);
#2258 = LINE('',#2259,#2260);
#2259 = CARTESIAN_POINT('',(119.45,-120.,0.));
#2260 = VECTOR('',#2261,1.);
#2261 = DIRECTION('',(0.,1.,0.));
#2262 = PCURVE('',#1615,#2263);
#2263 = DEFINITIONAL_REPRESENTATION('',(#2264),#2268);
#2264 = LINE('',#2265,#2266);
#2265 = CARTESIAN_POINT('',(0.,0.388908729653));
#2266 = VECTOR('',#2267,1.);
#2267 = DIRECTION('',(1.,0.));
#2268 = ( GEOMETRIC_REPRESENTATION_CONTEXT(2) 
PARAMETRIC_REPRESENTATION_CONTEXT() REPRESENTATION_CONTEXT('2D SPACE',''
  ) );
#2269 = PCURVE('',#1996,#2270);
#2270 = DEFINITIONAL_REPRESENTATION('',(#2271),#2275);
#2271 = LINE('',#2272,#2273);
#2272 = CARTESIAN_POINT('',(239.45,0.));
#2273 = VECTOR('',#2274,1.);
#2274 = DIRECTION('',(0.,1.));
#2275 = ( GEOMETRIC_REPRESENTATION_CONTEXT(2) 
PARAMETRIC_REPRESENTATION_CONTEXT() REPRESENTATION_CONTEXT('2D SPACE',''
  ) );
#2276 = ADVANCED_FACE('',(#2277),#1691,.F.);
#2277 = FACE_BOUND('',#2278,.T.);
#2278 = EDGE_LOOP('',(#2279,#2300,#2301,#2302));
#2279 = ORIENTED_EDGE('',*,*,#2280,.F.);
#2280 = EDGE_CURVE('',#1652,#2281,#2283,.T.);
#2281 = VERTEX_POINT('',#2282);
#2282 = CARTESIAN_POINT('',(-96.05,-100.,4.));
#2283 = SEAM_CURVE('',#2284,(#2288,#2294),.PCURVE_S1.);
#2284 = LINE('',#2285,#2286);
#2285 = CARTESIAN_POINT('',(-95.5,-100.,4.55));
#2286 = VECTOR('',#2287,1.);
#2287 = DIRECTION('',(-0.707106781187,-0.,-0.707106781187));
#2288 = PCURVE('',#1691,#2289);
#2289 = DEFINITIONAL_REPRESENTATION('',(#2290),#2293);
#2290 = B_SPLINE_CURVE_WITH_KNOTS('',1,(#2291,#2292),.UNSPECIFIED.,.F.,
  .F.,(2,2),(0.,0.777817459305),.PIECEWISE_BEZIER_KNOTS.);
#2291 = CARTESIAN_POINT('',(0.,0.));
#2292 = CARTESIAN_POINT('',(0.,-0.55));
#2293 = ( GEOMETRIC_REPRESENTATION_CONTEXT(2) 
PARAMETRIC_REPRESENTATION_CONTEXT() REPRESENTATION_CONTEXT('2D SPACE',''
  ) );
#2294 = PCURVE('',#1691,#2295);
#2295 = DEFINITIONAL_REPRESENTATION('',(#2296),#2299);
#2296 = B_SPLINE_CURVE_WITH_KNOTS('',1,(#2297,#2298),.UNSPECIFIED.,.F.,
  .F.,(2,2),(0.,0.777817459305),.PIECEWISE_BEZIER_KNOTS.);
#2297 = CARTESIAN_POINT('',(6.28318530718,0.));
#2298 = CARTESIAN_POINT('',(6.28318530718,-0.55));
#2299 = ( GEOMETRIC_REPRESENTATION_CONTEXT(2) 
PARAMETRIC_REPRESENTATION_CONTEXT() REPRESENTATION_CONTEXT('2D SPACE',''
  ) );
#2300 = ORIENTED_EDGE('',*,*,#1676,.T.);
#2301 = ORIENTED_EDGE('',*,*,#2280,.T.);
#2302 = ORIENTED_EDGE('',*,*,#2303,.F.);
#2303 = EDGE_CURVE('',#2281,#2281,#2304,.T.);
#2304 = SURFACE_CURVE('',#2305,(#2310,#2317),.PCURVE_S1.);
#2305 = CIRCLE('',#2306,3.95);
#2306 = AXIS2_PLACEMENT_3D('',#2307,#2308,#2309);
#2307 = CARTESIAN_POINT('',(-100.,-100.,4.));
#2308 = DIRECTION('',(0.,0.,1.));
#2309 = DIRECTION('',(1.,0.,-0.));
#2310 = PCURVE('',#1691,#2311);
#2311 = DEFINITIONAL_REPRESENTATION('',(#2312),#2316);
#2312 = LINE('',#2313,#2314);
#2313 = CARTESIAN_POINT('',(0.,-0.55));
#2314 = VECTOR('',#2315,1.);
#2315 = DIRECTION('',(1.,-0.));
#2316 = ( GEOMETRIC_REPRESENTATION_CONTEXT(2) 
PARAMETRIC_REPRESENTATION_CONTEXT() REPRESENTATION_CONTEXT('2D SPACE',''
  ) );
#2317 = PCURVE('',#2318,#2323);
#2318 = PLANE('',#2319);
#2319 = AXIS2_PLACEMENT_3D('',#2320,#2321,#2322);
#2320 = CARTESIAN_POINT('',(-100.,-100.,4.));
#2321 = DIRECTION('',(0.,0.,1.));
#2322 = DIRECTION('',(1.,0.,0.));
#2323 = DEFINITIONAL_REPRESENTATION('',(#2324),#2328);
#2324 = CIRCLE('',#2325,3.95);
#2325 = AXIS2_PLACEMENT_2D('',#2326,#2327);
#2326 = CARTESIAN_POINT('',(0.,0.));
#2327 = DIRECTION('',(1.,0.));
#2328 = ( GEOMETRIC_REPRESENTATION_CONTEXT(2) 
PARAMETRIC_REPRESENTATION_CONTEXT() REPRESENTATION_CONTEXT('2D SPACE',''
  ) );
#2329 = ADVANCED_FACE('',(#2330),#1746,.F.);
#2330 = FACE_BOUND('',#2331,.T.);
#2331 = EDGE_LOOP('',(#2332,#2353,#2354,#2355));
#2332 = ORIENTED_EDGE('',*,*,#2333,.F.);
#2333 = EDGE_CURVE('',#1707,#2334,#2336,.T.);
#2334 = VERTEX_POINT('',#2335);
#2335 = CARTESIAN_POINT('',(103.95,-100.,4.));
#2336 = SEAM_CURVE('',#2337,(#2341,#2347),.PCURVE_S1.);
#2337 = LINE('',#2338,#2339);
#2338 = CARTESIAN_POINT('',(104.5,-100.,4.55));
#2339 = VECTOR('',#2340,1.);
#2340 = DIRECTION('',(-0.707106781187,-0.,-0.707106781187));
#2341 = PCURVE('',#1746,#2342);
#2342 = DEFINITIONAL_REPRESENTATION('',(#2343),#2346);
#2343 = B_SPLINE_CURVE_WITH_KNOTS('',1,(#2344,#2345),.UNSPECIFIED.,.F.,
  .F.,(2,2),(0.,0.777817459305),.PIECEWISE_BEZIER_KNOTS.);
#2344 = CARTESIAN_POINT('',(0.,0.));
#2345 = CARTESIAN_POINT('',(0.,-0.55));
#2346 = ( GEOMETRIC_REPRESENTATION_CONTEXT(2) 
PARAMETRIC_REPRESENTATION_CONTEXT() REPRESENTATION_CONTEXT('2D SPACE',''
  ) );
#2347 = PCURVE('',#1746,#2348);
#2348 = DEFINITIONAL_REPRESENTATION('',(#2349),#2352);
#2349 = B_SPLINE_CURVE_WITH_KNOTS('',1,(#2350,#2351),.UNSPECIFIED.,.F.,
  .F.,(2,2),(0.,0.777817459305),.PIECEWISE_BEZIER_KNOTS.);
#2350 = CARTESIAN_POINT('',(6.28318530718,0.));
#2351 = CARTESIAN_POINT('',(6.28318530718,-0.55));
#2352 = ( GEOMETRIC_REPRESENTATION_CONTEXT(2) 
PARAMETRIC_REPRESENTATION_CONTEXT() REPRESENTATION_CONTEXT('2D SPACE',''
  ) );
#2353 = ORIENTED_EDGE('',*,*,#1731,.T.);
#2354 = ORIENTED_EDGE('',*,*,#2333,.T.);
#2355 = ORIENTED_EDGE('',*,*,#2356,.F.);
#2356 = EDGE_CURVE('',#2334,#2334,#2357,.T.);
#2357 = SURFACE_CURVE('',#2358,(#2363,#2370),.PCURVE_S1.);
#2358 = CIRCLE('',#2359,3.95);
#2359 = AXIS2_PLACEMENT_3D('',#2360,#2361,#2362);
#2360 = CARTESIAN_POINT('',(100.,-100.,4.));
#2361 = DIRECTION('',(0.,0.,1.));
#2362 = DIRECTION('',(1.,0.,-0.));
#2363 = PCURVE('',#1746,#2364);
#2364 = DEFINITIONAL_REPRESENTATION('',(#2365),#2369);
#2365 = LINE('',#2366,#2367);
#2366 = CARTESIAN_POINT('',(0.,-0.55));
#2367 = VECTOR('',#2368,1.);
#2368 = DIRECTION('',(1.,-0.));
#2369 = ( GEOMETRIC_REPRESENTATION_CONTEXT(2) 
PARAMETRIC_REPRESENTATION_CONTEXT() REPRESENTATION_CONTEXT('2D SPACE',''
  ) );
#2370 = PCURVE('',#2371,#2376);
#2371 = PLANE('',#2372);
#2372 = AXIS2_PLACEMENT_3D('',#2373,#2374,#2375);
#2373 = CARTESIAN_POINT('',(100.,-100.,4.));
#2374 = DIRECTION('',(0.,0.,1.));
#2375 = DIRECTION('',(1.,0.,0.));
#2376 = DEFINITIONAL_REPRESENTATION('',(#2377),#2381);
#2377 = CIRCLE('',#2378,3.95);
#2378 = AXIS2_PLACEMENT_2D('',#2379,#2380);
#2379 = CARTESIAN_POINT('',(0.,0.));
#2380 = DIRECTION('',(1.,0.));
#2381 = ( GEOMETRIC_REPRESENTATION_CONTEXT(2) 
PARAMETRIC_REPRESENTATION_CONTEXT() REPRESENTATION_CONTEXT('2D SPACE',''
  ) );
#2382 = ADVANCED_FACE('',(#2383),#1801,.F.);
#2383 = FACE_BOUND('',#2384,.T.);
#2384 = EDGE_LOOP('',(#2385,#2406,#2407,#2408));
#2385 = ORIENTED_EDGE('',*,*,#2386,.F.);
#2386 = EDGE_CURVE('',#1762,#2387,#2389,.T.);
#2387 = VERTEX_POINT('',#2388);
#2388 = CARTESIAN_POINT('',(-96.05,100.,4.));
#2389 = SEAM_CURVE('',#2390,(#2394,#2400),.PCURVE_S1.);
#2390 = LINE('',#2391,#2392);
#2391 = CARTESIAN_POINT('',(-95.5,100.,4.55));
#2392 = VECTOR('',#2393,1.);
#2393 = DIRECTION('',(-0.707106781187,-0.,-0.707106781187));
#2394 = PCURVE('',#1801,#2395);
#2395 = DEFINITIONAL_REPRESENTATION('',(#2396),#2399);
#2396 = B_SPLINE_CURVE_WITH_KNOTS('',1,(#2397,#2398),.UNSPECIFIED.,.F.,
  .F.,(2,2),(0.,0.777817459305),.PIECEWISE_BEZIER_KNOTS.);
#2397 = CARTESIAN_POINT('',(0.,0.));
#2398 = CARTESIAN_POINT('',(0.,-0.55));
#2399 = ( GEOMETRIC_REPRESENTATION_CONTEXT(2) 
PARAMETRIC_REPRESENTATION_CONTEXT() REPRESENTATION_CONTEXT('2D SPACE',''
  ) );
#2400 = PCURVE('',#1801,#2401);
#2401 = DEFINITIONAL_REPRESENTATION('',(#2402),#2405);
#2402 = B_SPLINE_CURVE_WITH_KNOTS('',1,(#2403,#2404),.UNSPECIFIED.,.F.,
  .F.,(2,2),(0.,0.777817459305),.PIECEWISE_BEZIER_KNOTS.);
#2403 = CARTESIAN_POINT('',(6.28318530718,0.));
#2404 = CARTESIAN_POINT('',(6.28318530718,-0.55));
#2405 = ( GEOMETRIC_REPRESENTATION_CONTEXT(2) 
PARAMETRIC_REPRESENTATION_CONTEXT() REPRESENTATION_CONTEXT('2D SPACE',''
  ) );
#2406 = ORIENTED_EDGE('',*,*,#1786,.T.);
#2407 = ORIENTED_EDGE('',*,*,#2386,.T.);
#2408 = ORIENTED_EDGE('',*,*,#2409,.F.);
#2409 = EDGE_CURVE('',#2387,#2387,#2410,.T.);
#2410 = SURFACE_CURVE('',#2411,(#2416,#2423),.PCURVE_S1.);
#2411 = CIRCLE('',#2412,3.95);
#2412 = AXIS2_PLACEMENT_3D('',#2413,#2414,#2415);
#2413 = CARTESIAN_POINT('',(-100.,100.,4.));
#2414 = DIRECTION('',(0.,0.,1.));
#2415 = DIRECTION('',(1.,0.,-0.));
#2416 = PCURVE('',#1801,#2417);
#2417 = DEFINITIONAL_REPRESENTATION('',(#2418),#2422);
#2418 = LINE('',#2419,#2420);
#2419 = CARTESIAN_POINT('',(0.,-0.55));
#2420 = VECTOR('',#2421,1.);
#2421 = DIRECTION('',(1.,-0.));
#2422 = ( GEOMETRIC_REPRESENTATION_CONTEXT(2) 
PARAMETRIC_REPRESENTATION_CONTEXT() REPRESENTATION_CONTEXT('2D SPACE',''
  ) );
#2423 = PCURVE('',#2424,#2429);
#2424 = PLANE('',#2425);
#2425 = AXIS2_PLACEMENT_3D('',#2426,#2427,#2428);
#2426 = CARTESIAN_POINT('',(-100.,100.,4.));
#2427 = DIRECTION('',(0.,0.,1.));
#2428 = DIRECTION('',(1.,0.,0.));
#2429 = DEFINITIONAL_REPRESENTATION('',(#2430),#2434);
#2430 = CIRCLE('',#2431,3.95);
#2431 = AXIS2_PLACEMENT_2D('',#2432,#2433);
#2432 = CARTESIAN_POINT('',(0.,0.));
#2433 = DIRECTION('',(1.,0.));
#2434 = ( GEOMETRIC_REPRESENTATION_CONTEXT(2) 
PARAMETRIC_REPRESENTATION_CONTEXT() REPRESENTATION_CONTEXT('2D SPACE',''
  ) );
#2435 = ADVANCED_FACE('',(#2436),#1856,.F.);
#2436 = FACE_BOUND('',#2437,.T.);
#2437 = EDGE_LOOP('',(#2438,#2459,#2460,#2461));
#2438 = ORIENTED_EDGE('',*,*,#2439,.F.);
#2439 = EDGE_CURVE('',#1817,#2440,#2442,.T.);
#2440 = VERTEX_POINT('',#2441);
#2441 = CARTESIAN_POINT('',(103.95,100.,4.));
#2442 = SEAM_CURVE('',#2443,(#2447,#2453),.PCURVE_S1.);
#2443 = LINE('',#2444,#2445);
#2444 = CARTESIAN_POINT('',(104.5,100.,4.55));
#2445 = VECTOR('',#2446,1.);
#2446 = DIRECTION('',(-0.707106781187,-0.,-0.707106781187));
#2447 = PCURVE('',#1856,#2448);
#2448 = DEFINITIONAL_REPRESENTATION('',(#2449),#2452);
#2449 = B_SPLINE_CURVE_WITH_KNOTS('',1,(#2450,#2451),.UNSPECIFIED.,.F.,
  .F.,(2,2),(0.,0.777817459305),.PIECEWISE_BEZIER_KNOTS.);
#2450 = CARTESIAN_POINT('',(0.,0.));
#2451 = CARTESIAN_POINT('',(0.,-0.55));
#2452 = ( GEOMETRIC_REPRESENTATION_CONTEXT(2) 
PARAMETRIC_REPRESENTATION_CONTEXT() REPRESENTATION_CONTEXT('2D SPACE',''
  ) );
#2453 = PCURVE('',#1856,#2454);
#2454 = DEFINITIONAL_REPRESENTATION('',(#2455),#2458);
#2455 = B_SPLINE_CURVE_WITH_KNOTS('',1,(#2456,#2457),.UNSPECIFIED.,.F.,
  .F.,(2,2),(0.,0.777817459305),.PIECEWISE_BEZIER_KNOTS.);
#2456 = CARTESIAN_POINT('',(6.28318530718,0.));
#2457 = CARTESIAN_POINT('',(6.28318530718,-0.55));
#2458 = ( GEOMETRIC_REPRESENTATION_CONTEXT(2) 
PARAMETRIC_REPRESENTATION_CONTEXT() REPRESENTATION_CONTEXT('2D SPACE',''
  ) );
#2459 = ORIENTED_EDGE('',*,*,#1841,.T.);
#2460 = ORIENTED_EDGE('',*,*,#2439,.T.);
#2461 = ORIENTED_EDGE('',*,*,#2462,.F.);
#2462 = EDGE_CURVE('',#2440,#2440,#2463,.T.);
#2463 = SURFACE_CURVE('',#2464,(#2469,#2476),.PCURVE_S1.);
#2464 = CIRCLE('',#2465,3.95);
#2465 = AXIS2_PLACEMENT_3D('',#2466,#2467,#2468);
#2466 = CARTESIAN_POINT('',(100.,100.,4.));
#2467 = DIRECTION('',(0.,0.,1.));
#2468 = DIRECTION('',(1.,0.,-0.));
#2469 = PCURVE('',#1856,#2470);
#2470 = DEFINITIONAL_REPRESENTATION('',(#2471),#2475);
#2471 = LINE('',#2472,#2473);
#2472 = CARTESIAN_POINT('',(0.,-0.55));
#2473 = VECTOR('',#2474,1.);
#2474 = DIRECTION('',(1.,-0.));
#2475 = ( GEOMETRIC_REPRESENTATION_CONTEXT(2) 
PARAMETRIC_REPRESENTATION_CONTEXT() REPRESENTATION_CONTEXT('2D SPACE',''
  ) );
#2476 = PCURVE('',#2477,#2482);
#2477 = PLANE('',#2478);
#2478 = AXIS2_PLACEMENT_3D('',#2479,#2480,#2481);
#2479 = CARTESIAN_POINT('',(100.,100.,4.));
#2480 = DIRECTION('',(0.,0.,1.));
#2481 = DIRECTION('',(1.,0.,0.));
#2482 = DEFINITIONAL_REPRESENTATION('',(#2483),#2487);
#2483 = CIRCLE('',#2484,3.95);
#2484 = AXIS2_PLACEMENT_2D('',#2485,#2486);
#2485 = CARTESIAN_POINT('',(0.,0.));
#2486 = DIRECTION('',(1.,0.));
#2487 = ( GEOMETRIC_REPRESENTATION_CONTEXT(2) 
PARAMETRIC_REPRESENTATION_CONTEXT() REPRESENTATION_CONTEXT('2D SPACE',''
  ) );
#2488 = ADVANCED_FACE('',(#2489),#1888,.T.);
#2489 = FACE_BOUND('',#2490,.T.);
#2490 = EDGE_LOOP('',(#2491,#2492,#2493));
#2491 = ORIENTED_EDGE('',*,*,#1935,.F.);
#2492 = ORIENTED_EDGE('',*,*,#2043,.T.);
#2493 = ORIENTED_EDGE('',*,*,#1874,.F.);
#2494 = ADVANCED_FACE('',(#2495),#1920,.F.);
#2495 = FACE_BOUND('',#2496,.F.);
#2496 = EDGE_LOOP('',(#2497,#2498,#2499));
#2497 = ORIENTED_EDGE('',*,*,#1959,.F.);
#2498 = ORIENTED_EDGE('',*,*,#2144,.T.);
#2499 = ORIENTED_EDGE('',*,*,#1906,.F.);
#2500 = ADVANCED_FACE('',(#2501,#2507,#2538,#2569,#2600,#2631),#1996,.F.
  );
#2501 = FACE_BOUND('',#2502,.F.);
#2502 = EDGE_LOOP('',(#2503,#2504,#2505,#2506));
#2503 = ORIENTED_EDGE('',*,*,#1982,.F.);
#2504 = ORIENTED_EDGE('',*,*,#2088,.T.);
#2505 = ORIENTED_EDGE('',*,*,#2256,.T.);
#2506 = ORIENTED_EDGE('',*,*,#2189,.F.);
#2507 = FACE_BOUND('',#2508,.F.);
#2508 = EDGE_LOOP('',(#2509));
#2509 = ORIENTED_EDGE('',*,*,#2510,.F.);
#2510 = EDGE_CURVE('',#2511,#2511,#2513,.T.);
#2511 = VERTEX_POINT('',#2512);
#2512 = CARTESIAN_POINT('',(-97.2,-100.,-1.443289932013E-15));
#2513 = SURFACE_CURVE('',#2514,(#2519,#2526),.PCURVE_S1.);
#2514 = CIRCLE('',#2515,2.8);
#2515 = AXIS2_PLACEMENT_3D('',#2516,#2517,#2518);
#2516 = CARTESIAN_POINT('',(-100.,-100.,0.));
#2517 = DIRECTION('',(0.,0.,1.));
#2518 = DIRECTION('',(1.,0.,-0.));
#2519 = PCURVE('',#1996,#2520);
#2520 = DEFINITIONAL_REPRESENTATION('',(#2521),#2525);
#2521 = CIRCLE('',#2522,2.8);
#2522 = AXIS2_PLACEMENT_2D('',#2523,#2524);
#2523 = CARTESIAN_POINT('',(20.,20.));
#2524 = DIRECTION('',(1.,0.));
#2525 = ( GEOMETRIC_REPRESENTATION_CONTEXT(2) 
PARAMETRIC_REPRESENTATION_CONTEXT() REPRESENTATION_CONTEXT('2D SPACE',''
  ) );
#2526 = PCURVE('',#2527,#2532);
#2527 = CONICAL_SURFACE('',#2528,2.25,0.785398163397);
#2528 = AXIS2_PLACEMENT_3D('',#2529,#2530,#2531);
#2529 = CARTESIAN_POINT('',(-100.,-100.,0.55));
#2530 = DIRECTION('',(-0.,-0.,-1.));
#2531 = DIRECTION('',(1.,0.,0.));
#2532 = DEFINITIONAL_REPRESENTATION('',(#2533),#2537);
#2533 = LINE('',#2534,#2535);
#2534 = CARTESIAN_POINT('',(0.,0.55));
#2535 = VECTOR('',#2536,1.);
#2536 = DIRECTION('',(-1.,-0.));
#2537 = ( GEOMETRIC_REPRESENTATION_CONTEXT(2) 
PARAMETRIC_REPRESENTATION_CONTEXT() REPRESENTATION_CONTEXT('2D SPACE',''
  ) );
#2538 = FACE_BOUND('',#2539,.F.);
#2539 = EDGE_LOOP('',(#2540));
#2540 = ORIENTED_EDGE('',*,*,#2541,.F.);
#2541 = EDGE_CURVE('',#2542,#2542,#2544,.T.);
#2542 = VERTEX_POINT('',#2543);
#2543 = CARTESIAN_POINT('',(102.8,-100.,-1.443289932013E-15));
#2544 = SURFACE_CURVE('',#2545,(#2550,#2557),.PCURVE_S1.);
#2545 = CIRCLE('',#2546,2.8);
#2546 = AXIS2_PLACEMENT_3D('',#2547,#2548,#2549);
#2547 = CARTESIAN_POINT('',(100.,-100.,0.));
#2548 = DIRECTION('',(0.,0.,1.));
#2549 = DIRECTION('',(1.,0.,-0.));
#2550 = PCURVE('',#1996,#2551);
#2551 = DEFINITIONAL_REPRESENTATION('',(#2552),#2556);
#2552 = CIRCLE('',#2553,2.8);
#2553 = AXIS2_PLACEMENT_2D('',#2554,#2555);
#2554 = CARTESIAN_POINT('',(220.,20.));
#2555 = DIRECTION('',(1.,0.));
#2556 = ( GEOMETRIC_REPRESENTATION_CONTEXT(2) 
PARAMETRIC_REPRESENTATION_CONTEXT() REPRESENTATION_CONTEXT('2D SPACE',''
  ) );
#2557 = PCURVE('',#2558,#2563);
#2558 = CONICAL_SURFACE('',#2559,2.25,0.785398163397);
#2559 = AXIS2_PLACEMENT_3D('',#2560,#2561,#2562);
#2560 = CARTESIAN_POINT('',(100.,-100.,0.55));
#2561 = DIRECTION('',(-0.,-0.,-1.));
#2562 = DIRECTION('',(1.,0.,0.));
#2563 = DEFINITIONAL_REPRESENTATION('',(#2564),#2568);
#2564 = LINE('',#2565,#2566);
#2565 = CARTESIAN_POINT('',(0.,0.55));
#2566 = VECTOR('',#2567,1.);
#2567 = DIRECTION('',(-1.,-0.));
#2568 = ( GEOMETRIC_REPRESENTATION_CONTEXT(2) 
PARAMETRIC_REPRESENTATION_CONTEXT() REPRESENTATION_CONTEXT('2D SPACE',''
  ) );
#2569 = FACE_BOUND('',#2570,.F.);
#2570 = EDGE_LOOP('',(#2571));
#2571 = ORIENTED_EDGE('',*,*,#2572,.F.);
#2572 = EDGE_CURVE('',#2573,#2573,#2575,.T.);
#2573 = VERTEX_POINT('',#2574);
#2574 = CARTESIAN_POINT('',(-97.2,100.,-1.443289932013E-15));
#2575 = SURFACE_CURVE('',#2576,(#2581,#2588),.PCURVE_S1.);
#2576 = CIRCLE('',#2577,2.8);
#2577 = AXIS2_PLACEMENT_3D('',#2578,#2579,#2580);
#2578 = CARTESIAN_POINT('',(-100.,100.,0.));
#2579 = DIRECTION('',(0.,0.,1.));
#2580 = DIRECTION('',(1.,0.,-0.));
#2581 = PCURVE('',#1996,#2582);
#2582 = DEFINITIONAL_REPRESENTATION('',(#2583),#2587);
#2583 = CIRCLE('',#2584,2.8);
#2584 = AXIS2_PLACEMENT_2D('',#2585,#2586);
#2585 = CARTESIAN_POINT('',(20.,220.));
#2586 = DIRECTION('',(1.,0.));
#2587 = ( GEOMETRIC_REPRESENTATION_CONTEXT(2) 
PARAMETRIC_REPRESENTATION_CONTEXT() REPRESENTATION_CONTEXT('2D SPACE',''
  ) );
#2588 = PCURVE('',#2589,#2594);
#2589 = CONICAL_SURFACE('',#2590,2.25,0.785398163397);
#2590 = AXIS2_PLACEMENT_3D('',#2591,#2592,#2593);
#2591 = CARTESIAN_POINT('',(-100.,100.,0.55));
#2592 = DIRECTION('',(-0.,-0.,-1.));
#2593 = DIRECTION('',(1.,0.,0.));
#2594 = DEFINITIONAL_REPRESENTATION('',(#2595),#2599);
#2595 = LINE('',#2596,#2597);
#2596 = CARTESIAN_POINT('',(0.,0.55));
#2597 = VECTOR('',#2598,1.);
#2598 = DIRECTION('',(-1.,-0.));
#2599 = ( GEOMETRIC_REPRESENTATION_CONTEXT(2) 
PARAMETRIC_REPRESENTATION_CONTEXT() REPRESENTATION_CONTEXT('2D SPACE',''
  ) );
#2600 = FACE_BOUND('',#2601,.F.);
#2601 = EDGE_LOOP('',(#2602));
#2602 = ORIENTED_EDGE('',*,*,#2603,.F.);
#2603 = EDGE_CURVE('',#2604,#2604,#2606,.T.);
#2604 = VERTEX_POINT('',#2605);
#2605 = CARTESIAN_POINT('',(102.8,100.,-1.443289932013E-15));
#2606 = SURFACE_CURVE('',#2607,(#2612,#2619),.PCURVE_S1.);
#2607 = CIRCLE('',#2608,2.8);
#2608 = AXIS2_PLACEMENT_3D('',#2609,#2610,#2611);
#2609 = CARTESIAN_POINT('',(100.,100.,0.));
#2610 = DIRECTION('',(0.,0.,1.));
#2611 = DIRECTION('',(1.,0.,-0.));
#2612 = PCURVE('',#1996,#2613);
#2613 = DEFINITIONAL_REPRESENTATION('',(#2614),#2618);
#2614 = CIRCLE('',#2615,2.8);
#2615 = AXIS2_PLACEMENT_2D('',#2616,#2617);
#2616 = CARTESIAN_POINT('',(220.,220.));
#2617 = DIRECTION('',(1.,0.));
#2618 = ( GEOMETRIC_REPRESENTATION_CONTEXT(2) 
PARAMETRIC_REPRESENTATION_CONTEXT() REPRESENTATION_CONTEXT('2D SPACE',''
  ) );
#2619 = PCURVE('',#2620,#2625);
#2620 = CONICAL_SURFACE('',#2621,2.25,0.785398163397);
#2621 = AXIS2_PLACEMENT_3D('',#2622,#2623,#2624);
#2622 = CARTESIAN_POINT('',(100.,100.,0.55));
#2623 = DIRECTION('',(-0.,-0.,-1.));
#2624 = DIRECTION('',(1.,0.,0.));
#2625 = DEFINITIONAL_REPRESENTATION('',(#2626),#2630);
#2626 = LINE('',#2627,#2628);
#2627 = CARTESIAN_POINT('',(0.,0.55));
#2628 = VECTOR('',#2629,1.);
#2629 = DIRECTION('',(-1.,-0.));
#2630 = ( GEOMETRIC_REPRESENTATION_CONTEXT(2) 
PARAMETRIC_REPRESENTATION_CONTEXT() REPRESENTATION_CONTEXT('2D SPACE',''
  ) );
#2631 = FACE_BOUND('',#2632,.F.);
#2632 = EDGE_LOOP('',(#2633));
#2633 = ORIENTED_EDGE('',*,*,#2634,.F.);
#2634 = EDGE_CURVE('',#2635,#2635,#2637,.T.);
#2635 = VERTEX_POINT('',#2636);
#2636 = CARTESIAN_POINT('',(107.05,0.,0.));
#2637 = SURFACE_CURVE('',#2638,(#2643,#2650),.PCURVE_S1.);
#2638 = CIRCLE('',#2639,107.05);
#2639 = AXIS2_PLACEMENT_3D('',#2640,#2641,#2642);
#2640 = CARTESIAN_POINT('',(0.,0.,0.));
#2641 = DIRECTION('',(0.,0.,1.));
#2642 = DIRECTION('',(1.,0.,-0.));
#2643 = PCURVE('',#1996,#2644);
#2644 = DEFINITIONAL_REPRESENTATION('',(#2645),#2649);
#2645 = CIRCLE('',#2646,107.05);
#2646 = AXIS2_PLACEMENT_2D('',#2647,#2648);
#2647 = CARTESIAN_POINT('',(120.,120.));
#2648 = DIRECTION('',(1.,0.));
#2649 = ( GEOMETRIC_REPRESENTATION_CONTEXT(2) 
PARAMETRIC_REPRESENTATION_CONTEXT() REPRESENTATION_CONTEXT('2D SPACE',''
  ) );
#2650 = PCURVE('',#2651,#2656);
#2651 = CONICAL_SURFACE('',#2652,106.5,0.785398163397);
#2652 = AXIS2_PLACEMENT_3D('',#2653,#2654,#2655);
#2653 = CARTESIAN_POINT('',(0.,0.,0.55));
#2654 = DIRECTION('',(-0.,-0.,-1.));
#2655 = DIRECTION('',(1.,0.,0.));
#2656 = DEFINITIONAL_REPRESENTATION('',(#2657),#2661);
#2657 = LINE('',#2658,#2659);
#2658 = CARTESIAN_POINT('',(0.,0.55));
#2659 = VECTOR('',#2660,1.);
#2660 = DIRECTION('',(-1.,-0.));
#2661 = ( GEOMETRIC_REPRESENTATION_CONTEXT(2) 
PARAMETRIC_REPRESENTATION_CONTEXT() REPRESENTATION_CONTEXT('2D SPACE',''
  ) );
#2662 = ADVANCED_FACE('',(#2663),#2025,.F.);
#2663 = FACE_BOUND('',#2664,.F.);
#2664 = EDGE_LOOP('',(#2665,#2666,#2667));
#2665 = ORIENTED_EDGE('',*,*,#2011,.F.);
#2666 = ORIENTED_EDGE('',*,*,#2213,.T.);
#2667 = ORIENTED_EDGE('',*,*,#2065,.F.);
#2668 = ADVANCED_FACE('',(#2669),#2126,.T.);
#2669 = FACE_BOUND('',#2670,.T.);
#2670 = EDGE_LOOP('',(#2671,#2672,#2673));
#2671 = ORIENTED_EDGE('',*,*,#2112,.F.);
#2672 = ORIENTED_EDGE('',*,*,#2235,.T.);
#2673 = ORIENTED_EDGE('',*,*,#2166,.F.);
#2674 = ADVANCED_FACE('',(#2675,#2678),#2318,.T.);
#2675 = FACE_BOUND('',#2676,.T.);
#2676 = EDGE_LOOP('',(#2677));
#2677 = ORIENTED_EDGE('',*,*,#2303,.T.);
#2678 = FACE_BOUND('',#2679,.T.);
#2679 = EDGE_LOOP('',(#2680));
#2680 = ORIENTED_EDGE('',*,*,#2681,.F.);
#2681 = EDGE_CURVE('',#2682,#2682,#2684,.T.);
#2682 = VERTEX_POINT('',#2683);
#2683 = CARTESIAN_POINT('',(-97.2,-100.,4.));
#2684 = SURFACE_CURVE('',#2685,(#2690,#2697),.PCURVE_S1.);
#2685 = CIRCLE('',#2686,2.8);
#2686 = AXIS2_PLACEMENT_3D('',#2687,#2688,#2689);
#2687 = CARTESIAN_POINT('',(-100.,-100.,4.));
#2688 = DIRECTION('',(0.,0.,1.));
#2689 = DIRECTION('',(1.,0.,-0.));
#2690 = PCURVE('',#2318,#2691);
#2691 = DEFINITIONAL_REPRESENTATION('',(#2692),#2696);
#2692 = CIRCLE('',#2693,2.8);
#2693 = AXIS2_PLACEMENT_2D('',#2694,#2695);
#2694 = CARTESIAN_POINT('',(0.,0.));
#2695 = DIRECTION('',(1.,0.));
#2696 = ( GEOMETRIC_REPRESENTATION_CONTEXT(2) 
PARAMETRIC_REPRESENTATION_CONTEXT() REPRESENTATION_CONTEXT('2D SPACE',''
  ) );
#2697 = PCURVE('',#2698,#2703);
#2698 = CONICAL_SURFACE('',#2699,2.25,0.785398163397);
#2699 = AXIS2_PLACEMENT_3D('',#2700,#2701,#2702);
#2700 = CARTESIAN_POINT('',(-100.,-100.,3.45));
#2701 = DIRECTION('',(0.,0.,1.));
#2702 = DIRECTION('',(1.,0.,-0.));
#2703 = DEFINITIONAL_REPRESENTATION('',(#2704),#2708);
#2704 = LINE('',#2705,#2706);
#2705 = CARTESIAN_POINT('',(-0.,0.55));
#2706 = VECTOR('',#2707,1.);
#2707 = DIRECTION('',(1.,-0.));
#2708 = ( GEOMETRIC_REPRESENTATION_CONTEXT(2) 
PARAMETRIC_REPRESENTATION_CONTEXT() REPRESENTATION_CONTEXT('2D SPACE',''
  ) );
#2709 = ADVANCED_FACE('',(#2710,#2713),#2371,.T.);
#2710 = FACE_BOUND('',#2711,.T.);
#2711 = EDGE_LOOP('',(#2712));
#2712 = ORIENTED_EDGE('',*,*,#2356,.T.);
#2713 = FACE_BOUND('',#2714,.T.);
#2714 = EDGE_LOOP('',(#2715));
#2715 = ORIENTED_EDGE('',*,*,#2716,.F.);
#2716 = EDGE_CURVE('',#2717,#2717,#2719,.T.);
#2717 = VERTEX_POINT('',#2718);
#2718 = CARTESIAN_POINT('',(102.8,-100.,4.));
#2719 = SURFACE_CURVE('',#2720,(#2725,#2732),.PCURVE_S1.);
#2720 = CIRCLE('',#2721,2.8);
#2721 = AXIS2_PLACEMENT_3D('',#2722,#2723,#2724);
#2722 = CARTESIAN_POINT('',(100.,-100.,4.));
#2723 = DIRECTION('',(0.,0.,1.));
#2724 = DIRECTION('',(1.,0.,-0.));
#2725 = PCURVE('',#2371,#2726);
#2726 = DEFINITIONAL_REPRESENTATION('',(#2727),#2731);
#2727 = CIRCLE('',#2728,2.8);
#2728 = AXIS2_PLACEMENT_2D('',#2729,#2730);
#2729 = CARTESIAN_POINT('',(0.,0.));
#2730 = DIRECTION('',(1.,0.));
#2731 = ( GEOMETRIC_REPRESENTATION_CONTEXT(2) 
PARAMETRIC_REPRESENTATION_CONTEXT() REPRESENTATION_CONTEXT('2D SPACE',''
  ) );
#2732 = PCURVE('',#2733,#2738);
#2733 = CONICAL_SURFACE('',#2734,2.25,0.785398163397);
#2734 = AXIS2_PLACEMENT_3D('',#2735,#2736,#2737);
#2735 = CARTESIAN_POINT('',(100.,-100.,3.45));
#2736 = DIRECTION('',(0.,0.,1.));
#2737 = DIRECTION('',(1.,0.,-0.));
#2738 = DEFINITIONAL_REPRESENTATION('',(#2739),#2743);
#2739 = LINE('',#2740,#2741);
#2740 = CARTESIAN_POINT('',(-0.,0.55));
#2741 = VECTOR('',#2742,1.);
#2742 = DIRECTION('',(1.,-0.));
#2743 = ( GEOMETRIC_REPRESENTATION_CONTEXT(2) 
PARAMETRIC_REPRESENTATION_CONTEXT() REPRESENTATION_CONTEXT('2D SPACE',''
  ) );
#2744 = ADVANCED_FACE('',(#2745,#2748),#2424,.T.);
#2745 = FACE_BOUND('',#2746,.T.);
#2746 = EDGE_LOOP('',(#2747));
#2747 = ORIENTED_EDGE('',*,*,#2409,.T.);
#2748 = FACE_BOUND('',#2749,.T.);
#2749 = EDGE_LOOP('',(#2750));
#2750 = ORIENTED_EDGE('',*,*,#2751,.F.);
#2751 = EDGE_CURVE('',#2752,#2752,#2754,.T.);
#2752 = VERTEX_POINT('',#2753);
#2753 = CARTESIAN_POINT('',(-97.2,100.,4.));
#2754 = SURFACE_CURVE('',#2755,(#2760,#2767),.PCURVE_S1.);
#2755 = CIRCLE('',#2756,2.8);
#2756 = AXIS2_PLACEMENT_3D('',#2757,#2758,#2759);
#2757 = CARTESIAN_POINT('',(-100.,100.,4.));
#2758 = DIRECTION('',(0.,0.,1.));
#2759 = DIRECTION('',(1.,0.,-0.));
#2760 = PCURVE('',#2424,#2761);
#2761 = DEFINITIONAL_REPRESENTATION('',(#2762),#2766);
#2762 = CIRCLE('',#2763,2.8);
#2763 = AXIS2_PLACEMENT_2D('',#2764,#2765);
#2764 = CARTESIAN_POINT('',(0.,0.));
#2765 = DIRECTION('',(1.,0.));
#2766 = ( GEOMETRIC_REPRESENTATION_CONTEXT(2) 
PARAMETRIC_REPRESENTATION_CONTEXT() REPRESENTATION_CONTEXT('2D SPACE',''
  ) );
#2767 = PCURVE('',#2768,#2773);
#2768 = CONICAL_SURFACE('',#2769,2.25,0.785398163397);
#2769 = AXIS2_PLACEMENT_3D('',#2770,#2771,#2772);
#2770 = CARTESIAN_POINT('',(-100.,100.,3.45));
#2771 = DIRECTION('',(0.,0.,1.));
#2772 = DIRECTION('',(1.,0.,-0.));
#2773 = DEFINITIONAL_REPRESENTATION('',(#2774),#2778);
#2774 = LINE('',#2775,#2776);
#2775 = CARTESIAN_POINT('',(-0.,0.55));
#2776 = VECTOR('',#2777,1.);
#2777 = DIRECTION('',(1.,-0.));
#2778 = ( GEOMETRIC_REPRESENTATION_CONTEXT(2) 
PARAMETRIC_REPRESENTATION_CONTEXT() REPRESENTATION_CONTEXT('2D SPACE',''
  ) );
#2779 = ADVANCED_FACE('',(#2780,#2783),#2477,.T.);
#2780 = FACE_BOUND('',#2781,.T.);
#2781 = EDGE_LOOP('',(#2782));
#2782 = ORIENTED_EDGE('',*,*,#2462,.T.);
#2783 = FACE_BOUND('',#2784,.T.);
#2784 = EDGE_LOOP('',(#2785));
#2785 = ORIENTED_EDGE('',*,*,#2786,.F.);
#2786 = EDGE_CURVE('',#2787,#2787,#2789,.T.);
#2787 = VERTEX_POINT('',#2788);
#2788 = CARTESIAN_POINT('',(102.8,100.,4.));
#2789 = SURFACE_CURVE('',#2790,(#2795,#2802),.PCURVE_S1.);
#2790 = CIRCLE('',#2791,2.8);
#2791 = AXIS2_PLACEMENT_3D('',#2792,#2793,#2794);
#2792 = CARTESIAN_POINT('',(100.,100.,4.));
#2793 = DIRECTION('',(0.,0.,1.));
#2794 = DIRECTION('',(1.,0.,-0.));
#2795 = PCURVE('',#2477,#2796);
#2796 = DEFINITIONAL_REPRESENTATION('',(#2797),#2801);
#2797 = CIRCLE('',#2798,2.8);
#2798 = AXIS2_PLACEMENT_2D('',#2799,#2800);
#2799 = CARTESIAN_POINT('',(0.,0.));
#2800 = DIRECTION('',(1.,0.));
#2801 = ( GEOMETRIC_REPRESENTATION_CONTEXT(2) 
PARAMETRIC_REPRESENTATION_CONTEXT() REPRESENTATION_CONTEXT('2D SPACE',''
  ) );
#2802 = PCURVE('',#2803,#2808);
#2803 = CONICAL_SURFACE('',#2804,2.25,0.785398163397);
#2804 = AXIS2_PLACEMENT_3D('',#2805,#2806,#2807);
#2805 = CARTESIAN_POINT('',(100.,100.,3.45));
#2806 = DIRECTION('',(0.,0.,1.));
#2807 = DIRECTION('',(1.,0.,-0.));
#2808 = DEFINITIONAL_REPRESENTATION('',(#2809),#2813);
#2809 = LINE('',#2810,#2811);
#2810 = CARTESIAN_POINT('',(-0.,0.55));
#2811 = VECTOR('',#2812,1.);
#2812 = DIRECTION('',(1.,-0.));
#2813 = ( GEOMETRIC_REPRESENTATION_CONTEXT(2) 
PARAMETRIC_REPRESENTATION_CONTEXT() REPRESENTATION_CONTEXT('2D SPACE',''
  ) );
#2814 = ADVANCED_FACE('',(#2815),#2527,.F.);
#2815 = FACE_BOUND('',#2816,.F.);
#2816 = EDGE_LOOP('',(#2817,#2838,#2839,#2840));
#2817 = ORIENTED_EDGE('',*,*,#2818,.F.);
#2818 = EDGE_CURVE('',#2511,#2819,#2821,.T.);
#2819 = VERTEX_POINT('',#2820);
#2820 = CARTESIAN_POINT('',(-97.75,-100.,0.55));
#2821 = SEAM_CURVE('',#2822,(#2826,#2832),.PCURVE_S1.);
#2822 = LINE('',#2823,#2824);
#2823 = CARTESIAN_POINT('',(-97.75,-100.,0.55));
#2824 = VECTOR('',#2825,1.);
#2825 = DIRECTION('',(-0.707106781187,0.,0.707106781187));
#2826 = PCURVE('',#2527,#2827);
#2827 = DEFINITIONAL_REPRESENTATION('',(#2828),#2831);
#2828 = B_SPLINE_CURVE_WITH_KNOTS('',1,(#2829,#2830),.UNSPECIFIED.,.F.,
  .F.,(2,2),(-0.777817459305,0.),.PIECEWISE_BEZIER_KNOTS.);
#2829 = CARTESIAN_POINT('',(0.,0.55));
#2830 = CARTESIAN_POINT('',(0.,0.));
#2831 = ( GEOMETRIC_REPRESENTATION_CONTEXT(2) 
PARAMETRIC_REPRESENTATION_CONTEXT() REPRESENTATION_CONTEXT('2D SPACE',''
  ) );
#2832 = PCURVE('',#2527,#2833);
#2833 = DEFINITIONAL_REPRESENTATION('',(#2834),#2837);
#2834 = B_SPLINE_CURVE_WITH_KNOTS('',1,(#2835,#2836),.UNSPECIFIED.,.F.,
  .F.,(2,2),(-0.777817459305,0.),.PIECEWISE_BEZIER_KNOTS.);
#2835 = CARTESIAN_POINT('',(-6.28318530718,0.55));
#2836 = CARTESIAN_POINT('',(-6.28318530718,0.));
#2837 = ( GEOMETRIC_REPRESENTATION_CONTEXT(2) 
PARAMETRIC_REPRESENTATION_CONTEXT() REPRESENTATION_CONTEXT('2D SPACE',''
  ) );
#2838 = ORIENTED_EDGE('',*,*,#2510,.T.);
#2839 = ORIENTED_EDGE('',*,*,#2818,.T.);
#2840 = ORIENTED_EDGE('',*,*,#2841,.F.);
#2841 = EDGE_CURVE('',#2819,#2819,#2842,.T.);
#2842 = SURFACE_CURVE('',#2843,(#2848,#2855),.PCURVE_S1.);
#2843 = CIRCLE('',#2844,2.25);
#2844 = AXIS2_PLACEMENT_3D('',#2845,#2846,#2847);
#2845 = CARTESIAN_POINT('',(-100.,-100.,0.55));
#2846 = DIRECTION('',(0.,0.,1.));
#2847 = DIRECTION('',(1.,0.,-0.));
#2848 = PCURVE('',#2527,#2849);
#2849 = DEFINITIONAL_REPRESENTATION('',(#2850),#2854);
#2850 = LINE('',#2851,#2852);
#2851 = CARTESIAN_POINT('',(-0.,-0.));
#2852 = VECTOR('',#2853,1.);
#2853 = DIRECTION('',(-1.,-0.));
#2854 = ( GEOMETRIC_REPRESENTATION_CONTEXT(2) 
PARAMETRIC_REPRESENTATION_CONTEXT() REPRESENTATION_CONTEXT('2D SPACE',''
  ) );
#2855 = PCURVE('',#2856,#2861);
#2856 = CYLINDRICAL_SURFACE('',#2857,2.25);
#2857 = AXIS2_PLACEMENT_3D('',#2858,#2859,#2860);
#2858 = CARTESIAN_POINT('',(-100.,-100.,-3.));
#2859 = DIRECTION('',(0.,0.,1.));
#2860 = DIRECTION('',(1.,0.,0.));
#2861 = DEFINITIONAL_REPRESENTATION('',(#2862),#2866);
#2862 = LINE('',#2863,#2864);
#2863 = CARTESIAN_POINT('',(0.,3.55));
#2864 = VECTOR('',#2865,1.);
#2865 = DIRECTION('',(1.,0.));
#2866 = ( GEOMETRIC_REPRESENTATION_CONTEXT(2) 
PARAMETRIC_REPRESENTATION_CONTEXT() REPRESENTATION_CONTEXT('2D SPACE',''
  ) );
#2867 = ADVANCED_FACE('',(#2868),#2558,.F.);
#2868 = FACE_BOUND('',#2869,.F.);
#2869 = EDGE_LOOP('',(#2870,#2891,#2892,#2893));
#2870 = ORIENTED_EDGE('',*,*,#2871,.F.);
#2871 = EDGE_CURVE('',#2542,#2872,#2874,.T.);
#2872 = VERTEX_POINT('',#2873);
#2873 = CARTESIAN_POINT('',(102.25,-100.,0.55));
#2874 = SEAM_CURVE('',#2875,(#2879,#2885),.PCURVE_S1.);
#2875 = LINE('',#2876,#2877);
#2876 = CARTESIAN_POINT('',(102.25,-100.,0.55));
#2877 = VECTOR('',#2878,1.);
#2878 = DIRECTION('',(-0.707106781187,0.,0.707106781187));
#2879 = PCURVE('',#2558,#2880);
#2880 = DEFINITIONAL_REPRESENTATION('',(#2881),#2884);
#2881 = B_SPLINE_CURVE_WITH_KNOTS('',1,(#2882,#2883),.UNSPECIFIED.,.F.,
  .F.,(2,2),(-0.777817459305,0.),.PIECEWISE_BEZIER_KNOTS.);
#2882 = CARTESIAN_POINT('',(0.,0.55));
#2883 = CARTESIAN_POINT('',(0.,0.));
#2884 = ( GEOMETRIC_REPRESENTATION_CONTEXT(2) 
PARAMETRIC_REPRESENTATION_CONTEXT() REPRESENTATION_CONTEXT('2D SPACE',''
  ) );
#2885 = PCURVE('',#2558,#2886);
#2886 = DEFINITIONAL_REPRESENTATION('',(#2887),#2890);
#2887 = B_SPLINE_CURVE_WITH_KNOTS('',1,(#2888,#2889),.UNSPECIFIED.,.F.,
  .F.,(2,2),(-0.777817459305,0.),.PIECEWISE_BEZIER_KNOTS.);
#2888 = CARTESIAN_POINT('',(-6.28318530718,0.55));
#2889 = CARTESIAN_POINT('',(-6.28318530718,0.));
#2890 = ( GEOMETRIC_REPRESENTATION_CONTEXT(2) 
PARAMETRIC_REPRESENTATION_CONTEXT() REPRESENTATION_CONTEXT('2D SPACE',''
  ) );
#2891 = ORIENTED_EDGE('',*,*,#2541,.T.);
#2892 = ORIENTED_EDGE('',*,*,#2871,.T.);
#2893 = ORIENTED_EDGE('',*,*,#2894,.F.);
#2894 = EDGE_CURVE('',#2872,#2872,#2895,.T.);
#2895 = SURFACE_CURVE('',#2896,(#2901,#2908),.PCURVE_S1.);
#2896 = CIRCLE('',#2897,2.25);
#2897 = AXIS2_PLACEMENT_3D('',#2898,#2899,#2900);
#2898 = CARTESIAN_POINT('',(100.,-100.,0.55));
#2899 = DIRECTION('',(0.,0.,1.));
#2900 = DIRECTION('',(1.,0.,-0.));
#2901 = PCURVE('',#2558,#2902);
#2902 = DEFINITIONAL_REPRESENTATION('',(#2903),#2907);
#2903 = LINE('',#2904,#2905);
#2904 = CARTESIAN_POINT('',(-0.,-0.));
#2905 = VECTOR('',#2906,1.);
#2906 = DIRECTION('',(-1.,-0.));
#2907 = ( GEOMETRIC_REPRESENTATION_CONTEXT(2) 
PARAMETRIC_REPRESENTATION_CONTEXT() REPRESENTATION_CONTEXT('2D SPACE',''
  ) );
#2908 = PCURVE('',#2909,#2914);
#2909 = CYLINDRICAL_SURFACE('',#2910,2.25);
#2910 = AXIS2_PLACEMENT_3D('',#2911,#2912,#2913);
#2911 = CARTESIAN_POINT('',(100.,-100.,-3.));
#2912 = DIRECTION('',(0.,0.,1.));
#2913 = DIRECTION('',(1.,0.,0.));
#2914 = DEFINITIONAL_REPRESENTATION('',(#2915),#2919);
#2915 = LINE('',#2916,#2917);
#2916 = CARTESIAN_POINT('',(0.,3.55));
#2917 = VECTOR('',#2918,1.);
#2918 = DIRECTION('',(1.,0.));
#2919 = ( GEOMETRIC_REPRESENTATION_CONTEXT(2) 
PARAMETRIC_REPRESENTATION_CONTEXT() REPRESENTATION_CONTEXT('2D SPACE',''
  ) );
#2920 = ADVANCED_FACE('',(#2921),#2589,.F.);
#2921 = FACE_BOUND('',#2922,.F.);
#2922 = EDGE_LOOP('',(#2923,#2944,#2945,#2946));
#2923 = ORIENTED_EDGE('',*,*,#2924,.F.);
#2924 = EDGE_CURVE('',#2573,#2925,#2927,.T.);
#2925 = VERTEX_POINT('',#2926);
#2926 = CARTESIAN_POINT('',(-97.75,100.,0.55));
#2927 = SEAM_CURVE('',#2928,(#2932,#2938),.PCURVE_S1.);
#2928 = LINE('',#2929,#2930);
#2929 = CARTESIAN_POINT('',(-97.75,100.,0.55));
#2930 = VECTOR('',#2931,1.);
#2931 = DIRECTION('',(-0.707106781187,0.,0.707106781187));
#2932 = PCURVE('',#2589,#2933);
#2933 = DEFINITIONAL_REPRESENTATION('',(#2934),#2937);
#2934 = B_SPLINE_CURVE_WITH_KNOTS('',1,(#2935,#2936),.UNSPECIFIED.,.F.,
  .F.,(2,2),(-0.777817459305,0.),.PIECEWISE_BEZIER_KNOTS.);
#2935 = CARTESIAN_POINT('',(0.,0.55));
#2936 = CARTESIAN_POINT('',(0.,0.));
#2937 = ( GEOMETRIC_REPRESENTATION_CONTEXT(2) 
PARAMETRIC_REPRESENTATION_CONTEXT() REPRESENTATION_CONTEXT('2D SPACE',''
  ) );
#2938 = PCURVE('',#2589,#2939);
#2939 = DEFINITIONAL_REPRESENTATION('',(#2940),#2943);
#2940 = B_SPLINE_CURVE_WITH_KNOTS('',1,(#2941,#2942),.UNSPECIFIED.,.F.,
  .F.,(2,2),(-0.777817459305,0.),.PIECEWISE_BEZIER_KNOTS.);
#2941 = CARTESIAN_POINT('',(-6.28318530718,0.55));
#2942 = CARTESIAN_POINT('',(-6.28318530718,0.));
#2943 = ( GEOMETRIC_REPRESENTATION_CONTEXT(2) 
PARAMETRIC_REPRESENTATION_CONTEXT() REPRESENTATION_CONTEXT('2D SPACE',''
  ) );
#2944 = ORIENTED_EDGE('',*,*,#2572,.T.);
#2945 = ORIENTED_EDGE('',*,*,#2924,.T.);
#2946 = ORIENTED_EDGE('',*,*,#2947,.F.);
#2947 = EDGE_CURVE('',#2925,#2925,#2948,.T.);
#2948 = SURFACE_CURVE('',#2949,(#2954,#2961),.PCURVE_S1.);
#2949 = CIRCLE('',#2950,2.25);
#2950 = AXIS2_PLACEMENT_3D('',#2951,#2952,#2953);
#2951 = CARTESIAN_POINT('',(-100.,100.,0.55));
#2952 = DIRECTION('',(0.,0.,1.));
#2953 = DIRECTION('',(1.,0.,-0.));
#2954 = PCURVE('',#2589,#2955);
#2955 = DEFINITIONAL_REPRESENTATION('',(#2956),#2960);
#2956 = LINE('',#2957,#2958);
#2957 = CARTESIAN_POINT('',(-0.,-0.));
#2958 = VECTOR('',#2959,1.);
#2959 = DIRECTION('',(-1.,-0.));
#2960 = ( GEOMETRIC_REPRESENTATION_CONTEXT(2) 
PARAMETRIC_REPRESENTATION_CONTEXT() REPRESENTATION_CONTEXT('2D SPACE',''
  ) );
#2961 = PCURVE('',#2962,#2967);
#2962 = CYLINDRICAL_SURFACE('',#2963,2.25);
#2963 = AXIS2_PLACEMENT_3D('',#2964,#2965,#2966);
#2964 = CARTESIAN_POINT('',(-100.,100.,-3.));
#2965 = DIRECTION('',(0.,0.,1.));
#2966 = DIRECTION('',(1.,0.,0.));
#2967 = DEFINITIONAL_REPRESENTATION('',(#2968),#2972);
#2968 = LINE('',#2969,#2970);
#2969 = CARTESIAN_POINT('',(0.,3.55));
#2970 = VECTOR('',#2971,1.);
#2971 = DIRECTION('',(1.,0.));
#2972 = ( GEOMETRIC_REPRESENTATION_CONTEXT(2) 
PARAMETRIC_REPRESENTATION_CONTEXT() REPRESENTATION_CONTEXT('2D SPACE',''
  ) );
#2973 = ADVANCED_FACE('',(#2974),#2620,.F.);
#2974 = FACE_BOUND('',#2975,.F.);
#2975 = EDGE_LOOP('',(#2976,#2997,#2998,#2999));
#2976 = ORIENTED_EDGE('',*,*,#2977,.F.);
#2977 = EDGE_CURVE('',#2604,#2978,#2980,.T.);
#2978 = VERTEX_POINT('',#2979);
#2979 = CARTESIAN_POINT('',(102.25,100.,0.55));
#2980 = SEAM_CURVE('',#2981,(#2985,#2991),.PCURVE_S1.);
#2981 = LINE('',#2982,#2983);
#2982 = CARTESIAN_POINT('',(102.25,100.,0.55));
#2983 = VECTOR('',#2984,1.);
#2984 = DIRECTION('',(-0.707106781187,0.,0.707106781187));
#2985 = PCURVE('',#2620,#2986);
#2986 = DEFINITIONAL_REPRESENTATION('',(#2987),#2990);
#2987 = B_SPLINE_CURVE_WITH_KNOTS('',1,(#2988,#2989),.UNSPECIFIED.,.F.,
  .F.,(2,2),(-0.777817459305,0.),.PIECEWISE_BEZIER_KNOTS.);
#2988 = CARTESIAN_POINT('',(0.,0.55));
#2989 = CARTESIAN_POINT('',(0.,0.));
#2990 = ( GEOMETRIC_REPRESENTATION_CONTEXT(2) 
PARAMETRIC_REPRESENTATION_CONTEXT() REPRESENTATION_CONTEXT('2D SPACE',''
  ) );
#2991 = PCURVE('',#2620,#2992);
#2992 = DEFINITIONAL_REPRESENTATION('',(#2993),#2996);
#2993 = B_SPLINE_CURVE_WITH_KNOTS('',1,(#2994,#2995),.UNSPECIFIED.,.F.,
  .F.,(2,2),(-0.777817459305,0.),.PIECEWISE_BEZIER_KNOTS.);
#2994 = CARTESIAN_POINT('',(-6.28318530718,0.55));
#2995 = CARTESIAN_POINT('',(-6.28318530718,0.));
#2996 = ( GEOMETRIC_REPRESENTATION_CONTEXT(2) 
PARAMETRIC_REPRESENTATION_CONTEXT() REPRESENTATION_CONTEXT('2D SPACE',''
  ) );
#2997 = ORIENTED_EDGE('',*,*,#2603,.T.);
#2998 = ORIENTED_EDGE('',*,*,#2977,.T.);
#2999 = ORIENTED_EDGE('',*,*,#3000,.F.);
#3000 = EDGE_CURVE('',#2978,#2978,#3001,.T.);
#3001 = SURFACE_CURVE('',#3002,(#3007,#3014),.PCURVE_S1.);
#3002 = CIRCLE('',#3003,2.25);
#3003 = AXIS2_PLACEMENT_3D('',#3004,#3005,#3006);
#3004 = CARTESIAN_POINT('',(100.,100.,0.55));
#3005 = DIRECTION('',(0.,0.,1.));
#3006 = DIRECTION('',(1.,0.,-0.));
#3007 = PCURVE('',#2620,#3008);
#3008 = DEFINITIONAL_REPRESENTATION('',(#3009),#3013);
#3009 = LINE('',#3010,#3011);
#3010 = CARTESIAN_POINT('',(-0.,-0.));
#3011 = VECTOR('',#3012,1.);
#3012 = DIRECTION('',(-1.,-0.));
#3013 = ( GEOMETRIC_REPRESENTATION_CONTEXT(2) 
PARAMETRIC_REPRESENTATION_CONTEXT() REPRESENTATION_CONTEXT('2D SPACE',''
  ) );
#3014 = PCURVE('',#3015,#3020);
#3015 = CYLINDRICAL_SURFACE('',#3016,2.25);
#3016 = AXIS2_PLACEMENT_3D('',#3017,#3018,#3019);
#3017 = CARTESIAN_POINT('',(100.,100.,-3.));
#3018 = DIRECTION('',(0.,0.,1.));
#3019 = DIRECTION('',(1.,0.,0.));
#3020 = DEFINITIONAL_REPRESENTATION('',(#3021),#3025);
#3021 = LINE('',#3022,#3023);
#3022 = CARTESIAN_POINT('',(0.,3.55));
#3023 = VECTOR('',#3024,1.);
#3024 = DIRECTION('',(1.,0.));
#3025 = ( GEOMETRIC_REPRESENTATION_CONTEXT(2) 
PARAMETRIC_REPRESENTATION_CONTEXT() REPRESENTATION_CONTEXT('2D SPACE',''
  ) );
#3026 = ADVANCED_FACE('',(#3027),#2651,.F.);
#3027 = FACE_BOUND('',#3028,.F.);
#3028 = EDGE_LOOP('',(#3029,#3050,#3051,#3052));
#3029 = ORIENTED_EDGE('',*,*,#3030,.F.);
#3030 = EDGE_CURVE('',#2635,#3031,#3033,.T.);
#3031 = VERTEX_POINT('',#3032);
#3032 = CARTESIAN_POINT('',(106.5,0.,0.55));
#3033 = SEAM_CURVE('',#3034,(#3038,#3044),.PCURVE_S1.);
#3034 = LINE('',#3035,#3036);
#3035 = CARTESIAN_POINT('',(106.5,0.,0.55));
#3036 = VECTOR('',#3037,1.);
#3037 = DIRECTION('',(-0.707106781187,0.,0.707106781187));
#3038 = PCURVE('',#2651,#3039);
#3039 = DEFINITIONAL_REPRESENTATION('',(#3040),#3043);
#3040 = B_SPLINE_CURVE_WITH_KNOTS('',1,(#3041,#3042),.UNSPECIFIED.,.F.,
  .F.,(2,2),(-0.777817459305,0.),.PIECEWISE_BEZIER_KNOTS.);
#3041 = CARTESIAN_POINT('',(0.,0.55));
#3042 = CARTESIAN_POINT('',(0.,0.));
#3043 = ( GEOMETRIC_REPRESENTATION_CONTEXT(2) 
PARAMETRIC_REPRESENTATION_CONTEXT() REPRESENTATION_CONTEXT('2D SPACE',''
  ) );
#3044 = PCURVE('',#2651,#3045);
#3045 = DEFINITIONAL_REPRESENTATION('',(#3046),#3049);
#3046 = B_SPLINE_CURVE_WITH_KNOTS('',1,(#3047,#3048),.UNSPECIFIED.,.F.,
  .F.,(2,2),(-0.777817459305,0.),.PIECEWISE_BEZIER_KNOTS.);
#3047 = CARTESIAN_POINT('',(-6.28318530718,0.55));
#3048 = CARTESIAN_POINT('',(-6.28318530718,0.));
#3049 = ( GEOMETRIC_REPRESENTATION_CONTEXT(2) 
PARAMETRIC_REPRESENTATION_CONTEXT() REPRESENTATION_CONTEXT('2D SPACE',''
  ) );
#3050 = ORIENTED_EDGE('',*,*,#2634,.T.);
#3051 = ORIENTED_EDGE('',*,*,#3030,.T.);
#3052 = ORIENTED_EDGE('',*,*,#3053,.F.);
#3053 = EDGE_CURVE('',#3031,#3031,#3054,.T.);
#3054 = SURFACE_CURVE('',#3055,(#3060,#3067),.PCURVE_S1.);
#3055 = CIRCLE('',#3056,106.5);
#3056 = AXIS2_PLACEMENT_3D('',#3057,#3058,#3059);
#3057 = CARTESIAN_POINT('',(0.,0.,0.55));
#3058 = DIRECTION('',(0.,0.,1.));
#3059 = DIRECTION('',(1.,0.,-0.));
#3060 = PCURVE('',#2651,#3061);
#3061 = DEFINITIONAL_REPRESENTATION('',(#3062),#3066);
#3062 = LINE('',#3063,#3064);
#3063 = CARTESIAN_POINT('',(-0.,-0.));
#3064 = VECTOR('',#3065,1.);
#3065 = DIRECTION('',(-1.,-0.));
#3066 = ( GEOMETRIC_REPRESENTATION_CONTEXT(2) 
PARAMETRIC_REPRESENTATION_CONTEXT() REPRESENTATION_CONTEXT('2D SPACE',''
  ) );
#3067 = PCURVE('',#3068,#3073);
#3068 = CYLINDRICAL_SURFACE('',#3069,106.5);
#3069 = AXIS2_PLACEMENT_3D('',#3070,#3071,#3072);
#3070 = CARTESIAN_POINT('',(0.,0.,-2.));
#3071 = DIRECTION('',(0.,0.,1.));
#3072 = DIRECTION('',(1.,0.,0.));
#3073 = DEFINITIONAL_REPRESENTATION('',(#3074),#3078);
#3074 = LINE('',#3075,#3076);
#3075 = CARTESIAN_POINT('',(0.,2.55));
#3076 = VECTOR('',#3077,1.);
#3077 = DIRECTION('',(1.,0.));
#3078 = ( GEOMETRIC_REPRESENTATION_CONTEXT(2) 
PARAMETRIC_REPRESENTATION_CONTEXT() REPRESENTATION_CONTEXT('2D SPACE',''
  ) );
#3079 = ADVANCED_FACE('',(#3080),#2698,.F.);
#3080 = FACE_BOUND('',#3081,.T.);
#3081 = EDGE_LOOP('',(#3082,#3103,#3104,#3105));
#3082 = ORIENTED_EDGE('',*,*,#3083,.F.);
#3083 = EDGE_CURVE('',#2682,#3084,#3086,.T.);
#3084 = VERTEX_POINT('',#3085);
#3085 = CARTESIAN_POINT('',(-97.75,-100.,3.45));
#3086 = SEAM_CURVE('',#3087,(#3091,#3097),.PCURVE_S1.);
#3087 = LINE('',#3088,#3089);
#3088 = CARTESIAN_POINT('',(-97.75,-100.,3.45));
#3089 = VECTOR('',#3090,1.);
#3090 = DIRECTION('',(-0.707106781187,-0.,-0.707106781187));
#3091 = PCURVE('',#2698,#3092);
#3092 = DEFINITIONAL_REPRESENTATION('',(#3093),#3096);
#3093 = B_SPLINE_CURVE_WITH_KNOTS('',1,(#3094,#3095),.UNSPECIFIED.,.F.,
  .F.,(2,2),(-0.777817459305,0.),.PIECEWISE_BEZIER_KNOTS.);
#3094 = CARTESIAN_POINT('',(0.,0.55));
#3095 = CARTESIAN_POINT('',(0.,0.));
#3096 = ( GEOMETRIC_REPRESENTATION_CONTEXT(2) 
PARAMETRIC_REPRESENTATION_CONTEXT() REPRESENTATION_CONTEXT('2D SPACE',''
  ) );
#3097 = PCURVE('',#2698,#3098);
#3098 = DEFINITIONAL_REPRESENTATION('',(#3099),#3102);
#3099 = B_SPLINE_CURVE_WITH_KNOTS('',1,(#3100,#3101),.UNSPECIFIED.,.F.,
  .F.,(2,2),(-0.777817459305,0.),.PIECEWISE_BEZIER_KNOTS.);
#3100 = CARTESIAN_POINT('',(6.28318530718,0.55));
#3101 = CARTESIAN_POINT('',(6.28318530718,0.));
#3102 = ( GEOMETRIC_REPRESENTATION_CONTEXT(2) 
PARAMETRIC_REPRESENTATION_CONTEXT() REPRESENTATION_CONTEXT('2D SPACE',''
  ) );
#3103 = ORIENTED_EDGE('',*,*,#2681,.T.);
#3104 = ORIENTED_EDGE('',*,*,#3083,.T.);
#3105 = ORIENTED_EDGE('',*,*,#3106,.F.);
#3106 = EDGE_CURVE('',#3084,#3084,#3107,.T.);
#3107 = SURFACE_CURVE('',#3108,(#3113,#3120),.PCURVE_S1.);
#3108 = CIRCLE('',#3109,2.25);
#3109 = AXIS2_PLACEMENT_3D('',#3110,#3111,#3112);
#3110 = CARTESIAN_POINT('',(-100.,-100.,3.45));
#3111 = DIRECTION('',(0.,0.,1.));
#3112 = DIRECTION('',(1.,0.,-0.));
#3113 = PCURVE('',#2698,#3114);
#3114 = DEFINITIONAL_REPRESENTATION('',(#3115),#3119);
#3115 = LINE('',#3116,#3117);
#3116 = CARTESIAN_POINT('',(0.,-0.));
#3117 = VECTOR('',#3118,1.);
#3118 = DIRECTION('',(1.,-0.));
#3119 = ( GEOMETRIC_REPRESENTATION_CONTEXT(2) 
PARAMETRIC_REPRESENTATION_CONTEXT() REPRESENTATION_CONTEXT('2D SPACE',''
  ) );
#3120 = PCURVE('',#2856,#3121);
#3121 = DEFINITIONAL_REPRESENTATION('',(#3122),#3126);
#3122 = LINE('',#3123,#3124);
#3123 = CARTESIAN_POINT('',(0.,6.45));
#3124 = VECTOR('',#3125,1.);
#3125 = DIRECTION('',(1.,0.));
#3126 = ( GEOMETRIC_REPRESENTATION_CONTEXT(2) 
PARAMETRIC_REPRESENTATION_CONTEXT() REPRESENTATION_CONTEXT('2D SPACE',''
  ) );
#3127 = ADVANCED_FACE('',(#3128),#2733,.F.);
#3128 = FACE_BOUND('',#3129,.T.);
#3129 = EDGE_LOOP('',(#3130,#3151,#3152,#3153));
#3130 = ORIENTED_EDGE('',*,*,#3131,.F.);
#3131 = EDGE_CURVE('',#2717,#3132,#3134,.T.);
#3132 = VERTEX_POINT('',#3133);
#3133 = CARTESIAN_POINT('',(102.25,-100.,3.45));
#3134 = SEAM_CURVE('',#3135,(#3139,#3145),.PCURVE_S1.);
#3135 = LINE('',#3136,#3137);
#3136 = CARTESIAN_POINT('',(102.25,-100.,3.45));
#3137 = VECTOR('',#3138,1.);
#3138 = DIRECTION('',(-0.707106781187,-0.,-0.707106781187));
#3139 = PCURVE('',#2733,#3140);
#3140 = DEFINITIONAL_REPRESENTATION('',(#3141),#3144);
#3141 = B_SPLINE_CURVE_WITH_KNOTS('',1,(#3142,#3143),.UNSPECIFIED.,.F.,
  .F.,(2,2),(-0.777817459305,0.),.PIECEWISE_BEZIER_KNOTS.);
#3142 = CARTESIAN_POINT('',(0.,0.55));
#3143 = CARTESIAN_POINT('',(0.,0.));
#3144 = ( GEOMETRIC_REPRESENTATION_CONTEXT(2) 
PARAMETRIC_REPRESENTATION_CONTEXT() REPRESENTATION_CONTEXT('2D SPACE',''
  ) );
#3145 = PCURVE('',#2733,#3146);
#3146 = DEFINITIONAL_REPRESENTATION('',(#3147),#3150);
#3147 = B_SPLINE_CURVE_WITH_KNOTS('',1,(#3148,#3149),.UNSPECIFIED.,.F.,
  .F.,(2,2),(-0.777817459305,0.),.PIECEWISE_BEZIER_KNOTS.);
#3148 = CARTESIAN_POINT('',(6.28318530718,0.55));
#3149 = CARTESIAN_POINT('',(6.28318530718,0.));
#3150 = ( GEOMETRIC_REPRESENTATION_CONTEXT(2) 
PARAMETRIC_REPRESENTATION_CONTEXT() REPRESENTATION_CONTEXT('2D SPACE',''
  ) );
#3151 = ORIENTED_EDGE('',*,*,#2716,.T.);
#3152 = ORIENTED_EDGE('',*,*,#3131,.T.);
#3153 = ORIENTED_EDGE('',*,*,#3154,.F.);
#3154 = EDGE_CURVE('',#3132,#3132,#3155,.T.);
#3155 = SURFACE_CURVE('',#3156,(#3161,#3168),.PCURVE_S1.);
#3156 = CIRCLE('',#3157,2.25);
#3157 = AXIS2_PLACEMENT_3D('',#3158,#3159,#3160);
#3158 = CARTESIAN_POINT('',(100.,-100.,3.45));
#3159 = DIRECTION('',(0.,0.,1.));
#3160 = DIRECTION('',(1.,0.,-0.));
#3161 = PCURVE('',#2733,#3162);
#3162 = DEFINITIONAL_REPRESENTATION('',(#3163),#3167);
#3163 = LINE('',#3164,#3165);
#3164 = CARTESIAN_POINT('',(0.,-0.));
#3165 = VECTOR('',#3166,1.);
#3166 = DIRECTION('',(1.,-0.));
#3167 = ( GEOMETRIC_REPRESENTATION_CONTEXT(2) 
PARAMETRIC_REPRESENTATION_CONTEXT() REPRESENTATION_CONTEXT('2D SPACE',''
  ) );
#3168 = PCURVE('',#2909,#3169);
#3169 = DEFINITIONAL_REPRESENTATION('',(#3170),#3174);
#3170 = LINE('',#3171,#3172);
#3171 = CARTESIAN_POINT('',(0.,6.45));
#3172 = VECTOR('',#3173,1.);
#3173 = DIRECTION('',(1.,0.));
#3174 = ( GEOMETRIC_REPRESENTATION_CONTEXT(2) 
PARAMETRIC_REPRESENTATION_CONTEXT() REPRESENTATION_CONTEXT('2D SPACE',''
  ) );
#3175 = ADVANCED_FACE('',(#3176),#2768,.F.);
#3176 = FACE_BOUND('',#3177,.T.);
#3177 = EDGE_LOOP('',(#3178,#3199,#3200,#3201));
#3178 = ORIENTED_EDGE('',*,*,#3179,.F.);
#3179 = EDGE_CURVE('',#2752,#3180,#3182,.T.);
#3180 = VERTEX_POINT('',#3181);
#3181 = CARTESIAN_POINT('',(-97.75,100.,3.45));
#3182 = SEAM_CURVE('',#3183,(#3187,#3193),.PCURVE_S1.);
#3183 = LINE('',#3184,#3185);
#3184 = CARTESIAN_POINT('',(-97.75,100.,3.45));
#3185 = VECTOR('',#3186,1.);
#3186 = DIRECTION('',(-0.707106781187,-0.,-0.707106781187));
#3187 = PCURVE('',#2768,#3188);
#3188 = DEFINITIONAL_REPRESENTATION('',(#3189),#3192);
#3189 = B_SPLINE_CURVE_WITH_KNOTS('',1,(#3190,#3191),.UNSPECIFIED.,.F.,
  .F.,(2,2),(-0.777817459305,0.),.PIECEWISE_BEZIER_KNOTS.);
#3190 = CARTESIAN_POINT('',(0.,0.55));
#3191 = CARTESIAN_POINT('',(0.,0.));
#3192 = ( GEOMETRIC_REPRESENTATION_CONTEXT(2) 
PARAMETRIC_REPRESENTATION_CONTEXT() REPRESENTATION_CONTEXT('2D SPACE',''
  ) );
#3193 = PCURVE('',#2768,#3194);
#3194 = DEFINITIONAL_REPRESENTATION('',(#3195),#3198);
#3195 = B_SPLINE_CURVE_WITH_KNOTS('',1,(#3196,#3197),.UNSPECIFIED.,.F.,
  .F.,(2,2),(-0.777817459305,0.),.PIECEWISE_BEZIER_KNOTS.);
#3196 = CARTESIAN_POINT('',(6.28318530718,0.55));
#3197 = CARTESIAN_POINT('',(6.28318530718,0.));
#3198 = ( GEOMETRIC_REPRESENTATION_CONTEXT(2) 
PARAMETRIC_REPRESENTATION_CONTEXT() REPRESENTATION_CONTEXT('2D SPACE',''
  ) );
#3199 = ORIENTED_EDGE('',*,*,#2751,.T.);
#3200 = ORIENTED_EDGE('',*,*,#3179,.T.);
#3201 = ORIENTED_EDGE('',*,*,#3202,.F.);
#3202 = EDGE_CURVE('',#3180,#3180,#3203,.T.);
#3203 = SURFACE_CURVE('',#3204,(#3209,#3216),.PCURVE_S1.);
#3204 = CIRCLE('',#3205,2.25);
#3205 = AXIS2_PLACEMENT_3D('',#3206,#3207,#3208);
#3206 = CARTESIAN_POINT('',(-100.,100.,3.45));
#3207 = DIRECTION('',(0.,0.,1.));
#3208 = DIRECTION('',(1.,0.,-0.));
#3209 = PCURVE('',#2768,#3210);
#3210 = DEFINITIONAL_REPRESENTATION('',(#3211),#3215);
#3211 = LINE('',#3212,#3213);
#3212 = CARTESIAN_POINT('',(0.,-0.));
#3213 = VECTOR('',#3214,1.);
#3214 = DIRECTION('',(1.,-0.));
#3215 = ( GEOMETRIC_REPRESENTATION_CONTEXT(2) 
PARAMETRIC_REPRESENTATION_CONTEXT() REPRESENTATION_CONTEXT('2D SPACE',''
  ) );
#3216 = PCURVE('',#2962,#3217);
#3217 = DEFINITIONAL_REPRESENTATION('',(#3218),#3222);
#3218 = LINE('',#3219,#3220);
#3219 = CARTESIAN_POINT('',(0.,6.45));
#3220 = VECTOR('',#3221,1.);
#3221 = DIRECTION('',(1.,0.));
#3222 = ( GEOMETRIC_REPRESENTATION_CONTEXT(2) 
PARAMETRIC_REPRESENTATION_CONTEXT() REPRESENTATION_CONTEXT('2D SPACE',''
  ) );
#3223 = ADVANCED_FACE('',(#3224),#2803,.F.);
#3224 = FACE_BOUND('',#3225,.T.);
#3225 = EDGE_LOOP('',(#3226,#3247,#3248,#3249));
#3226 = ORIENTED_EDGE('',*,*,#3227,.F.);
#3227 = EDGE_CURVE('',#2787,#3228,#3230,.T.);
#3228 = VERTEX_POINT('',#3229);
#3229 = CARTESIAN_POINT('',(102.25,100.,3.45));
#3230 = SEAM_CURVE('',#3231,(#3235,#3241),.PCURVE_S1.);
#3231 = LINE('',#3232,#3233);
#3232 = CARTESIAN_POINT('',(102.25,100.,3.45));
#3233 = VECTOR('',#3234,1.);
#3234 = DIRECTION('',(-0.707106781187,-0.,-0.707106781187));
#3235 = PCURVE('',#2803,#3236);
#3236 = DEFINITIONAL_REPRESENTATION('',(#3237),#3240);
#3237 = B_SPLINE_CURVE_WITH_KNOTS('',1,(#3238,#3239),.UNSPECIFIED.,.F.,
  .F.,(2,2),(-0.777817459305,0.),.PIECEWISE_BEZIER_KNOTS.);
#3238 = CARTESIAN_POINT('',(0.,0.55));
#3239 = CARTESIAN_POINT('',(0.,0.));
#3240 = ( GEOMETRIC_REPRESENTATION_CONTEXT(2) 
PARAMETRIC_REPRESENTATION_CONTEXT() REPRESENTATION_CONTEXT('2D SPACE',''
  ) );
#3241 = PCURVE('',#2803,#3242);
#3242 = DEFINITIONAL_REPRESENTATION('',(#3243),#3246);
#3243 = B_SPLINE_CURVE_WITH_KNOTS('',1,(#3244,#3245),.UNSPECIFIED.,.F.,
  .F.,(2,2),(-0.777817459305,0.),.PIECEWISE_BEZIER_KNOTS.);
#3244 = CARTESIAN_POINT('',(6.28318530718,0.55));
#3245 = CARTESIAN_POINT('',(6.28318530718,0.));
#3246 = ( GEOMETRIC_REPRESENTATION_CONTEXT(2) 
PARAMETRIC_REPRESENTATION_CONTEXT() REPRESENTATION_CONTEXT('2D SPACE',''
  ) );
#3247 = ORIENTED_EDGE('',*,*,#2786,.T.);
#3248 = ORIENTED_EDGE('',*,*,#3227,.T.);
#3249 = ORIENTED_EDGE('',*,*,#3250,.F.);
#3250 = EDGE_CURVE('',#3228,#3228,#3251,.T.);
#3251 = SURFACE_CURVE('',#3252,(#3257,#3264),.PCURVE_S1.);
#3252 = CIRCLE('',#3253,2.25);
#3253 = AXIS2_PLACEMENT_3D('',#3254,#3255,#3256);
#3254 = CARTESIAN_POINT('',(100.,100.,3.45));
#3255 = DIRECTION('',(0.,0.,1.));
#3256 = DIRECTION('',(1.,0.,-0.));
#3257 = PCURVE('',#2803,#3258);
#3258 = DEFINITIONAL_REPRESENTATION('',(#3259),#3263);
#3259 = LINE('',#3260,#3261);
#3260 = CARTESIAN_POINT('',(0.,-0.));
#3261 = VECTOR('',#3262,1.);
#3262 = DIRECTION('',(1.,-0.));
#3263 = ( GEOMETRIC_REPRESENTATION_CONTEXT(2) 
PARAMETRIC_REPRESENTATION_CONTEXT() REPRESENTATION_CONTEXT('2D SPACE',''
  ) );
#3264 = PCURVE('',#3015,#3265);
#3265 = DEFINITIONAL_REPRESENTATION('',(#3266),#3270);
#3266 = LINE('',#3267,#3268);
#3267 = CARTESIAN_POINT('',(0.,6.45));
#3268 = VECTOR('',#3269,1.);
#3269 = DIRECTION('',(1.,0.));
#3270 = ( GEOMETRIC_REPRESENTATION_CONTEXT(2) 
PARAMETRIC_REPRESENTATION_CONTEXT() REPRESENTATION_CONTEXT('2D SPACE',''
  ) );
#3271 = ADVANCED_FACE('',(#3272),#2856,.F.);
#3272 = FACE_BOUND('',#3273,.F.);
#3273 = EDGE_LOOP('',(#3274,#3295,#3296,#3297));
#3274 = ORIENTED_EDGE('',*,*,#3275,.T.);
#3275 = EDGE_CURVE('',#2819,#3084,#3276,.T.);
#3276 = SEAM_CURVE('',#3277,(#3281,#3288),.PCURVE_S1.);
#3277 = LINE('',#3278,#3279);
#3278 = CARTESIAN_POINT('',(-97.75,-100.,-3.));
#3279 = VECTOR('',#3280,1.);
#3280 = DIRECTION('',(0.,0.,1.));
#3281 = PCURVE('',#2856,#3282);
#3282 = DEFINITIONAL_REPRESENTATION('',(#3283),#3287);
#3283 = LINE('',#3284,#3285);
#3284 = CARTESIAN_POINT('',(6.28318530718,-0.));
#3285 = VECTOR('',#3286,1.);
#3286 = DIRECTION('',(0.,1.));
#3287 = ( GEOMETRIC_REPRESENTATION_CONTEXT(2) 
PARAMETRIC_REPRESENTATION_CONTEXT() REPRESENTATION_CONTEXT('2D SPACE',''
  ) );
#3288 = PCURVE('',#2856,#3289);
#3289 = DEFINITIONAL_REPRESENTATION('',(#3290),#3294);
#3290 = LINE('',#3291,#3292);
#3291 = CARTESIAN_POINT('',(0.,-0.));
#3292 = VECTOR('',#3293,1.);
#3293 = DIRECTION('',(0.,1.));
#3294 = ( GEOMETRIC_REPRESENTATION_CONTEXT(2) 
PARAMETRIC_REPRESENTATION_CONTEXT() REPRESENTATION_CONTEXT('2D SPACE',''
  ) );
#3295 = ORIENTED_EDGE('',*,*,#3106,.F.);
#3296 = ORIENTED_EDGE('',*,*,#3275,.F.);
#3297 = ORIENTED_EDGE('',*,*,#2841,.T.);
#3298 = ADVANCED_FACE('',(#3299),#2909,.F.);
#3299 = FACE_BOUND('',#3300,.F.);
#3300 = EDGE_LOOP('',(#3301,#3322,#3323,#3324));
#3301 = ORIENTED_EDGE('',*,*,#3302,.T.);
#3302 = EDGE_CURVE('',#2872,#3132,#3303,.T.);
#3303 = SEAM_CURVE('',#3304,(#3308,#3315),.PCURVE_S1.);
#3304 = LINE('',#3305,#3306);
#3305 = CARTESIAN_POINT('',(102.25,-100.,-3.));
#3306 = VECTOR('',#3307,1.);
#3307 = DIRECTION('',(0.,0.,1.));
#3308 = PCURVE('',#2909,#3309);
#3309 = DEFINITIONAL_REPRESENTATION('',(#3310),#3314);
#3310 = LINE('',#3311,#3312);
#3311 = CARTESIAN_POINT('',(6.28318530718,-0.));
#3312 = VECTOR('',#3313,1.);
#3313 = DIRECTION('',(0.,1.));
#3314 = ( GEOMETRIC_REPRESENTATION_CONTEXT(2) 
PARAMETRIC_REPRESENTATION_CONTEXT() REPRESENTATION_CONTEXT('2D SPACE',''
  ) );
#3315 = PCURVE('',#2909,#3316);
#3316 = DEFINITIONAL_REPRESENTATION('',(#3317),#3321);
#3317 = LINE('',#3318,#3319);
#3318 = CARTESIAN_POINT('',(0.,-0.));
#3319 = VECTOR('',#3320,1.);
#3320 = DIRECTION('',(0.,1.));
#3321 = ( GEOMETRIC_REPRESENTATION_CONTEXT(2) 
PARAMETRIC_REPRESENTATION_CONTEXT() REPRESENTATION_CONTEXT('2D SPACE',''
  ) );
#3322 = ORIENTED_EDGE('',*,*,#3154,.F.);
#3323 = ORIENTED_EDGE('',*,*,#3302,.F.);
#3324 = ORIENTED_EDGE('',*,*,#2894,.T.);
#3325 = ADVANCED_FACE('',(#3326),#2962,.F.);
#3326 = FACE_BOUND('',#3327,.F.);
#3327 = EDGE_LOOP('',(#3328,#3349,#3350,#3351));
#3328 = ORIENTED_EDGE('',*,*,#3329,.T.);
#3329 = EDGE_CURVE('',#2925,#3180,#3330,.T.);
#3330 = SEAM_CURVE('',#3331,(#3335,#3342),.PCURVE_S1.);
#3331 = LINE('',#3332,#3333);
#3332 = CARTESIAN_POINT('',(-97.75,100.,-3.));
#3333 = VECTOR('',#3334,1.);
#3334 = DIRECTION('',(0.,0.,1.));
#3335 = PCURVE('',#2962,#3336);
#3336 = DEFINITIONAL_REPRESENTATION('',(#3337),#3341);
#3337 = LINE('',#3338,#3339);
#3338 = CARTESIAN_POINT('',(6.28318530718,-0.));
#3339 = VECTOR('',#3340,1.);
#3340 = DIRECTION('',(0.,1.));
#3341 = ( GEOMETRIC_REPRESENTATION_CONTEXT(2) 
PARAMETRIC_REPRESENTATION_CONTEXT() REPRESENTATION_CONTEXT('2D SPACE',''
  ) );
#3342 = PCURVE('',#2962,#3343);
#3343 = DEFINITIONAL_REPRESENTATION('',(#3344),#3348);
#3344 = LINE('',#3345,#3346);
#3345 = CARTESIAN_POINT('',(0.,-0.));
#3346 = VECTOR('',#3347,1.);
#3347 = DIRECTION('',(0.,1.));
#3348 = ( GEOMETRIC_REPRESENTATION_CONTEXT(2) 
PARAMETRIC_REPRESENTATION_CONTEXT() REPRESENTATION_CONTEXT('2D SPACE',''
  ) );
#3349 = ORIENTED_EDGE('',*,*,#3202,.F.);
#3350 = ORIENTED_EDGE('',*,*,#3329,.F.);
#3351 = ORIENTED_EDGE('',*,*,#2947,.T.);
#3352 = ADVANCED_FACE('',(#3353),#3015,.F.);
#3353 = FACE_BOUND('',#3354,.F.);
#3354 = EDGE_LOOP('',(#3355,#3376,#3377,#3378));
#3355 = ORIENTED_EDGE('',*,*,#3356,.T.);
#3356 = EDGE_CURVE('',#2978,#3228,#3357,.T.);
#3357 = SEAM_CURVE('',#3358,(#3362,#3369),.PCURVE_S1.);
#3358 = LINE('',#3359,#3360);
#3359 = CARTESIAN_POINT('',(102.25,100.,-3.));
#3360 = VECTOR('',#3361,1.);
#3361 = DIRECTION('',(0.,0.,1.));
#3362 = PCURVE('',#3015,#3363);
#3363 = DEFINITIONAL_REPRESENTATION('',(#3364),#3368);
#3364 = LINE('',#3365,#3366);
#3365 = CARTESIAN_POINT('',(6.28318530718,-0.));
#3366 = VECTOR('',#3367,1.);
#3367 = DIRECTION('',(0.,1.));
#3368 = ( GEOMETRIC_REPRESENTATION_CONTEXT(2) 
PARAMETRIC_REPRESENTATION_CONTEXT() REPRESENTATION_CONTEXT('2D SPACE',''
  ) );
#3369 = PCURVE('',#3015,#3370);
#3370 = DEFINITIONAL_REPRESENTATION('',(#3371),#3375);
#3371 = LINE('',#3372,#3373);
#3372 = CARTESIAN_POINT('',(0.,-0.));
#3373 = VECTOR('',#3374,1.);
#3374 = DIRECTION('',(0.,1.));
#3375 = ( GEOMETRIC_REPRESENTATION_CONTEXT(2) 
PARAMETRIC_REPRESENTATION_CONTEXT() REPRESENTATION_CONTEXT('2D SPACE',''
  ) );
#3376 = ORIENTED_EDGE('',*,*,#3250,.F.);
#3377 = ORIENTED_EDGE('',*,*,#3356,.F.);
#3378 = ORIENTED_EDGE('',*,*,#3000,.T.);
#3379 = ADVANCED_FACE('',(#3380),#3068,.F.);
#3380 = FACE_BOUND('',#3381,.F.);
#3381 = EDGE_LOOP('',(#3382,#3405,#3432,#3433));
#3382 = ORIENTED_EDGE('',*,*,#3383,.T.);
#3383 = EDGE_CURVE('',#3031,#3384,#3386,.T.);
#3384 = VERTEX_POINT('',#3385);
#3385 = CARTESIAN_POINT('',(106.5,0.,5.45));
#3386 = SEAM_CURVE('',#3387,(#3391,#3398),.PCURVE_S1.);
#3387 = LINE('',#3388,#3389);
#3388 = CARTESIAN_POINT('',(106.5,-2.608497682184E-14,-2.));
#3389 = VECTOR('',#3390,1.);
#3390 = DIRECTION('',(0.,0.,1.));
#3391 = PCURVE('',#3068,#3392);
#3392 = DEFINITIONAL_REPRESENTATION('',(#3393),#3397);
#3393 = LINE('',#3394,#3395);
#3394 = CARTESIAN_POINT('',(6.28318530718,-0.));
#3395 = VECTOR('',#3396,1.);
#3396 = DIRECTION('',(0.,1.));
#3397 = ( GEOMETRIC_REPRESENTATION_CONTEXT(2) 
PARAMETRIC_REPRESENTATION_CONTEXT() REPRESENTATION_CONTEXT('2D SPACE',''
  ) );
#3398 = PCURVE('',#3068,#3399);
#3399 = DEFINITIONAL_REPRESENTATION('',(#3400),#3404);
#3400 = LINE('',#3401,#3402);
#3401 = CARTESIAN_POINT('',(0.,-0.));
#3402 = VECTOR('',#3403,1.);
#3403 = DIRECTION('',(0.,1.));
#3404 = ( GEOMETRIC_REPRESENTATION_CONTEXT(2) 
PARAMETRIC_REPRESENTATION_CONTEXT() REPRESENTATION_CONTEXT('2D SPACE',''
  ) );
#3405 = ORIENTED_EDGE('',*,*,#3406,.F.);
#3406 = EDGE_CURVE('',#3384,#3384,#3407,.T.);
#3407 = SURFACE_CURVE('',#3408,(#3413,#3420),.PCURVE_S1.);
#3408 = CIRCLE('',#3409,106.5);
#3409 = AXIS2_PLACEMENT_3D('',#3410,#3411,#3412);
#3410 = CARTESIAN_POINT('',(0.,0.,5.45));
#3411 = DIRECTION('',(0.,0.,1.));
#3412 = DIRECTION('',(1.,0.,-0.));
#3413 = PCURVE('',#3068,#3414);
#3414 = DEFINITIONAL_REPRESENTATION('',(#3415),#3419);
#3415 = LINE('',#3416,#3417);
#3416 = CARTESIAN_POINT('',(0.,7.45));
#3417 = VECTOR('',#3418,1.);
#3418 = DIRECTION('',(1.,0.));
#3419 = ( GEOMETRIC_REPRESENTATION_CONTEXT(2) 
PARAMETRIC_REPRESENTATION_CONTEXT() REPRESENTATION_CONTEXT('2D SPACE',''
  ) );
#3420 = PCURVE('',#3421,#3426);
#3421 = CONICAL_SURFACE('',#3422,106.5,0.785398163397);
#3422 = AXIS2_PLACEMENT_3D('',#3423,#3424,#3425);
#3423 = CARTESIAN_POINT('',(0.,0.,5.45));
#3424 = DIRECTION('',(0.,0.,1.));
#3425 = DIRECTION('',(1.,0.,-0.));
#3426 = DEFINITIONAL_REPRESENTATION('',(#3427),#3431);
#3427 = LINE('',#3428,#3429);
#3428 = CARTESIAN_POINT('',(0.,0.));
#3429 = VECTOR('',#3430,1.);
#3430 = DIRECTION('',(1.,0.));
#3431 = ( GEOMETRIC_REPRESENTATION_CONTEXT(2) 
PARAMETRIC_REPRESENTATION_CONTEXT() REPRESENTATION_CONTEXT('2D SPACE',''
  ) );
#3432 = ORIENTED_EDGE('',*,*,#3383,.F.);
#3433 = ORIENTED_EDGE('',*,*,#3053,.T.);
#3434 = ADVANCED_FACE('',(#3435),#3421,.F.);
#3435 = FACE_BOUND('',#3436,.F.);
#3436 = EDGE_LOOP('',(#3437,#3458,#3459,#3460));
#3437 = ORIENTED_EDGE('',*,*,#3438,.F.);
#3438 = EDGE_CURVE('',#3384,#3439,#3441,.T.);
#3439 = VERTEX_POINT('',#3440);
#3440 = CARTESIAN_POINT('',(107.05,0.,6.));
#3441 = SEAM_CURVE('',#3442,(#3446,#3452),.PCURVE_S1.);
#3442 = LINE('',#3443,#3444);
#3443 = CARTESIAN_POINT('',(106.5,0.,5.45));
#3444 = VECTOR('',#3445,1.);
#3445 = DIRECTION('',(0.707106781187,0.,0.707106781187));
#3446 = PCURVE('',#3421,#3447);
#3447 = DEFINITIONAL_REPRESENTATION('',(#3448),#3451);
#3448 = B_SPLINE_CURVE_WITH_KNOTS('',1,(#3449,#3450),.UNSPECIFIED.,.F.,
  .F.,(2,2),(0.,0.777817459305),.PIECEWISE_BEZIER_KNOTS.);
#3449 = CARTESIAN_POINT('',(0.,0.));
#3450 = CARTESIAN_POINT('',(0.,0.55));
#3451 = ( GEOMETRIC_REPRESENTATION_CONTEXT(2) 
PARAMETRIC_REPRESENTATION_CONTEXT() REPRESENTATION_CONTEXT('2D SPACE',''
  ) );
#3452 = PCURVE('',#3421,#3453);
#3453 = DEFINITIONAL_REPRESENTATION('',(#3454),#3457);
#3454 = B_SPLINE_CURVE_WITH_KNOTS('',1,(#3455,#3456),.UNSPECIFIED.,.F.,
  .F.,(2,2),(0.,0.777817459305),.PIECEWISE_BEZIER_KNOTS.);
#3455 = CARTESIAN_POINT('',(6.28318530718,0.));
#3456 = CARTESIAN_POINT('',(6.28318530718,0.55));
#3457 = ( GEOMETRIC_REPRESENTATION_CONTEXT(2) 
PARAMETRIC_REPRESENTATION_CONTEXT() REPRESENTATION_CONTEXT('2D SPACE',''
  ) );
#3458 = ORIENTED_EDGE('',*,*,#3406,.T.);
#3459 = ORIENTED_EDGE('',*,*,#3438,.T.);
#3460 = ORIENTED_EDGE('',*,*,#3461,.F.);
#3461 = EDGE_CURVE('',#3439,#3439,#3462,.T.);
#3462 = SURFACE_CURVE('',#3463,(#3468,#3475),.PCURVE_S1.);
#3463 = CIRCLE('',#3464,107.05);
#3464 = AXIS2_PLACEMENT_3D('',#3465,#3466,#3467);
#3465 = CARTESIAN_POINT('',(0.,0.,6.));
#3466 = DIRECTION('',(0.,0.,1.));
#3467 = DIRECTION('',(1.,0.,-0.));
#3468 = PCURVE('',#3421,#3469);
#3469 = DEFINITIONAL_REPRESENTATION('',(#3470),#3474);
#3470 = LINE('',#3471,#3472);
#3471 = CARTESIAN_POINT('',(0.,0.55));
#3472 = VECTOR('',#3473,1.);
#3473 = DIRECTION('',(1.,0.));
#3474 = ( GEOMETRIC_REPRESENTATION_CONTEXT(2) 
PARAMETRIC_REPRESENTATION_CONTEXT() REPRESENTATION_CONTEXT('2D SPACE',''
  ) );
#3475 = PCURVE('',#3476,#3481);
#3476 = PLANE('',#3477);
#3477 = AXIS2_PLACEMENT_3D('',#3478,#3479,#3480);
#3478 = CARTESIAN_POINT('',(-120.,-120.,6.));
#3479 = DIRECTION('',(0.,0.,1.));
#3480 = DIRECTION('',(1.,0.,0.));
#3481 = DEFINITIONAL_REPRESENTATION('',(#3482),#3486);
#3482 = CIRCLE('',#3483,107.05);
#3483 = AXIS2_PLACEMENT_2D('',#3484,#3485);
#3484 = CARTESIAN_POINT('',(120.,120.));
#3485 = DIRECTION('',(1.,0.));
#3486 = ( GEOMETRIC_REPRESENTATION_CONTEXT(2) 
PARAMETRIC_REPRESENTATION_CONTEXT() REPRESENTATION_CONTEXT('2D SPACE',''
  ) );
#3487 = ADVANCED_FACE('',(#3488,#3491),#3476,.T.);
#3488 = FACE_BOUND('',#3489,.T.);
#3489 = EDGE_LOOP('',(#3490));
#3490 = ORIENTED_EDGE('',*,*,#3461,.F.);
#3491 = FACE_BOUND('',#3492,.T.);
#3492 = EDGE_LOOP('',(#3493));
#3493 = ORIENTED_EDGE('',*,*,#3494,.T.);
#3494 = EDGE_CURVE('',#3495,#3495,#3497,.T.);
#3495 = VERTEX_POINT('',#3496);
#3496 = CARTESIAN_POINT('',(107.95,0.,6.));
#3497 = SURFACE_CURVE('',#3498,(#3503,#3510),.PCURVE_S1.);
#3498 = CIRCLE('',#3499,107.95);
#3499 = AXIS2_PLACEMENT_3D('',#3500,#3501,#3502);
#3500 = CARTESIAN_POINT('',(0.,0.,6.));
#3501 = DIRECTION('',(0.,0.,1.));
#3502 = DIRECTION('',(1.,0.,-0.));
#3503 = PCURVE('',#3476,#3504);
#3504 = DEFINITIONAL_REPRESENTATION('',(#3505),#3509);
#3505 = CIRCLE('',#3506,107.95);
#3506 = AXIS2_PLACEMENT_2D('',#3507,#3508);
#3507 = CARTESIAN_POINT('',(120.,120.));
#3508 = DIRECTION('',(1.,0.));
#3509 = ( GEOMETRIC_REPRESENTATION_CONTEXT(2) 
PARAMETRIC_REPRESENTATION_CONTEXT() REPRESENTATION_CONTEXT('2D SPACE',''
  ) );
#3510 = PCURVE('',#3511,#3516);
#3511 = CONICAL_SURFACE('',#3512,108.5,0.785398163397);
#3512 = AXIS2_PLACEMENT_3D('',#3513,#3514,#3515);
#3513 = CARTESIAN_POINT('',(0.,0.,6.55));
#3514 = DIRECTION('',(0.,0.,1.));
#3515 = DIRECTION('',(1.,0.,-0.));
#3516 = DEFINITIONAL_REPRESENTATION('',(#3517),#3521);
#3517 = LINE('',#3518,#3519);
#3518 = CARTESIAN_POINT('',(0.,-0.55));
#3519 = VECTOR('',#3520,1.);
#3520 = DIRECTION('',(1.,0.));
#3521 = ( GEOMETRIC_REPRESENTATION_CONTEXT(2) 
PARAMETRIC_REPRESENTATION_CONTEXT() REPRESENTATION_CONTEXT('2D SPACE',''
  ) );
#3522 = ADVANCED_FACE('',(#3523),#3511,.F.);
#3523 = FACE_BOUND('',#3524,.F.);
#3524 = EDGE_LOOP('',(#3525,#3546,#3547,#3548));
#3525 = ORIENTED_EDGE('',*,*,#3526,.F.);
#3526 = EDGE_CURVE('',#3495,#3527,#3529,.T.);
#3527 = VERTEX_POINT('',#3528);
#3528 = CARTESIAN_POINT('',(108.5,0.,6.55));
#3529 = SEAM_CURVE('',#3530,(#3534,#3540),.PCURVE_S1.);
#3530 = LINE('',#3531,#3532);
#3531 = CARTESIAN_POINT('',(108.5,0.,6.55));
#3532 = VECTOR('',#3533,1.);
#3533 = DIRECTION('',(0.707106781187,0.,0.707106781187));
#3534 = PCURVE('',#3511,#3535);
#3535 = DEFINITIONAL_REPRESENTATION('',(#3536),#3539);
#3536 = B_SPLINE_CURVE_WITH_KNOTS('',1,(#3537,#3538),.UNSPECIFIED.,.F.,
  .F.,(2,2),(-0.777817459305,0.),.PIECEWISE_BEZIER_KNOTS.);
#3537 = CARTESIAN_POINT('',(0.,-0.55));
#3538 = CARTESIAN_POINT('',(0.,0.));
#3539 = ( GEOMETRIC_REPRESENTATION_CONTEXT(2) 
PARAMETRIC_REPRESENTATION_CONTEXT() REPRESENTATION_CONTEXT('2D SPACE',''
  ) );
#3540 = PCURVE('',#3511,#3541);
#3541 = DEFINITIONAL_REPRESENTATION('',(#3542),#3545);
#3542 = B_SPLINE_CURVE_WITH_KNOTS('',1,(#3543,#3544),.UNSPECIFIED.,.F.,
  .F.,(2,2),(-0.777817459305,0.),.PIECEWISE_BEZIER_KNOTS.);
#3543 = CARTESIAN_POINT('',(6.28318530718,-0.55));
#3544 = CARTESIAN_POINT('',(6.28318530718,0.));
#3545 = ( GEOMETRIC_REPRESENTATION_CONTEXT(2) 
PARAMETRIC_REPRESENTATION_CONTEXT() REPRESENTATION_CONTEXT('2D SPACE',''
  ) );
#3546 = ORIENTED_EDGE('',*,*,#3494,.T.);
#3547 = ORIENTED_EDGE('',*,*,#3526,.T.);
#3548 = ORIENTED_EDGE('',*,*,#3549,.F.);
#3549 = EDGE_CURVE('',#3527,#3527,#3550,.T.);
#3550 = SURFACE_CURVE('',#3551,(#3556,#3563),.PCURVE_S1.);
#3551 = CIRCLE('',#3552,108.5);
#3552 = AXIS2_PLACEMENT_3D('',#3553,#3554,#3555);
#3553 = CARTESIAN_POINT('',(0.,0.,6.55));
#3554 = DIRECTION('',(0.,0.,1.));
#3555 = DIRECTION('',(1.,0.,-0.));
#3556 = PCURVE('',#3511,#3557);
#3557 = DEFINITIONAL_REPRESENTATION('',(#3558),#3562);
#3558 = LINE('',#3559,#3560);
#3559 = CARTESIAN_POINT('',(0.,0.));
#3560 = VECTOR('',#3561,1.);
#3561 = DIRECTION('',(1.,0.));
#3562 = ( GEOMETRIC_REPRESENTATION_CONTEXT(2) 
PARAMETRIC_REPRESENTATION_CONTEXT() REPRESENTATION_CONTEXT('2D SPACE',''
  ) );
#3563 = PCURVE('',#3564,#3569);
#3564 = CYLINDRICAL_SURFACE('',#3565,108.5);
#3565 = AXIS2_PLACEMENT_3D('',#3566,#3567,#3568);
#3566 = CARTESIAN_POINT('',(0.,0.,-1.));
#3567 = DIRECTION('',(0.,0.,1.));
#3568 = DIRECTION('',(1.,0.,0.));
#3569 = DEFINITIONAL_REPRESENTATION('',(#3570),#3574);
#3570 = LINE('',#3571,#3572);
#3571 = CARTESIAN_POINT('',(0.,7.55));
#3572 = VECTOR('',#3573,1.);
#3573 = DIRECTION('',(1.,0.));
#3574 = ( GEOMETRIC_REPRESENTATION_CONTEXT(2) 
PARAMETRIC_REPRESENTATION_CONTEXT() REPRESENTATION_CONTEXT('2D SPACE',''
  ) );
#3575 = ADVANCED_FACE('',(#3576),#3564,.F.);
#3576 = FACE_BOUND('',#3577,.F.);
#3577 = EDGE_LOOP('',(#3578,#3601,#3628,#3629));
#3578 = ORIENTED_EDGE('',*,*,#3579,.T.);
#3579 = EDGE_CURVE('',#3527,#3580,#3582,.T.);
#3580 = VERTEX_POINT('',#3581);
#3581 = CARTESIAN_POINT('',(108.5,0.,16.25));
#3582 = SEAM_CURVE('',#3583,(#3587,#3594),.PCURVE_S1.);
#3583 = LINE('',#3584,#3585);
#3584 = CARTESIAN_POINT('',(108.5,-2.65748355415E-14,-1.));
#3585 = VECTOR('',#3586,1.);
#3586 = DIRECTION('',(0.,0.,1.));
#3587 = PCURVE('',#3564,#3588);
#3588 = DEFINITIONAL_REPRESENTATION('',(#3589),#3593);
#3589 = LINE('',#3590,#3591);
#3590 = CARTESIAN_POINT('',(6.28318530718,-0.));
#3591 = VECTOR('',#3592,1.);
#3592 = DIRECTION('',(0.,1.));
#3593 = ( GEOMETRIC_REPRESENTATION_CONTEXT(2) 
PARAMETRIC_REPRESENTATION_CONTEXT() REPRESENTATION_CONTEXT('2D SPACE',''
  ) );
#3594 = PCURVE('',#3564,#3595);
#3595 = DEFINITIONAL_REPRESENTATION('',(#3596),#3600);
#3596 = LINE('',#3597,#3598);
#3597 = CARTESIAN_POINT('',(0.,-0.));
#3598 = VECTOR('',#3599,1.);
#3599 = DIRECTION('',(0.,1.));
#3600 = ( GEOMETRIC_REPRESENTATION_CONTEXT(2) 
PARAMETRIC_REPRESENTATION_CONTEXT() REPRESENTATION_CONTEXT('2D SPACE',''
  ) );
#3601 = ORIENTED_EDGE('',*,*,#3602,.F.);
#3602 = EDGE_CURVE('',#3580,#3580,#3603,.T.);
#3603 = SURFACE_CURVE('',#3604,(#3609,#3616),.PCURVE_S1.);
#3604 = CIRCLE('',#3605,108.5);
#3605 = AXIS2_PLACEMENT_3D('',#3606,#3607,#3608);
#3606 = CARTESIAN_POINT('',(0.,0.,16.25));
#3607 = DIRECTION('',(0.,0.,1.));
#3608 = DIRECTION('',(1.,0.,-0.));
#3609 = PCURVE('',#3564,#3610);
#3610 = DEFINITIONAL_REPRESENTATION('',(#3611),#3615);
#3611 = LINE('',#3612,#3613);
#3612 = CARTESIAN_POINT('',(0.,17.25));
#3613 = VECTOR('',#3614,1.);
#3614 = DIRECTION('',(1.,0.));
#3615 = ( GEOMETRIC_REPRESENTATION_CONTEXT(2) 
PARAMETRIC_REPRESENTATION_CONTEXT() REPRESENTATION_CONTEXT('2D SPACE',''
  ) );
#3616 = PCURVE('',#3617,#3622);
#3617 = CONICAL_SURFACE('',#3618,108.5,0.785398163397);
#3618 = AXIS2_PLACEMENT_3D('',#3619,#3620,#3621);
#3619 = CARTESIAN_POINT('',(0.,0.,16.25));
#3620 = DIRECTION('',(-0.,-0.,-1.));
#3621 = DIRECTION('',(1.,0.,0.));
#3622 = DEFINITIONAL_REPRESENTATION('',(#3623),#3627);
#3623 = LINE('',#3624,#3625);
#3624 = CARTESIAN_POINT('',(-0.,-0.));
#3625 = VECTOR('',#3626,1.);
#3626 = DIRECTION('',(-1.,-0.));
#3627 = ( GEOMETRIC_REPRESENTATION_CONTEXT(2) 
PARAMETRIC_REPRESENTATION_CONTEXT() REPRESENTATION_CONTEXT('2D SPACE',''
  ) );
#3628 = ORIENTED_EDGE('',*,*,#3579,.F.);
#3629 = ORIENTED_EDGE('',*,*,#3549,.T.);
#3630 = ADVANCED_FACE('',(#3631),#3617,.F.);
#3631 = FACE_BOUND('',#3632,.F.);
#3632 = EDGE_LOOP('',(#3633,#3654,#3655,#3656));
#3633 = ORIENTED_EDGE('',*,*,#3634,.F.);
#3634 = EDGE_CURVE('',#3580,#3635,#3637,.T.);
#3635 = VERTEX_POINT('',#3636);
#3636 = CARTESIAN_POINT('',(107.95,0.,16.8));
#3637 = SEAM_CURVE('',#3638,(#3642,#3648),.PCURVE_S1.);
#3638 = LINE('',#3639,#3640);
#3639 = CARTESIAN_POINT('',(108.5,0.,16.25));
#3640 = VECTOR('',#3641,1.);
#3641 = DIRECTION('',(-0.707106781187,0.,0.707106781187));
#3642 = PCURVE('',#3617,#3643);
#3643 = DEFINITIONAL_REPRESENTATION('',(#3644),#3647);
#3644 = B_SPLINE_CURVE_WITH_KNOTS('',1,(#3645,#3646),.UNSPECIFIED.,.F.,
  .F.,(2,2),(0.,0.777817459305),.PIECEWISE_BEZIER_KNOTS.);
#3645 = CARTESIAN_POINT('',(0.,0.));
#3646 = CARTESIAN_POINT('',(0.,-0.55));
#3647 = ( GEOMETRIC_REPRESENTATION_CONTEXT(2) 
PARAMETRIC_REPRESENTATION_CONTEXT() REPRESENTATION_CONTEXT('2D SPACE',''
  ) );
#3648 = PCURVE('',#3617,#3649);
#3649 = DEFINITIONAL_REPRESENTATION('',(#3650),#3653);
#3650 = B_SPLINE_CURVE_WITH_KNOTS('',1,(#3651,#3652),.UNSPECIFIED.,.F.,
  .F.,(2,2),(0.,0.777817459305),.PIECEWISE_BEZIER_KNOTS.);
#3651 = CARTESIAN_POINT('',(-6.28318530718,0.));
#3652 = CARTESIAN_POINT('',(-6.28318530718,-0.55));
#3653 = ( GEOMETRIC_REPRESENTATION_CONTEXT(2) 
PARAMETRIC_REPRESENTATION_CONTEXT() REPRESENTATION_CONTEXT('2D SPACE',''
  ) );
#3654 = ORIENTED_EDGE('',*,*,#3602,.T.);
#3655 = ORIENTED_EDGE('',*,*,#3634,.T.);
#3656 = ORIENTED_EDGE('',*,*,#3657,.F.);
#3657 = EDGE_CURVE('',#3635,#3635,#3658,.T.);
#3658 = SURFACE_CURVE('',#3659,(#3664,#3671),.PCURVE_S1.);
#3659 = CIRCLE('',#3660,107.95);
#3660 = AXIS2_PLACEMENT_3D('',#3661,#3662,#3663);
#3661 = CARTESIAN_POINT('',(0.,0.,16.8));
#3662 = DIRECTION('',(0.,0.,1.));
#3663 = DIRECTION('',(1.,0.,-0.));
#3664 = PCURVE('',#3617,#3665);
#3665 = DEFINITIONAL_REPRESENTATION('',(#3666),#3670);
#3666 = LINE('',#3667,#3668);
#3667 = CARTESIAN_POINT('',(-0.,-0.55));
#3668 = VECTOR('',#3669,1.);
#3669 = DIRECTION('',(-1.,-0.));
#3670 = ( GEOMETRIC_REPRESENTATION_CONTEXT(2) 
PARAMETRIC_REPRESENTATION_CONTEXT() REPRESENTATION_CONTEXT('2D SPACE',''
  ) );
#3671 = PCURVE('',#3672,#3677);
#3672 = PLANE('',#3673);
#3673 = AXIS2_PLACEMENT_3D('',#3674,#3675,#3676);
#3674 = CARTESIAN_POINT('',(-168.,-168.,16.8));
#3675 = DIRECTION('',(0.,0.,1.));
#3676 = DIRECTION('',(1.,0.,0.));
#3677 = DEFINITIONAL_REPRESENTATION('',(#3678),#3682);
#3678 = CIRCLE('',#3679,107.95);
#3679 = AXIS2_PLACEMENT_2D('',#3680,#3681);
#3680 = CARTESIAN_POINT('',(168.,168.));
#3681 = DIRECTION('',(1.,0.));
#3682 = ( GEOMETRIC_REPRESENTATION_CONTEXT(2) 
PARAMETRIC_REPRESENTATION_CONTEXT() REPRESENTATION_CONTEXT('2D SPACE',''
  ) );
#3683 = ADVANCED_FACE('',(#3684,#3687),#3672,.F.);
#3684 = FACE_BOUND('',#3685,.F.);
#3685 = EDGE_LOOP('',(#3686));
#3686 = ORIENTED_EDGE('',*,*,#3657,.T.);
#3687 = FACE_BOUND('',#3688,.F.);
#3688 = EDGE_LOOP('',(#3689));
#3689 = ORIENTED_EDGE('',*,*,#3690,.F.);
#3690 = EDGE_CURVE('',#3691,#3691,#3693,.T.);
#3691 = VERTEX_POINT('',#3692);
#3692 = CARTESIAN_POINT('',(107.74146421241,0.,16.8));
#3693 = SURFACE_CURVE('',#3694,(#3717,#3743),.PCURVE_S1.);
#3694 = B_SPLINE_CURVE_WITH_KNOTS('',11,(#3695,#3696,#3697,#3698,#3699,
    #3700,#3701,#3702,#3703,#3704,#3705,#3706,#3707,#3708,#3709,#3710,
    #3711,#3712,#3713,#3714,#3715,#3716),.UNSPECIFIED.,.T.,.F.,(12,10,12
    ),(1.716566866578E-14,336.75191649723,673.50383299447),
  .UNSPECIFIED.);
#3695 = CARTESIAN_POINT('',(107.74146421241,0.,16.8));
#3696 = CARTESIAN_POINT('',(107.7414642124,30.325767647394,
    16.800000000001));
#3697 = CARTESIAN_POINT('',(98.351953127047,61.066029726496,
    16.799999999995));
#3698 = CARTESIAN_POINT('',(79.147358678047,88.760338953063,
    16.800000000014));
#3699 = CARTESIAN_POINT('',(51.286691788183,109.69091544863,
    16.799999999975));
#3700 = CARTESIAN_POINT('',(17.692749647123,120.75650633999,
    16.800000000032));
#3701 = CARTESIAN_POINT('',(-17.68211137904,120.70785270729,
    16.799999999968));
#3702 = CARTESIAN_POINT('',(-51.07114219666,109.58885365016,
    16.800000000023));
#3703 = CARTESIAN_POINT('',(-78.73880270265,88.93728828375,
    16.799999999987));
#3704 = CARTESIAN_POINT('',(-98.0747676651,61.541941088147,
    16.800000000005));
#3705 = CARTESIAN_POINT('',(-107.7414642124,30.770890223335,
    16.799999999999));
#3706 = CARTESIAN_POINT('',(-107.7414642124,-30.77089022333,
    16.800000000001));
#3707 = CARTESIAN_POINT('',(-98.07476766511,-61.5419410881,
    16.799999999997));
#3708 = CARTESIAN_POINT('',(-78.73880270261,-88.93728828387,
    16.800000000007));
#3709 = CARTESIAN_POINT('',(-51.07114219673,-109.5888536499,
    16.799999999986));
#3710 = CARTESIAN_POINT('',(-17.68211137895,-120.7078527076,
    16.80000000002));
#3711 = CARTESIAN_POINT('',(17.692749647021,-120.7565063396,
    16.799999999978));
#3712 = CARTESIAN_POINT('',(51.286691788256,-109.6909154489,
    16.800000000017));
#3713 = CARTESIAN_POINT('',(79.147358678013,-88.7603389529,
    16.79999999999));
#3714 = CARTESIAN_POINT('',(98.351953127056,-61.06602972655,
    16.800000000004));
#3715 = CARTESIAN_POINT('',(107.7414642124,-30.32576764738,
    16.799999999999));
#3716 = CARTESIAN_POINT('',(107.7414642124,0.,16.8));
#3717 = PCURVE('',#3672,#3718);
#3718 = DEFINITIONAL_REPRESENTATION('',(#3719),#3742);
#3719 = B_SPLINE_CURVE_WITH_KNOTS('',11,(#3720,#3721,#3722,#3723,#3724,
    #3725,#3726,#3727,#3728,#3729,#3730,#3731,#3732,#3733,#3734,#3735,
    #3736,#3737,#3738,#3739,#3740,#3741),.UNSPECIFIED.,.F.,.F.,(12,10,12
    ),(1.716566866578E-14,336.75191649723,673.50383299447),
  .UNSPECIFIED.);
#3720 = CARTESIAN_POINT('',(275.7414642124,168.));
#3721 = CARTESIAN_POINT('',(275.74146421242,198.3257676474));
#3722 = CARTESIAN_POINT('',(266.35195312697,229.06602972644));
#3723 = CARTESIAN_POINT('',(247.14735867823,256.76033895318));
#3724 = CARTESIAN_POINT('',(219.28669178785,277.6909154484));
#3725 = CARTESIAN_POINT('',(185.69274964755,288.75650634029));
#3726 = CARTESIAN_POINT('',(150.31788862052,288.70785270699));
#3727 = CARTESIAN_POINT('',(116.92885780365,277.58885365039));
#3728 = CARTESIAN_POINT('',(89.261197297172,256.93728828362));
#3729 = CARTESIAN_POINT('',(69.925232334966,229.54194108819));
#3730 = CARTESIAN_POINT('',(60.258535787578,198.77089022332));
#3731 = CARTESIAN_POINT('',(60.258535787602,137.22910977666));
#3732 = CARTESIAN_POINT('',(69.92523233486,106.45805891186));
#3733 = CARTESIAN_POINT('',(89.261197297449,79.062711716206));
#3734 = CARTESIAN_POINT('',(116.92885780314,58.411146349932));
#3735 = CARTESIAN_POINT('',(150.3178886212,47.29214729256));
#3736 = CARTESIAN_POINT('',(185.69274964686,47.243493660167));
#3737 = CARTESIAN_POINT('',(219.28669178836,58.309084551241));
#3738 = CARTESIAN_POINT('',(247.14735867795,79.239661047008));
#3739 = CARTESIAN_POINT('',(266.35195312708,106.93397027347));
#3740 = CARTESIAN_POINT('',(275.7414642124,137.67423235261));
#3741 = CARTESIAN_POINT('',(275.7414642124,168.));
#3742 = ( GEOMETRIC_REPRESENTATION_CONTEXT(2) 
PARAMETRIC_REPRESENTATION_CONTEXT() REPRESENTATION_CONTEXT('2D SPACE',''
  ) );
#3743 = PCURVE('',#3744,#3789);
#3744 = B_SPLINE_SURFACE_WITH_KNOTS('',1,11,(
    (#3745,#3746,#3747,#3748,#3749,#3750,#3751,#3752,#3753,#3754,#3755
      ,#3756,#3757,#3758,#3759,#3760,#3761,#3762,#3763,#3764,#3765,#3766
      )
    ,(#3767,#3768,#3769,#3770,#3771,#3772,#3773,#3774,#3775,#3776,#3777
      ,#3778,#3779,#3780,#3781,#3782,#3783,#3784,#3785,#3786,#3787,#3788
      )),.UNSPECIFIED.,.F.,.T.,.F.,(2,2),(12,10,12),(0.,673.50383299447)
  ,(1.716566866578E-14,336.75191649723,673.50383299447),.UNSPECIFIED.);
#3745 = CARTESIAN_POINT('',(107.74146421241,0.,16.8));
#3746 = CARTESIAN_POINT('',(107.7414642124,30.325767647394,
    16.800000000001));
#3747 = CARTESIAN_POINT('',(98.351953127047,61.066029726496,
    16.799999999995));
#3748 = CARTESIAN_POINT('',(79.147358678047,88.760338953063,
    16.800000000014));
#3749 = CARTESIAN_POINT('',(51.286691788183,109.69091544863,
    16.799999999975));
#3750 = CARTESIAN_POINT('',(17.692749647123,120.75650633999,
    16.800000000032));
#3751 = CARTESIAN_POINT('',(-17.68211137904,120.70785270729,
    16.799999999968));
#3752 = CARTESIAN_POINT('',(-51.07114219666,109.58885365016,
    16.800000000023));
#3753 = CARTESIAN_POINT('',(-78.73880270265,88.93728828375,
    16.799999999987));
#3754 = CARTESIAN_POINT('',(-98.0747676651,61.541941088147,
    16.800000000005));
#3755 = CARTESIAN_POINT('',(-107.7414642124,30.770890223335,
    16.799999999999));
#3756 = CARTESIAN_POINT('',(-107.7414642124,-30.77089022333,
    16.800000000001));
#3757 = CARTESIAN_POINT('',(-98.07476766511,-61.5419410881,
    16.799999999997));
#3758 = CARTESIAN_POINT('',(-78.73880270261,-88.93728828387,
    16.800000000007));
#3759 = CARTESIAN_POINT('',(-51.07114219673,-109.5888536499,
    16.799999999986));
#3760 = CARTESIAN_POINT('',(-17.68211137895,-120.7078527076,
    16.80000000002));
#3761 = CARTESIAN_POINT('',(17.692749647021,-120.7565063396,
    16.799999999978));
#3762 = CARTESIAN_POINT('',(51.286691788256,-109.6909154489,
    16.800000000017));
#3763 = CARTESIAN_POINT('',(79.147358678013,-88.7603389529,
    16.79999999999));
#3764 = CARTESIAN_POINT('',(98.351953127056,-61.06602972655,
    16.800000000004));
#3765 = CARTESIAN_POINT('',(107.7414642124,-30.32576764738,
    16.799999999999));
#3766 = CARTESIAN_POINT('',(107.7414642124,0.,16.8));
#3767 = CARTESIAN_POINT('',(107.10492599849,0.,17.343149277392));
#3768 = CARTESIAN_POINT('',(107.10492599849,30.146602549583,
    17.343149277394));
#3769 = CARTESIAN_POINT('',(97.770888287839,60.705250691449,
    17.343149277385));
#3770 = CARTESIAN_POINT('',(78.679754875759,88.235941516693,
    17.343149277411));
#3771 = CARTESIAN_POINT('',(50.983689230844,109.04285984706,
    17.343149277359));
#3772 = CARTESIAN_POINT('',(17.58822061234,120.04307505868,
    17.343149277436));
#3773 = CARTESIAN_POINT('',(-17.57764519532,119.99470887235,
    17.343149277349));
#3774 = CARTESIAN_POINT('',(-50.76941310959,108.94140103128,
    17.343149277424));
#3775 = CARTESIAN_POINT('',(-78.2736126553,88.411845428022,
    17.343149277375));
#3776 = CARTESIAN_POINT('',(-97.49534044182,61.178350361521,
    17.343149277399));
#3777 = CARTESIAN_POINT('',(-107.1049259984,30.589095334554,
    17.343149277391));
#3778 = CARTESIAN_POINT('',(-107.1049259984,-30.58909533455,
    17.343149277393));
#3779 = CARTESIAN_POINT('',(-97.49534044183,-61.17835036148,
    17.343149277392));
#3780 = CARTESIAN_POINT('',(-78.27361265529,-88.41184542814,
    17.343149277392));
#3781 = CARTESIAN_POINT('',(-50.7694131096,-108.941401031,
    17.343149277395));
#3782 = CARTESIAN_POINT('',(-17.5776451953,-119.9947088726,
    17.343149277388));
#3783 = CARTESIAN_POINT('',(17.588220612334,-120.0430750583,
    17.343149277397));
#3784 = CARTESIAN_POINT('',(50.98368923084,-109.0428598473,
    17.343149277389));
#3785 = CARTESIAN_POINT('',(78.679754875768,-88.23594151654,
    17.343149277394));
#3786 = CARTESIAN_POINT('',(97.770888287833,-60.7052506915,
    17.343149277392));
#3787 = CARTESIAN_POINT('',(107.10492599849,-30.14660254957,
    17.343149277392));
#3788 = CARTESIAN_POINT('',(107.10492599849,-2.623314095939E-14,
    17.343149277392));
#3789 = DEFINITIONAL_REPRESENTATION('',(#3790),#3794);
#3790 = LINE('',#3791,#3792);
#3791 = CARTESIAN_POINT('',(0.,0.));
#3792 = VECTOR('',#3793,1.);
#3793 = DIRECTION('',(0.,1.));
#3794 = ( GEOMETRIC_REPRESENTATION_CONTEXT(2) 
PARAMETRIC_REPRESENTATION_CONTEXT() REPRESENTATION_CONTEXT('2D SPACE',''
  ) );
#3795 = ADVANCED_FACE('',(#3796),#3744,.T.);
#3796 = FACE_BOUND('',#3797,.T.);
#3797 = EDGE_LOOP('',(#3798,#3818,#3882,#3883));
#3798 = ORIENTED_EDGE('',*,*,#3799,.T.);
#3799 = EDGE_CURVE('',#3691,#3800,#3802,.T.);
#3800 = VERTEX_POINT('',#3801);
#3801 = CARTESIAN_POINT('',(107.10492599849,0.,17.343149277392));
#3802 = SEAM_CURVE('',#3803,(#3806,#3812),.PCURVE_S1.);
#3803 = B_SPLINE_CURVE_WITH_KNOTS('',1,(#3804,#3805),.UNSPECIFIED.,.F.,
  .F.,(2,2),(0.,673.50383299447),.PIECEWISE_BEZIER_KNOTS.);
#3804 = CARTESIAN_POINT('',(107.74146421241,0.,16.8));
#3805 = CARTESIAN_POINT('',(107.10492599849,0.,17.343149277392));
#3806 = PCURVE('',#3744,#3807);
#3807 = DEFINITIONAL_REPRESENTATION('',(#3808),#3811);
#3808 = B_SPLINE_CURVE_WITH_KNOTS('',1,(#3809,#3810),.UNSPECIFIED.,.F.,
  .F.,(2,2),(0.,673.50383299447),.PIECEWISE_BEZIER_KNOTS.);
#3809 = CARTESIAN_POINT('',(0.,1.716566866578E-14));
#3810 = CARTESIAN_POINT('',(673.50383299447,1.716566866578E-14));
#3811 = ( GEOMETRIC_REPRESENTATION_CONTEXT(2) 
PARAMETRIC_REPRESENTATION_CONTEXT() REPRESENTATION_CONTEXT('2D SPACE',''
  ) );
#3812 = PCURVE('',#3744,#3813);
#3813 = DEFINITIONAL_REPRESENTATION('',(#3814),#3817);
#3814 = B_SPLINE_CURVE_WITH_KNOTS('',1,(#3815,#3816),.UNSPECIFIED.,.F.,
  .F.,(2,2),(0.,673.50383299447),.PIECEWISE_BEZIER_KNOTS.);
#3815 = CARTESIAN_POINT('',(0.,673.50383299447));
#3816 = CARTESIAN_POINT('',(673.50383299447,673.50383299447));
#3817 = ( GEOMETRIC_REPRESENTATION_CONTEXT(2) 
PARAMETRIC_REPRESENTATION_CONTEXT() REPRESENTATION_CONTEXT('2D SPACE',''
  ) );
#3818 = ORIENTED_EDGE('',*,*,#3819,.T.);
#3819 = EDGE_CURVE('',#3800,#3800,#3820,.T.);
#3820 = SURFACE_CURVE('',#3821,(#3844,#3851),.PCURVE_S1.);
#3821 = B_SPLINE_CURVE_WITH_KNOTS('',11,(#3822,#3823,#3824,#3825,#3826,
    #3827,#3828,#3829,#3830,#3831,#3832,#3833,#3834,#3835,#3836,#3837,
    #3838,#3839,#3840,#3841,#3842,#3843),.UNSPECIFIED.,.T.,.F.,(12,10,12
    ),(1.716566866578E-14,336.75191649723,673.50383299447),
  .UNSPECIFIED.);
#3822 = CARTESIAN_POINT('',(107.10492599849,0.,17.343149277392));
#3823 = CARTESIAN_POINT('',(107.10492599849,30.146602549583,
    17.343149277394));
#3824 = CARTESIAN_POINT('',(97.770888287839,60.705250691449,
    17.343149277385));
#3825 = CARTESIAN_POINT('',(78.679754875759,88.235941516693,
    17.343149277411));
#3826 = CARTESIAN_POINT('',(50.983689230844,109.04285984706,
    17.343149277359));
#3827 = CARTESIAN_POINT('',(17.58822061234,120.04307505868,
    17.343149277436));
#3828 = CARTESIAN_POINT('',(-17.57764519532,119.99470887235,
    17.343149277349));
#3829 = CARTESIAN_POINT('',(-50.76941310959,108.94140103128,
    17.343149277424));
#3830 = CARTESIAN_POINT('',(-78.2736126553,88.411845428022,
    17.343149277375));
#3831 = CARTESIAN_POINT('',(-97.49534044182,61.178350361521,
    17.343149277399));
#3832 = CARTESIAN_POINT('',(-107.1049259984,30.589095334554,
    17.343149277391));
#3833 = CARTESIAN_POINT('',(-107.1049259984,-30.58909533455,
    17.343149277393));
#3834 = CARTESIAN_POINT('',(-97.49534044183,-61.17835036148,
    17.343149277392));
#3835 = CARTESIAN_POINT('',(-78.27361265529,-88.41184542814,
    17.343149277392));
#3836 = CARTESIAN_POINT('',(-50.7694131096,-108.941401031,
    17.343149277395));
#3837 = CARTESIAN_POINT('',(-17.5776451953,-119.9947088726,
    17.343149277388));
#3838 = CARTESIAN_POINT('',(17.588220612334,-120.0430750583,
    17.343149277397));
#3839 = CARTESIAN_POINT('',(50.98368923084,-109.0428598473,
    17.343149277389));
#3840 = CARTESIAN_POINT('',(78.679754875768,-88.23594151654,
    17.343149277394));
#3841 = CARTESIAN_POINT('',(97.770888287833,-60.7052506915,
    17.343149277392));
#3842 = CARTESIAN_POINT('',(107.10492599849,-30.14660254957,
    17.343149277392));
#3843 = CARTESIAN_POINT('',(107.10492599849,-2.623314095939E-14,
    17.343149277392));
#3844 = PCURVE('',#3744,#3845);
#3845 = DEFINITIONAL_REPRESENTATION('',(#3846),#3850);
#3846 = LINE('',#3847,#3848);
#3847 = CARTESIAN_POINT('',(673.50383299447,0.));
#3848 = VECTOR('',#3849,1.);
#3849 = DIRECTION('',(0.,1.));
#3850 = ( GEOMETRIC_REPRESENTATION_CONTEXT(2) 
PARAMETRIC_REPRESENTATION_CONTEXT() REPRESENTATION_CONTEXT('2D SPACE',''
  ) );
#3851 = PCURVE('',#3852,#3857);
#3852 = SPHERICAL_SURFACE('',#3853,108.5);
#3853 = AXIS2_PLACEMENT_3D('',#3854,#3855,#3856);
#3854 = CARTESIAN_POINT('',(0.,0.,0.));
#3855 = DIRECTION('',(0.,0.,1.));
#3856 = DIRECTION('',(1.,0.,0.));
#3857 = DEFINITIONAL_REPRESENTATION('',(#3858),#3881);
#3858 = B_SPLINE_CURVE_WITH_KNOTS('',11,(#3859,#3860,#3861,#3862,#3863,
    #3864,#3865,#3866,#3867,#3868,#3869,#3870,#3871,#3872,#3873,#3874,
    #3875,#3876,#3877,#3878,#3879,#3880),.UNSPECIFIED.,.F.,.F.,(12,10,12
    ),(1.716566866578E-14,336.75191649723,673.50383299447),
  .UNSPECIFIED.);
#3859 = CARTESIAN_POINT('',(2.22044604925E-16,0.160533321838));
#3860 = CARTESIAN_POINT('',(0.281467936872,0.160533321838));
#3861 = CARTESIAN_POINT('',(0.566780268291,0.160533321838));
#3862 = CARTESIAN_POINT('',(0.853826319342,0.160533321838));
#3863 = CARTESIAN_POINT('',(1.141010657714,0.160533321838));
#3864 = CARTESIAN_POINT('',(1.427556280275,0.160533321838));
#3865 = CARTESIAN_POINT('',(1.713524372133,0.160533321838));
#3866 = CARTESIAN_POINT('',(1.99919485667,0.160533321838));
#3867 = CARTESIAN_POINT('',(2.28479477331,0.160533321838));
#3868 = CARTESIAN_POINT('',(2.570393973971,0.160533321838));
#3869 = CARTESIAN_POINT('',(2.855993321445,0.160533321838));
#3870 = CARTESIAN_POINT('',(3.427191985734,0.160533321838));
#3871 = CARTESIAN_POINT('',(3.712791333208,0.160533321838));
#3872 = CARTESIAN_POINT('',(3.998390533871,0.160533321838));
#3873 = CARTESIAN_POINT('',(4.283990450508,0.160533321838));
#3874 = CARTESIAN_POINT('',(4.569660935049,0.160533321838));
#3875 = CARTESIAN_POINT('',(4.855629026903,0.160533321838));
#3876 = CARTESIAN_POINT('',(5.142174649467,0.160533321838));
#3877 = CARTESIAN_POINT('',(5.429358987837,0.160533321838));
#3878 = CARTESIAN_POINT('',(5.716405038889,0.160533321838));
#3879 = CARTESIAN_POINT('',(6.001717370308,0.160533321838));
#3880 = CARTESIAN_POINT('',(6.28318530718,0.160533321838));
#3881 = ( GEOMETRIC_REPRESENTATION_CONTEXT(2) 
PARAMETRIC_REPRESENTATION_CONTEXT() REPRESENTATION_CONTEXT('2D SPACE',''
  ) );
#3882 = ORIENTED_EDGE('',*,*,#3799,.F.);
#3883 = ORIENTED_EDGE('',*,*,#3690,.F.);
#3884 = ADVANCED_FACE('',(#3885),#3852,.F.);
#3885 = FACE_BOUND('',#3886,.F.);
#3886 = EDGE_LOOP('',(#3887,#3911,#3912));
#3887 = ORIENTED_EDGE('',*,*,#3888,.T.);
#3888 = EDGE_CURVE('',#3800,#3889,#3891,.T.);
#3889 = VERTEX_POINT('',#3890);
#3890 = CARTESIAN_POINT('',(6.643708885374E-15,-1.627239364188E-30,108.5
    ));
#3891 = SEAM_CURVE('',#3892,(#3897,#3904),.PCURVE_S1.);
#3892 = CIRCLE('',#3893,108.5);
#3893 = AXIS2_PLACEMENT_3D('',#3894,#3895,#3896);
#3894 = CARTESIAN_POINT('',(0.,0.,0.));
#3895 = DIRECTION('',(-2.449293598295E-16,-1.,0.));
#3896 = DIRECTION('',(1.,-2.449293598295E-16,0.));
#3897 = PCURVE('',#3852,#3898);
#3898 = DEFINITIONAL_REPRESENTATION('',(#3899),#3903);
#3899 = LINE('',#3900,#3901);
#3900 = CARTESIAN_POINT('',(6.28318530718,-6.28318530718));
#3901 = VECTOR('',#3902,1.);
#3902 = DIRECTION('',(0.,1.));
#3903 = ( GEOMETRIC_REPRESENTATION_CONTEXT(2) 
PARAMETRIC_REPRESENTATION_CONTEXT() REPRESENTATION_CONTEXT('2D SPACE',''
  ) );
#3904 = PCURVE('',#3852,#3905);
#3905 = DEFINITIONAL_REPRESENTATION('',(#3906),#3910);
#3906 = LINE('',#3907,#3908);
#3907 = CARTESIAN_POINT('',(0.,-6.28318530718));
#3908 = VECTOR('',#3909,1.);
#3909 = DIRECTION('',(0.,1.));
#3910 = ( GEOMETRIC_REPRESENTATION_CONTEXT(2) 
PARAMETRIC_REPRESENTATION_CONTEXT() REPRESENTATION_CONTEXT('2D SPACE',''
  ) );
#3911 = ORIENTED_EDGE('',*,*,#3888,.F.);
#3912 = ORIENTED_EDGE('',*,*,#3819,.T.);
#3913 = ( GEOMETRIC_REPRESENTATION_CONTEXT(3) 
GLOBAL_UNCERTAINTY_ASSIGNED_CONTEXT((#3917)) 
GLOBAL_UNIT_ASSIGNED_CONTEXT((#3914,#3915,#3916)) REPRESENTATION_CONTEXT
('Context #1','3D Context with UNIT and UNCERTAINTY') );
#3914 = ( LENGTH_UNIT() NAMED_UNIT(*) SI_UNIT(.MILLI.,.METRE.) );
#3915 = ( NAMED_UNIT(*) PLANE_ANGLE_UNIT() SI_UNIT($,.RADIAN.) );
#3916 = ( NAMED_UNIT(*) SI_UNIT($,.STERADIAN.) SOLID_ANGLE_UNIT() );
#3917 = UNCERTAINTY_MEASURE_WITH_UNIT(LENGTH_MEASURE(2.E-06),#3914,
  'distance_accuracy_value','confusion accuracy');
#3918 = PRODUCT_RELATED_PRODUCT_CATEGORY('part',$,(#7));
ENDSEC;
END-ISO-10303-21;
